#include "game_bg.h"
#include <stdint.h>

const uint16_t g_game_bg_data[76800] =
{
    0x00C0, 0x00C0, 0x00C0, 0x00A0, 0x00A0, 0x00A0, 0x00A0, 0x0080, 0x0060, 0x0060, 0x0080, 0x0080, 
    0x0080, 0x0060, 0x0080, 0x0060, 0x0060, 0x0060, 0x0060, 0x0060, 0x0060, 0x0060, 0x0080, 0x0080, 
    0x0080, 0x0080, 0x0060, 0x0060, 0x0080, 0x0080, 0x0060, 0x0060, 0x0060, 0x0060, 0x0060, 0x0080, 
    0x0080, 0x0080, 0x0080, 0x0080, 0x00A0, 0x00A0, 0x00A0, 0x00A0, 0x00A0, 0x00A0, 0x0080, 0x0080, 
    0x0080, 0x0080, 0x0080, 0x0080, 0x0080, 0x0080, 0x0080, 0x0080, 0x0080, 0x0080, 0x0080, 0x0080, 
    0x0080, 0x0080, 0x00A0, 0x00A0, 0x00C0, 0x00A0, 0x00A0, 0x00A0, 0x00A0, 0x00A0, 0x00A0, 0x00A0, 
    0x00C0, 0x00C0, 0x00C0, 0x00C0, 0x00C0, 0x00A0, 0x0080, 0x0080, 0x0080, 0x0080, 0x00A0, 0x00A0, 
    0x00A0, 0x00A0, 0x00A0, 0x00C0, 0x00C0, 0x00C0, 0x00C0, 0x00C0, 0x00C1, 0x00C0, 0x00C0, 0x00A0, 
    0x00A0, 0x00A0, 0x00A0, 0x00A0, 0x00C0, 0x00C1, 0x00C1, 0x00C0, 0x00C0, 0x00C0, 0x00A0, 0x00A0, 
    0x00A0, 0x00C1, 0x00E1, 0x00E1, 0x00E1, 0x00E1, 0x00E1, 0x00E1, 0x0101, 0x00E1, 0x00C1, 0x00C1, 
    0x00C1, 0x00E1, 0x00E1, 0x00C1, 0x00C1, 0x00A0, 0x00A0, 0x00A0, 0x00C0, 0x00C0, 0x00C1, 0x00C1, 
    0x00E1, 0x00E1, 0x00E1, 0x00E1, 0x00E0, 0x00C0, 0x00E0, 0x00E0, 0x00E1, 0x00E1, 0x0101, 0x00E1, 
    0x00E1, 0x00C1, 0x00E1, 0x00E1, 0x00E1, 0x00E1, 0x0101, 0x0101, 0x00E1, 0x00C1, 0x00C0, 0x00A0, 
    0x00A0, 0x00C0, 0x00C0, 0x00C0, 0x00C0, 0x00C0, 0x00C0, 0x00E1, 0x00E1, 0x00E1, 0x00E1, 0x00E1, 
    0x0101, 0x0101, 0x00E1, 0x00C0, 0x00C0, 0x00C0, 0x00A0, 0x00A0, 0x00A0, 0x00A0, 0x00A0, 0x00C0, 
    0x00C0, 0x00C0, 0x00C0, 0x00C0, 0x00E0, 0x00E0, 0x00E0, 0x00E0, 0x00E0, 0x00C0, 0x00A0, 0x00A0, 
    0x00A0, 0x00A0, 0x00C1, 0x00C0, 0x00A0, 0x00A0, 0x00A0, 0x00A0, 0x00A0, 0x00A0, 0x00A0, 0x00A0, 
    0x00A0, 0x00A0, 0x00A0, 0x00A0, 0x00A0, 0x00A0, 0x00A0, 0x00A0, 0x00A0, 0x00A0, 0x00A0, 0x00A0, 
    0x00A0, 0x00A0, 0x00A0, 0x0080, 0x0080, 0x0080, 0x0080, 0x0080, 0x00A0, 0x00A0, 0x0080, 0x0080, 
    0x0080, 0x0080, 0x0080, 0x00A0, 0x0080, 0x0080, 0x00A0, 0x00A0, 0x00C0, 0x00A0, 0x00A0, 0x00A0, 
    0x0080, 0x00A0, 0x00A0, 0x00A0, 0x00A0, 0x00A0, 0x00A0, 0x00A0, 0x00A0, 0x00C0, 0x00A0, 0x00A0, 
    0x00A0, 0x00C0, 0x00A0, 0x00A0, 0x00A0, 0x00A0, 0x00A0, 0x00A0, 0x00A0, 0x00A0, 0x00A0, 0x00A0, 
    0x00A0, 0x0080, 0x0080, 0x00A0, 0x0080, 0x0080, 0x0080, 0x0080, 0x0080, 0x0080, 0x0060, 0x0060, 
    0x0060, 0x0060, 0x0080, 0x0080, 0x0080, 0x00A0, 0x0080, 0x00A0, 0x0080, 0x0080, 0x0060, 0x0060, 
    0x0060, 0x0060, 0x0060, 0x0060, 0x0060, 0x0060, 0x0060, 0x0080, 0x00A0, 0x00A0, 0x00A0, 0x0080, 
    0x0060, 0x0060, 0x0080, 0x0080, 0x0060, 0x0060, 0x0080, 0x0060, 0x0060, 0x0060, 0x0060, 0x0060, 
    0x0060, 0x0080, 0x0080, 0x00A0, 0x00A0, 0x00A0, 0x00A0, 0x00A0, 0x00C0, 0x00C0, 0x00C0, 0x00C0, 
    0x00A0, 0x0080, 0x0080, 0x0060, 0x0020, 0x0000, 0x0020, 0x0040, 0x0040, 0x0040, 0x0040, 0x0040, 
    0x0040, 0x0040, 0x0040, 0x0040, 0x0040, 0x0040, 0x0040, 0x0040, 0x0040, 0x0040, 0x0040, 0x0040, 
    0x0040, 0x0040, 0x0020, 0x0040, 0x0020, 0x0020, 0x0020, 0x0040, 0x0040, 0x0040, 0x0040, 0x0060, 
    0x0060, 0x0060, 0x0060, 0x0060, 0x0060, 0x0060, 0x0040, 0x0040, 0x0040, 0x0040, 0x0040, 0x0040, 
    0x0040, 0x0040, 0x0040, 0x0040, 0x0040, 0x0040, 0x0040, 0x0040, 0x0040, 0x0040, 0x0060, 0x0060, 
    0x0060, 0x0060, 0x0060, 0x0040, 0x0040, 0x0040, 0x0040, 0x0060, 0x0060, 0x0060, 0x0060, 0x0060, 
    0x0060, 0x0060, 0x0040, 0x0020, 0x0020, 0x0020, 0x0040, 0x0040, 0x0040, 0x0040, 0x0040, 0x0060, 
    0x0060, 0x0040, 0x0060, 0x0060, 0x0060, 0x0060, 0x0040, 0x0020, 0x0040, 0x0040, 0x0040, 0x0040, 
    0x0040, 0x0060, 0x0040, 0x0060, 0x0040, 0x0020, 0x0020, 0x0020, 0x0020, 0x0040, 0x0040, 0x0060, 
    0x0080, 0x0080, 0x0060, 0x0080, 0x0080, 0x0060, 0x0040, 0x0060, 0x0060, 0x0060, 0x0060, 0x0040, 
    0x0040, 0x0020, 0x0000, 0x0020, 0x0040, 0x0060, 0x0060, 0x0060, 0x0080, 0x0080, 0x0060, 0x0060, 
    0x0060, 0x0060, 0x0060, 0x0060, 0x0060, 0x0060, 0x0060, 0x0060, 0x0060, 0x0060, 0x0080, 0x0060, 
    0x0060, 0x0060, 0x0080, 0x0080, 0x0060, 0x0060, 0x0040, 0x0020, 0x0040, 0x0040, 0x0060, 0x0060, 
    0x0060, 0x0060, 0x0040, 0x0040, 0x0040, 0x0060, 0x0080, 0x0080, 0x0080, 0x0080, 0x0080, 0x0060, 
    0x0060, 0x0060, 0x0020, 0x0020, 0x0020, 0x0020, 0x0020, 0x0040, 0x0020, 0x0040, 0x0060, 0x0040, 
    0x0040, 0x0040, 0x0060, 0x0080, 0x0060, 0x0040, 0x0020, 0x0020, 0x0020, 0x0040, 0x0060, 0x0040, 
    0x0040, 0x0020, 0x0020, 0x0040, 0x0040, 0x0040, 0x0040, 0x0020, 0x0020, 0x0020, 0x0040, 0x0040, 
    0x0040, 0x0020, 0x0020, 0x0020, 0x0040, 0x0040, 0x0040, 0x0020, 0x0020, 0x0020, 0x0020, 0x0020, 
    0x0020, 0x0020, 0x0000, 0x0020, 0x0020, 0x0020, 0x0020, 0x0020, 0x0020, 0x0020, 0x0020, 0x0040, 
    0x0040, 0x0040, 0x0040, 0x0060, 0x0060, 0x0040, 0x0040, 0x0040, 0x0040, 0x0040, 0x0060, 0x0040, 
    0x0060, 0x0060, 0x0040, 0x0040, 0x0040, 0x0060, 0x0060, 0x0060, 0x0060, 0x0080, 0x0040, 0x0040, 
    0x0040, 0x0040, 0x0040, 0x0040, 0x0040, 0x0040, 0x0040, 0x0040, 0x0040, 0x0020, 0x0040, 0x0040, 
    0x0040, 0x0020, 0x0020, 0x0040, 0x0040, 0x0020, 0x0020, 0x0020, 0x0020, 0x0020, 0x0040, 0x0040, 
    0x0040, 0x0040, 0x0040, 0x0040, 0x0040, 0x0040, 0x0040, 0x0020, 0x0040, 0x0020, 0x0020, 0x0020, 
    0x0000, 0x0020, 0x0020, 0x0040, 0x0060, 0x0060, 0x0060, 0x0040, 0x0020, 0x0020, 0x0040, 0x0040, 
    0x0040, 0x0020, 0x0040, 0x0040, 0x0040, 0x0020, 0x0020, 0x0020, 0x0060, 0x0060, 0x0060, 0x0080, 
    0x00A0, 0x00A0, 0x00A0, 0x00A0, 0x00C0, 0x00C0, 0x00A0, 0x00A0, 0x0080, 0x0060, 0x0020, 0x0000, 
    0x18E1, 0x5A44, 0x7B04, 0x72A3, 0x7262, 0x7242, 0x7262, 0x7262, 0x7241, 0x7A61, 0x7A82, 0x7A82, 
    0x7A82, 0x7AA2, 0x82C2, 0x82E3, 0x82E3, 0x82E3, 0x82E3, 0x82C3, 0x8303, 0x82E3, 0x82E3, 0x82C3, 
    0x7262, 0x7282, 0x7AA3, 0x8303, 0x8B24, 0x8B24, 0x8303, 0x7AC3, 0x7AA2, 0x82E3, 0x82E3, 0x7AC3, 
    0x7AC3, 0x82E3, 0x7AC2, 0x7AC2, 0x82E3, 0x8304, 0x82E3, 0x8303, 0x8303, 0x7AA2, 0x7AA2, 0x7AA2, 
    0x82E3, 0x8B24, 0x8B24, 0x8304, 0x82C3, 0x82C2, 0x8B03, 0x8B44, 0x8B44, 0x8B64, 0x8B44, 0x8B23, 
    0x8B03, 0x8B04, 0x8B44, 0x9364, 0x9384, 0x9BC5, 0x9BA5, 0x9385, 0x9385, 0x9385, 0x9365, 0x9385, 
    0x9BA5, 0x9BC6, 0xA3E6, 0xA406, 0xA406, 0x9BA5, 0x9BA4, 0xA3C5, 0xA3E6, 0xA406, 0xA426, 0xA426, 
    0x9C06, 0x9BC6, 0x9BC6, 0x9BC6, 0x9BC5, 0x9BE6, 0xA426, 0xAC47, 0xAC88, 0xAC88, 0xAC68, 0xAC89, 
    0xAC68, 0xAC68, 0xAC88, 0xACA9, 0xACA9, 0xB4CA, 0xB4C9, 0xACA9, 0xB4C9, 0xACCA, 0xACCA, 0xB4CA, 
    0xB4CA, 0xB4EB, 0xB50B, 0xB50B, 0xB50B, 0xACEB, 0xACCA, 0xB4EB, 0xB4EB, 0xB4EA, 0xAC89, 0xACA9, 
    0xACA9, 0xAC89, 0xAC89, 0xAC68, 0xA448, 0xA447, 0xA406, 0xA3E6, 0x9BC5, 0xA3C6, 0xA407, 0xA427, 
    0xAC68, 0xACA9, 0xACAA, 0xACEB, 0xAD0C, 0xAD0B, 0xAC89, 0xAC47, 0xAC47, 0xAC88, 0xAC68, 0xB4A9, 
    0xAC89, 0xAC88, 0xAC47, 0xAC27, 0xA427, 0x9BE7, 0x9BE6, 0x9BA5, 0x9384, 0x9BA5, 0xA3E6, 0xAC68, 
    0xAC88, 0xB4A9, 0xB4CA, 0xACEA, 0xB4CA, 0xACC9, 0xACC9, 0xACA9, 0xACA9, 0xAC89, 0xA468, 0xAC68, 
    0xAC68, 0xACAA, 0xACCA, 0xACAA, 0xAC69, 0xAC89, 0xAC89, 0xAC68, 0xAC47, 0xA427, 0xAC47, 0xA447, 
    0xA406, 0xA406, 0xA427, 0xAC68, 0xACAA, 0xACEB, 0xACEB, 0xACCA, 0xACA9, 0xAC68, 0xAC47, 0xAC48, 
    0xAC68, 0xB488, 0xAC88, 0xAC68, 0xAC27, 0xA407, 0xA3E6, 0xA3E5, 0xA405, 0xAC26, 0xAC47, 0xAC47, 
    0xAC27, 0xAC67, 0xAC88, 0xAC68, 0xAC48, 0xAC47, 0xAC27, 0xA3E6, 0xA3E6, 0xA3E6, 0xA3A5, 0xA3C5, 
    0xA3E6, 0xA3E6, 0xA3E6, 0xA3E6, 0x9BC6, 0x9365, 0x9344, 0x9344, 0x9344, 0x8B24, 0x8B23, 0x8B44, 
    0x8B44, 0x8B23, 0x8B24, 0x8B03, 0x82E3, 0x8B44, 0x9364, 0x9385, 0x9384, 0x9384, 0x9364, 0x9344, 
    0x9364, 0x9BA5, 0x9BC6, 0x9BC5, 0x9385, 0x9344, 0x9364, 0x9344, 0x8B23, 0x8B03, 0x8B03, 0x9365, 
    0xA3E6, 0xA3E6, 0x9BA5, 0x9344, 0x9364, 0x9B85, 0x9B85, 0x9364, 0x9364, 0x9344, 0x8B03, 0x8B03, 
    0x8AE3, 0x8B03, 0x9364, 0x9344, 0x9344, 0x8B44, 0x8B24, 0x8AE3, 0x82E3, 0x82C3, 0x82E3, 0x8B03, 
    0x8B03, 0x8B24, 0x9385, 0x9B85, 0x9364, 0x8B23, 0x8B23, 0x9324, 0x9344, 0x9364, 0x9344, 0x9344, 
    0x9364, 0x9344, 0x8B44, 0x8B24, 0x82E3, 0x82A2, 0x82A2, 0x7AA2, 0x7A82, 0x7A82, 0x7A82, 0x7262, 
    0x7262, 0x7262, 0x51C1, 0x20E1, 0x0040, 0x0020, 0x0060, 0x0060, 0x00A0, 0x00A0, 0x00C0, 0x00C0, 
    0x00C0, 0x00A0, 0x0080, 0x0080, 0x0060, 0x0000, 0x18C1, 0x7AE4, 0xBBE4, 0xB3A3, 0x82A1, 0x61E0, 
    0x5180, 0x5160, 0x5980, 0x5160, 0x4940, 0x5160, 0x5160, 0x5160, 0x5180, 0x59A0, 0x59C0, 0x59C0, 
    0x59C0, 0x59C0, 0x51A0, 0x59A0, 0x59E0, 0x59C0, 0x51A0, 0x5180, 0x4940, 0x4960, 0x51A0, 0x59E0, 
    0x6201, 0x6201, 0x59C0, 0x51A0, 0x5180, 0x59C0, 0x59C0, 0x5180, 0x5180, 0x51A0, 0x59C0, 0x59C0, 
    0x59C0, 0x59C0, 0x51A0, 0x59C0, 0x61C0, 0x59A0, 0x5180, 0x4960, 0x51A0, 0x59E0, 0x59E0, 0x59C0, 
    0x59C0, 0x59C0, 0x6A00, 0x6A21, 0x6201, 0x6221, 0x6201, 0x61E0, 0x61E1, 0x6201, 0x6A41, 0x7241, 
    0x7261, 0x7A82, 0x7262, 0x6A41, 0x6A41, 0x7241, 0x6A41, 0x6A41, 0x7261, 0x7282, 0x7AA2, 0x7AA2, 
    0x82E3, 0x82C2, 0x7A82, 0x7A82, 0x7AC2, 0x82E3, 0x8303, 0x82E3, 0x7AC3, 0x7AC3, 0x8303, 0x82E3, 
    0x82C2, 0x82C2, 0x82E3, 0x8B44, 0x93A5, 0x93A6, 0x9365, 0x8B45, 0x8B45, 0x8B44, 0x9365, 0x9BE7, 
    0x9C27, 0x9C07, 0x9BC7, 0x9386, 0x9386, 0x9BC7, 0x9BE7, 0x9BE7, 0x93C7, 0x9BE8, 0x9C29, 0x9C29, 
    0x9C49, 0x9C29, 0xA449, 0x9C28, 0x9C08, 0x9C08, 0x9BE7, 0x9C28, 0x9C07, 0x93A6, 0x9385, 0x8B44, 
    0x9344, 0x9344, 0x9364, 0x9B64, 0x9B64, 0x9B84, 0xA3E6, 0xAC06, 0xAC26, 0xB488, 0xB4E9, 0xB4EA, 
    0xB4EB, 0xB4A9, 0xB447, 0xAC26, 0xAC46, 0xAC67, 0xB488, 0xB4A8, 0xAC47, 0xAC26, 0xA3E5, 0xA3E5, 
    0xA3E5, 0x9BA4, 0x9343, 0x8AE2, 0x82A2, 0x8B03, 0x9BA4, 0xAC26, 0xAC27, 0xA427, 0xAC68, 0xB4A9, 
    0xB4A9, 0xAC88, 0xAC48, 0xB468, 0xAC47, 0xAC27, 0xA407, 0xAC27, 0xAC67, 0xB4A9, 0xB4A9, 0xB4A8, 
    0xB488, 0xAC67, 0xAC27, 0xAC06, 0xA3C6, 0x9B85, 0xA3C5, 0xA3C5, 0x9B85, 0x8B24, 0x9364, 0x9C07, 
    0x9C49, 0xA449, 0x9C28, 0x9BE7, 0x9BA6, 0x9365, 0x9365, 0x9385, 0x9385, 0x9365, 0x8B65, 0x9364, 
    0x8B24, 0x82C3, 0x7AA2, 0x7AA2, 0x82C2, 0x8B03, 0x9364, 0x9385, 0x9365, 0x9385, 0x9BA5, 0x9BA5, 
    0x9385, 0x8B44, 0x8B03, 0x82E3, 0x82E3, 0x7AC2, 0x7AA2, 0x7AA2, 0x82E2, 0x82C2, 0x8AE2, 0x82C2, 
    0x7A82, 0x7241, 0x6A21, 0x7261, 0x7261, 0x7241, 0x7A60, 0x7240, 0x7241, 0x7241, 0x6A41, 0x6A20, 
    0x6A20, 0x6A21, 0x6A41, 0x7261, 0x7AA1, 0x7AA1, 0x7261, 0x6A41, 0x7261, 0x7281, 0x7282, 0x7261, 
    0x7241, 0x6A21, 0x6A21, 0x6A01, 0x61E0, 0x59C0, 0x59C0, 0x7241, 0x7AA2, 0x7AA2, 0x7A82, 0x7221, 
    0x7241, 0x7261, 0x6A41, 0x6A21, 0x6A20, 0x6A00, 0x6A00, 0x61C0, 0x59A0, 0x61E0, 0x6A20, 0x6200, 
    0x61E0, 0x6200, 0x61E0, 0x59C0, 0x59A0, 0x5180, 0x5160, 0x59A0, 0x61E0, 0x61E0, 0x6A20, 0x7241, 
    0x6A00, 0x61C0, 0x61E0, 0x6A00, 0x7241, 0x7241, 0x6A20, 0x6A20, 0x6A20, 0x6A00, 0x61E0, 0x59A0, 
    0x59A0, 0x59A0, 0x5980, 0x5160, 0x5160, 0x61C0, 0x59A0, 0x5980, 0x59A0, 0x7220, 0x92C1, 0xA322, 
    0x82A2, 0x2901, 0x0000, 0x0040, 0x0060, 0x00A0, 0x00A0, 0x00C0, 0x00C0, 0x00A0, 0x0060, 0x0060, 
    0x0000, 0x3983, 0xBC25, 0xA362, 0x4140, 0x1040, 0x0000, 0x0000, 0x0000, 0x0000, 0x0000, 0x0840, 
    0x20C0, 0x20C0, 0x28E0, 0x20C0, 0x20A0, 0x20C0, 0x20C0, 0x20C0, 0x18A0, 0x20A0, 0x20C0, 0x20E1, 
    0x20E0, 0x20C0, 0x20A0, 0x20A0, 0x20A0, 0x20A0, 0x20A0, 0x20C0, 0x20C0, 0x20C0, 0x20C0, 0x20A0, 
    0x20A0, 0x20C0, 0x20E0, 0x20C0, 0x20A0, 0x20A0, 0x20C0, 0x20E0, 0x2901, 0x20E0, 0x1880, 0x1880, 
    0x1880, 0x20C0, 0x20C0, 0x20C0, 0x20E1, 0x2101, 0x2101, 0x20C0, 0x20A0, 0x20A0, 0x20A0, 0x1880, 
    0x18A0, 0x20C0, 0x20C1, 0x20C0, 0x20C0, 0x20C0, 0x20C0, 0x18A0, 0x18C0, 0x20E1, 0x20E1, 0x18A0, 
    0x20C1, 0x20E1, 0x20E1, 0x20E1, 0x20E1, 0x20E1, 0x20C1, 0x18C1, 0x18C0, 0x20C0, 0x20C0, 0x20C0, 
    0x20E1, 0x20E1, 0x2101, 0x2101, 0x20E1, 0x2102, 0x2122, 0x2102, 0x2101, 0x2101, 0x2101, 0x18E1, 
    0x18E1, 0x2102, 0x18E2, 0x18C1, 0x20E1, 0x2101, 0x20E1, 0x20E1, 0x1901, 0x1901, 0x18E1, 0x18C1, 
    0x18C1, 0x18C1, 0x1902, 0x2122, 0x1901, 0x18E1, 0x2101, 0x2122, 0x2121, 0x2101, 0x2102, 0x18E1, 
    0x18C1, 0x20E1, 0x1901, 0x1921, 0x2122, 0x1902, 0x18E1, 0x18C1, 0x10A1, 0x18C1, 0x18E1, 0x0860, 
    0x0000, 0x0060, 0x0080, 0x0060, 0x0060, 0x0080, 0x00C0, 0x00C0, 0x00A0, 0x0060, 0x0060, 0x0080, 
    0x0080, 0x0080, 0x00A0, 0x00C0, 0x00C0, 0x00A0, 0x00A0, 0x0080, 0x0080, 0x0080, 0x0060, 0x0000, 
    0x0000, 0x0020, 0x0080, 0x0080, 0x0060, 0x0060, 0x0080, 0x0080, 0x0080, 0x0060, 0x0040, 0x0040, 
    0x0020, 0x0040, 0x0060, 0x0060, 0x0080, 0x0080, 0x00A0, 0x00A0, 0x00A0, 0x0080, 0x0020, 0x0000, 
    0x0000, 0x20E1, 0x18C1, 0x18C1, 0x18C1, 0x18C1, 0x18C1, 0x1901, 0x2162, 0x2121, 0x18E1, 0x18E1, 
    0x18E1, 0x18C1, 0x18E1, 0x2101, 0x2122, 0x2101, 0x2101, 0x20E1, 0x20E1, 0x20E1, 0x20C1, 0x18C1, 
    0x20C1, 0x20E1, 0x2101, 0x2102, 0x20E1, 0x18C1, 0x18C1, 0x18A0, 0x18A0, 0x18A0, 0x18C1, 0x20C1, 
    0x20E1, 0x2101, 0x20E1, 0x2101, 0x2101, 0x20E1, 0x2101, 0x20E1, 0x20C1, 0x20E1, 0x2901, 0x2921, 
    0x2901, 0x2901, 0x18C1, 0x1081, 0x0020, 0x0861, 0x1081, 0x28E1, 0x20C0, 0x1080, 0x20E1, 0x18A1, 
    0x0000, 0x0000, 0x1080, 0x20C1, 0x20C1, 0x20E1, 0x20E0, 0x18C0, 0x18C1, 0x20E1, 0x20C1, 0x20E1, 
    0x20E1, 0x20E0, 0x20C1, 0x20E1, 0x20E1, 0x20C1, 0x18C0, 0x18A0, 0x18A0, 0x20C1, 0x20E1, 0x20E1, 
    0x20C0, 0x18A0, 0x20C1, 0x2101, 0x2101, 0x20E1, 0x20C1, 0x20E1, 0x20E1, 0x20E1, 0x20C1, 0x20C1, 
    0x20C0, 0x20A0, 0x20C1, 0x20E1, 0x20E1, 0x20E1, 0x20C1, 0x20C0, 0x20C0, 0x20A0, 0x20C0, 0x20C0, 
    0x28E0, 0x20E0, 0x20C0, 0x20C0, 0x20E1, 0x20E1, 0x20C0, 0x28E1, 0x2901, 0x2101, 0x20E1, 0x20E1, 
    0x1080, 0x0000, 0x0000, 0x0000, 0x0000, 0x0000, 0x0820, 0x28C0, 0x7A40, 0xA322, 0x51A2, 0x0000, 
    0x0040, 0x0080, 0x00A0, 0x00A0, 0x00C0, 0x00A0, 0x0060, 0x0000, 0x3142, 0xC465, 0x92E1, 0x3100, 
    0x18A1, 0x1081, 0x20E1, 0x39A2, 0x2942, 0x0000, 0x0000, 0x3120, 0x9AE0, 0x59C0, 0x59C0, 0x59C0, 
    0x59A0, 0x59C0, 0x6221, 0x6A21, 0x61E0, 0x61E0, 0x6A21, 0x7281, 0x6A41, 0x7261, 0x6A41, 0x6200, 
    0x6200, 0x6A00, 0x6A21, 0x6A41, 0x6A21, 0x6A21, 0x6220, 0x59E0, 0x6200, 0x6200, 0x6200, 0x6200, 
    0x6200, 0x6220, 0x6200, 0x6A21, 0x6A62, 0x6A61, 0x61E0, 0x59C0, 0x59C0, 0x6200, 0x6A41, 0x6A41, 
    0x7281, 0x7AC2, 0x72A2, 0x6A41, 0x6200, 0x6A00, 0x6A40, 0x6200, 0x61E0, 0x6A62, 0x7282, 0x6A62, 
    0x6A62, 0x6A82, 0x6A61, 0x6A41, 0x7262, 0x7B23, 0x7B03, 0x6A62, 0x72A2, 0x7B03, 0x72C3, 0x72C3, 
    0x72E4, 0x7B24, 0x7B24, 0x72E3, 0x72C3, 0x72A2, 0x72A2, 0x72A2, 0x72E3, 0x72E4, 0x7B04, 0x7B45, 
    0x7B25, 0x7B66, 0x83C8, 0x83A7, 0x7B65, 0x7B24, 0x7B24, 0x72E4, 0x72E4, 0x7B66, 0x7B67, 0x7325, 
    0x7B45, 0x8386, 0x7B86, 0x7B66, 0x7B86, 0x7BA7, 0x83A7, 0x8386, 0x8365, 0x83A6, 0x83C8, 0x83C8, 
    0x83E8, 0x83C7, 0x83A7, 0x83C7, 0x83A7, 0x7B66, 0x83A7, 0x7BA6, 0x7B66, 0x7B86, 0x7B86, 0x7BA7, 
    0x7BA7, 0x7BA7, 0x7B66, 0x93E7, 0xB488, 0x9C48, 0xBD08, 0x9406, 0x4244, 0x0101, 0x0141, 0x0121, 
    0x0121, 0x0141, 0x0141, 0x0161, 0x0141, 0x0141, 0x0121, 0x0121, 0x0121, 0x0121, 0x0121, 0x0141, 
    0x0141, 0x0161, 0x0161, 0x0141, 0x0121, 0x00E1, 0x0020, 0x5A64, 0x7B25, 0x0040, 0x0901, 0x0121, 
    0x0141, 0x0141, 0x0121, 0x0121, 0x0121, 0x0121, 0x0121, 0x0101, 0x00E1, 0x0101, 0x0121, 0x0121, 
    0x0121, 0x0121, 0x0141, 0x0141, 0x0141, 0x0141, 0x00E1, 0x39C2, 0xA426, 0xAC26, 0xAC07, 0xC4C8, 
    0x93E6, 0x7B46, 0x7BA7, 0x7BA7, 0x7BC7, 0x7B87, 0x7B46, 0x7B66, 0x7B87, 0x7B86, 0x7B65, 0x7B86, 
    0x83A7, 0x8386, 0x7B25, 0x7305, 0x7B25, 0x8365, 0x7304, 0x7B04, 0x8365, 0x8385, 0x83A6, 0x83A7, 
    0x8386, 0x7B25, 0x7AE3, 0x72A2, 0x7282, 0x7AC3, 0x7B24, 0x8365, 0x8385, 0x7B45, 0x72E3, 0x7AE3, 
    0x7AE3, 0x72C3, 0x7B45, 0x7B45, 0x72E4, 0x7B04, 0x7B03, 0x7AE3, 0x72A2, 0x6A42, 0x8AE3, 0xBC04, 
    0x4181, 0x6283, 0xDCC5, 0x6A83, 0x9BA5, 0xDCC5, 0x8B23, 0x7B04, 0x7B24, 0x7AE3, 0x72C3, 0x72E3, 
    0x72E3, 0x7AE3, 0x72C3, 0x72A2, 0x7AE4, 0x7B04, 0x7B04, 0x7B03, 0x72C2, 0x7282, 0x7282, 0x72A3, 
    0x72C3, 0x72C3, 0x6A82, 0x6241, 0x6A62, 0x72A2, 0x72C2, 0x7AE3, 0x72A2, 0x6A61, 0x7282, 0x7AE3, 
    0x7AE3, 0x72C3, 0x72C3, 0x7AE4, 0x72C3, 0x72C3, 0x72C3, 0x72A2, 0x7282, 0x6A41, 0x7282, 0x7B03, 
    0x72E3, 0x72A3, 0x7282, 0x6A62, 0x6A21, 0x6221, 0x6A41, 0x7261, 0x7282, 0x72A1, 0x6A41, 0x6A42, 
    0x7282, 0x7282, 0x6A42, 0x72A2, 0x72E3, 0x6A82, 0x5A01, 0x7A82, 0x6201, 0x0000, 0x0000, 0x18C1, 
    0x6264, 0x4182, 0x0841, 0x18A1, 0x18A0, 0x59A0, 0xAB42, 0x51A2, 0x0000, 0x0060, 0x0080, 0x00A0, 
    0x00A0, 0x00A0, 0x0040, 0x1081, 0xABC5, 0x9B21, 0x0820, 0x6222, 0xE506, 0xC486, 0xCC86, 0xD4C6, 
    0xDD07, 0x6264, 0x0020, 0x0880, 0x59E0, 0x0000, 0x0000, 0x0000, 0x0000, 0x0000, 0x0000, 0x0020, 
    0x0020, 0x0020, 0x0000, 0x0000, 0x0020, 0x0000, 0x0020, 0x0020, 0x0020, 0x0020, 0x0020, 0x0000, 
    0x0000, 0x0000, 0x0020, 0x0020, 0x0020, 0x0020, 0x0020, 0x0040, 0x0040, 0x0040, 0x0020, 0x0000, 
    0x0000, 0x0020, 0x0040, 0x0040, 0x0020, 0x0020, 0x0000, 0x0020, 0x0020, 0x0020, 0x0020, 0x0020, 
    0x0020, 0x0020, 0x0040, 0x0040, 0x0040, 0x0020, 0x0040, 0x0040, 0x0040, 0x0040, 0x0040, 0x0040, 
    0x0040, 0x0040, 0x0040, 0x0020, 0x0020, 0x0040, 0x0040, 0x0040, 0x0040, 0x0060, 0x0060, 0x0060, 
    0x0040, 0x0020, 0x0020, 0x0020, 0x0020, 0x0040, 0x0040, 0x0040, 0x0060, 0x0060, 0x0060, 0x0060, 
    0x0060, 0x0040, 0x0040, 0x0040, 0x0060, 0x0060, 0x0060, 0x0060, 0x0060, 0x0080, 0x0080, 0x0060, 
    0x0060, 0x0060, 0x0060, 0x0080, 0x0080, 0x00A0, 0x0080, 0x0080, 0x00C0, 0x00A0, 0x0080, 0x0040, 
    0x0040, 0x0040, 0x0060, 0x0080, 0x0080, 0x00A0, 0x00A0, 0x00C0, 0x00A0, 0x00A0, 0x00A0, 0x0040, 
    0x41E2, 0xB487, 0x1101, 0x29C2, 0x6B66, 0x0121, 0x0181, 0x0141, 0x0161, 0x0161, 0x0161, 0x0161, 
    0x0161, 0x0141, 0x0141, 0x0141, 0x0141, 0x0141, 0x0141, 0x0121, 0x0121, 0x0161, 0x0161, 0x0141, 
    0x0161, 0x0080, 0x18E1, 0xDD6A, 0xFE0B, 0x4A23, 0x0060, 0x0141, 0x0141, 0x0141, 0x0141, 0x0121, 
    0x0101, 0x0101, 0x0101, 0x0121, 0x0121, 0x0121, 0x0141, 0x0141, 0x0141, 0x0141, 0x0141, 0x0141, 
    0x0161, 0x0161, 0x0121, 0x4AC4, 0x62C3, 0x0000, 0xA427, 0x72E4, 0x0000, 0x0080, 0x00C0, 0x00C0, 
    0x00A0, 0x0080, 0x0060, 0x0060, 0x0080, 0x0080, 0x0080, 0x0080, 0x0060, 0x0060, 0x0040, 0x0040, 
    0x0040, 0x0060, 0x0060, 0x0060, 0x0060, 0x0040, 0x0040, 0x0040, 0x0040, 0x0040, 0x0040, 0x0040, 
    0x0040, 0x0040, 0x0040, 0x0060, 0x0060, 0x0040, 0x0040, 0x0020, 0x0020, 0x0020, 0x0020, 0x0020, 
    0x0020, 0x0040, 0x0040, 0x0040, 0x0020, 0x0000, 0x59E2, 0xCC23, 0x4181, 0x5A42, 0xC464, 0x4A23, 
    0xAC05, 0x4161, 0x5A43, 0x72E4, 0x39A2, 0x08C0, 0x0060, 0x0060, 0x0060, 0x0060, 0x0060, 0x0060, 
    0x0080, 0x0080, 0x0080, 0x0080, 0x0040, 0x0020, 0x0020, 0x0020, 0x0040, 0x0060, 0x0040, 0x0060, 
    0x0040, 0x0040, 0x0040, 0x0060, 0x0040, 0x0020, 0x0020, 0x0020, 0x0020, 0x0040, 0x0040, 0x0020, 
    0x0020, 0x0020, 0x0020, 0x0020, 0x0020, 0x0020, 0x0020, 0x0040, 0x0040, 0x0040, 0x0040, 0x0020, 
    0x0020, 0x0040, 0x0040, 0x0040, 0x0020, 0x0020, 0x0020, 0x0020, 0x0020, 0x0020, 0x0020, 0x0020, 
    0x0040, 0x0020, 0x0000, 0x30E0, 0x3100, 0x0000, 0x2102, 0xCCE8, 0xED47, 0xDD07, 0xBC67, 0xD4A6, 
    0x8AE2, 0x0000, 0x59C0, 0xAB42, 0x28E0, 0x0000, 0x0080, 0x0080, 0x00A0, 0x00A0, 0x0000, 0x6A84, 
    0xC403, 0x28E0, 0x0000, 0x6222, 0xE4E6, 0xCCA6, 0xD4E7, 0xD4E7, 0xDCE7, 0xCCC7, 0x10A0, 0x0020, 
    0x59E0, 0x1080, 0x0040, 0x0060, 0x0060, 0x0060, 0x0060, 0x0080, 0x0080, 0x0080, 0x0060, 0x0080, 
    0x0080, 0x0080, 0x0080, 0x0080, 0x0080, 0x0080, 0x0080, 0x0080, 0x0080, 0x0080, 0x0080, 0x0080, 
    0x0080, 0x00A0, 0x00A0, 0x00A0, 0x00A0, 0x00A0, 0x00A0, 0x00A0, 0x00A0, 0x00A0, 0x00A0, 0x00A0, 
    0x00A0, 0x00A0, 0x00A0, 0x00A0, 0x00A0, 0x00A0, 0x00A0, 0x00A0, 0x00A0, 0x00A0, 0x00C0, 0x00C0, 
    0x00C0, 0x00C0, 0x00C0, 0x00C0, 0x00C0, 0x00C0, 0x00E0, 0x00E0, 0x00C0, 0x00E0, 0x00C0, 0x00C0, 
    0x00C0, 0x00E0, 0x00E1, 0x00C0, 0x00C0, 0x00E0, 0x00E1, 0x00E0, 0x00E0, 0x00C0, 0x00C0, 0x00C0, 
    0x00C0, 0x00E0, 0x00E0, 0x00E0, 0x00E1, 0x00E1, 0x0101, 0x0101, 0x0101, 0x0101, 0x00E1, 0x0101, 
    0x0101, 0x0121, 0x0121, 0x0121, 0x0121, 0x0121, 0x0141, 0x0121, 0x0121, 0x0121, 0x0141, 0x0141, 
    0x0141, 0x0141, 0x0161, 0x0161, 0x0161, 0x0141, 0x0121, 0x0121, 0x0121, 0x0121, 0x0121, 0x0121, 
    0x0121, 0x0121, 0x0141, 0x0141, 0x0141, 0x0141, 0x0141, 0x0121, 0x0060, 0xA3E5, 0x31E2, 0x00E0, 
    0x0141, 0x0161, 0x0161, 0x0181, 0x0181, 0x0181, 0x0181, 0x0181, 0x0182, 0x0161, 0x0121, 0x00E0, 
    0x00E0, 0x1182, 0x19E2, 0x19C2, 0x0941, 0x0101, 0x0141, 0x0161, 0x0121, 0x2982, 0xCD08, 0xEDA9, 
    0xEDAA, 0xEDCA, 0x5AC4, 0x0121, 0x0181, 0x0161, 0x0101, 0x0921, 0x1982, 0x1982, 0x21A2, 0x0941, 
    0x0100, 0x0120, 0x0161, 0x0181, 0x0161, 0x0161, 0x0141, 0x0141, 0x0161, 0x0141, 0x0161, 0x0161, 
    0x0121, 0x1161, 0xAC47, 0x0840, 0x00C0, 0x0101, 0x0121, 0x0141, 0x0141, 0x0121, 0x0121, 0x0121, 
    0x0121, 0x0101, 0x0101, 0x0101, 0x0101, 0x0101, 0x0101, 0x0101, 0x00E0, 0x00E0, 0x00E0, 0x00E1, 
    0x00E1, 0x0101, 0x00E1, 0x00E1, 0x00E1, 0x00E0, 0x00E0, 0x00C0, 0x00C0, 0x00C0, 0x00C0, 0x00C0, 
    0x00E1, 0x00E1, 0x00E0, 0x00C0, 0x00C0, 0x00C0, 0x00C0, 0x00C0, 0x00C0, 0x00C0, 0x00A0, 0x0080, 
    0x00A0, 0x0000, 0x6A42, 0xD484, 0x49C1, 0x5202, 0x5A43, 0xAC04, 0x28E0, 0x6AC4, 0x49C2, 0x0040, 
    0x0060, 0x00A0, 0x00C1, 0x00E1, 0x0101, 0x0121, 0x0121, 0x0101, 0x0101, 0x00E1, 0x00E1, 0x00E1, 
    0x00C1, 0x00C1, 0x00C0, 0x00C1, 0x00E1, 0x00E1, 0x00E1, 0x00E1, 0x00E1, 0x00E1, 0x00E1, 0x00E1, 
    0x00C1, 0x00C1, 0x00C1, 0x00E1, 0x00E1, 0x00E1, 0x00C1, 0x00C1, 0x00C1, 0x00C1, 0x00E1, 0x00C1, 
    0x00C1, 0x00C0, 0x00C1, 0x00C1, 0x00C1, 0x00E1, 0x00E1, 0x00C1, 0x00C1, 0x00C1, 0x00C1, 0x00C1, 
    0x00C1, 0x00C1, 0x00C1, 0x00C1, 0x00C1, 0x00E1, 0x00C1, 0x00A0, 0x00A0, 0x00A0, 0x0060, 0x4980, 
    0x1880, 0x0000, 0x8B45, 0xED88, 0xD4E7, 0xDD07, 0xD4E7, 0xD4E6, 0x9B43, 0x0000, 0x0820, 0x92C1, 
    0x82A1, 0x0000, 0x0060, 0x0080, 0x00A0, 0x0040, 0x1081, 0xABE4, 0x7261, 0x0000, 0x18A1, 0xA3A5, 
    0xD4A6, 0xD4E7, 0xDD28, 0xDD48, 0xE569, 0xD4E8, 0x1880, 0x0000, 0x51C0, 0x1080, 0x0040, 0x0060, 
    0x0060, 0x0060, 0x0060, 0x0080, 0x0080, 0x0080, 0x0080, 0x0080, 0x0080, 0x0080, 0x0080, 0x0080, 
    0x0080, 0x0080, 0x0080, 0x0080, 0x0080, 0x0080, 0x0080, 0x00A0, 0x00A0, 0x00A0, 0x00A0, 0x00A0, 
    0x00A0, 0x00A0, 0x00A0, 0x00A0, 0x00C0, 0x00A0, 0x00A0, 0x00A0, 0x00A0, 0x00A0, 0x00A0, 0x00A0, 
    0x00A0, 0x00A0, 0x00A0, 0x00A0, 0x00C0, 0x00C0, 0x00C0, 0x00C0, 0x00C0, 0x00C0, 0x00E0, 0x00E0, 
    0x00E0, 0x00E0, 0x00E0, 0x00E0, 0x00E0, 0x00E0, 0x00E0, 0x00E0, 0x00E0, 0x00E0, 0x00E0, 0x00E0, 
    0x00E0, 0x00E1, 0x00E0, 0x00E0, 0x00E1, 0x00E1, 0x0101, 0x00E1, 0x00E0, 0x00E0, 0x00E1, 0x00E0, 
    0x00E0, 0x00E0, 0x0101, 0x0101, 0x0101, 0x0101, 0x0101, 0x0101, 0x0121, 0x0141, 0x0141, 0x0141, 
    0x0141, 0x0141, 0x0141, 0x0161, 0x0161, 0x0161, 0x0161, 0x0161, 0x0161, 0x0161, 0x0181, 0x0181, 
    0x0181, 0x0161, 0x0141, 0x0141, 0x0141, 0x0121, 0x0121, 0x0121, 0x0121, 0x0121, 0x0121, 0x0141, 
    0x0141, 0x0141, 0x0141, 0x0141, 0x00E1, 0x3161, 0x9BC5, 0x1121, 0x00C0, 0x0141, 0x01A2, 0x01C2, 
    0x01A1, 0x0181, 0x0141, 0x00E0, 0x00A0, 0x0121, 0x3264, 0x6B67, 0x9C68, 0x93E6, 0x6AE4, 0x5A84, 
    0x5A84, 0x4A64, 0x00E0, 0x00A0, 0x2141, 0xD508, 0xEDA9, 0xE569, 0xE58A, 0xEDAA, 0xFDEA, 0x5264, 
    0x00C0, 0x0121, 0x4264, 0x5AA5, 0x5224, 0x6AA4, 0x6AA4, 0xA469, 0x8BE8, 0x5305, 0x1A03, 0x0101, 
    0x00C0, 0x00E0, 0x0141, 0x0161, 0x0181, 0x0161, 0x0121, 0x00C0, 0x0101, 0x9448, 0x41E3, 0x0080, 
    0x0121, 0x0121, 0x0141, 0x0121, 0x0141, 0x0121, 0x0121, 0x0121, 0x0121, 0x0121, 0x0101, 0x0101, 
    0x0121, 0x0121, 0x0101, 0x0101, 0x0101, 0x0100, 0x0101, 0x0101, 0x0101, 0x0101, 0x0101, 0x0101, 
    0x00E0, 0x00E0, 0x00E0, 0x00E0, 0x00C0, 0x00E0, 0x00C0, 0x00C0, 0x00E1, 0x00E1, 0x00E0, 0x00E0, 
    0x00C0, 0x00C0, 0x00C0, 0x00C0, 0x00C0, 0x00C0, 0x00A0, 0x00A0, 0x00A0, 0x0000, 0x6222, 0xDCA4, 
    0x49C1, 0x3982, 0xB404, 0x4161, 0x72C4, 0x3982, 0x0000, 0x00C1, 0x00C1, 0x00E1, 0x00E1, 0x0101, 
    0x0121, 0x0121, 0x0121, 0x0121, 0x0121, 0x0101, 0x0101, 0x0101, 0x00E1, 0x00E1, 0x00E1, 0x00E1, 
    0x00E1, 0x0101, 0x0101, 0x0101, 0x0101, 0x0101, 0x0101, 0x0101, 0x00E1, 0x00E1, 0x00E1, 0x00E1, 
    0x0101, 0x0101, 0x00E1, 0x0101, 0x00E1, 0x00E1, 0x00E1, 0x00E1, 0x00E1, 0x00C1, 0x00C1, 0x00C1, 
    0x00E1, 0x00E1, 0x00E1, 0x00E1, 0x00E1, 0x00E1, 0x00E1, 0x00C1, 0x00C1, 0x00C1, 0x00C1, 0x00C1, 
    0x00E1, 0x00E1, 0x00E1, 0x00C0, 0x00C0, 0x00A0, 0x0060, 0x4140, 0x1060, 0x0000, 0x9BA5, 0xFE0A, 
    0xE569, 0xE548, 0xDD28, 0xD4E7, 0xC446, 0x3941, 0x0000, 0x4980, 0xA362, 0x20E0, 0x0020, 0x0080, 
    0x00C0, 0x0020, 0x41A3, 0xBC03, 0x3100, 0x0000, 0x9345, 0xDCC6, 0xCCA7, 0xDD28, 0xE549, 0xE549, 
    0xDD49, 0x72C4, 0x0000, 0x0020, 0x5A01, 0x0060, 0x0060, 0x0080, 0x0080, 0x0080, 0x0080, 0x0080, 
    0x0080, 0x0080, 0x0080, 0x0080, 0x0080, 0x00A0, 0x00A0, 0x00A0, 0x0080, 0x00A0, 0x00A0, 0x00A0, 
    0x00A0, 0x00A0, 0x00A0, 0x00A0, 0x00A0, 0x00A0, 0x00A0, 0x00A0, 0x00A0, 0x00A0, 0x00C0, 0x00C0, 
    0x00C0, 0x00C0, 0x00C0, 0x00C0, 0x00C0, 0x00C0, 0x00C0, 0x00A0, 0x00C0, 0x00C0, 0x00C0, 0x00C0, 
    0x00C0, 0x00E0, 0x00E0, 0x00E0, 0x00E0, 0x00E0, 0x00E0, 0x00E0, 0x00E0, 0x00E1, 0x00E1, 0x00E1, 
    0x00E1, 0x00E1, 0x00E1, 0x00E1, 0x00E1, 0x00E1, 0x00E1, 0x00E1, 0x00E1, 0x00E1, 0x00E1, 0x0101, 
    0x0101, 0x0101, 0x0101, 0x0101, 0x0101, 0x0101, 0x0101, 0x00E1, 0x00E1, 0x0101, 0x0101, 0x0101, 
    0x0101, 0x0101, 0x0101, 0x0121, 0x0141, 0x0141, 0x0161, 0x0141, 0x0141, 0x0141, 0x0161, 0x0181, 
    0x0181, 0x0181, 0x0181, 0x0181, 0x0181, 0x0181, 0x0181, 0x01A1, 0x0181, 0x0161, 0x0161, 0x0141, 
    0x0141, 0x0141, 0x0141, 0x0121, 0x0121, 0x0121, 0x0141, 0x0141, 0x0161, 0x0161, 0x0161, 0x0161, 
    0x0141, 0x00A0, 0x3961, 0x9BA6, 0x62C4, 0x21E2, 0x09C2, 0x01E2, 0x01C2, 0x09A2, 0x21E3, 0x4284, 
    0x7387, 0x9C69, 0x8BE8, 0x83A7, 0x62E5, 0x52A4, 0x21A2, 0x29A1, 0x0101, 0x31E3, 0x2982, 0x0000, 
    0x82E4, 0xED47, 0xDD28, 0xE569, 0xE589, 0xE569, 0xED89, 0xBC47, 0x0080, 0x0901, 0x29A2, 0x00E1, 
    0x29A1, 0x1921, 0x2921, 0x4A03, 0xA427, 0x8BA6, 0x9C28, 0x9C48, 0x6B46, 0x31E3, 0x1142, 0x0141, 
    0x0181, 0x0982, 0x19A2, 0x52C5, 0x9C49, 0x5244, 0x0080, 0x0141, 0x0141, 0x0141, 0x0141, 0x0141, 
    0x0141, 0x0141, 0x0141, 0x0141, 0x0141, 0x0121, 0x0121, 0x0121, 0x0141, 0x0121, 0x0121, 0x0101, 
    0x0101, 0x0101, 0x0101, 0x0101, 0x0101, 0x0101, 0x0101, 0x0101, 0x0101, 0x0101, 0x0101, 0x00E1, 
    0x00E0, 0x00E1, 0x00E0, 0x00E0, 0x00E1, 0x0101, 0x0101, 0x00E1, 0x00E0, 0x00E0, 0x00C0, 0x00E1, 
    0x00C0, 0x00C0, 0x00C0, 0x00A0, 0x00A0, 0x0000, 0x6222, 0xDCA4, 0x49A2, 0x51C1, 0x61E0, 0x41A2, 
    0x5222, 0x0000, 0x00C1, 0x00C1, 0x00E1, 0x00E1, 0x0101, 0x0121, 0x0121, 0x0121, 0x0121, 0x0121, 
    0x0121, 0x0121, 0x0141, 0x0141, 0x0121, 0x0101, 0x0101, 0x0101, 0x0101, 0x0101, 0x0121, 0x0121, 
    0x0121, 0x0101, 0x0101, 0x0121, 0x0101, 0x00E1, 0x00E1, 0x00E1, 0x00E1, 0x00E1, 0x0101, 0x0101, 
    0x0121, 0x0101, 0x00E1, 0x0101, 0x0101, 0x0101, 0x0101, 0x00E1, 0x00E1, 0x0101, 0x0101, 0x0121, 
    0x00E1, 0x00E1, 0x00E1, 0x00E1, 0x00C1, 0x00C1, 0x00C1, 0x00E1, 0x0101, 0x00E1, 0x00E1, 0x00E1, 
    0x00C0, 0x00C0, 0x0040, 0x3940, 0x18A0, 0x0000, 0x2101, 0xBC67, 0xDD28, 0xE589, 0xE548, 0xD4E7, 
    0xD4C6, 0xC466, 0x1880, 0x1060, 0xA342, 0x51A1, 0x0000, 0x0080, 0x00A0, 0x0020, 0x6A63, 0xB3C2, 
    0x1060, 0x0840, 0xBC25, 0xCC86, 0xD4E7, 0xDD08, 0xED89, 0xE549, 0x6AA4, 0x18C0, 0x0020, 0x18C0, 
    0x6263, 0x0000, 0x0080, 0x0080, 0x0080, 0x0080, 0x0080, 0x0080, 0x0080, 0x00A0, 0x0080, 0x00A0, 
    0x00A0, 0x00A0, 0x00A0, 0x00A0, 0x00A0, 0x00A0, 0x00A0, 0x00A0, 0x00A0, 0x00A0, 0x00A0, 0x00A0, 
    0x00A0, 0x00A0, 0x00C0, 0x00C0, 0x00C0, 0x00C0, 0x00C0, 0x00C0, 0x00C0, 0x00C0, 0x00C0, 0x00C0, 
    0x00C0, 0x00C0, 0x00C0, 0x00C0, 0x00C0, 0x00C0, 0x00C0, 0x00C0, 0x00E0, 0x00E0, 0x00E0, 0x00E0, 
    0x00E0, 0x00E0, 0x00E0, 0x00E0, 0x00E1, 0x0101, 0x0101, 0x00E1, 0x0101, 0x0101, 0x0101, 0x0101, 
    0x0101, 0x0101, 0x0101, 0x00E1, 0x00E1, 0x00E1, 0x0101, 0x0101, 0x0101, 0x0121, 0x0101, 0x0101, 
    0x0101, 0x0101, 0x0101, 0x0101, 0x0101, 0x0121, 0x0121, 0x0121, 0x0121, 0x0121, 0x0121, 0x0141, 
    0x0141, 0x0161, 0x0161, 0x0161, 0x0161, 0x0141, 0x0161, 0x0181, 0x0181, 0x0181, 0x0181, 0x01A2, 
    0x01A2, 0x01A2, 0x01A2, 0x01A1, 0x0181, 0x0181, 0x0181, 0x0161, 0x0161, 0x0141, 0x0141, 0x0141, 
    0x0141, 0x0141, 0x0141, 0x0141, 0x0161, 0x0161, 0x0161, 0x0161, 0x0161, 0x0141, 0x00A0, 0x08E0, 
    0x5A83, 0x8345, 0x8BE6, 0x8C27, 0x8C48, 0x8C07, 0x83A6, 0x7345, 0x4A84, 0x19A1, 0x00C0, 0x1101, 
    0xB4E9, 0x7386, 0x0901, 0x29C1, 0x1181, 0x0100, 0x29E2, 0x0080, 0xA3A5, 0xDD07, 0xD4E7, 0xE548, 
    0xE568, 0xDD48, 0xDD28, 0xD508, 0x1121, 0x00E0, 0x00A0, 0x0121, 0x4262, 0x00E1, 0x4A43, 0xA406, 
    0x5A43, 0x0060, 0x00A0, 0x31A2, 0x6B05, 0x9407, 0xA468, 0xA4A9, 0x9C68, 0x8C07, 0x8386, 0x6B05, 
    0x1921, 0x0080, 0x0141, 0x0161, 0x0161, 0x0161, 0x0161, 0x0161, 0x0141, 0x0141, 0x0161, 0x0161, 
    0x0141, 0x0141, 0x0121, 0x0141, 0x0141, 0x0141, 0x0121, 0x0121, 0x0121, 0x0121, 0x0121, 0x0121, 
    0x0121, 0x0121, 0x0121, 0x0121, 0x0121, 0x0121, 0x0121, 0x0101, 0x0101, 0x0101, 0x0101, 0x0101, 
    0x0101, 0x0101, 0x0101, 0x0101, 0x00E1, 0x00E1, 0x00E1, 0x00E1, 0x00E1, 0x00E0, 0x00C0, 0x00C0, 
    0x00A0, 0x0000, 0x6222, 0xD484, 0x49A2, 0x4960, 0x4161, 0x6A82, 0x0000, 0x00A0, 0x00A1, 0x00E1, 
    0x0101, 0x0101, 0x0121, 0x0121, 0x0121, 0x0121, 0x0121, 0x0141, 0x0141, 0x0121, 0x0121, 0x0121, 
    0x0121, 0x0121, 0x0121, 0x0141, 0x0121, 0x0101, 0x0101, 0x0121, 0x0121, 0x0121, 0x0121, 0x0121, 
    0x0121, 0x0121, 0x0101, 0x0101, 0x0101, 0x0101, 0x0121, 0x0101, 0x0101, 0x0101, 0x0121, 0x0141, 
    0x0121, 0x0121, 0x0121, 0x0101, 0x0101, 0x0101, 0x0101, 0x0101, 0x0121, 0x00E1, 0x00E1, 0x00E1, 
    0x00E1, 0x00E1, 0x00E1, 0x0121, 0x0101, 0x00E1, 0x00E1, 0x00E1, 0x00C1, 0x00E1, 0x0060, 0x3141, 
    0x41A2, 0x0000, 0x0080, 0x20E1, 0xB447, 0xF5EA, 0xE548, 0xDD07, 0xCCC7, 0xDD27, 0x51E2, 0x0000, 
    0x8B02, 0x7261, 0x0000, 0x0060, 0x0080, 0x0020, 0x72A3, 0xAB82, 0x1060, 0x0000, 0xABC4, 0xE547, 
    0xD4E7, 0xF568, 0x8B45, 0xCCA7, 0xED88, 0x6A83, 0x0000, 0x6284, 0x3982, 0x0020, 0x0080, 0x0080, 
    0x00A0, 0x0080, 0x0080, 0x0080, 0x00A0, 0x00A0, 0x00A0, 0x00A0, 0x00A0, 0x00A0, 0x00A0, 0x00A0, 
    0x00A0, 0x00A0, 0x00A0, 0x00A0, 0x00A0, 0x00A0, 0x00A0, 0x00C0, 0x00C0, 0x00C0, 0x00C0, 0x00C0, 
    0x00C0, 0x00C0, 0x00C0, 0x00C0, 0x00C0, 0x00C0, 0x00E0, 0x00E0, 0x00C0, 0x00C0, 0x00C0, 0x00C0, 
    0x00C0, 0x00E0, 0x00E0, 0x00E0, 0x00E0, 0x00E0, 0x00E0, 0x00E0, 0x00E0, 0x00E1, 0x00E1, 0x00E1, 
    0x00E1, 0x0101, 0x0101, 0x0101, 0x0101, 0x0101, 0x0101, 0x0101, 0x0101, 0x0121, 0x0101, 0x00E0, 
    0x0101, 0x00E1, 0x0101, 0x0101, 0x0101, 0x0121, 0x0121, 0x0121, 0x0121, 0x0121, 0x0121, 0x0101, 
    0x0121, 0x0121, 0x0121, 0x0121, 0x0141, 0x0141, 0x0141, 0x0141, 0x0161, 0x0181, 0x0181, 0x0181, 
    0x0161, 0x0161, 0x0161, 0x0181, 0x01A1, 0x01A1, 0x01A1, 0x01A1, 0x01C2, 0x01C2, 0x01A2, 0x01A1, 
    0x0181, 0x0181, 0x0181, 0x0161, 0x0161, 0x0161, 0x0161, 0x0161, 0x0161, 0x0161, 0x0161, 0x0141, 
    0x0141, 0x0161, 0x0161, 0x0161, 0x0161, 0x0141, 0x0141, 0x0161, 0x0100, 0x00E0, 0x0941, 0x1161, 
    0x1161, 0x0920, 0x00E0, 0x00E0, 0x0120, 0x0181, 0x01A2, 0x00C0, 0x5263, 0x6AE4, 0x3982, 0x4A02, 
    0x00A0, 0x21C1, 0x2A02, 0x00C0, 0x6A83, 0xE526, 0xE506, 0xB426, 0xBC67, 0xE527, 0xF5A8, 0xAC26, 
    0x0101, 0x1161, 0x2161, 0x00C0, 0x3A22, 0x5AC3, 0x5AA4, 0x6AC4, 0x0000, 0x00E0, 0x0121, 0x00C0, 
    0x0060, 0x00A0, 0x0920, 0x1941, 0x1921, 0x08E0, 0x00A0, 0x00A0, 0x0100, 0x0141, 0x0161, 0x0181, 
    0x0161, 0x0161, 0x0181, 0x0161, 0x0161, 0x0161, 0x0161, 0x0161, 0x0161, 0x0161, 0x0161, 0x0161, 
    0x0161, 0x0161, 0x0141, 0x0141, 0x0121, 0x0121, 0x0121, 0x0121, 0x0141, 0x0141, 0x0121, 0x0121, 
    0x0121, 0x0121, 0x0121, 0x0121, 0x0121, 0x0101, 0x0101, 0x0101, 0x0141, 0x0121, 0x0121, 0x0101, 
    0x0101, 0x00E1, 0x00E1, 0x0101, 0x00E1, 0x00E1, 0x00E0, 0x00C0, 0x00C0, 0x0000, 0x6222, 0xD484, 
    0x51E2, 0x3960, 0x8303, 0x3141, 0x0000, 0x00A0, 0x00C1, 0x0101, 0x0121, 0x0121, 0x0141, 0x0141, 
    0x0121, 0x0101, 0x0141, 0x0141, 0x0161, 0x0141, 0x0121, 0x0121, 0x0141, 0x0161, 0x0161, 0x0141, 
    0x0121, 0x0121, 0x0101, 0x0101, 0x0121, 0x0141, 0x0121, 0x0121, 0x0141, 0x0121, 0x0141, 0x0141, 
    0x0141, 0x0141, 0x0141, 0x0121, 0x0101, 0x0121, 0x0141, 0x0141, 0x0121, 0x0121, 0x0121, 0x0101, 
    0x0101, 0x00E1, 0x00E1, 0x0101, 0x0161, 0x0101, 0x00E1, 0x00E1, 0x00E1, 0x00E1, 0x0101, 0x0101, 
    0x00E1, 0x00E1, 0x0101, 0x00C1, 0x00A1, 0x00C1, 0x00A0, 0x08A0, 0x8303, 0x0020, 0x41C2, 0xD549, 
    0xFE29, 0x9BA6, 0xB447, 0xF5C9, 0xE548, 0xE568, 0x2901, 0x0000, 0x8AE2, 0x82C2, 0x0020, 0x0060, 
    0x0080, 0x0000, 0x6A62, 0x9B21, 0x0860, 0x0000, 0x28E1, 0xABC5, 0xCCA7, 0x8B24, 0x0000, 0x7AC3, 
    0x51E2, 0x0000, 0x3982, 0x7B45, 0x0020, 0x0080, 0x0080, 0x0080, 0x0080, 0x0080, 0x0080, 0x00A0, 
    0x00A0, 0x00A0, 0x00A0, 0x00A0, 0x00A0, 0x00A0, 0x00A0, 0x00A0, 0x00C0, 0x00C0, 0x00A0, 0x00A0, 
    0x00A0, 0x00A0, 0x00A0, 0x00A0, 0x00A0, 0x00A0, 0x00A0, 0x00C0, 0x00C0, 0x00C0, 0x00C0, 0x00C0, 
    0x00E0, 0x00E0, 0x00E0, 0x00E0, 0x00E0, 0x00E0, 0x00E0, 0x00E0, 0x00E0, 0x00E1, 0x00E0, 0x00E0, 
    0x00E0, 0x00E0, 0x00E0, 0x00E0, 0x00C0, 0x00C0, 0x00C0, 0x00E1, 0x00E0, 0x0101, 0x0121, 0x0101, 
    0x0101, 0x0101, 0x0101, 0x0101, 0x0101, 0x0101, 0x0101, 0x0101, 0x0101, 0x0101, 0x0101, 0x0101, 
    0x0101, 0x0121, 0x0121, 0x0141, 0x0141, 0x0121, 0x0121, 0x0121, 0x0121, 0x0141, 0x0141, 0x0141, 
    0x0141, 0x0161, 0x0161, 0x0161, 0x0181, 0x01A2, 0x01A2, 0x01A1, 0x01A1, 0x0181, 0x0181, 0x01A1, 
    0x01A1, 0x01A1, 0x01A1, 0x01A1, 0x01C2, 0x01A1, 0x01A1, 0x01A1, 0x01A1, 0x01A1, 0x0181, 0x0181, 
    0x0161, 0x0161, 0x0161, 0x0181, 0x0181, 0x0181, 0x0161, 0x0161, 0x0141, 0x0161, 0x0161, 0x0141, 
    0x0141, 0x0141, 0x0161, 0x0161, 0x0181, 0x0181, 0x0181, 0x0161, 0x0161, 0x0181, 0x01A1, 0x01A1, 
    0x01A1, 0x0181, 0x0181, 0x0161, 0x00A0, 0x2962, 0x39A2, 0x0900, 0x0120, 0x7364, 0x5AC4, 0x00C0, 
    0x0060, 0x4981, 0x49A1, 0x8324, 0xA3C5, 0x49E2, 0x72A3, 0x1101, 0x00A0, 0x3A64, 0x93E6, 0x00E0, 
    0x0101, 0x39E2, 0x4222, 0x00C0, 0x0101, 0x0121, 0x0121, 0x0141, 0x0141, 0x0141, 0x0141, 0x0121, 
    0x0101, 0x0121, 0x0141, 0x0141, 0x0161, 0x0161, 0x0181, 0x0181, 0x0181, 0x0181, 0x0181, 0x0161, 
    0x0161, 0x0161, 0x0161, 0x0161, 0x0181, 0x0181, 0x0161, 0x0161, 0x0161, 0x0161, 0x0161, 0x0141, 
    0x0141, 0x0141, 0x0141, 0x0141, 0x0141, 0x0141, 0x0141, 0x0141, 0x0141, 0x0141, 0x0141, 0x0121, 
    0x0121, 0x0121, 0x0121, 0x0121, 0x0121, 0x0141, 0x0121, 0x0121, 0x0101, 0x0101, 0x0101, 0x0101, 
    0x0101, 0x0101, 0x00E1, 0x00C0, 0x00C0, 0x0000, 0x6243, 0xD4A4, 0x5A22, 0x1080, 0x8344, 0x0840, 
    0x0080, 0x00A0, 0x00C1, 0x0101, 0x0101, 0x0141, 0x0161, 0x0161, 0x0141, 0x0101, 0x0121, 0x0141, 
    0x0121, 0x0181, 0x0141, 0x0141, 0x0142, 0x0182, 0x0161, 0x0161, 0x0141, 0x0141, 0x0121, 0x0141, 
    0x0141, 0x0141, 0x0121, 0x0121, 0x0141, 0x0141, 0x0121, 0x0121, 0x0141, 0x0141, 0x0141, 0x0121, 
    0x0121, 0x0141, 0x0121, 0x0121, 0x0121, 0x0121, 0x0121, 0x0121, 0x0101, 0x0121, 0x0101, 0x0121, 
    0x0141, 0x0101, 0x00E1, 0x0101, 0x00E1, 0x0101, 0x0141, 0x0101, 0x0101, 0x00E1, 0x00E1, 0x00C1, 
    0x00E1, 0x00E1, 0x00C1, 0x0040, 0x41C2, 0x6A62, 0x0000, 0x1880, 0xBC45, 0x3941, 0x2901, 0xC487, 
    0xC4C7, 0x5223, 0x0000, 0x0000, 0x8B03, 0x8AC2, 0x0020, 0x0060, 0x0080, 0x0000, 0x6A42, 0x9B00, 
    0x0840, 0x0000, 0x0000, 0x0000, 0x1080, 0x0020, 0x0020, 0x0000, 0x0000, 0x4182, 0x8B86, 0x0880, 
    0x0060, 0x0080, 0x0080, 0x0080, 0x0080, 0x0080, 0x0080, 0x00A0, 0x0080, 0x00A0, 0x0080, 0x0080, 
    0x0040, 0x0020, 0x0020, 0x0060, 0x0040, 0x0060, 0x00C0, 0x0080, 0x0060, 0x0020, 0x0020, 0x0040, 
    0x0040, 0x0040, 0x00A0, 0x00A0, 0x00A0, 0x0080, 0x0040, 0x0080, 0x00C0, 0x00C0, 0x00E0, 0x00A0, 
    0x0060, 0x0060, 0x00A0, 0x00E0, 0x00E0, 0x00E1, 0x00C0, 0x0080, 0x0060, 0x0060, 0x0060, 0x0040, 
    0x0080, 0x0060, 0x0040, 0x0080, 0x00E1, 0x00C0, 0x0080, 0x00E0, 0x0101, 0x0101, 0x0101, 0x0101, 
    0x0101, 0x0101, 0x0101, 0x0101, 0x0101, 0x0101, 0x0101, 0x0101, 0x0101, 0x0121, 0x0141, 0x0141, 
    0x0141, 0x0141, 0x0141, 0x0141, 0x0141, 0x0141, 0x0141, 0x0141, 0x0161, 0x0161, 0x0161, 0x0181, 
    0x01A2, 0x01C2, 0x01C2, 0x01A1, 0x01A2, 0x01A1, 0x01A2, 0x01A2, 0x01A1, 0x01C1, 0x01C2, 0x01C2, 
    0x01C2, 0x01A1, 0x01A1, 0x01A1, 0x01A1, 0x01A1, 0x01A1, 0x0181, 0x0181, 0x0181, 0x0161, 0x0161, 
    0x0181, 0x0181, 0x0181, 0x0161, 0x0161, 0x0161, 0x0141, 0x0141, 0x0161, 0x0161, 0x0161, 0x0181, 
    0x0181, 0x0181, 0x0181, 0x0161, 0x0161, 0x0181, 0x0181, 0x0181, 0x0181, 0x0181, 0x0181, 0x0161, 
    0x0121, 0x00C0, 0x00C0, 0x0141, 0x0181, 0x0961, 0x4A23, 0x29C2, 0x0060, 0x0000, 0x1080, 0x9323, 
    0x9B42, 0x2120, 0x0040, 0x0080, 0x1921, 0x5AA4, 0x1962, 0x0141, 0x0141, 0x00E0, 0x00E0, 0x0121, 
    0x0121, 0x0121, 0x0141, 0x0141, 0x0141, 0x0141, 0x0141, 0x0141, 0x0141, 0x0141, 0x0141, 0x0141, 
    0x0161, 0x0181, 0x0181, 0x0181, 0x0181, 0x0181, 0x0181, 0x0181, 0x0181, 0x0181, 0x0181, 0x0181, 
    0x0161, 0x0181, 0x0181, 0x0181, 0x0161, 0x0161, 0x0161, 0x0161, 0x0141, 0x0141, 0x0141, 0x0141, 
    0x0141, 0x0141, 0x0141, 0x0141, 0x0141, 0x0141, 0x0141, 0x0141, 0x0141, 0x0121, 0x0121, 0x0121, 
    0x0121, 0x0141, 0x0141, 0x0121, 0x0101, 0x0101, 0x0101, 0x0101, 0x0101, 0x0101, 0x00E1, 0x00C0, 
    0x00C0, 0x0000, 0x6243, 0xDCC4, 0x51E1, 0x10A0, 0x6A82, 0x0020, 0x00C0, 0x00C1, 0x0101, 0x0101, 
    0x0101, 0x0141, 0x0141, 0x0121, 0x0121, 0x0121, 0x0121, 0x0141, 0x0121, 0x0161, 0x0161, 0x0141, 
    0x0141, 0x0182, 0x0162, 0x0161, 0x0161, 0x0141, 0x0141, 0x0161, 0x0181, 0x0161, 0x0141, 0x0141, 
    0x0141, 0x0161, 0x0161, 0x0121, 0x0101, 0x0101, 0x0101, 0x0101, 0x0141, 0x0121, 0x0141, 0x0141, 
    0x0101, 0x0101, 0x0101, 0x0121, 0x0121, 0x0121, 0x0101, 0x0101, 0x0141, 0x0121, 0x0101, 0x0101, 
    0x0101, 0x0141, 0x0101, 0x00E1, 0x0141, 0x0121, 0x00E1, 0x00E1, 0x0101, 0x00E1, 0x00E1, 0x00C1, 
    0x0040, 0x59E1, 0x59E1, 0x0000, 0x0000, 0x0020, 0x0020, 0x0040, 0x0040, 0x0000, 0x0000, 0x0000, 
    0x8B02, 0x82C1, 0x0020, 0x0060, 0x0080, 0x0000, 0x6A42, 0x9B20, 0x1040, 0x6A20, 0x49A1, 0x10A0, 
    0x0020, 0x0020, 0x0020, 0x20E1, 0x6AA5, 0x72E5, 0x0880, 0x0060, 0x0080, 0x0080, 0x0080, 0x0080, 
    0x00A0, 0x00A0, 0x00A0, 0x00A0, 0x00A0, 0x0080, 0x0040, 0x3141, 0x9B64, 0x9B64, 0x8B44, 0xA3E6, 
    0xA427, 0x4223, 0x0060, 0x0880, 0x8324, 0xB426, 0xA3E6, 0x8B65, 0xAC06, 0x93A7, 0x0080, 0x00A0, 
    0x0060, 0x0860, 0xAC48, 0x6AC5, 0x0020, 0x00A0, 0x0060, 0x49E2, 0xAC26, 0xB447, 0x8365, 0x00C0, 
    0x00E1, 0x00C0, 0x72E3, 0xBC46, 0xAC06, 0x9384, 0x9BA5, 0xABE7, 0x1080, 0x6A84, 0xBCA8, 0xB4A9, 
    0x9C48, 0xBCC9, 0x7B67, 0x08E1, 0x00C0, 0x0101, 0x0101, 0x0101, 0x0101, 0x0101, 0x0101, 0x0101, 
    0x0101, 0x0121, 0x0121, 0x0121, 0x0121, 0x0121, 0x0141, 0x0141, 0x0141, 0x0141, 0x0141, 0x0141, 
    0x0161, 0x0141, 0x0161, 0x0181, 0x0181, 0x0181, 0x0181, 0x01A2, 0x01C2, 0x01E2, 0x01C2, 0x01A1, 
    0x01A1, 0x01A2, 0x01A2, 0x01C2, 0x01A1, 0x01C2, 0x01C2, 0x01C2, 0x01C2, 0x01C2, 0x01C2, 0x01C2, 
    0x01C2, 0x01A2, 0x01A2, 0x01A2, 0x01A1, 0x0181, 0x0181, 0x0181, 0x0181, 0x0181, 0x0181, 0x0181, 
    0x0181, 0x0181, 0x0161, 0x0161, 0x0161, 0x0161, 0x0181, 0x0181, 0x0181, 0x0181, 0x0181, 0x0161, 
    0x0161, 0x0181, 0x0181, 0x0181, 0x0181, 0x0181, 0x0161, 0x0141, 0x0141, 0x0141, 0x0141, 0x0161, 
    0x0161, 0x0161, 0x0101, 0x31C2, 0x2181, 0x2961, 0x28E0, 0x3141, 0x39A2, 0x1901, 0x31E2, 0x31A1, 
    0x2161, 0x0101, 0x0121, 0x0161, 0x0141, 0x0121, 0x0141, 0x0141, 0x0141, 0x0141, 0x0141, 0x0161, 
    0x0161, 0x0161, 0x0141, 0x0141, 0x0161, 0x0161, 0x0161, 0x0161, 0x0161, 0x0181, 0x0181, 0x0181, 
    0x0181, 0x0181, 0x0181, 0x0181, 0x0181, 0x0181, 0x0181, 0x0181, 0x0161, 0x0161, 0x0181, 0x0181, 
    0x0181, 0x0161, 0x0161, 0x0161, 0x0161, 0x0161, 0x0141, 0x0141, 0x0141, 0x0141, 0x0141, 0x0161, 
    0x0141, 0x0141, 0x0141, 0x0141, 0x0141, 0x0141, 0x0121, 0x0121, 0x0141, 0x0141, 0x0141, 0x0121, 
    0x0121, 0x0101, 0x0101, 0x0101, 0x0101, 0x0101, 0x00E0, 0x00C0, 0x00C0, 0x0000, 0x6243, 0xDCA4, 
    0x49C1, 0x2941, 0x5A22, 0x0040, 0x00E1, 0x0101, 0x0121, 0x0121, 0x0141, 0x0141, 0x0121, 0x0141, 
    0x0141, 0x0141, 0x0161, 0x0182, 0x0141, 0x0141, 0x0141, 0x0141, 0x0141, 0x0161, 0x01A2, 0x0182, 
    0x0162, 0x0161, 0x0161, 0x0161, 0x0161, 0x0161, 0x0161, 0x0161, 0x0141, 0x0161, 0x0161, 0x0121, 
    0x0121, 0x0121, 0x0101, 0x0101, 0x0101, 0x0101, 0x0121, 0x0141, 0x0121, 0x0121, 0x0121, 0x0141, 
    0x0121, 0x0121, 0x0101, 0x0121, 0x0101, 0x0101, 0x0101, 0x0101, 0x0121, 0x0121, 0x00E1, 0x00E1, 
    0x0121, 0x0121, 0x00E1, 0x0101, 0x0121, 0x0101, 0x0101, 0x00E1, 0x00C0, 0x0040, 0x4161, 0x7262, 
    0x4141, 0x1080, 0x0040, 0x0020, 0x0040, 0x2921, 0x5A01, 0x0020, 0x8AE2, 0x82A1, 0x0020, 0x0060, 
    0x0080, 0x0020, 0x6A42, 0xA320, 0x1060, 0x7A40, 0x6A21, 0x82A2, 0x7AA3, 0x6A64, 0x72C5, 0x72E5, 
    0x3182, 0x0020, 0x0060, 0x0080, 0x0080, 0x0080, 0x00A0, 0x00A0, 0x00A0, 0x00A0, 0x00A0, 0x00A0, 
    0x0080, 0x0080, 0x0060, 0x0000, 0xA384, 0xF566, 0x5A03, 0x20C1, 0xBC46, 0xFDC9, 0x5A64, 0x0000, 
    0x5A23, 0xFE2A, 0xC4A8, 0x1080, 0x51E2, 0xD509, 0x0040, 0x0080, 0x0000, 0x51E3, 0xFE6A, 0xCCE8, 
    0x0020, 0x0060, 0x0040, 0x0880, 0xD508, 0xFE4B, 0x41E3, 0x0080, 0x00E1, 0x0040, 0x3142, 0xFDC8, 
    0xDD28, 0x20C1, 0x18A0, 0xE549, 0x2902, 0x2942, 0xFE6B, 0xEDEB, 0x18A1, 0x7B05, 0xFECC, 0x9C08, 
    0x0060, 0x0101, 0x0101, 0x0121, 0x0101, 0x0101, 0x0101, 0x0101, 0x0121, 0x0121, 0x0121, 0x0121, 
    0x0121, 0x0141, 0x0141, 0x0141, 0x0141, 0x0161, 0x0161, 0x0161, 0x0161, 0x0161, 0x0161, 0x0161, 
    0x0181, 0x0181, 0x0181, 0x01A1, 0x01E2, 0x01C2, 0x01C2, 0x01A1, 0x01A1, 0x01A2, 0x01A2, 0x01C2, 
    0x01C2, 0x01C2, 0x01C2, 0x01C2, 0x01C2, 0x01E2, 0x01E2, 0x01C2, 0x01C2, 0x01A1, 0x01A2, 0x01A1, 
    0x01A1, 0x01A2, 0x01A2, 0x01A1, 0x0181, 0x0181, 0x0181, 0x01A2, 0x01A1, 0x01A1, 0x0181, 0x0181, 
    0x0181, 0x0181, 0x0181, 0x0181, 0x0181, 0x0181, 0x0181, 0x0181, 0x0181, 0x0181, 0x0181, 0x0181, 
    0x0181, 0x0161, 0x0161, 0x0141, 0x0141, 0x0161, 0x0161, 0x0161, 0x0161, 0x0161, 0x0161, 0x0100, 
    0x0121, 0x2181, 0x41A1, 0xD4A6, 0xDCE6, 0x41C2, 0x3161, 0x1121, 0x0101, 0x0161, 0x0161, 0x0161, 
    0x0141, 0x0121, 0x0141, 0x0141, 0x0161, 0x0161, 0x0161, 0x0161, 0x0181, 0x0161, 0x0161, 0x0161, 
    0x0161, 0x0161, 0x0161, 0x0181, 0x0181, 0x0181, 0x01A1, 0x0181, 0x0181, 0x0181, 0x0181, 0x0181, 
    0x0181, 0x0181, 0x0181, 0x0161, 0x0161, 0x0161, 0x0161, 0x0181, 0x0181, 0x0161, 0x0161, 0x0161, 
    0x0161, 0x0161, 0x0141, 0x0141, 0x0141, 0x0141, 0x0141, 0x0161, 0x0141, 0x0141, 0x0141, 0x0141, 
    0x0141, 0x0141, 0x0141, 0x0141, 0x0141, 0x0141, 0x0121, 0x0121, 0x0121, 0x0101, 0x0101, 0x0101, 
    0x0101, 0x0100, 0x00E0, 0x00E0, 0x00C0, 0x0000, 0x6222, 0xD4A4, 0x41A1, 0x39A2, 0x5202, 0x0040, 
    0x00E1, 0x0101, 0x0121, 0x0121, 0x0141, 0x0141, 0x0141, 0x0141, 0x0141, 0x0161, 0x01A2, 0x01A2, 
    0x0161, 0x0161, 0x0141, 0x0121, 0x0141, 0x0161, 0x0181, 0x0182, 0x0161, 0x0161, 0x0181, 0x0141, 
    0x0141, 0x0181, 0x0161, 0x0141, 0x0141, 0x0121, 0x0141, 0x0141, 0x0121, 0x0121, 0x0101, 0x0101, 
    0x0101, 0x0101, 0x0121, 0x0121, 0x0121, 0x0121, 0x0121, 0x0101, 0x00E1, 0x0101, 0x0101, 0x0101, 
    0x0121, 0x0121, 0x0101, 0x0101, 0x0101, 0x0101, 0x00E1, 0x0101, 0x0121, 0x0101, 0x00E1, 0x0101, 
    0x0101, 0x0101, 0x00E1, 0x00C1, 0x00C1, 0x00A0, 0x0020, 0x10A0, 0x59E1, 0x7A82, 0x7262, 0x6A62, 
    0x7261, 0x5A01, 0x8281, 0x0840, 0x82C2, 0x82A1, 0x0020, 0x0060, 0x0080, 0x0000, 0x6A62, 0x9B21, 
    0x0840, 0x69E0, 0x0000, 0x0000, 0x0860, 0x1080, 0x0860, 0x0000, 0x0020, 0x0080, 0x0080, 0x0080, 
    0x00A0, 0x00A0, 0x00A0, 0x00A0, 0x00A0, 0x00A0, 0x00A0, 0x00A0, 0x0080, 0x0060, 0x0060, 0x0000, 
    0x9344, 0xE546, 0x49C3, 0x0000, 0x2901, 0xDD06, 0xD507, 0x0840, 0x3982, 0xFDC9, 0xAC47, 0x0000, 
    0x2922, 0x3942, 0x0020, 0x0040, 0x0000, 0x9BA6, 0xDD07, 0xF5EA, 0x39A3, 0x0040, 0x0080, 0x0060, 
    0xC487, 0xF5CA, 0x31A3, 0x00A0, 0x00E1, 0x0020, 0x2102, 0xED67, 0xC4A7, 0x0000, 0x1922, 0x5A43, 
    0x10C0, 0x1921, 0xEDA9, 0xD549, 0x0000, 0x2902, 0xFE29, 0xCD09, 0x00A0, 0x0101, 0x0101, 0x0121, 
    0x0121, 0x0101, 0x0101, 0x0101, 0x0121, 0x0121, 0x0121, 0x0121, 0x0141, 0x0141, 0x0161, 0x0141, 
    0x0141, 0x0161, 0x0161, 0x0161, 0x0161, 0x0161, 0x0181, 0x0181, 0x0181, 0x0181, 0x0181, 0x01A1, 
    0x01E2, 0x01C2, 0x01A1, 0x01A2, 0x01C2, 0x01C2, 0x01C2, 0x01C2, 0x01C2, 0x01A1, 0x01C2, 0x01C2, 
    0x01C2, 0x01E2, 0x01C2, 0x01C2, 0x01C2, 0x01A2, 0x01A1, 0x01A1, 0x01A1, 0x01A1, 0x01A2, 0x01A2, 
    0x01A2, 0x01A2, 0x0181, 0x01A1, 0x01A2, 0x01A2, 0x01A1, 0x01A1, 0x0181, 0x0181, 0x0181, 0x0181, 
    0x0181, 0x0181, 0x0181, 0x01A1, 0x01A1, 0x0181, 0x0161, 0x0181, 0x0161, 0x0161, 0x0161, 0x0141, 
    0x0161, 0x0161, 0x0161, 0x0161, 0x0141, 0x0161, 0x0101, 0x0921, 0x0921, 0x00E1, 0x0040, 0x9385, 
    0xBC26, 0x10C0, 0x0080, 0x00A0, 0x0121, 0x0101, 0x0121, 0x0161, 0x0161, 0x0141, 0x0141, 0x0161, 
    0x0161, 0x0161, 0x0161, 0x0181, 0x0181, 0x0181, 0x0161, 0x0161, 0x0181, 0x0181, 0x0181, 0x0181, 
    0x0181, 0x0181, 0x0181, 0x01A1, 0x01A1, 0x01A1, 0x01A1, 0x01A1, 0x01A1, 0x0181, 0x0181, 0x0181, 
    0x0161, 0x0161, 0x0161, 0x0181, 0x0181, 0x0181, 0x0181, 0x0161, 0x0161, 0x0161, 0x0161, 0x0141, 
    0x0141, 0x0141, 0x0141, 0x0161, 0x0161, 0x0141, 0x0141, 0x0141, 0x0141, 0x0141, 0x0141, 0x0141, 
    0x0141, 0x0141, 0x0121, 0x0121, 0x0121, 0x0101, 0x0101, 0x0101, 0x0101, 0x0101, 0x00E0, 0x00E0, 
    0x00C0, 0x0000, 0x6222, 0xD4A4, 0x41A1, 0x49E2, 0x5202, 0x0060, 0x00E1, 0x0101, 0x0141, 0x0121, 
    0x0121, 0x0141, 0x0182, 0x0182, 0x0141, 0x0141, 0x0182, 0x0182, 0x0161, 0x0181, 0x0182, 0x0141, 
    0x0141, 0x0141, 0x0161, 0x0161, 0x0161, 0x0161, 0x0161, 0x0141, 0x0121, 0x0141, 0x0121, 0x0121, 
    0x0101, 0x00E1, 0x00C0, 0x00E1, 0x0121, 0x00E1, 0x00C1, 0x00C1, 0x00C0, 0x00E1, 0x00E1, 0x00C0, 
    0x00C0, 0x00C0, 0x00C1, 0x00E1, 0x00E1, 0x0101, 0x0101, 0x0121, 0x0141, 0x0161, 0x0141, 0x0121, 
    0x0101, 0x0101, 0x0101, 0x0121, 0x0121, 0x0121, 0x0101, 0x00E1, 0x00C1, 0x00C1, 0x00C1, 0x00C1, 
    0x00C1, 0x00C0, 0x00A0, 0x0060, 0x0020, 0x0040, 0x0880, 0x0860, 0x0040, 0x0000, 0x61E0, 0x1060, 
    0x82A1, 0x7A81, 0x0000, 0x0060, 0x0080, 0x0000, 0x7283, 0xA341, 0x0860, 0x7220, 0x1060, 0x0020, 
    0x0040, 0x0040, 0x0060, 0x0080, 0x0080, 0x0080, 0x00A0, 0x00A0, 0x00A0, 0x00A0, 0x00A0, 0x00A0, 
    0x00A0, 0x00A0, 0x00A0, 0x00A0, 0x0080, 0x0080, 0x0060, 0x0000, 0x9B64, 0xE506, 0x49C3, 0x0000, 
    0x18A1, 0xC466, 0xE506, 0x3121, 0x3122, 0xED26, 0xBC46, 0x6AA4, 0xCCC8, 0x0840, 0x0060, 0x0040, 
    0x3142, 0x9365, 0x5A23, 0xFE2A, 0x8366, 0x0060, 0x00E0, 0x00A0, 0xBC45, 0xE547, 0x3163, 0x0060, 
    0x00E1, 0x0040, 0x2922, 0xE527, 0xCCC7, 0x62A4, 0xDD69, 0x39E3, 0x0080, 0x2142, 0xE506, 0xCCC7, 
    0x10A1, 0x72C5, 0xFE29, 0x7304, 0x0080, 0x0101, 0x0101, 0x0121, 0x0101, 0x0101, 0x0101, 0x0101, 
    0x0101, 0x0121, 0x0121, 0x0121, 0x0141, 0x0121, 0x0141, 0x0141, 0x0161, 0x0161, 0x0161, 0x0161, 
    0x0161, 0x0161, 0x0181, 0x0181, 0x0181, 0x0161, 0x0181, 0x0181, 0x01C2, 0x01C1, 0x01A1, 0x01C2, 
    0x01C2, 0x01C2, 0x01C2, 0x01A1, 0x0181, 0x0181, 0x01A2, 0x01C2, 0x01A1, 0x01C2, 0x01C2, 0x01A1, 
    0x0181, 0x0181, 0x0181, 0x0181, 0x0181, 0x01A1, 0x01A1, 0x0181, 0x0181, 0x0181, 0x0181, 0x01A1, 
    0x01A1, 0x0181, 0x0181, 0x0181, 0x0181, 0x0181, 0x0181, 0x0181, 0x0181, 0x0181, 0x0181, 0x0181, 
    0x0181, 0x0181, 0x0161, 0x0141, 0x0141, 0x0141, 0x0141, 0x0141, 0x0141, 0x0181, 0x01A1, 0x0181, 
    0x0181, 0x0100, 0x3203, 0x7B65, 0x8365, 0x4A84, 0xB4C9, 0x4263, 0x3202, 0x5283, 0x83C7, 0x9C08, 
    0x0000, 0x6B26, 0xA448, 0x0100, 0x0121, 0x0161, 0x0161, 0x0161, 0x0181, 0x0181, 0x0181, 0x0181, 
    0x0181, 0x0181, 0x0161, 0x0181, 0x0181, 0x0181, 0x0181, 0x0181, 0x0181, 0x0181, 0x0181, 0x0181, 
    0x0181, 0x0181, 0x0181, 0x0181, 0x0181, 0x0161, 0x0161, 0x0161, 0x0161, 0x0161, 0x0161, 0x0161, 
    0x0181, 0x0161, 0x0181, 0x0161, 0x0161, 0x0161, 0x0141, 0x0161, 0x0141, 0x0141, 0x0141, 0x0141, 
    0x0141, 0x0141, 0x0121, 0x0121, 0x0121, 0x0121, 0x0121, 0x0141, 0x0141, 0x0141, 0x0121, 0x0121, 
    0x0121, 0x0121, 0x0101, 0x0101, 0x0101, 0x00E1, 0x00E0, 0x00C0, 0x00C0, 0x0000, 0x6222, 0xD484, 
    0x41A1, 0x41A1, 0x51C1, 0x0060, 0x0101, 0x0101, 0x0141, 0x0121, 0x0121, 0x0181, 0x01A2, 0x01A2, 
    0x0141, 0x0141, 0x01A1, 0x0161, 0x0162, 0x01A2, 0x01A2, 0x0161, 0x0141, 0x0141, 0x0141, 0x0161, 
    0x0161, 0x0182, 0x0181, 0x0161, 0x0141, 0x0121, 0x0121, 0x0101, 0x1162, 0x1921, 0x2142, 0x10E1, 
    0x0040, 0x1121, 0x1962, 0x2182, 0x21A2, 0x08E1, 0x10E1, 0x2142, 0x1101, 0x2182, 0x1101, 0x00C1, 
    0x00E1, 0x0101, 0x0101, 0x0121, 0x0121, 0x0101, 0x0141, 0x0141, 0x0101, 0x00E1, 0x00E1, 0x00E1, 
    0x0121, 0x0121, 0x0121, 0x00C1, 0x00C1, 0x00C1, 0x00C1, 0x00E1, 0x00C1, 0x00E1, 0x00C1, 0x00C0, 
    0x00A0, 0x0080, 0x0060, 0x0040, 0x0060, 0x0020, 0x6200, 0x1060, 0x8AE1, 0x82A1, 0x0000, 0x0060, 
    0x0080, 0x0000, 0x7283, 0xAB82, 0x1060, 0x7260, 0x1040, 0x0040, 0x0060, 0x0060, 0x0060, 0x0080, 
    0x0080, 0x0080, 0x00A0, 0x00A0, 0x00A0, 0x00A0, 0x00A0, 0x00C0, 0x0080, 0x0060, 0x0080, 0x00C0, 
    0x00A0, 0x00A0, 0x0080, 0x0040, 0x9344, 0xDCE5, 0x41A3, 0x0000, 0x1081, 0xB405, 0xD4A5, 0x3141, 
    0x3141, 0xE4E5, 0xBC46, 0x7AE4, 0xC445, 0x1060, 0x0080, 0x0020, 0x9386, 0x8B45, 0x41A3, 0xED47, 
    0xC4A7, 0x0881, 0x00A0, 0x00E0, 0xB404, 0xDCE6, 0x2942, 0x0060, 0x00C0, 0x0080, 0x3182, 0xE507, 
    0xCCC7, 0x72A3, 0xC465, 0x39A2, 0x0040, 0x2121, 0xCC65, 0xCC44, 0xABE6, 0xFD88, 0x8325, 0x0060, 
    0x0101, 0x0121, 0x0141, 0x0141, 0x0121, 0x0101, 0x1181, 0x11C2, 0x11C2, 0x11A2, 0x1182, 0x1182, 
    0x1182, 0x1182, 0x11C2, 0x11C2, 0x11E2, 0x11E2, 0x11A2, 0x1161, 0x11A2, 0x11C2, 0x1223, 0x1202, 
    0x11E2, 0x11E2, 0x11E2, 0x11C2, 0x1223, 0x1203, 0x1203, 0x1243, 0x1243, 0x1223, 0x1222, 0x11E2, 
    0x11A2, 0x11A2, 0x1202, 0x1243, 0x1243, 0x1223, 0x1223, 0x1243, 0x1202, 0x1202, 0x1202, 0x11C2, 
    0x11E2, 0x1223, 0x1223, 0x11E2, 0x11E2, 0x11C2, 0x1202, 0x1203, 0x11E2, 0x11C2, 0x11C2, 0x1202, 
    0x1202, 0x11E2, 0x11E2, 0x1202, 0x1202, 0x1202, 0x11E2, 0x11C2, 0x11E2, 0x11E2, 0x11A2, 0x1181, 
    0x1182, 0x1182, 0x1181, 0x1182, 0x11A2, 0x01A2, 0x01A1, 0x01A1, 0x01C2, 0x00E0, 0x9427, 0xC54A, 
    0x21A2, 0x1982, 0xD58A, 0x29E2, 0x2202, 0x3A83, 0x6304, 0xFEAD, 0x29E3, 0xBCE8, 0xA4A8, 0x3223, 
    0x7BC6, 0x0121, 0x0161, 0x0161, 0x0161, 0x0181, 0x0181, 0x0181, 0x0181, 0x0181, 0x0181, 0x0181, 
    0x0181, 0x01A1, 0x01A1, 0x0181, 0x0181, 0x0181, 0x0181, 0x11C2, 0x11C2, 0x11C2, 0x11E2, 0x11E2, 
    0x11A2, 0x11A2, 0x11A2, 0x11E2, 0x11C2, 0x11A1, 0x11A1, 0x11C2, 0x11E2, 0x11C2, 0x11C2, 0x11C2, 
    0x11C2, 0x11A2, 0x11A2, 0x11A2, 0x11C2, 0x11C2, 0x1181, 0x11A2, 0x11C2, 0x11A2, 0x1161, 0x1141, 
    0x1161, 0x1182, 0x11A2, 0x0141, 0x0101, 0x00E1, 0x0101, 0x0141, 0x0121, 0x0121, 0x0101, 0x0101, 
    0x0101, 0x00E0, 0x00E0, 0x00C0, 0x00C0, 0x0000, 0x6222, 0xD484, 0x41A1, 0x4160, 0x51C1, 0x0080, 
    0x0101, 0x0101, 0x0141, 0x0121, 0x0121, 0x0181, 0x01A1, 0x0181, 0x0141, 0x0161, 0x01A2, 0x0162, 
    0x0182, 0x01A2, 0x01A2, 0x0181, 0x0141, 0x0161, 0x0161, 0x0162, 0x0162, 0x01A2, 0x01A2, 0x0181, 
    0x0161, 0x0121, 0x0121, 0x0080, 0x4A03, 0xEE4E, 0x7B46, 0xB4AA, 0x7B68, 0x2122, 0xEE4E, 0x8BC8, 
    0x8BA7, 0x7326, 0x93C7, 0x8BA7, 0xDD8B, 0x8BA7, 0xA448, 0x0000, 0x0060, 0x0101, 0x0121, 0x0121, 
    0x0101, 0x0101, 0x0101, 0x0121, 0x0101, 0x00E1, 0x00E1, 0x0101, 0x0101, 0x0121, 0x0121, 0x0101, 
    0x0101, 0x00E1, 0x0101, 0x00E1, 0x00C1, 0x00E1, 0x00E1, 0x00C1, 0x00A0, 0x0080, 0x0080, 0x0060, 
    0x0080, 0x0000, 0x6A62, 0x1080, 0x8B02, 0x82A1, 0x0000, 0x0040, 0x0080, 0x0000, 0x7283, 0xB3A2, 
    0x0860, 0x7A81, 0x1060, 0x0040, 0x0060, 0x0080, 0x0080, 0x0080, 0x0080, 0x00A0, 0x00A0, 0x00A0, 
    0x00A0, 0x00A0, 0x00A0, 0x0060, 0x10E1, 0x4A03, 0x72E4, 0x2982, 0x0080, 0x00C0, 0x00A0, 0x0040, 
    0x82C3, 0xBC03, 0x3962, 0x0000, 0x2102, 0xC466, 0xBC04, 0x1060, 0x3121, 0xDCA5, 0xA3C5, 0x0000, 
    0x20E0, 0x2121, 0x0080, 0x0840, 0xBC45, 0xA3A4, 0x9344, 0xBC04, 0xDCE6, 0x3983, 0x0020, 0x08A0, 
    0xABA3, 0xDCC5, 0x3142, 0x0040, 0x2161, 0x2141, 0x2101, 0xD4A5, 0xBC46, 0x0000, 0x10C0, 0x2121, 
    0x0860, 0x18A0, 0xCC65, 0xB404, 0x2921, 0xDCC6, 0xC486, 0x08E1, 0x0141, 0x0161, 0x0161, 0x0161, 
    0x0141, 0x0101, 0x52C4, 0x6B86, 0x6B86, 0x6B86, 0x6345, 0x6305, 0x6304, 0x6B45, 0x6B85, 0x6365, 
    0x6B65, 0x6B86, 0x6B66, 0x6304, 0x6344, 0x6BA6, 0x6BA6, 0x6BA7, 0x6386, 0x6366, 0x6366, 0x6366, 
    0x6386, 0x63A7, 0x6BC7, 0x6BC7, 0x63A7, 0x63A7, 0x6386, 0x6B86, 0x6366, 0x6345, 0x6B85, 0x6BA6, 
    0x6BC6, 0x6BE6, 0x6BC6, 0x6BA6, 0x6BA7, 0x6BA7, 0x6B86, 0x6B86, 0x6BA6, 0x6BE7, 0x6BC7, 0x6BA6, 
    0x6BA6, 0x6BA6, 0x6BA6, 0x6BC6, 0x6365, 0x6324, 0x6344, 0x6B65, 0x6B86, 0x6B85, 0x6B85, 0x6BC6, 
    0x6BC6, 0x6BA6, 0x6B85, 0x6B65, 0x6B66, 0x6B65, 0x6325, 0x6304, 0x6B45, 0x6B66, 0x6325, 0x6325, 
    0x6B65, 0x11C2, 0x0181, 0x01A1, 0x0181, 0x0181, 0x11A2, 0xB4C9, 0xC529, 0x1941, 0xC54A, 0x2A02, 
    0x19C2, 0x4263, 0x3A42, 0xB4E8, 0xBD29, 0x8BC6, 0x9468, 0x21E2, 0x6B05, 0x0121, 0x0161, 0x0161, 
    0x0161, 0x0181, 0x0181, 0x0181, 0x0181, 0x0181, 0x0181, 0x0181, 0x0181, 0x01A1, 0x01A1, 0x01A1, 
    0x0181, 0x0181, 0x1A02, 0x6B65, 0x6344, 0x6345, 0x6B65, 0x6B65, 0x6345, 0x6345, 0x6B86, 0x6B86, 
    0x6345, 0x6324, 0x6B24, 0x6B66, 0x6B66, 0x6325, 0x6325, 0x6324, 0x6325, 0x6325, 0x6305, 0x6325, 
    0x6B66, 0x6B86, 0x6B44, 0x6B24, 0x6B45, 0x6B25, 0x62C4, 0x62C4, 0x62E4, 0x6305, 0x6B45, 0x7365, 
    0x62E4, 0x4A63, 0x1982, 0x00E0, 0x0101, 0x0121, 0x0101, 0x0101, 0x00E0, 0x00E0, 0x00C0, 0x00C0, 
    0x00C0, 0x0000, 0x6222, 0xD484, 0x4181, 0x4981, 0x51C1, 0x0060, 0x0101, 0x0101, 0x0141, 0x0141, 
    0x0121, 0x0141, 0x0181, 0x0181, 0x0161, 0x0161, 0x01A2, 0x0161, 0x0162, 0x0181, 0x0181, 0x0181, 
    0x0161, 0x0161, 0x0161, 0x0161, 0x0182, 0x01C2, 0x0181, 0x01A2, 0x0161, 0x0121, 0x0101, 0x0060, 
    0x1081, 0xFEAE, 0x2922, 0x8BE9, 0xD5CD, 0x0000, 0xF64E, 0x5225, 0x20E1, 0x3182, 0x2942, 0x2942, 
    0xF66E, 0x2142, 0x41A3, 0x3962, 0x4A24, 0x00A0, 0x0101, 0x0121, 0x0141, 0x0141, 0x0101, 0x0101, 
    0x0141, 0x0101, 0x00E1, 0x00E1, 0x00E1, 0x0101, 0x0101, 0x0101, 0x0121, 0x0121, 0x0101, 0x00C1, 
    0x00C1, 0x00E1, 0x00E1, 0x00C1, 0x00A0, 0x00A0, 0x0080, 0x0080, 0x0080, 0x0000, 0x6A62, 0x1080, 
    0x8B22, 0x82C1, 0x0000, 0x0040, 0x0080, 0x0000, 0x7262, 0xB3C3, 0x0840, 0x7A81, 0x1060, 0x0040, 
    0x0060, 0x0080, 0x0080, 0x0080, 0x00A0, 0x00A0, 0x00A0, 0x00A0, 0x00A0, 0x0060, 0x08C0, 0x5A63, 
    0x72E4, 0x41E2, 0x1101, 0x00C0, 0x00C0, 0x00C0, 0x00A0, 0x0020, 0x7A82, 0xA321, 0x3962, 0x1061, 
    0x8B66, 0xDCA4, 0x7282, 0x0000, 0x2901, 0xC424, 0x9364, 0x0040, 0x08A1, 0xBC86, 0x0840, 0x49E2, 
    0x82E3, 0x0000, 0x0000, 0x5A22, 0xDCA4, 0x7AE4, 0x0000, 0x0020, 0x9B63, 0xD4A5, 0x31C2, 0x0060, 
    0xA405, 0x6222, 0x0861, 0xC444, 0xABE5, 0x08E1, 0x00A0, 0xABE4, 0x3141, 0x0840, 0xCC64, 0xBC45, 
    0x0020, 0x7AC2, 0xFD66, 0x7345, 0x00E1, 0x0181, 0x0161, 0x0161, 0x0141, 0x0141, 0x0121, 0x0161, 
    0x0181, 0x0181, 0x0141, 0x0121, 0x0121, 0x0141, 0x0161, 0x0141, 0x0141, 0x0141, 0x0141, 0x0181, 
    0x0181, 0x01A1, 0x0181, 0x0181, 0x0181, 0x0161, 0x01A1, 0x0181, 0x01A1, 0x01C1, 0x01A1, 0x01A1, 
    0x0181, 0x0181, 0x0181, 0x0181, 0x0181, 0x01C1, 0x0181, 0x0181, 0x01C2, 0x01E2, 0x01C1, 0x01A1, 
    0x01A1, 0x0181, 0x0181, 0x0181, 0x0181, 0x0161, 0x0161, 0x0161, 0x0161, 0x0181, 0x0181, 0x0181, 
    0x0140, 0x0120, 0x0141, 0x0181, 0x0181, 0x0181, 0x01A1, 0x01A1, 0x01A1, 0x01A1, 0x0181, 0x0161, 
    0x0181, 0x0181, 0x0161, 0x0141, 0x0161, 0x0161, 0x0141, 0x0121, 0x0121, 0x0181, 0x01A1, 0x01A1, 
    0x01C1, 0x0161, 0x5B25, 0x2182, 0xB466, 0x4A42, 0xBCC8, 0x52C4, 0x3223, 0x3203, 0x52C3, 0x62E3, 
    0xA425, 0x6B04, 0xB4A7, 0x1982, 0x4AA3, 0x0161, 0x0181, 0x0181, 0x0181, 0x0181, 0x0181, 0x0181, 
    0x0181, 0x0181, 0x0181, 0x0181, 0x0181, 0x01A1, 0x01A1, 0x01A1, 0x0181, 0x01A1, 0x01A1, 0x0181, 
    0x0161, 0x0161, 0x0161, 0x0161, 0x0161, 0x0181, 0x01A1, 0x0161, 0x0140, 0x0141, 0x0141, 0x0121, 
    0x0100, 0x0121, 0x0121, 0x0100, 0x0120, 0x0141, 0x0120, 0x0120, 0x0120, 0x0161, 0x0161, 0x0141, 
    0x0100, 0x00E0, 0x00C0, 0x0100, 0x0100, 0x0100, 0x0141, 0x0961, 0x1982, 0x4223, 0x7B45, 0x6B24, 
    0x1161, 0x00E0, 0x0121, 0x0101, 0x0101, 0x00E0, 0x00E0, 0x00C0, 0x00A0, 0x0000, 0x6222, 0xDCA4, 
    0x4161, 0x49C1, 0x51E2, 0x0040, 0x0101, 0x0121, 0x0141, 0x0141, 0x0141, 0x0141, 0x0161, 0x0161, 
    0x0141, 0x0161, 0x0181, 0x0181, 0x0161, 0x0141, 0x0141, 0x0161, 0x0141, 0x0141, 0x0141, 0x0161, 
    0x0182, 0x0182, 0x0141, 0x0182, 0x0181, 0x0141, 0x00E1, 0x0060, 0x18C1, 0xEE0C, 0x9C07, 0xDDCC, 
    0x6B06, 0x0040, 0xE5AA, 0xAC47, 0xB4A8, 0x0840, 0x0000, 0x2982, 0xF64D, 0x29A3, 0x0000, 0x8365, 
    0xA3E6, 0x0020, 0x0121, 0x0121, 0x0141, 0x0141, 0x0141, 0x0101, 0x0121, 0x0121, 0x0101, 0x00E1, 
    0x00E1, 0x00E1, 0x00C1, 0x00C1, 0x0101, 0x0121, 0x0101, 0x00C1, 0x00C1, 0x00E1, 0x00E1, 0x00A1, 
    0x00A0, 0x00A0, 0x00A0, 0x0080, 0x0080, 0x0020, 0x6A42, 0x1060, 0x9342, 0x8AC1, 0x0000, 0x0060, 
    0x0080, 0x0000, 0x72A3, 0xBC25, 0x0860, 0x7AA2, 0x1060, 0x0040, 0x0080, 0x0080, 0x0080, 0x0080, 
    0x00A0, 0x00A0, 0x00C0, 0x00C0, 0x0060, 0x2962, 0x6AE4, 0x39C2, 0x0080, 0x0080, 0x00A0, 0x00C0, 
    0x00C0, 0x00C0, 0x0080, 0x31A2, 0xA383, 0x92A0, 0x8AE2, 0x8B03, 0x9302, 0x59C0, 0x0880, 0x0880, 
    0x82E3, 0xB3A2, 0xA363, 0x8B43, 0xA3C3, 0xABA2, 0x3141, 0xB403, 0x9B63, 0x10C1, 0x0060, 0x72C2, 
    0xAB61, 0xAB82, 0x3961, 0x41C2, 0xB3E3, 0xBBE3, 0xAC25, 0xA404, 0xD4A4, 0x41C1, 0x6AA3, 0xBBE2, 
    0xABC3, 0x9384, 0x9383, 0xC443, 0x2901, 0x6A83, 0xC423, 0xCC44, 0x5263, 0x1940, 0xC403, 0xD4A6, 
    0x5284, 0x0121, 0x0141, 0x0141, 0x0161, 0x0161, 0x0181, 0x0181, 0x0181, 0x0181, 0x0161, 0x0141, 
    0x0161, 0x0161, 0x0161, 0x0181, 0x0181, 0x0181, 0x01A1, 0x01C2, 0x01A2, 0x01A1, 0x01A1, 0x01C2, 
    0x01C2, 0x01C2, 0x01E2, 0x01C2, 0x01E2, 0x01E2, 0x01E2, 0x01C2, 0x01C2, 0x01C2, 0x01C2, 0x01C2, 
    0x01C2, 0x01E2, 0x01E2, 0x01E2, 0x01E2, 0x01E2, 0x01E2, 0x01E2, 0x01C1, 0x01C2, 0x01C2, 0x01C2, 
    0x01C2, 0x01A1, 0x01A1, 0x01A1, 0x01A1, 0x01A1, 0x01A1, 0x01A1, 0x01A1, 0x01A1, 0x01C1, 0x01C2, 
    0x01C2, 0x01C2, 0x01C2, 0x01C2, 0x01C2, 0x01C1, 0x01C1, 0x01C1, 0x01C2, 0x01C2, 0x01C2, 0x01A1, 
    0x01C2, 0x01A1, 0x0181, 0x0161, 0x0181, 0x01A2, 0x01A1, 0x01A1, 0x01C1, 0x0181, 0x4283, 0x7B44, 
    0x5AA3, 0x0121, 0x3202, 0x7B24, 0x4263, 0x0961, 0x6323, 0x2A02, 0x1181, 0x52A2, 0x6B03, 0x4AA3, 
    0x83C4, 0x0161, 0x0181, 0x0181, 0x0181, 0x01A1, 0x0181, 0x01A1, 0x0181, 0x0181, 0x0181, 0x0181, 
    0x0181, 0x0181, 0x01A1, 0x01A1, 0x0181, 0x0181, 0x01A1, 0x01A1, 0x0181, 0x0181, 0x01A1, 0x0181, 
    0x01A1, 0x01A2, 0x01C2, 0x01A1, 0x0181, 0x0181, 0x01A1, 0x0161, 0x0161, 0x0161, 0x0161, 0x0161, 
    0x0161, 0x0161, 0x0161, 0x0161, 0x0161, 0x0161, 0x0161, 0x0181, 0x0161, 0x0141, 0x0121, 0x0141, 
    0x0141, 0x0141, 0x0141, 0x0121, 0x0101, 0x00E0, 0x00E0, 0x39E2, 0x7B65, 0x39E3, 0x00A0, 0x0101, 
    0x0101, 0x00E0, 0x00E0, 0x00C0, 0x00A0, 0x0000, 0x6222, 0xDCA4, 0x4161, 0x49C1, 0x51C1, 0x0020, 
    0x0101, 0x0121, 0x0141, 0x0161, 0x0141, 0x0141, 0x0141, 0x0161, 0x0161, 0x0161, 0x0161, 0x0161, 
    0x0141, 0x0141, 0x0141, 0x0141, 0x0141, 0x0141, 0x0141, 0x0161, 0x0182, 0x0181, 0x0181, 0x0161, 
    0x0141, 0x0141, 0x0121, 0x00A1, 0x10E1, 0xF60B, 0x3162, 0x5224, 0xFEAE, 0x18E1, 0xDD69, 0x5224, 
    0x18C1, 0x2101, 0x0000, 0x2101, 0xEDEB, 0x1942, 0x00C0, 0x00A0, 0x0060, 0x00C0, 0x0101, 0x0101, 
    0x0121, 0x0141, 0x0121, 0x0101, 0x0101, 0x0101, 0x0101, 0x00E1, 0x00E1, 0x00E1, 0x0121, 0x00E1, 
    0x0101, 0x0101, 0x00E1, 0x00C1, 0x00E1, 0x00E1, 0x00C1, 0x00A1, 0x00A1, 0x00C0, 0x00A0, 0x0080, 
    0x0080, 0x0020, 0x6A62, 0x1060, 0x9322, 0x8AE1, 0x0000, 0x0060, 0x00A0, 0x0000, 0x7AC4, 0xCC86, 
    0x1060, 0x8304, 0x1080, 0x0060, 0x0080, 0x00A0, 0x00A0, 0x00A0, 0x00A0, 0x00A0, 0x00C0, 0x0060, 
    0x4203, 0x6B05, 0x08E1, 0x00A0, 0x00E0, 0x00E0, 0x00C0, 0x00C0, 0x00C0, 0x00C0, 0x00C0, 0x10E0, 
    0x18C0, 0x1080, 0x1060, 0x1040, 0x0020, 0x0020, 0x0080, 0x00A0, 0x2120, 0x1900, 0x18E0, 0x20E0, 
    0x20E0, 0x10A0, 0x10C0, 0x20E0, 0x2120, 0x08C0, 0x00A0, 0x20E0, 0x1080, 0x18A0, 0x10C0, 0x1900, 
    0x2140, 0x1960, 0x2980, 0x2981, 0x2160, 0x0900, 0x2120, 0x1920, 0x1940, 0x2140, 0x2100, 0x18E0, 
    0x08C0, 0x2120, 0x1920, 0x1940, 0x21A1, 0x0141, 0x1161, 0x2181, 0x21A2, 0x0121, 0x0141, 0x0141, 
    0x0141, 0x0161, 0x0161, 0x0181, 0x0181, 0x0181, 0x0181, 0x0181, 0x0161, 0x0161, 0x0161, 0x0181, 
    0x0181, 0x0181, 0x01A1, 0x01C2, 0x01C1, 0x01A1, 0x01A1, 0x01C2, 0x01C2, 0x01E2, 0x01C2, 0x01C2, 
    0x01E2, 0x01E2, 0x01C2, 0x01C2, 0x01C2, 0x01E2, 0x01C2, 0x01E2, 0x01E2, 0x01E2, 0x0202, 0x01E2, 
    0x01C2, 0x01E2, 0x01E2, 0x01E2, 0x01E1, 0x01C1, 0x01C2, 0x01C1, 0x01A1, 0x01A1, 0x01A1, 0x0181, 
    0x01A1, 0x01A1, 0x01A1, 0x01A1, 0x01C2, 0x01A1, 0x01C1, 0x01C2, 0x01C2, 0x01C2, 0x01C2, 0x01E2, 
    0x01E2, 0x01C2, 0x01C2, 0x01C2, 0x01C1, 0x01C2, 0x01C1, 0x01C2, 0x01C2, 0x01A1, 0x0181, 0x0181, 
    0x0181, 0x0181, 0x01A1, 0x01A2, 0x01A1, 0x01C2, 0x0181, 0x0161, 0x0161, 0x01A1, 0x0161, 0x0121, 
    0x0141, 0x0181, 0x0161, 0x0181, 0x0181, 0x0161, 0x0141, 0x0181, 0x0141, 0x0181, 0x0181, 0x0181, 
    0x01A1, 0x01A1, 0x01A1, 0x01A2, 0x01C2, 0x01A1, 0x0181, 0x0181, 0x0181, 0x0181, 0x0181, 0x0181, 
    0x0181, 0x0181, 0x01A1, 0x01A1, 0x01A1, 0x01A1, 0x01A1, 0x0181, 0x01A1, 0x01A2, 0x01A2, 0x01A1, 
    0x01A1, 0x0181, 0x0181, 0x0181, 0x0181, 0x0181, 0x0161, 0x0161, 0x0161, 0x0161, 0x0161, 0x0161, 
    0x0161, 0x0161, 0x0161, 0x0161, 0x0141, 0x0141, 0x0161, 0x0141, 0x0141, 0x0141, 0x0121, 0x0121, 
    0x0121, 0x0121, 0x0121, 0x00C0, 0x08E1, 0x6B05, 0x4A43, 0x0080, 0x0101, 0x00E0, 0x00E0, 0x00C0, 
    0x00A0, 0x0000, 0x5A02, 0xD4A4, 0x4181, 0x49C1, 0x51C1, 0x0020, 0x00E1, 0x0101, 0x0161, 0x0161, 
    0x0161, 0x0141, 0x0161, 0x0181, 0x0181, 0x0181, 0x0181, 0x0141, 0x0141, 0x0141, 0x0141, 0x0141, 
    0x0141, 0x0141, 0x0141, 0x0141, 0x0161, 0x0161, 0x0181, 0x0161, 0x0121, 0x0121, 0x0141, 0x00E1, 
    0x39C2, 0xFE09, 0x6AA4, 0x9366, 0xB467, 0x20E1, 0xF5E9, 0x8345, 0x5203, 0x93C6, 0x0000, 0x5223, 
    0xFE2A, 0x4203, 0x0020, 0x8BE7, 0xBCE9, 0x0080, 0x0101, 0x0121, 0x0121, 0x0121, 0x0121, 0x0101, 
    0x0101, 0x0101, 0x00E1, 0x00E1, 0x00E1, 0x0101, 0x0121, 0x0101, 0x00E1, 0x00E1, 0x00E1, 0x00E1, 
    0x00E1, 0x00E1, 0x00C1, 0x00C1, 0x00E1, 0x00C1, 0x00A0, 0x0080, 0x0080, 0x0020, 0x6A83, 0x1060, 
    0x9343, 0x9302, 0x0000, 0x0060, 0x00A0, 0x0000, 0x7AE4, 0xCCC7, 0x0860, 0x8346, 0x1080, 0x0060, 
    0x0080, 0x0080, 0x00A0, 0x00A0, 0x00A0, 0x00C0, 0x0060, 0x39C3, 0x62C5, 0x0080, 0x00E0, 0x0101, 
    0x00E0, 0x00C0, 0x00C0, 0x00C0, 0x00C0, 0x00C0, 0x00C0, 0x00A0, 0x0080, 0x0080, 0x0080, 0x0060, 
    0x0080, 0x00A0, 0x00A0, 0x00A0, 0x00A0, 0x00C0, 0x00A0, 0x0080, 0x0060, 0x0060, 0x0080, 0x00A0, 
    0x00A0, 0x00C0, 0x00C0, 0x00A0, 0x00A0, 0x00C0, 0x00E0, 0x00E0, 0x0101, 0x0141, 0x0121, 0x0121, 
    0x0121, 0x0101, 0x00E1, 0x0101, 0x0121, 0x0101, 0x0101, 0x00E1, 0x0101, 0x0100, 0x0100, 0x0101, 
    0x0141, 0x0181, 0x0161, 0x0161, 0x0161, 0x0181, 0x0161, 0x0141, 0x0141, 0x0161, 0x0161, 0x0181, 
    0x0181, 0x0181, 0x01A1, 0x01A1, 0x0181, 0x0181, 0x0161, 0x0181, 0x0181, 0x01A1, 0x01C2, 0x01C2, 
    0x01C2, 0x01C2, 0x01C2, 0x01E2, 0x01C2, 0x01E2, 0x01C2, 0x01C1, 0x01E2, 0x01E2, 0x01C2, 0x01C2, 
    0x01C1, 0x01C2, 0x01E2, 0x0202, 0x0202, 0x01E2, 0x01E2, 0x01C2, 0x01C2, 0x01E2, 0x01E2, 0x01E2, 
    0x01E2, 0x01C1, 0x01E1, 0x01E2, 0x01C1, 0x01A1, 0x01A1, 0x01A1, 0x01A1, 0x01C1, 0x0181, 0x01A1, 
    0x01C1, 0x01C1, 0x01C1, 0x01C2, 0x01C2, 0x01C2, 0x01C2, 0x01E2, 0x01E2, 0x01E2, 0x01C2, 0x01C1, 
    0x01A1, 0x01A1, 0x01A1, 0x01C1, 0x01C1, 0x01A1, 0x01A1, 0x01A1, 0x0181, 0x01A1, 0x01A1, 0x0181, 
    0x0181, 0x01A1, 0x01A1, 0x01C1, 0x01C2, 0x01A1, 0x01A2, 0x01A1, 0x01A1, 0x0181, 0x0181, 0x0181, 
    0x0181, 0x01A1, 0x01C2, 0x01C2, 0x01C2, 0x01A1, 0x01A1, 0x01A1, 0x01C1, 0x01C1, 0x01A1, 0x01A1, 
    0x01A1, 0x01A1, 0x0181, 0x0181, 0x0181, 0x0181, 0x0181, 0x0181, 0x0181, 0x01A1, 0x01A1, 0x0181, 
    0x01A1, 0x01C2, 0x01A2, 0x01A1, 0x01A1, 0x01A1, 0x01A2, 0x01A1, 0x01A1, 0x01A1, 0x0181, 0x0181, 
    0x0181, 0x0181, 0x0181, 0x0181, 0x0181, 0x0161, 0x0161, 0x0181, 0x0161, 0x0161, 0x0161, 0x0161, 
    0x0161, 0x0141, 0x0161, 0x0161, 0x0161, 0x0141, 0x0141, 0x0121, 0x0121, 0x0121, 0x0121, 0x0121, 
    0x0101, 0x0080, 0x6AE4, 0x4A43, 0x0080, 0x00E1, 0x00E0, 0x00C0, 0x00A0, 0x0000, 0x6222, 0xDCC4, 
    0x4181, 0x49C1, 0x51E1, 0x0040, 0x00E1, 0x0101, 0x0141, 0x0161, 0x0161, 0x0141, 0x0141, 0x0161, 
    0x0181, 0x0161, 0x0161, 0x0141, 0x0161, 0x0141, 0x0141, 0x0161, 0x0141, 0x0121, 0x0121, 0x0141, 
    0x0161, 0x0141, 0x0141, 0x0141, 0x0141, 0x0141, 0x0141, 0x0101, 0x29A2, 0x5242, 0x5243, 0x41C2, 
    0x0040, 0x2121, 0x5222, 0x4A02, 0x5A43, 0x3161, 0x0080, 0x3A02, 0x4A22, 0x3182, 0x0040, 0x3162, 
    0x41A2, 0x0080, 0x00E1, 0x0101, 0x0121, 0x0121, 0x0121, 0x0101, 0x0101, 0x0101, 0x00E1, 0x00E1, 
    0x00E1, 0x0101, 0x0101, 0x00E1, 0x0101, 0x0101, 0x0101, 0x0101, 0x00C1, 0x00C1, 0x00A1, 0x00E1, 
    0x00E1, 0x00C1, 0x0080, 0x0080, 0x0080, 0x0020, 0x72A3, 0x1080, 0x9B84, 0x9B43, 0x0000, 0x0060, 
    0x0080, 0x0000, 0x7AE5, 0xD4E7, 0x0860, 0x8B66, 0x1080, 0x0060, 0x0080, 0x0080, 0x00A0, 0x00C0, 
    0x00C0, 0x0080, 0x2121, 0x6AC4, 0x0080, 0x00C0, 0x00E0, 0x00E0, 0x00E0, 0x00C0, 0x00C0, 0x00C0, 
    0x00C0, 0x00C0, 0x00C0, 0x00C0, 0x00C0, 0x00C0, 0x00E1, 0x00C0, 0x00C0, 0x00C0, 0x00C0, 0x00E0, 
    0x00E0, 0x0100, 0x0101, 0x00E0, 0x00E0, 0x00E0, 0x00E1, 0x0121, 0x0101, 0x0101, 0x0101, 0x0101, 
    0x0121, 0x0121, 0x0121, 0x0141, 0x0161, 0x0161, 0x0161, 0x0141, 0x0141, 0x0141, 0x0141, 0x0141, 
    0x0161, 0x0161, 0x0161, 0x0141, 0x0141, 0x0161, 0x0161, 0x0181, 0x0181, 0x01A2, 0x01A1, 0x01A1, 
    0x01A2, 0x01A2, 0x0181, 0x0181, 0x0161, 0x0161, 0x0181, 0x0181, 0x0181, 0x0181, 0x0181, 0x01A1, 
    0x0181, 0x0181, 0x0181, 0x0181, 0x01A2, 0x01E2, 0x01E2, 0x01E2, 0x01C2, 0x01A2, 0x01C2, 0x01C2, 
    0x01C2, 0x01C2, 0x01C2, 0x01C2, 0x01E2, 0x01E2, 0x01E2, 0x01E2, 0x01C1, 0x01E2, 0x01E2, 0x0202, 
    0x0202, 0x01E2, 0x01C2, 0x01C2, 0x01C2, 0x01E2, 0x01E2, 0x01E2, 0x01E2, 0x01E2, 0x01E2, 0x01E2, 
    0x01E2, 0x01C2, 0x01C1, 0x01C2, 0x01E2, 0x01C1, 0x0181, 0x0181, 0x01C1, 0x01E2, 0x01E2, 0x01E2, 
    0x01E2, 0x01E2, 0x0202, 0x0202, 0x01E2, 0x01E2, 0x01C2, 0x01C2, 0x01C1, 0x01A1, 0x01C1, 0x01C2, 
    0x01C2, 0x01C2, 0x01C2, 0x01C2, 0x01A1, 0x01A1, 0x01A1, 0x0181, 0x01A1, 0x01A2, 0x01A1, 0x01A1, 
    0x01A1, 0x01A1, 0x01A2, 0x01A1, 0x0181, 0x01A1, 0x0181, 0x0181, 0x0181, 0x0181, 0x01A1, 0x01C1, 
    0x01C2, 0x01C2, 0x01C2, 0x01A1, 0x01C1, 0x01A1, 0x01A1, 0x01A1, 0x01A1, 0x01A1, 0x0181, 0x0181, 
    0x0181, 0x0181, 0x0181, 0x0181, 0x0181, 0x0181, 0x01A1, 0x01A1, 0x01A2, 0x01C2, 0x01C2, 0x01C2, 
    0x01C2, 0x01A1, 0x01A1, 0x01A2, 0x01A1, 0x01A1, 0x0181, 0x0181, 0x0181, 0x0181, 0x01A1, 0x01A1, 
    0x0181, 0x0181, 0x0181, 0x0161, 0x0161, 0x0161, 0x0161, 0x0161, 0x0161, 0x0161, 0x0161, 0x0161, 
    0x0141, 0x0141, 0x0141, 0x0121, 0x0121, 0x0121, 0x0101, 0x0101, 0x0101, 0x0101, 0x0080, 0x7324, 
    0x29A2, 0x00A0, 0x00E0, 0x00C0, 0x00A0, 0x0000, 0x6242, 0xDCA4, 0x4181, 0x49C1, 0x51E1, 0x0040, 
    0x0101, 0x0141, 0x0161, 0x0181, 0x0161, 0x0161, 0x0141, 0x0141, 0x0161, 0x0141, 0x0141, 0x0141, 
    0x0141, 0x0161, 0x0161, 0x0161, 0x0121, 0x0121, 0x0121, 0x0161, 0x0161, 0x0141, 0x0141, 0x0141, 
    0x0161, 0x0161, 0x0141, 0x0101, 0x00E0, 0x00E0, 0x00E0, 0x00A0, 0x00E1, 0x00A0, 0x0060, 0x0080, 
    0x0060, 0x0080, 0x00E1, 0x00E0, 0x00C0, 0x00A0, 0x00C1, 0x0060, 0x0040, 0x00C1, 0x00E1, 0x0101, 
    0x0141, 0x0141, 0x0141, 0x0121, 0x0121, 0x0101, 0x00E1, 0x00E1, 0x0101, 0x0121, 0x0101, 0x00E1, 
    0x0101, 0x0101, 0x0101, 0x0101, 0x00C1, 0x00C1, 0x00E1, 0x0101, 0x0101, 0x00C1, 0x00A0, 0x0080, 
    0x0080, 0x0000, 0x6AA4, 0x1080, 0xB446, 0xA3C4, 0x0000, 0x0080, 0x00A0, 0x0000, 0x7AE4, 0xD4C7, 
    0x0860, 0x8366, 0x1080, 0x0040, 0x0080, 0x0080, 0x00A0, 0x00A0, 0x00C0, 0x0080, 0x7325, 0x1101, 
    0x00A0, 0x00E0, 0x00E0, 0x00E0, 0x00E0, 0x00E0, 0x00E0, 0x00E0, 0x00E0, 0x00E0, 0x00E0, 0x00E0, 
    0x00E0, 0x00E1, 0x00E1, 0x00E1, 0x00E0, 0x00E0, 0x00E0, 0x0101, 0x0101, 0x0101, 0x0121, 0x0121, 
    0x0121, 0x0121, 0x0121, 0x0141, 0x0141, 0x0141, 0x0141, 0x0141, 0x0141, 0x0141, 0x0161, 0x0161, 
    0x0161, 0x0161, 0x0161, 0x0141, 0x0141, 0x0141, 0x0141, 0x0141, 0x0141, 0x0161, 0x0141, 0x0161, 
    0x0161, 0x0161, 0x0161, 0x0181, 0x01A1, 0x01A1, 0x01A1, 0x01A1, 0x01A1, 0x01A2, 0x01A2, 0x0181, 
    0x0181, 0x0181, 0x0181, 0x01A1, 0x0181, 0x0181, 0x0181, 0x01A1, 0x01A1, 0x0181, 0x01A1, 0x01A1, 
    0x01C2, 0x01E2, 0x0202, 0x0202, 0x01E2, 0x01C2, 0x01E2, 0x01E2, 0x01E2, 0x01E2, 0x01C2, 0x01E2, 
    0x0202, 0x0202, 0x0202, 0x0202, 0x01E2, 0x0202, 0x01E2, 0x0202, 0x0202, 0x01E2, 0x01C2, 0x01C2, 
    0x01C2, 0x01E2, 0x01E2, 0x01C2, 0x01E2, 0x01E2, 0x01E2, 0x01C1, 0x01E2, 0x01C2, 0x01E2, 0x01E2, 
    0x01E2, 0x01C2, 0x01A1, 0x01A1, 0x01E2, 0x0202, 0x0202, 0x01E2, 0x01E2, 0x01E2, 0x01E2, 0x01E2, 
    0x01E2, 0x01C2, 0x01C2, 0x01C2, 0x01E2, 0x01C2, 0x01E2, 0x01E2, 0x01E2, 0x01E2, 0x01E2, 0x01C2, 
    0x01C2, 0x01C1, 0x01C1, 0x01A1, 0x01C2, 0x01A1, 0x01A1, 0x01C1, 0x01C1, 0x01A1, 0x01A1, 0x0181, 
    0x0181, 0x01A1, 0x0181, 0x0181, 0x01A1, 0x01A1, 0x01A1, 0x01C1, 0x01C2, 0x01C2, 0x01C1, 0x01C2, 
    0x01C2, 0x01A1, 0x01A1, 0x01A1, 0x01A1, 0x01A1, 0x0181, 0x0181, 0x0181, 0x01A1, 0x01A1, 0x01A1, 
    0x0181, 0x01A2, 0x01A1, 0x01C2, 0x01E2, 0x01E2, 0x01C2, 0x01C2, 0x01A2, 0x01A1, 0x01A1, 0x01A2, 
    0x01A1, 0x01A1, 0x0181, 0x0181, 0x0181, 0x0181, 0x0181, 0x01A1, 0x01A1, 0x0181, 0x0161, 0x0161, 
    0x0161, 0x0161, 0x0161, 0x0161, 0x0161, 0x0161, 0x0161, 0x0161, 0x0141, 0x0121, 0x0141, 0x0121, 
    0x0121, 0x0121, 0x0101, 0x0101, 0x0101, 0x0101, 0x00E0, 0x1101, 0x7345, 0x00C1, 0x00E0, 0x00C0, 
    0x00C0, 0x0000, 0x6242, 0xD4A4, 0x4161, 0x4181, 0x49C1, 0x0060, 0x0101, 0x0121, 0x0141, 0x0161, 
    0x0161, 0x0181, 0x0161, 0x0141, 0x0121, 0x0101, 0x00E1, 0x00E1, 0x0101, 0x0121, 0x0121, 0x00E1, 
    0x00A1, 0x00A0, 0x00C0, 0x00E1, 0x00E1, 0x00C1, 0x00A0, 0x00C1, 0x0101, 0x00E1, 0x00E0, 0x00A0, 
    0x00A0, 0x00A0, 0x00C0, 0x00A0, 0x0080, 0x0080, 0x0080, 0x00A0, 0x00E1, 0x00C0, 0x00A0, 0x00C0, 
    0x00C0, 0x00A0, 0x0080, 0x0080, 0x0080, 0x00A0, 0x00C1, 0x00A0, 0x00C0, 0x00C1, 0x00E1, 0x00E0, 
    0x00C0, 0x00E1, 0x00A0, 0x00C1, 0x00E0, 0x00C0, 0x00C0, 0x0080, 0x00A0, 0x00A0, 0x00A0, 0x00A0, 
    0x00E1, 0x0121, 0x0101, 0x00E1, 0x00C1, 0x00C1, 0x00A0, 0x00A0, 0x00A0, 0x0020, 0x72C4, 0x1060, 
    0xB466, 0xA3C5, 0x0000, 0x0080, 0x00A0, 0x0000, 0x8304, 0xCCA6, 0x0860, 0x8366, 0x1880, 0x0040, 
    0x0060, 0x0080, 0x00A0, 0x00C0, 0x0040, 0x4A23, 0x5264, 0x0080, 0x0100, 0x00E0, 0x00E0, 0x00E0, 
    0x00E0, 0x00E0, 0x00E0, 0x00E0, 0x0101, 0x0101, 0x0101, 0x0101, 0x0101, 0x0101, 0x0101, 0x0100, 
    0x0101, 0x0101, 0x0101, 0x0101, 0x0121, 0x0121, 0x0141, 0x0141, 0x0141, 0x0141, 0x0141, 0x0161, 
    0x0141, 0x0161, 0x0161, 0x0161, 0x0161, 0x0161, 0x0161, 0x0181, 0x0161, 0x0161, 0x0161, 0x0161, 
    0x0161, 0x0141, 0x0161, 0x0141, 0x0161, 0x0161, 0x0141, 0x0141, 0x0161, 0x0161, 0x0161, 0x0181, 
    0x01A1, 0x01A1, 0x01C2, 0x01A1, 0x01C1, 0x01A2, 0x01A1, 0x01A1, 0x0181, 0x0181, 0x01A1, 0x01A2, 
    0x0181, 0x01A1, 0x01A1, 0x01C2, 0x01A1, 0x01A1, 0x01A1, 0x01C2, 0x01C2, 0x01E2, 0x01E2, 0x01E2, 
    0x01E2, 0x0202, 0x0222, 0x0202, 0x01E2, 0x01E2, 0x01C2, 0x01E2, 0x01E2, 0x01E2, 0x0202, 0x0202, 
    0x0202, 0x0202, 0x0202, 0x0202, 0x0202, 0x01E2, 0x01E2, 0x01E2, 0x01C2, 0x01E2, 0x01E2, 0x01E2, 
    0x01C2, 0x01C2, 0x01C2, 0x01C2, 0x01C2, 0x01C2, 0x01E2, 0x0202, 0x01E2, 0x01E2, 0x01C2, 0x01E2, 
    0x01E2, 0x0202, 0x0202, 0x01E2, 0x01E2, 0x01E2, 0x01E2, 0x01E2, 0x01E2, 0x01C2, 0x01E2, 0x01E2, 
    0x01E2, 0x01E2, 0x01E2, 0x01E2, 0x0202, 0x01E2, 0x01E2, 0x01E2, 0x01C2, 0x01C2, 0x01C2, 0x01C2, 
    0x01C2, 0x01C2, 0x01E2, 0x01E2, 0x01C2, 0x01A1, 0x0181, 0x0181, 0x01A1, 0x01A1, 0x01A2, 0x01A1, 
    0x01A1, 0x01C2, 0x01C2, 0x01C2, 0x01C2, 0x01C1, 0x01C2, 0x01E2, 0x01C2, 0x01C1, 0x01A1, 0x01A1, 
    0x01A1, 0x0181, 0x0181, 0x0181, 0x01A1, 0x01A1, 0x01A1, 0x01A1, 0x01A1, 0x01C2, 0x01C1, 0x01C2, 
    0x01E2, 0x01E2, 0x01C2, 0x01C2, 0x01A2, 0x01A1, 0x01A1, 0x01A1, 0x01A1, 0x01A2, 0x01A2, 0x0181, 
    0x0181, 0x0181, 0x0181, 0x0181, 0x0181, 0x0181, 0x0161, 0x0161, 0x0161, 0x0161, 0x0161, 0x0161, 
    0x0161, 0x0161, 0x0161, 0x0141, 0x0141, 0x0141, 0x0141, 0x0141, 0x0141, 0x0121, 0x0121, 0x0121, 
    0x0101, 0x0101, 0x0121, 0x00A0, 0x52A4, 0x4A63, 0x00A0, 0x00E1, 0x00C0, 0x0020, 0x6242, 0xD484, 
    0x4161, 0x41C2, 0x49E2, 0x0040, 0x00E1, 0x0121, 0x0141, 0x0141, 0x0161, 0x0161, 0x0141, 0x00E0, 
    0x0922, 0x4A64, 0x4A64, 0x4A43, 0x4A43, 0x5283, 0x5283, 0x5283, 0x5243, 0x5223, 0x4A44, 0x5264, 
    0x5264, 0x5264, 0x5264, 0x5264, 0x5284, 0x52A4, 0x5284, 0x4A64, 0x4A44, 0x4A44, 0x4A44, 0x4A44, 
    0x4A44, 0x4A44, 0x4A44, 0x5284, 0x52A4, 0x5284, 0x5284, 0x5284, 0x5284, 0x5264, 0x5244, 0x5244, 
    0x5244, 0x5264, 0x5264, 0x4A43, 0x4A43, 0x4A43, 0x4A64, 0x4A63, 0x4A43, 0x5264, 0x5264, 0x4A44, 
    0x4A23, 0x4A23, 0x4A23, 0x4A23, 0x4A43, 0x4A43, 0x4A23, 0x4A03, 0x1101, 0x00A0, 0x00E1, 0x00C1, 
    0x00A1, 0x00A0, 0x00A0, 0x00A0, 0x00A0, 0x0020, 0x7B05, 0x1080, 0xBC87, 0xA3C5, 0x0000, 0x0080, 
    0x00C0, 0x0000, 0x8305, 0xCC86, 0x0840, 0x8B46, 0x18A0, 0x0040, 0x0080, 0x0080, 0x00A0, 0x00A0, 
    0x08C0, 0x7346, 0x08E1, 0x00C0, 0x00E0, 0x00E0, 0x00E0, 0x0100, 0x00E0, 0x00E0, 0x00E0, 0x00E0, 
    0x0100, 0x0121, 0x0121, 0x0121, 0x0121, 0x0121, 0x0101, 0x0100, 0x0101, 0x0101, 0x0101, 0x0121, 
    0x0121, 0x0121, 0x0141, 0x0161, 0x0161, 0x0161, 0x0161, 0x0161, 0x0161, 0x0161, 0x0161, 0x0161, 
    0x0181, 0x0161, 0x0181, 0x0181, 0x0161, 0x0161, 0x0161, 0x0161, 0x0161, 0x0161, 0x0161, 0x0161, 
    0x0161, 0x0161, 0x0141, 0x0121, 0x0141, 0x0161, 0x0161, 0x0181, 0x01A1, 0x01A1, 0x01A1, 0x01A1, 
    0x01A1, 0x01A1, 0x01A1, 0x01A1, 0x01A1, 0x01A2, 0x01C2, 0x01C2, 0x01A1, 0x01A2, 0x01C2, 0x01C2, 
    0x01A2, 0x01C2, 0x01A2, 0x01E2, 0x01C2, 0x01E2, 0x01E2, 0x01C2, 0x01C2, 0x01E2, 0x0202, 0x0202, 
    0x01E2, 0x01E2, 0x01C2, 0x01C2, 0x01E2, 0x01E2, 0x0202, 0x0202, 0x0202, 0x0243, 0x0202, 0x01E2, 
    0x01E2, 0x01E2, 0x01E2, 0x01E2, 0x01E2, 0x01E2, 0x01E2, 0x01E2, 0x01A1, 0x01C2, 0x01C2, 0x01C2, 
    0x01C1, 0x01E2, 0x01E2, 0x01E2, 0x01E2, 0x01E2, 0x01C2, 0x01E2, 0x01E2, 0x01E2, 0x01E2, 0x01E2, 
    0x01E2, 0x01E2, 0x0202, 0x01E2, 0x01E2, 0x01E2, 0x01E2, 0x01E2, 0x01C2, 0x01C2, 0x01E2, 0x0202, 
    0x0202, 0x0202, 0x01E2, 0x01E2, 0x01E2, 0x01C2, 0x01C2, 0x01E2, 0x01E2, 0x01C2, 0x01E2, 0x01E2, 
    0x01E2, 0x01C1, 0x01A1, 0x01A1, 0x01A1, 0x01A2, 0x01A2, 0x01A1, 0x01A2, 0x01C2, 0x01C2, 0x01C2, 
    0x01E2, 0x01C2, 0x01C2, 0x01C2, 0x01C2, 0x01C2, 0x01C1, 0x01C2, 0x01A1, 0x0181, 0x0181, 0x01A1, 
    0x01A1, 0x01A1, 0x01A1, 0x01C2, 0x01C1, 0x01C2, 0x01C2, 0x01C2, 0x01C2, 0x01C2, 0x01C2, 0x01A2, 
    0x01A2, 0x01A1, 0x0181, 0x01A1, 0x01A1, 0x01A2, 0x01A2, 0x01A2, 0x0181, 0x0181, 0x0181, 0x0181, 
    0x0181, 0x0161, 0x0161, 0x0161, 0x0161, 0x0161, 0x0161, 0x0181, 0x0161, 0x0161, 0x0161, 0x0141, 
    0x0141, 0x0141, 0x0141, 0x0141, 0x0141, 0x0141, 0x0121, 0x0121, 0x0121, 0x0101, 0x0101, 0x0101, 
    0x1141, 0x6B05, 0x00C0, 0x00E1, 0x00C0, 0x0020, 0x5A02, 0xD464, 0x4161, 0x41C2, 0x5202, 0x0040, 
    0x0101, 0x0121, 0x0141, 0x0141, 0x0141, 0x0141, 0x00C1, 0x1962, 0xABE5, 0xA363, 0x9323, 0x9302, 
    0x8AC2, 0x92E2, 0x9322, 0x9B42, 0x9322, 0x9302, 0x9B63, 0xA3C4, 0xB425, 0xBC86, 0xBC87, 0xB445, 
    0xAC05, 0xB446, 0xBC66, 0xB466, 0xB466, 0xB466, 0xB446, 0xB446, 0xB425, 0xAC05, 0xAC05, 0xABE5, 
    0xAC25, 0xBC46, 0xBC87, 0xBC87, 0xB446, 0xB426, 0xAC05, 0xAC05, 0xABE5, 0xA3A4, 0x9343, 0xA363, 
    0xA3A3, 0xABE4, 0xB405, 0xABC4, 0xA383, 0xA383, 0x9B63, 0x9323, 0x9322, 0x9B63, 0x9B63, 0x9B63, 
    0x9B43, 0x9B22, 0x8AE2, 0x8282, 0x9B23, 0x2121, 0x00A0, 0x00E1, 0x00A1, 0x00C1, 0x00A0, 0x0080, 
    0x0080, 0x0020, 0x7B25, 0x1081, 0xC4C8, 0xAC06, 0x0000, 0x0060, 0x00C0, 0x0000, 0x8325, 0xC486, 
    0x0840, 0x8366, 0x18A1, 0x0040, 0x0080, 0x0080, 0x00A0, 0x0060, 0x39E3, 0x52A4, 0x0080, 0x0100, 
    0x00E0, 0x00E0, 0x00E0, 0x0101, 0x0100, 0x0101, 0x0101, 0x00E0, 0x0101, 0x0121, 0x0121, 0x0121, 
    0x0121, 0x0101, 0x0121, 0x0121, 0x0101, 0x0121, 0x0121, 0x0121, 0x0121, 0x0141, 0x0141, 0x0141, 
    0x0161, 0x0161, 0x0161, 0x0161, 0x0161, 0x0161, 0x0161, 0x0181, 0x0181, 0x0161, 0x0161, 0x0161, 
    0x0161, 0x0181, 0x0181, 0x0181, 0x0181, 0x0161, 0x0181, 0x0181, 0x0161, 0x0161, 0x0161, 0x0141, 
    0x0141, 0x0161, 0x0181, 0x0181, 0x01A1, 0x0181, 0x01A1, 0x01A1, 0x01A2, 0x01A1, 0x01A2, 0x01A1, 
    0x01A1, 0x01C2, 0x01C2, 0x01C2, 0x01C2, 0x01C2, 0x01C2, 0x01A2, 0x01A1, 0x01C2, 0x01C2, 0x01E2, 
    0x01E2, 0x01E2, 0x01E2, 0x01E2, 0x01E2, 0x01E2, 0x0202, 0x0202, 0x01E2, 0x01E2, 0x01E2, 0x01E2, 
    0x0202, 0x0202, 0x0202, 0x01E2, 0x0222, 0x0222, 0x0202, 0x0202, 0x01E2, 0x01E2, 0x01E2, 0x01E2, 
    0x01E2, 0x01C1, 0x01C2, 0x01C1, 0x01A1, 0x01C2, 0x01C2, 0x01C1, 0x01C1, 0x01E2, 0x01E2, 0x01E2, 
    0x01E2, 0x01E2, 0x01E2, 0x01C2, 0x01C2, 0x01E2, 0x01E2, 0x01E2, 0x0202, 0x0202, 0x0202, 0x0202, 
    0x01E2, 0x01C2, 0x01C2, 0x01E2, 0x01E2, 0x01E2, 0x01E2, 0x0202, 0x0202, 0x0202, 0x0202, 0x0202, 
    0x01E2, 0x01E2, 0x01C2, 0x01E2, 0x01C2, 0x01C2, 0x01C2, 0x01C2, 0x01C2, 0x01C2, 0x01C2, 0x01C2, 
    0x01C2, 0x01C2, 0x01C2, 0x01C2, 0x01A1, 0x01A2, 0x01C2, 0x01C2, 0x01C2, 0x01C2, 0x01C2, 0x01C2, 
    0x01A1, 0x01A1, 0x01C2, 0x01A1, 0x01A1, 0x01A1, 0x01A1, 0x01A2, 0x01A1, 0x01A1, 0x01C2, 0x01A1, 
    0x01C2, 0x01C2, 0x01C2, 0x01C2, 0x01C2, 0x01C2, 0x01C2, 0x01A1, 0x01A1, 0x01A2, 0x01A1, 0x01A2, 
    0x01A1, 0x01A1, 0x01A2, 0x01A2, 0x0181, 0x0181, 0x0181, 0x0181, 0x0161, 0x0161, 0x0161, 0x0161, 
    0x0161, 0x0161, 0x0161, 0x0181, 0x0181, 0x0161, 0x0161, 0x0141, 0x0141, 0x0161, 0x0141, 0x0141, 
    0x0141, 0x0141, 0x0121, 0x0121, 0x0101, 0x0101, 0x0101, 0x0121, 0x00A0, 0x5AA4, 0x2182, 0x00C0, 
    0x00C0, 0x0000, 0x59E2, 0xCC43, 0x3941, 0x4181, 0x49C1, 0x0040, 0x00E1, 0x0101, 0x0101, 0x0121, 
    0x0121, 0x0121, 0x08E1, 0x9B85, 0x69E1, 0x0020, 0x00A0, 0x00A0, 0x00A0, 0x0080, 0x00A0, 0x00A0, 
    0x00C1, 0x00A0, 0x00C1, 0x00C1, 0x00E1, 0x0101, 0x0121, 0x0121, 0x0101, 0x0101, 0x0101, 0x0121, 
    0x0121, 0x0121, 0x0121, 0x0121, 0x0121, 0x0121, 0x0121, 0x0101, 0x0101, 0x0121, 0x0121, 0x0101, 
    0x0101, 0x0101, 0x0101, 0x0101, 0x0101, 0x0101, 0x00E1, 0x00E1, 0x00E1, 0x00E1, 0x00E1, 0x00E1, 
    0x00C1, 0x00E1, 0x00C1, 0x00C1, 0x00C1, 0x00C1, 0x0080, 0x0080, 0x0060, 0x0060, 0x0060, 0x0000, 
    0x4980, 0xA383, 0x1121, 0x00C1, 0x00A1, 0x00C0, 0x00A0, 0x0080, 0x0080, 0x0000, 0x7B05, 0x1080, 
    0xC4C8, 0xAC26, 0x0000, 0x0060, 0x00A0, 0x0000, 0x8325, 0xCCC6, 0x0840, 0x8B87, 0x18A1, 0x0040, 
    0x0080, 0x0080, 0x00A0, 0x0040, 0x62C5, 0x2162, 0x00A0, 0x00E0, 0x00E0, 0x00E0, 0x00E0, 0x0100, 
    0x0101, 0x0121, 0x0121, 0x0100, 0x0101, 0x0121, 0x0121, 0x0121, 0x0121, 0x0121, 0x0141, 0x0121, 
    0x0121, 0x0121, 0x0121, 0x0121, 0x0121, 0x0141, 0x0141, 0x0161, 0x0141, 0x0161, 0x0161, 0x0181, 
    0x0181, 0x0181, 0x0161, 0x0161, 0x0161, 0x0161, 0x0161, 0x0181, 0x0181, 0x0181, 0x0181, 0x0161, 
    0x0181, 0x01A1, 0x0181, 0x0181, 0x0181, 0x0181, 0x0161, 0x0161, 0x0161, 0x0181, 0x01A1, 0x01A1, 
    0x0181, 0x01A1, 0x01A1, 0x01A2, 0x01A2, 0x01A1, 0x01A1, 0x01A1, 0x01A1, 0x01A1, 0x01C2, 0x01C2, 
    0x01C2, 0x01C2, 0x01A2, 0x01A1, 0x01A2, 0x01C2, 0x01C2, 0x01E2, 0x01C2, 0x01C2, 0x01C2, 0x01E2, 
    0x01E2, 0x01E2, 0x01E2, 0x01E2, 0x0202, 0x01E2, 0x01C2, 0x01E2, 0x0202, 0x0202, 0x0202, 0x01E2, 
    0x0202, 0x0222, 0x0202, 0x01E2, 0x01C2, 0x01C2, 0x01E2, 0x01C2, 0x01C1, 0x01E2, 0x01E2, 0x01A1, 
    0x01C1, 0x01C2, 0x01C2, 0x01E2, 0x01E2, 0x01E2, 0x01E2, 0x01E2, 0x01E2, 0x01E2, 0x01E2, 0x01E2, 
    0x01E2, 0x01E2, 0x01E2, 0x01E2, 0x0202, 0x0202, 0x0202, 0x0202, 0x0202, 0x01E2, 0x01E2, 0x01E2, 
    0x01E2, 0x01E2, 0x01E2, 0x01E2, 0x0202, 0x0202, 0x0202, 0x0202, 0x01E2, 0x01E2, 0x01C2, 0x01C1, 
    0x01C1, 0x01C1, 0x01A1, 0x01A1, 0x01C1, 0x01C2, 0x01C2, 0x01C2, 0x01E2, 0x01C2, 0x01C2, 0x01C2, 
    0x01C2, 0x01C2, 0x01C2, 0x01C2, 0x01C2, 0x01A1, 0x01C2, 0x01E2, 0x01C1, 0x01A1, 0x01A1, 0x01A1, 
    0x01A1, 0x01A1, 0x01C2, 0x01A2, 0x01A2, 0x01A1, 0x01C2, 0x01C2, 0x01A1, 0x01A1, 0x01A1, 0x01A1, 
    0x01A2, 0x01C2, 0x01A1, 0x01A2, 0x01A1, 0x0181, 0x0181, 0x01A1, 0x01A1, 0x01A1, 0x01A1, 0x01A1, 
    0x0181, 0x0181, 0x0181, 0x0161, 0x0161, 0x0141, 0x0161, 0x0161, 0x0161, 0x0161, 0x0161, 0x0161, 
    0x0161, 0x0181, 0x0161, 0x0161, 0x0141, 0x0141, 0x0141, 0x0141, 0x0141, 0x0141, 0x0121, 0x0121, 
    0x0121, 0x0101, 0x0101, 0x0101, 0x00C0, 0x4243, 0x4A63, 0x0080, 0x00E0, 0x0020, 0x59E2, 0xC423, 
    0x3940, 0x49A2, 0x5202, 0x0040, 0x00E1, 0x00E1, 0x00E1, 0x0101, 0x0121, 0x00E1, 0x2982, 0x9B23, 
    0x0040, 0x00C1, 0x00E1, 0x00E1, 0x0101, 0x0101, 0x0101, 0x0101, 0x0122, 0x0122, 0x0122, 0x0142, 
    0x0142, 0x0142, 0x0162, 0x0162, 0x0162, 0x0162, 0x0162, 0x0162, 0x0182, 0x0182, 0x0182, 0x0182, 
    0x0182, 0x0182, 0x0162, 0x0162, 0x0162, 0x0162, 0x0162, 0x0162, 0x0162, 0x0162, 0x0162, 0x0162, 
    0x0162, 0x0162, 0x0162, 0x0142, 0x0142, 0x0142, 0x0122, 0x0122, 0x0142, 0x0142, 0x0121, 0x0101, 
    0x0101, 0x00E1, 0x00E1, 0x00C1, 0x00C1, 0x00C1, 0x00C1, 0x00C1, 0x0061, 0x9302, 0x39A1, 0x00A1, 
    0x00A0, 0x00A0, 0x00A0, 0x0080, 0x0080, 0x0000, 0x7B05, 0x1060, 0xC4C8, 0xAC27, 0x0000, 0x0060, 
    0x00A0, 0x0000, 0x8B45, 0xD4C7, 0x0840, 0x8BA7, 0x18A1, 0x0040, 0x0080, 0x0080, 0x0080, 0x08A0, 
    0x7305, 0x00A0, 0x00E0, 0x00E0, 0x00E0, 0x00E0, 0x00E0, 0x0100, 0x0101, 0x0101, 0x0121, 0x0121, 
    0x0121, 0x0121, 0x0121, 0x0121, 0x0121, 0x0141, 0x0141, 0x0141, 0x0141, 0x0141, 0x0141, 0x0141, 
    0x0141, 0x0141, 0x0121, 0x0161, 0x0161, 0x0161, 0x0181, 0x01A1, 0x0181, 0x0181, 0x0161, 0x0161, 
    0x0161, 0x0181, 0x0181, 0x0181, 0x0161, 0x0161, 0x0181, 0x0181, 0x01A1, 0x01A2, 0x01A1, 0x0181, 
    0x0181, 0x0181, 0x0161, 0x0181, 0x01A1, 0x01A1, 0x01A1, 0x01A1, 0x0181, 0x01A1, 0x01A1, 0x01A1, 
    0x01A1, 0x01A1, 0x01C2, 0x01A2, 0x01A1, 0x01A1, 0x01C1, 0x01E2, 0x01E2, 0x01A1, 0x01A2, 0x01A1, 
    0x01A2, 0x01C2, 0x01E2, 0x01E2, 0x01E2, 0x01C2, 0x01C1, 0x01C2, 0x01E2, 0x0202, 0x0202, 0x01E2, 
    0x0202, 0x01C2, 0x01C2, 0x01E2, 0x0202, 0x0222, 0x0222, 0x0202, 0x0202, 0x01E2, 0x01E2, 0x01E2, 
    0x01E2, 0x01C2, 0x01C2, 0x01A2, 0x01A1, 0x01C2, 0x01E2, 0x01E2, 0x01C2, 0x01C1, 0x01E2, 0x0202, 
    0x0202, 0x01E2, 0x01E2, 0x01E2, 0x01E2, 0x01E2, 0x01E2, 0x01E2, 0x01E2, 0x01E2, 0x01E2, 0x01E2, 
    0x0202, 0x0202, 0x0202, 0x01E2, 0x01E2, 0x0202, 0x01E2, 0x01E2, 0x0202, 0x01E2, 0x01C2, 0x01C2, 
    0x01E2, 0x0202, 0x0202, 0x0202, 0x01E2, 0x01E2, 0x01E2, 0x01E2, 0x01E2, 0x01C2, 0x01A1, 0x01A1, 
    0x01C2, 0x01C2, 0x01C2, 0x01C2, 0x01C2, 0x01C2, 0x01C1, 0x01C1, 0x01C1, 0x01C1, 0x01C2, 0x01C2, 
    0x01C2, 0x01A1, 0x01C2, 0x01C2, 0x01C2, 0x01C2, 0x01A1, 0x0181, 0x01A1, 0x01C2, 0x01C2, 0x01C2, 
    0x01C2, 0x01C2, 0x01C1, 0x01A2, 0x01A1, 0x01A1, 0x01A1, 0x01A1, 0x01A1, 0x01C2, 0x01C2, 0x01A2, 
    0x0181, 0x0181, 0x0181, 0x01A1, 0x01A1, 0x01A1, 0x01A1, 0x01A1, 0x0181, 0x0181, 0x0181, 0x0161, 
    0x0161, 0x0161, 0x0141, 0x0161, 0x0161, 0x0161, 0x0161, 0x0161, 0x0161, 0x0161, 0x0161, 0x0161, 
    0x0141, 0x0141, 0x0121, 0x0121, 0x0121, 0x0141, 0x0121, 0x0121, 0x0121, 0x0101, 0x0101, 0x0101, 
    0x00E0, 0x2162, 0x5A83, 0x0080, 0x00E0, 0x0020, 0x6202, 0xC402, 0x3920, 0x5203, 0x5A63, 0x0040, 
    0x00E1, 0x00E1, 0x0101, 0x0101, 0x00E1, 0x00E1, 0x2181, 0x9B63, 0x00C1, 0x00C1, 0x00E1, 0x0101, 
    0x0101, 0x0101, 0x0121, 0x0121, 0x0121, 0x0122, 0x0142, 0x0142, 0x0142, 0x0162, 0x0162, 0x0162, 
    0x0162, 0x0162, 0x0162, 0x0182, 0x0182, 0x0182, 0x01A2, 0x01A2, 0x0182, 0x0182, 0x0182, 0x0182, 
    0x0182, 0x0182, 0x0182, 0x0182, 0x0182, 0x0182, 0x0162, 0x0162, 0x0162, 0x0162, 0x0162, 0x0162, 
    0x0142, 0x0142, 0x0142, 0x0142, 0x0142, 0x0141, 0x0121, 0x0101, 0x0101, 0x00E1, 0x00E1, 0x00E1, 
    0x00C1, 0x00C1, 0x00C1, 0x00C1, 0x00A1, 0x7A82, 0x2940, 0x00A1, 0x0080, 0x00A0, 0x00C0, 0x00A0, 
    0x0080, 0x0000, 0x72C4, 0x1060, 0xC4E8, 0xB447, 0x0000, 0x0080, 0x00A0, 0x0000, 0x8325, 0xD4E7, 
    0x0840, 0x8B66, 0x18A1, 0x0040, 0x0080, 0x00A0, 0x0060, 0x2962, 0x62A4, 0x0060, 0x00E1, 0x00E0, 
    0x00E0, 0x00E0, 0x0101, 0x0101, 0x0101, 0x0121, 0x0121, 0x0121, 0x0121, 0x0121, 0x0121, 0x0121, 
    0x0121, 0x0141, 0x0141, 0x0141, 0x0141, 0x0141, 0x0121, 0x0141, 0x0141, 0x0141, 0x0141, 0x0141, 
    0x0161, 0x0161, 0x0161, 0x01A1, 0x0181, 0x0161, 0x0161, 0x0161, 0x0181, 0x0181, 0x0181, 0x0181, 
    0x0161, 0x0181, 0x0181, 0x01A1, 0x01C2, 0x01C2, 0x01C2, 0x01A1, 0x01A1, 0x0181, 0x0181, 0x0181, 
    0x01C2, 0x01C2, 0x01A1, 0x01A1, 0x01A1, 0x01C2, 0x01A1, 0x01A1, 0x01A1, 0x01A1, 0x01C2, 0x01C2, 
    0x01C2, 0x01A1, 0x01A1, 0x01A1, 0x01C2, 0x01C2, 0x01C2, 0x01A2, 0x01A1, 0x01C2, 0x01E2, 0x0202, 
    0x01E2, 0x01C2, 0x01C1, 0x01C2, 0x01C2, 0x01E2, 0x0202, 0x01E2, 0x01E2, 0x0202, 0x01E2, 0x0202, 
    0x0202, 0x0222, 0x0222, 0x0202, 0x0202, 0x01E2, 0x01E2, 0x01E2, 0x01E2, 0x01E2, 0x01A2, 0x01A1, 
    0x01A1, 0x01C1, 0x01E2, 0x01E2, 0x01E2, 0x01E2, 0x0202, 0x0222, 0x0202, 0x01E2, 0x01C2, 0x01E2, 
    0x01E2, 0x01E2, 0x01C2, 0x01C2, 0x01C2, 0x01E2, 0x01C2, 0x01C2, 0x01E2, 0x01E2, 0x0202, 0x0202, 
    0x0202, 0x0202, 0x0202, 0x0202, 0x0202, 0x01E2, 0x01E2, 0x01A1, 0x01C1, 0x01E2, 0x0222, 0x0222, 
    0x0202, 0x01E2, 0x01E2, 0x01E2, 0x01E2, 0x01C2, 0x01C1, 0x01C1, 0x01C2, 0x01E2, 0x01C2, 0x01C2, 
    0x01C2, 0x01C2, 0x01C2, 0x01C2, 0x01C2, 0x01A1, 0x01A1, 0x01C2, 0x01E2, 0x01E2, 0x01C2, 0x01A1, 
    0x01A1, 0x01C2, 0x01A1, 0x01A1, 0x01A1, 0x01C2, 0x01C2, 0x01C2, 0x01A1, 0x01C2, 0x01A1, 0x01A1, 
    0x01A1, 0x01A1, 0x01A1, 0x01A1, 0x01C2, 0x01C1, 0x01A1, 0x01A1, 0x0181, 0x0181, 0x0181, 0x0181, 
    0x01A1, 0x01C2, 0x01A1, 0x01A1, 0x01A1, 0x01A1, 0x0181, 0x0161, 0x0161, 0x0161, 0x0141, 0x0141, 
    0x0161, 0x0161, 0x0161, 0x0161, 0x0161, 0x0161, 0x0161, 0x0161, 0x0141, 0x0141, 0x0121, 0x0121, 
    0x0141, 0x0141, 0x0121, 0x0121, 0x0121, 0x0121, 0x0101, 0x0101, 0x00E0, 0x08E1, 0x5242, 0x00C1, 
    0x00E0, 0x0020, 0x6222, 0xC423, 0x3920, 0x49E2, 0x5242, 0x0060, 0x00E1, 0x00E1, 0x00E1, 0x00A1, 
    0x39A0, 0x00E1, 0x2141, 0x9B84, 0x00C1, 0x00E1, 0x0101, 0x0101, 0x0101, 0x0121, 0x0121, 0x0121, 
    0x0142, 0x0141, 0x0141, 0x0142, 0x0142, 0x0162, 0x0162, 0x0162, 0x0162, 0x0162, 0x0182, 0x0182, 
    0x0182, 0x0182, 0x01A2, 0x01A2, 0x01A2, 0x01A2, 0x0182, 0x0182, 0x0182, 0x0182, 0x0182, 0x0182, 
    0x0182, 0x0182, 0x0182, 0x0162, 0x0162, 0x0162, 0x0162, 0x0162, 0x0162, 0x0142, 0x0142, 0x0142, 
    0x0122, 0x0121, 0x0121, 0x0121, 0x0101, 0x00E1, 0x00E1, 0x00E1, 0x00E1, 0x00C1, 0x00C1, 0x00C1, 
    0x00A1, 0x6A42, 0x2100, 0x0080, 0x3161, 0x0060, 0x00C0, 0x00A0, 0x0080, 0x0000, 0x6A83, 0x1040, 
    0xC509, 0xB468, 0x0000, 0x0060, 0x00A0, 0x0000, 0x7AE4, 0xDD07, 0x0840, 0x8304, 0x18A0, 0x0040, 
    0x0080, 0x00A0, 0x0040, 0x4203, 0x4A03, 0x0040, 0x00E0, 0x00E0, 0x00E0, 0x00E0, 0x0101, 0x0101, 
    0x0121, 0x0121, 0x0121, 0x0101, 0x0121, 0x0121, 0x0121, 0x0121, 0x0141, 0x0141, 0x0161, 0x0161, 
    0x0141, 0x0141, 0x0141, 0x0141, 0x0161, 0x0161, 0x0161, 0x0141, 0x0141, 0x0161, 0x0161, 0x0181, 
    0x0181, 0x0181, 0x0181, 0x0161, 0x0161, 0x0161, 0x0181, 0x0181, 0x0181, 0x01A1, 0x01A1, 0x01A1, 
    0x01C2, 0x01C2, 0x01C2, 0x01A1, 0x01A1, 0x01A1, 0x01A1, 0x01A1, 0x01C2, 0x01A1, 0x01A1, 0x01A1, 
    0x01C2, 0x01C2, 0x01C1, 0x01C1, 0x01A1, 0x01C1, 0x01C2, 0x01C2, 0x01C2, 0x01C2, 0x01A1, 0x01A1, 
    0x01A1, 0x01A1, 0x01E2, 0x01C2, 0x01C2, 0x01C2, 0x01E2, 0x01E2, 0x01E2, 0x01C2, 0x01C2, 0x01C2, 
    0x01C2, 0x01E2, 0x01E2, 0x01E2, 0x0202, 0x0202, 0x01E2, 0x0202, 0x0202, 0x0222, 0x0242, 0x0222, 
    0x0202, 0x01E2, 0x01C2, 0x01C2, 0x01C2, 0x01C2, 0x01C2, 0x01C2, 0x01C2, 0x01A1, 0x01C1, 0x01E2, 
    0x01E2, 0x0202, 0x0202, 0x0202, 0x01E2, 0x0202, 0x01E2, 0x01E2, 0x01E2, 0x01E2, 0x01C2, 0x01C2, 
    0x01E2, 0x01E2, 0x01C2, 0x01E2, 0x01E2, 0x01E2, 0x0202, 0x0222, 0x0222, 0x0222, 0x0222, 0x0222, 
    0x0202, 0x0202, 0x01E2, 0x0202, 0x0202, 0x0202, 0x0202, 0x0222, 0x0202, 0x01E2, 0x01E2, 0x01E2, 
    0x01E2, 0x01E2, 0x01E2, 0x01E2, 0x01E2, 0x01E2, 0x01C2, 0x01E2, 0x01E2, 0x01E2, 0x01E2, 0x01C2, 
    0x01C2, 0x01A1, 0x01C1, 0x01E2, 0x01E2, 0x01E2, 0x01C2, 0x01A1, 0x01A1, 0x01C2, 0x01C2, 0x01A1, 
    0x01A1, 0x01C2, 0x01C2, 0x01A1, 0x01A1, 0x01C2, 0x01A1, 0x01A2, 0x01A1, 0x01A2, 0x01A1, 0x01A1, 
    0x01C2, 0x01E2, 0x01A1, 0x01A1, 0x01A1, 0x0181, 0x0181, 0x0181, 0x01A1, 0x01A1, 0x01A1, 0x01A1, 
    0x01A2, 0x01A1, 0x0181, 0x0161, 0x0161, 0x0161, 0x0161, 0x0161, 0x0161, 0x0181, 0x0181, 0x0161, 
    0x0161, 0x0141, 0x0141, 0x0161, 0x0161, 0x0141, 0x0141, 0x0141, 0x0141, 0x0141, 0x0141, 0x0121, 
    0x0141, 0x0121, 0x0101, 0x0101, 0x00E1, 0x08E1, 0x5A62, 0x00E1, 0x00E0, 0x0020, 0x5A02, 0xCC43, 
    0x3961, 0x4980, 0x51E0, 0x0060, 0x00E1, 0x00C1, 0x00A1, 0x3181, 0x72A1, 0x0060, 0x2961, 0x9B84, 
    0x00C1, 0x00E1, 0x0101, 0x0101, 0x0121, 0x0122, 0x0121, 0x0141, 0x0142, 0x0141, 0x0141, 0x0141, 
    0x0162, 0x0162, 0x0162, 0x0162, 0x0162, 0x0182, 0x0182, 0x0182, 0x0182, 0x0182, 0x01A2, 0x01A2, 
    0x01A2, 0x01A2, 0x01A2, 0x01A2, 0x01A2, 0x0182, 0x0182, 0x0182, 0x0182, 0x0182, 0x0182, 0x0182, 
    0x0162, 0x0162, 0x0162, 0x0162, 0x0162, 0x0142, 0x0142, 0x0142, 0x0142, 0x0121, 0x0121, 0x0121, 
    0x0101, 0x00E1, 0x00E1, 0x00E1, 0x00E1, 0x00E1, 0x00C1, 0x00C1, 0x0081, 0x6A22, 0x2100, 0x0060, 
    0x72C1, 0x39A1, 0x00A0, 0x00A0, 0x0080, 0x0000, 0x6A41, 0x0840, 0xC50A, 0xB489, 0x0000, 0x0080, 
    0x00C0, 0x0000, 0x8305, 0xE548, 0x0840, 0x8B25, 0x18A0, 0x0060, 0x0080, 0x00A0, 0x0020, 0x5244, 
    0x41C3, 0x0040, 0x00E0, 0x00E0, 0x00E0, 0x0101, 0x0121, 0x0121, 0x0121, 0x0121, 0x0101, 0x0101, 
    0x0100, 0x0121, 0x0121, 0x0121, 0x0141, 0x0161, 0x0161, 0x0161, 0x0161, 0x0161, 0x0161, 0x0161, 
    0x0161, 0x0161, 0x0161, 0x0161, 0x0161, 0x0161, 0x0161, 0x0161, 0x0161, 0x0161, 0x0181, 0x0181, 
    0x0181, 0x0181, 0x0181, 0x0181, 0x0181, 0x01A1, 0x01A1, 0x01A1, 0x01C2, 0x01C2, 0x01A1, 0x01C1, 
    0x01C1, 0x01C2, 0x01C2, 0x01A1, 0x01C2, 0x01A1, 0x01A1, 0x01A1, 0x01C2, 0x01C1, 0x01C2, 0x01C1, 
    0x01A1, 0x01C1, 0x01C2, 0x01C2, 0x01C2, 0x01C1, 0x01C2, 0x01A2, 0x01A1, 0x01A2, 0x01E2, 0x01E2, 
    0x01C2, 0x01C2, 0x01C2, 0x01E2, 0x01E2, 0x01E2, 0x01C2, 0x01C2, 0x01E2, 0x0202, 0x0202, 0x0202, 
    0x0202, 0x0202, 0x0202, 0x0222, 0x0222, 0x0222, 0x0222, 0x0222, 0x0202, 0x0202, 0x01C2, 0x01A1, 
    0x0181, 0x01A1, 0x01C2, 0x01C2, 0x01C2, 0x01A1, 0x01C2, 0x01C2, 0x01E2, 0x01E2, 0x0202, 0x01E2, 
    0x01E2, 0x0202, 0x01E2, 0x0202, 0x01E2, 0x01E2, 0x01E2, 0x01E2, 0x01E2, 0x01E2, 0x01E2, 0x01E2, 
    0x0202, 0x0202, 0x0222, 0x0222, 0x0242, 0x0222, 0x0202, 0x0202, 0x0202, 0x0222, 0x0222, 0x0222, 
    0x0242, 0x0222, 0x0202, 0x01E2, 0x01E2, 0x01E2, 0x01E2, 0x01E2, 0x01E2, 0x0202, 0x0202, 0x0202, 
    0x01E2, 0x01C1, 0x01C2, 0x01E2, 0x0202, 0x0202, 0x01E2, 0x01E2, 0x01C2, 0x01A1, 0x01C1, 0x01E2, 
    0x01E2, 0x01E2, 0x01E2, 0x01C2, 0x01E2, 0x01C2, 0x01C2, 0x01C2, 0x01E2, 0x01C1, 0x01C1, 0x01C2, 
    0x01A2, 0x01C2, 0x01C2, 0x01A1, 0x01C1, 0x01C2, 0x01C2, 0x01A1, 0x01C2, 0x01C2, 0x01A1, 0x01C2, 
    0x01A1, 0x01A1, 0x0181, 0x0181, 0x01A2, 0x01A1, 0x01A1, 0x01A1, 0x01A1, 0x0181, 0x0181, 0x0161, 
    0x0141, 0x0161, 0x0161, 0x0181, 0x0161, 0x0161, 0x0181, 0x0181, 0x0161, 0x0141, 0x0141, 0x0141, 
    0x0161, 0x0161, 0x0141, 0x0161, 0x0141, 0x0141, 0x0141, 0x0121, 0x0141, 0x0121, 0x0121, 0x0121, 
    0x0101, 0x0901, 0x6262, 0x00C1, 0x00E0, 0x0020, 0x6222, 0xD463, 0x4161, 0x4960, 0x51C0, 0x0060, 
    0x00C0, 0x00C1, 0x10E0, 0x82E2, 0x8AE1, 0x2140, 0x2141, 0xA3A4, 0x00C1, 0x00E1, 0x0101, 0x0101, 
    0x0122, 0x0122, 0x0122, 0x0142, 0x0141, 0x0141, 0x0142, 0x0142, 0x0162, 0x0162, 0x0162, 0x0162, 
    0x0162, 0x0182, 0x0182, 0x0182, 0x0182, 0x01A2, 0x01A2, 0x01A2, 0x01A2, 0x01A2, 0x01A2, 0x01A2, 
    0x01A2, 0x01A2, 0x0182, 0x0182, 0x0182, 0x0182, 0x0182, 0x0182, 0x0182, 0x0182, 0x0162, 0x0162, 
    0x0162, 0x0142, 0x0142, 0x0142, 0x0142, 0x0121, 0x0121, 0x0121, 0x0101, 0x0101, 0x00E1, 0x00E1, 
    0x00E1, 0x00E1, 0x00C1, 0x00E1, 0x0081, 0x7A62, 0x20E0, 0x2141, 0x9342, 0x9B82, 0x18C0, 0x0080, 
    0x0060, 0x0000, 0x6A42, 0x0840, 0xC52A, 0xB489, 0x0000, 0x0080, 0x00C0, 0x0000, 0x8325, 0xE589, 
    0x0860, 0x8BA7, 0x18A1, 0x0060, 0x00A0, 0x00C0, 0x0040, 0x5263, 0x3182, 0x0060, 0x00E0, 0x00E0, 
    0x00E0, 0x0101, 0x0121, 0x0121, 0x0121, 0x0121, 0x0121, 0x0101, 0x0101, 0x0121, 0x0121, 0x0121, 
    0x0141, 0x0141, 0x0141, 0x0141, 0x0161, 0x0161, 0x0161, 0x0161, 0x0181, 0x0161, 0x0141, 0x0161, 
    0x0141, 0x0161, 0x0161, 0x0161, 0x0161, 0x0161, 0x0181, 0x01A1, 0x01A2, 0x0181, 0x0181, 0x0181, 
    0x0181, 0x01A1, 0x01C1, 0x01C2, 0x01C2, 0x01C2, 0x01A1, 0x01A1, 0x01C1, 0x01A1, 0x01A1, 0x01A1, 
    0x01A1, 0x01A1, 0x01C1, 0x01C2, 0x01C2, 0x01A1, 0x01C1, 0x01A1, 0x01C2, 0x01C1, 0x01C2, 0x01E2, 
    0x01E2, 0x01A1, 0x01C1, 0x01C2, 0x01A1, 0x01C2, 0x01C2, 0x01E2, 0x01C2, 0x01C2, 0x01C2, 0x01E2, 
    0x01E2, 0x01C2, 0x01C1, 0x01C2, 0x01C2, 0x0202, 0x0202, 0x0202, 0x0202, 0x01E2, 0x0202, 0x0222, 
    0x0222, 0x0222, 0x0222, 0x0222, 0x0202, 0x0202, 0x01E2, 0x01A1, 0x0181, 0x01A1, 0x01C2, 0x01C2, 
    0x01C2, 0x01C1, 0x01C2, 0x01C2, 0x01E2, 0x01E2, 0x01C2, 0x01C2, 0x01E2, 0x0202, 0x0202, 0x0202, 
    0x01E2, 0x01E2, 0x01E2, 0x0202, 0x01E2, 0x01E2, 0x01E2, 0x0202, 0x01E2, 0x0202, 0x0222, 0x0202, 
    0x0222, 0x0222, 0x0222, 0x0222, 0x0202, 0x0222, 0x0223, 0x0222, 0x0222, 0x01E2, 0x01E2, 0x01E2, 
    0x01E2, 0x01E2, 0x01E2, 0x01C1, 0x01E2, 0x0222, 0x0222, 0x0222, 0x0202, 0x0202, 0x01E2, 0x01E2, 
    0x0202, 0x0202, 0x01E2, 0x01E2, 0x01C1, 0x01A1, 0x01A1, 0x01C2, 0x01C2, 0x01E2, 0x01C2, 0x01C2, 
    0x01E2, 0x01C1, 0x01C2, 0x01C2, 0x01E2, 0x01C2, 0x01C2, 0x01C2, 0x01A1, 0x01A1, 0x01C2, 0x01C2, 
    0x01C2, 0x01C2, 0x01C1, 0x01C1, 0x01C2, 0x01A1, 0x01A1, 0x01C2, 0x01C1, 0x01A1, 0x01A1, 0x01A1, 
    0x01A1, 0x0181, 0x01A1, 0x01A1, 0x01A1, 0x01A1, 0x0181, 0x0161, 0x0141, 0x0161, 0x0161, 0x0181, 
    0x0161, 0x0161, 0x0161, 0x0181, 0x0161, 0x0161, 0x0161, 0x0141, 0x0161, 0x0161, 0x0141, 0x0141, 
    0x0141, 0x0141, 0x0141, 0x0121, 0x0121, 0x0121, 0x0121, 0x0121, 0x0101, 0x08E1, 0x5A21, 0x00C1, 
    0x00E0, 0x0020, 0x6242, 0xD483, 0x4161, 0x4140, 0x4980, 0x0040, 0x00A0, 0x0060, 0x6A61, 0x8B22, 
    0x8B23, 0x2941, 0x18E0, 0x9B62, 0x00C1, 0x00E1, 0x0101, 0x0101, 0x0121, 0x0122, 0x0121, 0x0141, 
    0x0142, 0x0142, 0x0142, 0x0162, 0x0162, 0x0162, 0x0162, 0x0162, 0x0162, 0x0182, 0x0182, 0x0182, 
    0x0182, 0x0182, 0x0182, 0x01A2, 0x01A2, 0x01A2, 0x01A2, 0x01A2, 0x01A2, 0x01A2, 0x0182, 0x0182, 
    0x0182, 0x0182, 0x0182, 0x0182, 0x0182, 0x0162, 0x0162, 0x0162, 0x0162, 0x0142, 0x0142, 0x0142, 
    0x0121, 0x0121, 0x0121, 0x0121, 0x0121, 0x0101, 0x00E1, 0x00E1, 0x00E1, 0x00E1, 0x00E1, 0x00E1, 
    0x0081, 0x82C2, 0x28E0, 0x2921, 0x82C2, 0x7281, 0x6A20, 0x0060, 0x0080, 0x0000, 0x6A82, 0x0840, 
    0xC52B, 0xB4AA, 0x0000, 0x0080, 0x00C0, 0x0000, 0x8B66, 0xEDAA, 0x0860, 0x8BA7, 0x18A1, 0x0060, 
    0x00A0, 0x00C0, 0x0060, 0x5243, 0x3162, 0x0060, 0x00E0, 0x00E0, 0x00E0, 0x00E0, 0x0121, 0x0121, 
    0x0121, 0x0121, 0x0121, 0x0121, 0x0121, 0x0121, 0x0121, 0x0121, 0x0141, 0x0141, 0x0141, 0x0141, 
    0x0161, 0x0161, 0x0141, 0x0161, 0x0161, 0x0161, 0x0161, 0x0161, 0x0161, 0x0161, 0x0181, 0x0181, 
    0x0181, 0x0161, 0x0181, 0x01A1, 0x01A1, 0x01A1, 0x01A1, 0x0181, 0x0181, 0x0181, 0x01A2, 0x01A2, 
    0x01C2, 0x01C2, 0x01A1, 0x01A1, 0x01A1, 0x01A1, 0x01A1, 0x01A1, 0x0181, 0x01A1, 0x01A1, 0x01A1, 
    0x01A1, 0x01A1, 0x01C2, 0x01A1, 0x01A1, 0x01A1, 0x01A1, 0x01C2, 0x01C2, 0x01A1, 0x01C2, 0x01A1, 
    0x01C2, 0x01C2, 0x01E2, 0x01E2, 0x01C1, 0x01A1, 0x01C2, 0x01C2, 0x01C2, 0x01E2, 0x01C1, 0x01C2, 
    0x01E2, 0x0202, 0x0202, 0x0202, 0x0202, 0x0202, 0x0202, 0x0222, 0x0222, 0x0222, 0x0222, 0x0222, 
    0x0202, 0x0202, 0x01E2, 0x01C2, 0x01C1, 0x01C2, 0x01C2, 0x01C2, 0x01C2, 0x01E2, 0x01E2, 0x01C2, 
    0x01C2, 0x01E2, 0x01C2, 0x01C2, 0x01E2, 0x01E2, 0x01E2, 0x01E2, 0x0202, 0x0222, 0x0202, 0x0202, 
    0x01E2, 0x0202, 0x0202, 0x0222, 0x0222, 0x0222, 0x0202, 0x0202, 0x0202, 0x0222, 0x0222, 0x0222, 
    0x0202, 0x01E2, 0x0202, 0x0202, 0x0202, 0x01E2, 0x01E2, 0x0202, 0x01E2, 0x01E2, 0x01E2, 0x01E2, 
    0x01E2, 0x01E2, 0x0202, 0x0222, 0x0222, 0x0222, 0x01E2, 0x01E2, 0x01E2, 0x01E2, 0x01E2, 0x01E2, 
    0x01C2, 0x01A1, 0x01A1, 0x01C2, 0x01E2, 0x01C2, 0x01C2, 0x01E2, 0x01C2, 0x01C1, 0x01C2, 0x01C2, 
    0x01E2, 0x01C2, 0x01C2, 0x01C2, 0x01A2, 0x01C1, 0x01A2, 0x01C2, 0x01C1, 0x01E2, 0x01C1, 0x01C1, 
    0x01C2, 0x01C2, 0x01C2, 0x01C2, 0x01C2, 0x01C1, 0x01A1, 0x01A1, 0x01A1, 0x01A1, 0x01A1, 0x01A1, 
    0x01A1, 0x01A1, 0x0181, 0x0181, 0x0161, 0x0161, 0x0161, 0x0161, 0x0161, 0x0161, 0x0161, 0x0161, 
    0x0161, 0x0181, 0x0161, 0x0161, 0x0141, 0x0141, 0x0141, 0x0141, 0x0161, 0x0161, 0x0141, 0x0121, 
    0x0121, 0x0121, 0x0121, 0x0101, 0x0101, 0x08E0, 0x49E1, 0x00E1, 0x00E0, 0x0040, 0x6242, 0xD463, 
    0x3961, 0x4160, 0x4981, 0x0020, 0x0060, 0x5A20, 0x82C0, 0x7AC1, 0x8B22, 0x5201, 0x2100, 0x92E1, 
    0x00A1, 0x00E1, 0x0101, 0x0101, 0x0121, 0x0122, 0x0121, 0x0142, 0x0142, 0x0162, 0x0162, 0x0162, 
    0x0162, 0x0162, 0x0162, 0x0182, 0x0162, 0x0182, 0x0182, 0x0182, 0x0182, 0x0182, 0x0182, 0x0182, 
    0x0182, 0x01A2, 0x01A2, 0x01A2, 0x0182, 0x0182, 0x0182, 0x0182, 0x0182, 0x0182, 0x0182, 0x0182, 
    0x0162, 0x0162, 0x0162, 0x0162, 0x0162, 0x0142, 0x0142, 0x0142, 0x0122, 0x0121, 0x0121, 0x0101, 
    0x0101, 0x0101, 0x00E1, 0x00E1, 0x00E1, 0x00E1, 0x00C1, 0x00C1, 0x0081, 0x7AC2, 0x3940, 0x5A01, 
    0x7A81, 0x6201, 0x7200, 0x7220, 0x0880, 0x0020, 0x6A62, 0x0840, 0xC52B, 0xB4AA, 0x0000, 0x0080, 
    0x00C1, 0x0000, 0x8BA7, 0xEDEC, 0x0860, 0x8387, 0x18A1, 0x0060, 0x00A0, 0x00C0, 0x0060, 0x5A84, 
    0x2962, 0x0080, 0x00E0, 0x00E0, 0x00E0, 0x00E0, 0x0101, 0x0100, 0x0100, 0x0121, 0x0141, 0x0121, 
    0x0121, 0x0120, 0x0121, 0x0121, 0x0141, 0x0141, 0x0141, 0x0141, 0x0161, 0x0161, 0x0141, 0x0161, 
    0x0181, 0x0161, 0x0161, 0x0161, 0x0141, 0x0141, 0x0161, 0x0181, 0x0181, 0x0181, 0x0181, 0x0181, 
    0x01A1, 0x01A1, 0x01A1, 0x01A1, 0x01A1, 0x01A1, 0x0181, 0x01A1, 0x01C2, 0x01C2, 0x01C2, 0x01A1, 
    0x01A1, 0x0181, 0x0181, 0x0181, 0x0181, 0x01A1, 0x01A1, 0x01A1, 0x01A1, 0x01C1, 0x01C2, 0x01C2, 
    0x01A2, 0x0181, 0x01A1, 0x01C2, 0x01C2, 0x01C2, 0x01C2, 0x01C2, 0x01E2, 0x0202, 0x01E2, 0x01C1, 
    0x01A1, 0x0181, 0x01A1, 0x01C2, 0x01C2, 0x01E2, 0x01E2, 0x0202, 0x01E2, 0x0202, 0x01E2, 0x01E2, 
    0x0202, 0x0202, 0x01E2, 0x0202, 0x0222, 0x0222, 0x0222, 0x0243, 0x0223, 0x0202, 0x01E2, 0x01E2, 
    0x01C2, 0x01E2, 0x0202, 0x0202, 0x0202, 0x01E2, 0x01E2, 0x01C2, 0x01A1, 0x01E2, 0x0202, 0x01E2, 
    0x01E2, 0x01E2, 0x01C1, 0x01E2, 0x0222, 0x0242, 0x0222, 0x0202, 0x0202, 0x0202, 0x0202, 0x0222, 
    0x0242, 0x0222, 0x0222, 0x0202, 0x0202, 0x0202, 0x0202, 0x0202, 0x01E2, 0x01C1, 0x01E2, 0x01E2, 
    0x01E2, 0x01E2, 0x01E2, 0x0202, 0x0202, 0x01E2, 0x01E2, 0x0202, 0x01E2, 0x01C2, 0x01C2, 0x01E2, 
    0x0222, 0x0222, 0x0222, 0x0202, 0x0202, 0x01E2, 0x01E2, 0x01E2, 0x01E2, 0x01E2, 0x01E2, 0x01E2, 
    0x01E2, 0x01E2, 0x01E2, 0x01E2, 0x01C2, 0x01C2, 0x01C2, 0x01C2, 0x01C1, 0x01C2, 0x01C2, 0x01C2, 
    0x01C2, 0x01C2, 0x01A1, 0x01A1, 0x01C1, 0x01C2, 0x01C1, 0x01C1, 0x01C2, 0x01E2, 0x01C2, 0x01C2, 
    0x01A1, 0x01C1, 0x01C2, 0x01A1, 0x01C2, 0x01C2, 0x01C1, 0x01A2, 0x01A1, 0x01A1, 0x0181, 0x0181, 
    0x0181, 0x0181, 0x0181, 0x0161, 0x0161, 0x0161, 0x0161, 0x0161, 0x0161, 0x0181, 0x0181, 0x0161, 
    0x0141, 0x0141, 0x0141, 0x0141, 0x0161, 0x0161, 0x0141, 0x0141, 0x0121, 0x0121, 0x0101, 0x0100, 
    0x0101, 0x08E1, 0x49E1, 0x00E1, 0x0100, 0x0040, 0x6222, 0xCC43, 0x3941, 0x49A1, 0x49C1, 0x0020, 
    0x00C0, 0x1120, 0x5221, 0x7282, 0x82C2, 0x41C1, 0x2920, 0x92E1, 0x00A1, 0x00E1, 0x0101, 0x0101, 
    0x0101, 0x0121, 0x0121, 0x0141, 0x0142, 0x0162, 0x0162, 0x0162, 0x0162, 0x0162, 0x0162, 0x0182, 
    0x0182, 0x0182, 0x0182, 0x0182, 0x0182, 0x0182, 0x0182, 0x0182, 0x0182, 0x01A2, 0x01A2, 0x01A2, 
    0x0182, 0x0182, 0x0182, 0x0182, 0x0182, 0x0182, 0x0182, 0x0182, 0x0162, 0x0162, 0x0162, 0x0162, 
    0x0162, 0x0142, 0x0142, 0x0142, 0x0121, 0x0121, 0x0101, 0x0101, 0x0101, 0x0101, 0x00E1, 0x00E1, 
    0x00E1, 0x00E1, 0x00C1, 0x00C1, 0x0081, 0x7AA2, 0x2900, 0x3961, 0x7261, 0x6A61, 0x51C0, 0x1080, 
    0x0080, 0x0020, 0x6A41, 0x1040, 0xC52B, 0xB4AA, 0x0000, 0x0080, 0x00C0, 0x0000, 0x8BA7, 0xEDEC, 
    0x0840, 0x8B87, 0x18A1, 0x0060, 0x00A0, 0x00C0, 0x0060, 0x5A83, 0x2962, 0x00A0, 0x00E0, 0x00E0, 
    0x00E0, 0x0101, 0x0101, 0x0101, 0x0101, 0x0121, 0x0121, 0x0141, 0x0121, 0x0121, 0x0121, 0x0121, 
    0x0141, 0x0141, 0x0141, 0x0161, 0x0161, 0x0141, 0x0141, 0x0161, 0x0161, 0x0181, 0x0161, 0x0161, 
    0x0141, 0x0141, 0x0161, 0x0161, 0x0181, 0x0181, 0x0181, 0x0181, 0x0181, 0x01A1, 0x01A1, 0x01A2, 
    0x01A1, 0x01A1, 0x01A1, 0x01A1, 0x01A1, 0x01C2, 0x01A1, 0x01A1, 0x01A1, 0x01A1, 0x01A1, 0x01A1, 
    0x01A1, 0x0181, 0x01A1, 0x01A1, 0x01A1, 0x01C1, 0x01A1, 0x01C2, 0x01C2, 0x01A1, 0x01A1, 0x01A1, 
    0x01A1, 0x01C2, 0x01E2, 0x01E2, 0x0202, 0x0202, 0x01E2, 0x01C1, 0x01C1, 0x0181, 0x01A1, 0x01A1, 
    0x01A1, 0x01C2, 0x01E2, 0x0202, 0x01E2, 0x0202, 0x01E2, 0x01E2, 0x01E2, 0x01E2, 0x0202, 0x0202, 
    0x0202, 0x0202, 0x0222, 0x0242, 0x0243, 0x0222, 0x0202, 0x01E2, 0x01E2, 0x01E2, 0x0202, 0x0222, 
    0x0202, 0x0202, 0x01C2, 0x01C2, 0x01C2, 0x01C2, 0x01E2, 0x01E2, 0x01E2, 0x01C2, 0x01C1, 0x01E2, 
    0x0222, 0x0222, 0x0222, 0x0202, 0x0202, 0x0202, 0x0202, 0x0222, 0x0222, 0x0222, 0x0222, 0x0202, 
    0x0202, 0x0202, 0x01E2, 0x01E2, 0x01C1, 0x01E2, 0x01E2, 0x0202, 0x01E2, 0x0202, 0x0202, 0x01E2, 
    0x01E2, 0x0202, 0x01E2, 0x01E2, 0x01C2, 0x01C1, 0x01E2, 0x01E2, 0x01E2, 0x0202, 0x0202, 0x0202, 
    0x0202, 0x01E2, 0x01C2, 0x01E2, 0x0202, 0x0202, 0x01E2, 0x01E2, 0x01E2, 0x01E2, 0x01E2, 0x01E2, 
    0x01E2, 0x01E2, 0x01C2, 0x01A1, 0x01A1, 0x01A1, 0x01C2, 0x01C2, 0x01C2, 0x01C2, 0x01C2, 0x01C2, 
    0x01A1, 0x01A1, 0x01A1, 0x01C1, 0x01C2, 0x01E2, 0x01C2, 0x01C2, 0x01A1, 0x01C2, 0x01C2, 0x01C2, 
    0x01C2, 0x01E2, 0x01C2, 0x01C2, 0x01A1, 0x01A1, 0x0181, 0x01A2, 0x01A1, 0x0181, 0x0181, 0x0181, 
    0x0161, 0x0161, 0x0161, 0x0161, 0x0161, 0x0181, 0x0181, 0x0161, 0x0161, 0x0161, 0x0141, 0x0141, 
    0x0141, 0x0141, 0x0141, 0x0121, 0x0141, 0x0121, 0x0101, 0x0101, 0x0101, 0x08E1, 0x5201, 0x00E1, 
    0x0100, 0x0020, 0x6242, 0xD463, 0x3941, 0x49A1, 0x51E1, 0x0040, 0x0101, 0x00E1, 0x2941, 0x82E2, 
    0x9343, 0x3161, 0x2100, 0x92E1, 0x00A1, 0x00E1, 0x0101, 0x0101, 0x0101, 0x0121, 0x0121, 0x0121, 
    0x0142, 0x0142, 0x0142, 0x0162, 0x0162, 0x0162, 0x0162, 0x0162, 0x0162, 0x0162, 0x0162, 0x0182, 
    0x0182, 0x0182, 0x0182, 0x0182, 0x0182, 0x01A2, 0x01A2, 0x01A2, 0x0182, 0x0182, 0x0182, 0x0182, 
    0x0182, 0x0182, 0x0182, 0x0182, 0x0162, 0x0162, 0x0162, 0x0162, 0x0142, 0x0142, 0x0142, 0x0142, 
    0x0121, 0x0121, 0x0101, 0x0101, 0x0101, 0x00E1, 0x00E1, 0x00E1, 0x00E1, 0x00E1, 0x00C1, 0x00C1, 
    0x0081, 0x7A82, 0x20E0, 0x2101, 0x8AE2, 0x9B41, 0x3140, 0x0020, 0x0060, 0x0000, 0x6200, 0x1040, 
    0xC54B, 0xB4CA, 0x0000, 0x0060, 0x00A0, 0x0000, 0x8B87, 0xEDCB, 0x0840, 0x8B87, 0x18A1, 0x0060, 
    0x00A0, 0x00C0, 0x0060, 0x5A63, 0x2962, 0x00A0, 0x00E0, 0x00E0, 0x0100, 0x0100, 0x0101, 0x0100, 
    0x0101, 0x0101, 0x0121, 0x0121, 0x0121, 0x0141, 0x0141, 0x0121, 0x0141, 0x0141, 0x0161, 0x0161, 
    0x0161, 0x0141, 0x0141, 0x0141, 0x0181, 0x0181, 0x0181, 0x0161, 0x0141, 0x0141, 0x0161, 0x0181, 
    0x0181, 0x0181, 0x0181, 0x0181, 0x0181, 0x0181, 0x01A1, 0x0181, 0x0181, 0x0181, 0x01A1, 0x01A1, 
    0x01A1, 0x01A1, 0x01A1, 0x01C2, 0x01A1, 0x01A2, 0x01A2, 0x01A1, 0x01C1, 0x01A1, 0x01C2, 0x01C2, 
    0x01A1, 0x01A1, 0x01A1, 0x01C2, 0x01C2, 0x01A1, 0x01C1, 0x01C2, 0x01A1, 0x01C2, 0x01E2, 0x01E2, 
    0x01E2, 0x0202, 0x01E2, 0x01C2, 0x01C1, 0x01C1, 0x01C2, 0x01A1, 0x01A1, 0x01C2, 0x01E2, 0x01C2, 
    0x01E2, 0x01E2, 0x01E2, 0x01E2, 0x01C2, 0x01C2, 0x01C2, 0x0202, 0x0222, 0x0222, 0x0222, 0x0222, 
    0x0222, 0x0222, 0x0202, 0x0222, 0x0222, 0x0222, 0x0202, 0x0202, 0x0202, 0x01E2, 0x01E2, 0x01E2, 
    0x01C2, 0x01C1, 0x01C2, 0x01C2, 0x01E2, 0x01C2, 0x01C2, 0x01E2, 0x0202, 0x0202, 0x0202, 0x0202, 
    0x0202, 0x0202, 0x0202, 0x0202, 0x0222, 0x0222, 0x0202, 0x0222, 0x0202, 0x0202, 0x01E2, 0x01C2, 
    0x01C2, 0x01E2, 0x01E2, 0x01E2, 0x01E2, 0x0202, 0x0202, 0x01E2, 0x01E2, 0x01E2, 0x01E2, 0x01E2, 
    0x01E2, 0x01E2, 0x01E2, 0x01C1, 0x01C2, 0x01E2, 0x01E2, 0x01E2, 0x0202, 0x01E2, 0x01E2, 0x01E2, 
    0x01E2, 0x0202, 0x0202, 0x01E2, 0x01C2, 0x01C2, 0x01E2, 0x01E2, 0x01E2, 0x01E2, 0x01C2, 0x01C2, 
    0x01A1, 0x01A1, 0x01A1, 0x01A1, 0x01C2, 0x01C2, 0x01C2, 0x01C2, 0x01C2, 0x01C2, 0x01A1, 0x01C1, 
    0x01C1, 0x01C2, 0x01C1, 0x01A1, 0x01C2, 0x01C2, 0x01E2, 0x01E2, 0x01C2, 0x01C2, 0x01C2, 0x01C2, 
    0x01A1, 0x01A1, 0x01A1, 0x01A1, 0x0181, 0x0181, 0x0181, 0x0181, 0x0161, 0x0161, 0x0161, 0x0161, 
    0x0161, 0x0161, 0x0181, 0x0181, 0x0161, 0x0161, 0x0141, 0x0141, 0x0141, 0x0141, 0x0141, 0x0121, 
    0x0121, 0x0121, 0x0101, 0x0101, 0x0101, 0x08E0, 0x41C1, 0x00E1, 0x00E0, 0x0020, 0x6A63, 0xDCC4, 
    0x4161, 0x49C2, 0x5222, 0x0060, 0x0101, 0x0121, 0x00C1, 0x49E1, 0x7281, 0x0060, 0x2121, 0x92E1, 
    0x0081, 0x00E1, 0x0101, 0x0101, 0x0101, 0x0121, 0x0121, 0x0121, 0x0141, 0x0142, 0x0142, 0x0162, 
    0x0162, 0x0162, 0x0162, 0x0162, 0x0162, 0x0162, 0x0162, 0x0182, 0x0182, 0x0182, 0x0182, 0x0182, 
    0x0182, 0x0182, 0x0182, 0x0182, 0x0182, 0x0182, 0x0182, 0x0182, 0x0182, 0x0182, 0x0182, 0x0182, 
    0x0162, 0x0162, 0x0162, 0x0162, 0x0142, 0x0142, 0x0142, 0x0122, 0x0121, 0x0121, 0x0121, 0x0101, 
    0x0101, 0x00E1, 0x00E1, 0x00E1, 0x00E1, 0x00E1, 0x00C1, 0x00C1, 0x0061, 0x7A82, 0x2900, 0x0060, 
    0x7281, 0x6241, 0x0060, 0x0080, 0x0060, 0x0000, 0x59E0, 0x0820, 0xC54B, 0xB4AA, 0x0000, 0x0080, 
    0x00A0, 0x0000, 0x8B66, 0xEDAA, 0x0840, 0x8325, 0x18A0, 0x0060, 0x00A0, 0x00C0, 0x0060, 0x5A63, 
    0x2162, 0x00A0, 0x00E0, 0x00E0, 0x0100, 0x0100, 0x0100, 0x0100, 0x0100, 0x0121, 0x0121, 0x0121, 
    0x0121, 0x0141, 0x0141, 0x0141, 0x0161, 0x0141, 0x0161, 0x0161, 0x0161, 0x0161, 0x0161, 0x0161, 
    0x0161, 0x0161, 0x0161, 0x0161, 0x0161, 0x0161, 0x0161, 0x0181, 0x0161, 0x0161, 0x0161, 0x0181, 
    0x0181, 0x0181, 0x01A1, 0x0181, 0x0181, 0x0181, 0x01A1, 0x01A1, 0x01A1, 0x01C2, 0x01C2, 0x01C2, 
    0x01A1, 0x01A2, 0x01C2, 0x01A2, 0x01C2, 0x01C2, 0x01C2, 0x01C2, 0x01A2, 0x01C2, 0x01A1, 0x01C2, 
    0x01C2, 0x01E2, 0x01E2, 0x01E2, 0x01E2, 0x01C2, 0x01E2, 0x01E2, 0x01E2, 0x0202, 0x01E2, 0x01E2, 
    0x01E2, 0x01C1, 0x01C1, 0x01C1, 0x01C2, 0x01C2, 0x01E2, 0x01E2, 0x01E2, 0x0202, 0x0202, 0x01E2, 
    0x0202, 0x01E2, 0x01A1, 0x01C2, 0x0202, 0x0202, 0x0202, 0x0202, 0x0202, 0x0222, 0x0222, 0x0222, 
    0x0242, 0x0222, 0x0202, 0x01E2, 0x01E2, 0x01E2, 0x0202, 0x0202, 0x01E2, 0x01A1, 0x01A1, 0x01A1, 
    0x01C2, 0x01C2, 0x01E2, 0x01E2, 0x01E2, 0x01E2, 0x0202, 0x0222, 0x0222, 0x0202, 0x0202, 0x0202, 
    0x0202, 0x0202, 0x0202, 0x0202, 0x0202, 0x0202, 0x01E2, 0x01C2, 0x01C2, 0x01C1, 0x01C2, 0x01C2, 
    0x01E2, 0x0202, 0x01E2, 0x01E2, 0x0202, 0x01E2, 0x01C2, 0x01C2, 0x01C1, 0x01C2, 0x01E2, 0x01C2, 
    0x01C2, 0x01C2, 0x01C2, 0x01E2, 0x01E2, 0x01E2, 0x01E2, 0x01E1, 0x01E2, 0x01C2, 0x01E2, 0x01E2, 
    0x01E2, 0x01E2, 0x01C2, 0x01C2, 0x01E2, 0x01C2, 0x01C2, 0x01C2, 0x01C2, 0x01C2, 0x01C1, 0x01A1, 
    0x01A1, 0x01C2, 0x01C2, 0x01E2, 0x01E2, 0x01C2, 0x01C1, 0x01C2, 0x01C1, 0x01A1, 0x01A1, 0x01C1, 
    0x01C2, 0x01C2, 0x01C2, 0x01C2, 0x01C2, 0x01C2, 0x01C2, 0x01C2, 0x01C2, 0x01A1, 0x01A1, 0x0181, 
    0x0181, 0x0181, 0x0181, 0x0181, 0x0161, 0x0161, 0x0161, 0x0161, 0x0161, 0x0161, 0x0161, 0x0161, 
    0x0161, 0x0141, 0x0161, 0x0141, 0x0141, 0x0141, 0x0141, 0x0141, 0x0121, 0x0121, 0x0121, 0x0121, 
    0x0101, 0x0101, 0x39A1, 0x00E1, 0x00E0, 0x0020, 0x6242, 0xE505, 0x4181, 0x49E2, 0x5242, 0x0040, 
    0x0101, 0x0121, 0x0101, 0x0080, 0x3980, 0x0080, 0x2161, 0x92E1, 0x00A1, 0x00E1, 0x0101, 0x0101, 
    0x0101, 0x0121, 0x0121, 0x0121, 0x0141, 0x0142, 0x0142, 0x0142, 0x0141, 0x0162, 0x0162, 0x0162, 
    0x0162, 0x0162, 0x0162, 0x0182, 0x0182, 0x0182, 0x0182, 0x0182, 0x0182, 0x0182, 0x0182, 0x0182, 
    0x0182, 0x0182, 0x0182, 0x0182, 0x0182, 0x0182, 0x0182, 0x0162, 0x0162, 0x0162, 0x0162, 0x0142, 
    0x0142, 0x0142, 0x0122, 0x0121, 0x0121, 0x0121, 0x0101, 0x0101, 0x0101, 0x00E1, 0x00E1, 0x00E1, 
    0x00E1, 0x00C1, 0x00C1, 0x00C1, 0x0061, 0x7AA3, 0x2900, 0x0040, 0x41A0, 0x0060, 0x00C0, 0x00A0, 
    0x0080, 0x0000, 0x6200, 0x0840, 0xC52A, 0xB489, 0x0000, 0x0080, 0x00A0, 0x0000, 0x8B86, 0xEDAB, 
    0x0840, 0x8305, 0x1880, 0x0060, 0x00A0, 0x00C0, 0x0060, 0x5A42, 0x2161, 0x00A0, 0x00E0, 0x00E0, 
    0x00E0, 0x0101, 0x0101, 0x0101, 0x0101, 0x0101, 0x0101, 0x0121, 0x0121, 0x0121, 0x0141, 0x0161, 
    0x0141, 0x0141, 0x0161, 0x0161, 0x0161, 0x0161, 0x0161, 0x0161, 0x0161, 0x0161, 0x0161, 0x0161, 
    0x0181, 0x0181, 0x0181, 0x0181, 0x0161, 0x0141, 0x0161, 0x0181, 0x0181, 0x0181, 0x0181, 0x0181, 
    0x0181, 0x0181, 0x01A1, 0x01A1, 0x01A1, 0x01C2, 0x01C2, 0x01C2, 0x01C2, 0x01C2, 0x01C2, 0x01A2, 
    0x01C2, 0x01E2, 0x01C2, 0x01C2, 0x01C2, 0x01C2, 0x01A1, 0x01C2, 0x01C2, 0x01C2, 0x01E2, 0x01E2, 
    0x01E2, 0x01E2, 0x01E2, 0x01E2, 0x01E2, 0x0202, 0x0202, 0x01E2, 0x01E2, 0x01E2, 0x01E2, 0x01C2, 
    0x01C2, 0x01E2, 0x01C2, 0x01E2, 0x01E2, 0x01E2, 0x0202, 0x0202, 0x0202, 0x0202, 0x01C2, 0x01C2, 
    0x0202, 0x0202, 0x01E2, 0x0202, 0x0202, 0x0222, 0x0202, 0x0222, 0x0222, 0x0222, 0x0202, 0x0202, 
    0x0202, 0x01E2, 0x01E2, 0x0202, 0x01E2, 0x01C2, 0x01C2, 0x01A1, 0x01C2, 0x01E2, 0x0202, 0x01E2, 
    0x0202, 0x0202, 0x0202, 0x0222, 0x0222, 0x0202, 0x0202, 0x0222, 0x0202, 0x0202, 0x0202, 0x0202, 
    0x0202, 0x01E2, 0x01C2, 0x01C2, 0x01A1, 0x01A1, 0x01C2, 0x01C2, 0x01C2, 0x01E2, 0x01E2, 0x0202, 
    0x01E2, 0x01E2, 0x01C1, 0x01C2, 0x01A1, 0x01A1, 0x01C1, 0x01C2, 0x01C1, 0x01E2, 0x01C2, 0x01C1, 
    0x01C2, 0x01C2, 0x01C1, 0x01C1, 0x01C1, 0x01C2, 0x01C2, 0x01E2, 0x01E2, 0x01E2, 0x01C2, 0x01E2, 
    0x01C2, 0x01C2, 0x01C2, 0x01E2, 0x01E2, 0x01E2, 0x01E2, 0x01C1, 0x01A1, 0x01C2, 0x01C2, 0x01C2, 
    0x01E2, 0x01C2, 0x01C1, 0x01C2, 0x01A1, 0x01A1, 0x01A1, 0x01C1, 0x01C2, 0x01E2, 0x01E2, 0x01E2, 
    0x01E2, 0x01C2, 0x01C2, 0x01C1, 0x01C2, 0x01A1, 0x0181, 0x0181, 0x0161, 0x0181, 0x01A1, 0x0181, 
    0x0161, 0x0161, 0x0141, 0x0161, 0x0161, 0x0181, 0x0161, 0x0161, 0x0161, 0x0161, 0x0161, 0x0141, 
    0x0161, 0x0161, 0x0141, 0x0141, 0x0121, 0x0121, 0x0121, 0x0121, 0x0101, 0x0101, 0x39A1, 0x00C1, 
    0x00E0, 0x0020, 0x6222, 0xED25, 0x4181, 0x4A03, 0x5243, 0x0060, 0x0101, 0x0101, 0x0101, 0x00E1, 
    0x00E1, 0x00E1, 0x2982, 0x9302, 0x00A1, 0x00E1, 0x0101, 0x0101, 0x0101, 0x0121, 0x0121, 0x0121, 
    0x0142, 0x0142, 0x0141, 0x0142, 0x0141, 0x0161, 0x0162, 0x0162, 0x0162, 0x0162, 0x0162, 0x0182, 
    0x0182, 0x0182, 0x0182, 0x0182, 0x0182, 0x0182, 0x0182, 0x0182, 0x0182, 0x0182, 0x0182, 0x0182, 
    0x0182, 0x0182, 0x0182, 0x0162, 0x0162, 0x0162, 0x0162, 0x0142, 0x0142, 0x0142, 0x0122, 0x0122, 
    0x0121, 0x0121, 0x0101, 0x0101, 0x00E1, 0x00E1, 0x00E1, 0x00E1, 0x00E1, 0x00C1, 0x00C1, 0x00C1, 
    0x0081, 0x7AA3, 0x2900, 0x0060, 0x0080, 0x00A0, 0x00A0, 0x00A0, 0x00A0, 0x0020, 0x7282, 0x1040, 
    0xC52B, 0xAC69, 0x0000, 0x0080, 0x00A0, 0x0000, 0x8B66, 0xE5AA, 0x0840, 0x8305, 0x1880, 0x0060, 
    0x00A0, 0x00C0, 0x0080, 0x5201, 0x2141, 0x00C0, 0x00E0, 0x00E0, 0x00E0, 0x0100, 0x0101, 0x0101, 
    0x0101, 0x0101, 0x0121, 0x0121, 0x0121, 0x0121, 0x0141, 0x0141, 0x0121, 0x0141, 0x0141, 0x0141, 
    0x0161, 0x0141, 0x0161, 0x0141, 0x0161, 0x0181, 0x0181, 0x0161, 0x0161, 0x0181, 0x0181, 0x0181, 
    0x01A1, 0x0181, 0x0161, 0x0181, 0x0181, 0x0181, 0x0181, 0x01A1, 0x01A1, 0x01A2, 0x01C2, 0x01E2, 
    0x01C2, 0x01C2, 0x01C1, 0x01C2, 0x01C2, 0x01C2, 0x01C2, 0x01C1, 0x01A1, 0x01C2, 0x01C2, 0x01C2, 
    0x01C2, 0x01C2, 0x01C2, 0x01E2, 0x01E2, 0x01E2, 0x01E2, 0x01E2, 0x01C2, 0x01C2, 0x01E2, 0x01E2, 
    0x01E2, 0x01E2, 0x01E2, 0x01E2, 0x01E2, 0x01E2, 0x01E2, 0x01C2, 0x01C2, 0x01E2, 0x01E2, 0x01E2, 
    0x01E2, 0x0202, 0x0202, 0x0202, 0x0202, 0x01E2, 0x01A2, 0x01C2, 0x01E2, 0x01E2, 0x01E2, 0x0202, 
    0x0222, 0x0222, 0x0202, 0x01E2, 0x01E2, 0x01C1, 0x0202, 0x0222, 0x0202, 0x0202, 0x01E2, 0x01E2, 
    0x0202, 0x01E2, 0x0202, 0x0202, 0x0202, 0x01E2, 0x01E2, 0x01E2, 0x0202, 0x0222, 0x0202, 0x0202, 
    0x0202, 0x01E2, 0x0202, 0x0222, 0x0222, 0x0222, 0x0202, 0x01E2, 0x01E2, 0x01C2, 0x01C2, 0x01A2, 
    0x01C1, 0x01A1, 0x01C2, 0x01C2, 0x01C1, 0x01C2, 0x01C2, 0x01E2, 0x01E2, 0x01E2, 0x01E2, 0x01E2, 
    0x01C2, 0x01A1, 0x01A1, 0x01C1, 0x01C2, 0x01E2, 0x01E2, 0x01E2, 0x01C2, 0x01A1, 0x01C1, 0x01C1, 
    0x01C1, 0x01C1, 0x01C2, 0x01C2, 0x01C2, 0x01C2, 0x01E2, 0x01E2, 0x01E2, 0x01C2, 0x01E2, 0x01E2, 
    0x01E2, 0x01E2, 0x01C2, 0x01A1, 0x0181, 0x01A1, 0x01C2, 0x01C2, 0x01C2, 0x01C1, 0x01C1, 0x01C1, 
    0x01C1, 0x01C2, 0x01C2, 0x01E2, 0x01C2, 0x01C2, 0x01C2, 0x01C2, 0x01E2, 0x01E2, 0x01E2, 0x01C1, 
    0x01A1, 0x0181, 0x0181, 0x0181, 0x0161, 0x0181, 0x0181, 0x01A1, 0x0181, 0x0161, 0x0161, 0x0161, 
    0x0141, 0x0161, 0x0181, 0x0161, 0x0161, 0x0161, 0x0141, 0x0161, 0x0161, 0x0161, 0x0161, 0x0141, 
    0x0141, 0x0121, 0x0121, 0x0121, 0x0101, 0x0101, 0x31A1, 0x00E1, 0x00E0, 0x0020, 0x6A63, 0xF566, 
    0x49A2, 0x4A03, 0x5243, 0x0060, 0x0101, 0x0121, 0x0121, 0x0121, 0x0141, 0x0101, 0x21A2, 0x9B43, 
    0x0060, 0x00E1, 0x0101, 0x0101, 0x0102, 0x0122, 0x0122, 0x0122, 0x0142, 0x0142, 0x0142, 0x0142, 
    0x0162, 0x0162, 0x0162, 0x0162, 0x0162, 0x0182, 0x0182, 0x0182, 0x0182, 0x0182, 0x01A2, 0x01A2, 
    0x01A2, 0x01A2, 0x01A2, 0x01A2, 0x01A2, 0x01A2, 0x0182, 0x0182, 0x0182, 0x0182, 0x0182, 0x0182, 
    0x0162, 0x0162, 0x0162, 0x0162, 0x0162, 0x0142, 0x0142, 0x0122, 0x0122, 0x0122, 0x0122, 0x0102, 
    0x0102, 0x0101, 0x0101, 0x00E1, 0x00E1, 0x00E1, 0x00C1, 0x00C1, 0x0040, 0x82E4, 0x3120, 0x0081, 
    0x00C1, 0x00C1, 0x00A0, 0x0080, 0x0080, 0x0020, 0x7B05, 0x1060, 0xCD6C, 0xAC8A, 0x0000, 0x0080, 
    0x00C0, 0x0000, 0x8B86, 0xEDCB, 0x0840, 0x8326, 0x18A0, 0x0060, 0x00A0, 0x00C0, 0x00A0, 0x41C1, 
    0x1921, 0x00A0, 0x00E0, 0x00E0, 0x00E0, 0x0100, 0x0101, 0x0101, 0x0101, 0x0101, 0x0121, 0x0121, 
    0x0100, 0x0121, 0x0121, 0x0141, 0x0141, 0x0161, 0x0141, 0x0141, 0x0141, 0x0141, 0x0161, 0x0181, 
    0x0161, 0x0161, 0x0161, 0x0161, 0x0181, 0x0181, 0x0181, 0x0181, 0x01A1, 0x0181, 0x0181, 0x0181, 
    0x0181, 0x0181, 0x01A1, 0x01A1, 0x01A1, 0x01A1, 0x01A1, 0x01A1, 0x01C1, 0x01C2, 0x01A1, 0x01A1, 
    0x01C1, 0x01C2, 0x01C2, 0x01A1, 0x01C1, 0x01C2, 0x01C2, 0x01C1, 0x01A1, 0x01A1, 0x01A1, 0x01C2, 
    0x01E2, 0x01E2, 0x01E2, 0x01E2, 0x01E2, 0x01C2, 0x01E2, 0x01E2, 0x01E2, 0x01E2, 0x0202, 0x01E2, 
    0x01E2, 0x01E2, 0x01E2, 0x01C2, 0x01C2, 0x01E2, 0x0202, 0x01E2, 0x01E2, 0x0202, 0x0202, 0x0202, 
    0x01E2, 0x01C2, 0x01A2, 0x01C2, 0x01E2, 0x01E1, 0x01C2, 0x01E2, 0x01E2, 0x01E2, 0x01C2, 0x01C2, 
    0x0202, 0x01E2, 0x0222, 0x0222, 0x0222, 0x0202, 0x01E2, 0x01E2, 0x01E2, 0x0202, 0x0202, 0x0202, 
    0x0222, 0x0202, 0x0202, 0x01E2, 0x01E2, 0x0202, 0x0202, 0x01E2, 0x01E2, 0x01E2, 0x01E2, 0x0202, 
    0x0202, 0x0202, 0x01E2, 0x01E2, 0x01E2, 0x01C2, 0x01C2, 0x01A1, 0x01C2, 0x01C2, 0x01C2, 0x01C2, 
    0x01E2, 0x01C2, 0x01C2, 0x01C2, 0x01E2, 0x01E2, 0x01E2, 0x01E2, 0x01C2, 0x01C2, 0x01A1, 0x01A1, 
    0x01E2, 0x01C2, 0x01C2, 0x01A1, 0x01C2, 0x01A1, 0x01C2, 0x01E2, 0x01E2, 0x01E2, 0x01E2, 0x01E2, 
    0x01C2, 0x01C1, 0x01C1, 0x0202, 0x0202, 0x01E2, 0x0202, 0x0202, 0x01E2, 0x01C2, 0x01A2, 0x01A1, 
    0x01A1, 0x01C2, 0x01C2, 0x01C2, 0x01C1, 0x01A1, 0x01A1, 0x01C1, 0x01E2, 0x01C2, 0x01E2, 0x01E2, 
    0x01C2, 0x01C2, 0x01C1, 0x01C1, 0x01A1, 0x01C1, 0x01A1, 0x01A1, 0x01A1, 0x01A1, 0x0181, 0x0181, 
    0x0181, 0x0161, 0x0161, 0x0181, 0x0181, 0x0161, 0x0181, 0x0161, 0x0161, 0x0161, 0x0181, 0x0161, 
    0x0161, 0x0161, 0x0141, 0x0141, 0x0141, 0x0161, 0x0161, 0x0141, 0x0141, 0x0141, 0x0121, 0x0121, 
    0x0101, 0x0101, 0x2981, 0x00E1, 0x0101, 0x0000, 0x6A83, 0xFDA7, 0x49C2, 0x41C2, 0x5222, 0x0060, 
    0x0101, 0x0121, 0x0121, 0x0141, 0x0161, 0x0141, 0x0901, 0x9302, 0x41C3, 0x0020, 0x0060, 0x0081, 
    0x00A1, 0x00C1, 0x00A1, 0x00A1, 0x00A1, 0x00A1, 0x00A1, 0x00A1, 0x00C1, 0x00C1, 0x00E1, 0x00E1, 
    0x00E1, 0x00E1, 0x00E1, 0x00E1, 0x00E1, 0x00E1, 0x0101, 0x0101, 0x0121, 0x0101, 0x0101, 0x00E1, 
    0x00E1, 0x0101, 0x0101, 0x0101, 0x0101, 0x0101, 0x0101, 0x0101, 0x00E1, 0x00C1, 0x00C1, 0x00C1, 
    0x00C1, 0x00C1, 0x00A1, 0x00A1, 0x00A1, 0x0081, 0x0081, 0x0081, 0x0081, 0x00A1, 0x00A1, 0x0081, 
    0x0061, 0x0060, 0x0060, 0x0000, 0x31A3, 0x9B23, 0x10A0, 0x00C1, 0x00E1, 0x00C1, 0x00A0, 0x0080, 
    0x0080, 0x0020, 0x7B46, 0x1080, 0xCD8D, 0xACAB, 0x0000, 0x0080, 0x00E1, 0x0000, 0x93C8, 0xEE2D, 
    0x0840, 0x8347, 0x18A1, 0x0060, 0x00A0, 0x00C0, 0x00A0, 0x41A1, 0x1921, 0x00C0, 0x00E0, 0x00E0, 
    0x00E0, 0x00E0, 0x0101, 0x0101, 0x0101, 0x0101, 0x0121, 0x0121, 0x0100, 0x0121, 0x0141, 0x0141, 
    0x0141, 0x0161, 0x0141, 0x0141, 0x0141, 0x0161, 0x0161, 0x0161, 0x0161, 0x0161, 0x0161, 0x0181, 
    0x0181, 0x0181, 0x0181, 0x0181, 0x01A1, 0x0181, 0x0181, 0x0181, 0x0181, 0x0181, 0x01A1, 0x01A1, 
    0x01A1, 0x01A1, 0x01A1, 0x01C1, 0x01C1, 0x01C1, 0x01C1, 0x01A1, 0x01A1, 0x01A1, 0x01A1, 0x01A1, 
    0x01C2, 0x01E2, 0x01E2, 0x01E2, 0x01C1, 0x01A1, 0x01A1, 0x01C2, 0x01C2, 0x01C2, 0x01E2, 0x01E2, 
    0x0202, 0x01E2, 0x01E2, 0x01E2, 0x0202, 0x0202, 0x01E2, 0x01C2, 0x01E2, 0x01E2, 0x01E2, 0x01C1, 
    0x01E2, 0x01E2, 0x0202, 0x0202, 0x01E2, 0x01E2, 0x01E2, 0x0202, 0x01E2, 0x01E2, 0x01E2, 0x01E2, 
    0x0202, 0x01E2, 0x01E2, 0x01C2, 0x01C2, 0x01C2, 0x01A1, 0x01E2, 0x0222, 0x0222, 0x0222, 0x0222, 
    0x0202, 0x0202, 0x0202, 0x01E2, 0x01C1, 0x0202, 0x0202, 0x0202, 0x0202, 0x0202, 0x0202, 0x0202, 
    0x0202, 0x0202, 0x0202, 0x01E2, 0x01E2, 0x01C2, 0x01E2, 0x01C1, 0x01E2, 0x01C2, 0x01E2, 0x01E2, 
    0x01E2, 0x01C2, 0x01E2, 0x01E2, 0x01C2, 0x01C2, 0x01C2, 0x01C2, 0x01E2, 0x01E2, 0x01E2, 0x01E2, 
    0x01E2, 0x01E2, 0x01E2, 0x01E2, 0x01E2, 0x01E2, 0x01E2, 0x01E2, 0x01E2, 0x01E2, 0x01C2, 0x01A1, 
    0x01A1, 0x01A1, 0x01C1, 0x01E2, 0x01E2, 0x0202, 0x01E2, 0x01E2, 0x01E2, 0x01C1, 0x01E2, 0x0202, 
    0x0202, 0x01E2, 0x0202, 0x01E2, 0x01E2, 0x01C2, 0x01C2, 0x01C2, 0x01C2, 0x01C2, 0x01C2, 0x01C1, 
    0x01C1, 0x01C1, 0x01C2, 0x01C2, 0x01E2, 0x01E2, 0x01C2, 0x01C2, 0x01C2, 0x01C2, 0x01C2, 0x01C1, 
    0x01A1, 0x01A1, 0x01A1, 0x01A1, 0x01A1, 0x01A1, 0x01A1, 0x0181, 0x0181, 0x0161, 0x0161, 0x0161, 
    0x0141, 0x0161, 0x0181, 0x0181, 0x0161, 0x0161, 0x0161, 0x0161, 0x0141, 0x0141, 0x0141, 0x0141, 
    0x0141, 0x0161, 0x0141, 0x0141, 0x0141, 0x0121, 0x0121, 0x0121, 0x0121, 0x0121, 0x2181, 0x0101, 
    0x0101, 0x0000, 0x6A83, 0xFDE8, 0x49C2, 0x41E3, 0x5223, 0x0040, 0x0101, 0x0101, 0x0121, 0x0161, 
    0x0161, 0x0141, 0x00E1, 0x3160, 0xA343, 0x7AC4, 0x6A84, 0x72A4, 0x72C5, 0x72E5, 0x72E5, 0x7B05, 
    0x7B46, 0x7B46, 0x7B46, 0x7B46, 0x7B67, 0x7B25, 0x7305, 0x7B86, 0x83C7, 0x7B86, 0x7B66, 0x7B87, 
    0x83A7, 0x83C7, 0x83A7, 0x7BA7, 0x7B86, 0x7B86, 0x83A7, 0x83A7, 0x83A7, 0x83A7, 0x7BA7, 0x7B66, 
    0x7B66, 0x7B66, 0x7B86, 0x7B66, 0x7B66, 0x7B66, 0x8387, 0x83A7, 0x8387, 0x7B46, 0x72E5, 0x72E5, 
    0x7B26, 0x7305, 0x72E5, 0x7305, 0x72E5, 0x6A84, 0x6A84, 0x72C4, 0x72A4, 0x6AA4, 0x6A83, 0x6A84, 
    0x9B43, 0x3140, 0x0081, 0x00E1, 0x00E1, 0x00C0, 0x00A0, 0x00A0, 0x00A0, 0x0020, 0x7B87, 0x10A0, 
    0xC56D, 0xAC8B, 0x0000, 0x0080, 0x00E1, 0x0000, 0x93E8, 0xEE2D, 0x0840, 0x8367, 0x18A1, 0x0080, 
    0x00A0, 0x00C0, 0x00A0, 0x39A1, 0x1901, 0x00C0, 0x00E0, 0x00E0, 0x00E0, 0x0100, 0x0101, 0x0100, 
    0x0100, 0x0100, 0x0101, 0x0100, 0x0100, 0x0121, 0x0141, 0x0141, 0x0141, 0x0141, 0x0141, 0x0141, 
    0x0141, 0x0161, 0x0161, 0x0161, 0x0161, 0x0161, 0x0181, 0x0181, 0x0181, 0x0161, 0x0161, 0x0161, 
    0x0181, 0x0181, 0x01A1, 0x01A1, 0x0181, 0x01A1, 0x01A1, 0x01A1, 0x01A1, 0x01A1, 0x01A1, 0x01C1, 
    0x01A1, 0x01A1, 0x01A1, 0x01A1, 0x01A1, 0x01A1, 0x01A1, 0x01A1, 0x01C2, 0x01E2, 0x01E2, 0x01E2, 
    0x01C2, 0x01C2, 0x01A1, 0x01A1, 0x01C2, 0x01C2, 0x01E2, 0x01E2, 0x0202, 0x0222, 0x0202, 0x01E2, 
    0x0202, 0x0202, 0x0202, 0x01E2, 0x01C2, 0x01E2, 0x01E2, 0x01E2, 0x01E2, 0x01E2, 0x01E2, 0x01E2, 
    0x01E2, 0x0202, 0x0202, 0x0202, 0x0202, 0x01E2, 0x01E2, 0x01E2, 0x0202, 0x01E2, 0x01E2, 0x01E2, 
    0x01C2, 0x01C2, 0x01C2, 0x01E2, 0x0202, 0x0222, 0x0222, 0x0222, 0x0202, 0x01E2, 0x0202, 0x0202, 
    0x0202, 0x0202, 0x01E2, 0x0202, 0x01E2, 0x01E2, 0x01E2, 0x0202, 0x0202, 0x0202, 0x0202, 0x01E2, 
    0x01E2, 0x01E2, 0x01C2, 0x01C1, 0x01C2, 0x01C1, 0x01C2, 0x01E2, 0x0202, 0x0202, 0x01E2, 0x01E2, 
    0x01E2, 0x01C2, 0x01C2, 0x01E2, 0x01C2, 0x01E2, 0x0202, 0x0202, 0x01E2, 0x01E2, 0x01E2, 0x01E2, 
    0x0202, 0x0202, 0x01E2, 0x01E2, 0x01E2, 0x01E2, 0x01C2, 0x01E2, 0x01C2, 0x01E2, 0x01E2, 0x01E2, 
    0x01E2, 0x01E2, 0x01E2, 0x0202, 0x01E2, 0x01E2, 0x01E2, 0x0202, 0x01E2, 0x01E2, 0x01E2, 0x01E2, 
    0x01E2, 0x01C2, 0x01C2, 0x01C2, 0x01A1, 0x01C2, 0x01E2, 0x01C2, 0x01E2, 0x01E2, 0x01E2, 0x01E2, 
    0x01E2, 0x01E2, 0x01E2, 0x01E2, 0x01C2, 0x01C2, 0x01C2, 0x01C2, 0x01A1, 0x01A1, 0x01A1, 0x01A1, 
    0x01A1, 0x01A1, 0x0181, 0x0181, 0x01A1, 0x0181, 0x0161, 0x0141, 0x0161, 0x0161, 0x0181, 0x0181, 
    0x0161, 0x0161, 0x0141, 0x0121, 0x0121, 0x0141, 0x0141, 0x0121, 0x0141, 0x0161, 0x0141, 0x0141, 
    0x0121, 0x0121, 0x0121, 0x0121, 0x0121, 0x0121, 0x2181, 0x0101, 0x0101, 0x0000, 0x6A84, 0xFDE8, 
    0x49C2, 0x4A04, 0x5A64, 0x0040, 0x0101, 0x0101, 0x0121, 0x0141, 0x0141, 0x0121, 0x0121, 0x0101, 
    0x1981, 0x6A81, 0x72A1, 0x7AC2, 0x82E2, 0x7AA2, 0x7A81, 0x82E2, 0x9343, 0x9344, 0x9B64, 0x9B64, 
    0x9BA4, 0x8B43, 0x8B23, 0x9BC5, 0x9BC5, 0x9BA5, 0x9B84, 0x9BA5, 0xA3C5, 0xA3C5, 0x9385, 0x9364, 
    0x8B24, 0x9324, 0x9BA5, 0x9BE6, 0x9BC5, 0x9BC5, 0x9BC5, 0x9B84, 0x9B84, 0x9BA5, 0x9B84, 0x9343, 
    0x8B03, 0x8B23, 0x9364, 0x9BA5, 0x9385, 0x8B24, 0x82C2, 0x82C2, 0x8B03, 0x8B23, 0x82E2, 0x82C3, 
    0x7AA2, 0x7241, 0x7221, 0x7A81, 0x82C2, 0x7AA1, 0x7261, 0x6A41, 0x2920, 0x00A1, 0x00C1, 0x00E1, 
    0x00E1, 0x00C1, 0x00A0, 0x00A0, 0x00A0, 0x0020, 0x7B67, 0x10A1, 0xC56C, 0xAC8B, 0x0000, 0x0080, 
    0x00E1, 0x0000, 0x93E8, 0xEE2D, 0x0040, 0x8326, 0x18A0, 0x0060, 0x00A0, 0x00C0, 0x00A0, 0x3181, 
    0x1101, 0x00C0, 0x0100, 0x0101, 0x0100, 0x0101, 0x0100, 0x0100, 0x00E0, 0x0100, 0x0100, 0x0121, 
    0x0121, 0x0141, 0x0141, 0x0141, 0x0141, 0x0141, 0x0141, 0x0141, 0x0141, 0x0161, 0x0161, 0x0161, 
    0x0161, 0x0161, 0x0161, 0x0181, 0x0181, 0x0161, 0x0161, 0x0161, 0x0161, 0x0181, 0x0181, 0x0181, 
    0x0181, 0x0181, 0x01A1, 0x01A1, 0x0181, 0x01A1, 0x01A2, 0x01A1, 0x01A1, 0x01A1, 0x01A1, 0x01A1, 
    0x01A1, 0x01A1, 0x01A1, 0x01A1, 0x01A1, 0x01C1, 0x01C2, 0x01C1, 0x01A1, 0x01C2, 0x01C2, 0x01C2, 
    0x01C2, 0x01C2, 0x01E2, 0x01E2, 0x01E2, 0x0202, 0x01E2, 0x01E2, 0x01E2, 0x01E2, 0x01E2, 0x01E2, 
    0x01E2, 0x01E2, 0x01E2, 0x01C2, 0x01C2, 0x01E2, 0x01E2, 0x0202, 0x0202, 0x0202, 0x0202, 0x0222, 
    0x0202, 0x0202, 0x01E2, 0x01E2, 0x01E2, 0x01E2, 0x0202, 0x0202, 0x01E2, 0x01E2, 0x01E2, 0x01E2, 
    0x01E2, 0x01E2, 0x0202, 0x0202, 0x0202, 0x01E2, 0x0202, 0x0202, 0x0202, 0x0202, 0x01E2, 0x01C2, 
    0x01C2, 0x0202, 0x0202, 0x0202, 0x0202, 0x0202, 0x0202, 0x01E2, 0x01E2, 0x01E2, 0x01E2, 0x01E2, 
    0x01C2, 0x01C2, 0x01C2, 0x01E2, 0x0202, 0x0222, 0x01E2, 0x01E2, 0x01E2, 0x01C2, 0x01E2, 0x01E2, 
    0x01E2, 0x01C2, 0x0202, 0x0202, 0x0202, 0x0202, 0x01E2, 0x01E2, 0x0202, 0x0202, 0x01E2, 0x01E2, 
    0x01E2, 0x01E2, 0x01C2, 0x01C2, 0x01E2, 0x01E2, 0x0202, 0x0202, 0x0202, 0x01E2, 0x01E2, 0x01E2, 
    0x01E2, 0x01E2, 0x01E2, 0x01C2, 0x01C2, 0x01E2, 0x01E2, 0x01C2, 0x01C2, 0x01C2, 0x01C2, 0x01C2, 
    0x01C2, 0x01C2, 0x01C2, 0x01E2, 0x01E2, 0x01C2, 0x01C1, 0x01C1, 0x01C2, 0x01C2, 0x01E2, 0x01E2, 
    0x01E2, 0x01E2, 0x01C2, 0x01C2, 0x0181, 0x0181, 0x0181, 0x01A1, 0x01A1, 0x0181, 0x0181, 0x0181, 
    0x01A1, 0x0181, 0x0161, 0x0161, 0x0161, 0x0161, 0x0181, 0x0161, 0x0181, 0x0161, 0x0141, 0x0121, 
    0x0141, 0x0161, 0x0141, 0x0141, 0x0141, 0x0141, 0x0141, 0x0141, 0x0141, 0x0121, 0x0121, 0x0121, 
    0x0101, 0x0101, 0x1961, 0x00E1, 0x00E1, 0x0020, 0x6263, 0xFE09, 0x49E3, 0x4204, 0x5244, 0x0040, 
    0x0101, 0x0141, 0x0121, 0x0121, 0x0141, 0x0141, 0x0161, 0x0161, 0x0121, 0x00E1, 0x00E1, 0x00C1, 
    0x00A1, 0x0080, 0x0080, 0x0080, 0x0080, 0x0060, 0x0060, 0x0081, 0x00C1, 0x00E1, 0x00E1, 0x00E1, 
    0x00C0, 0x00A0, 0x00A0, 0x00A1, 0x00A1, 0x00A1, 0x0080, 0x00A0, 0x0080, 0x0080, 0x0080, 0x0080, 
    0x00A0, 0x0080, 0x00A1, 0x00E1, 0x00C0, 0x00A1, 0x0080, 0x00A0, 0x0080, 0x0060, 0x0080, 0x00A0, 
    0x00A0, 0x0060, 0x0060, 0x0061, 0x0060, 0x0060, 0x0060, 0x0040, 0x0060, 0x0060, 0x0060, 0x0081, 
    0x00A0, 0x00A0, 0x00A0, 0x0080, 0x00A1, 0x00E1, 0x00E1, 0x00E1, 0x00C1, 0x00E1, 0x00C0, 0x00C0, 
    0x00A0, 0x0020, 0x7B46, 0x1080, 0xC56C, 0xAC8A, 0x0000, 0x0080, 0x00E1, 0x0000, 0x93E8, 0xEE0C, 
    0x0840, 0x7AC3, 0x1880, 0x0080, 0x00C0, 0x00C0, 0x00A0, 0x2940, 0x1101, 0x00E0, 0x0100, 0x0100, 
    0x0101, 0x0100, 0x0101, 0x0100, 0x0100, 0x0101, 0x0101, 0x0121, 0x0121, 0x0121, 0x0141, 0x0141, 
    0x0141, 0x0141, 0x0121, 0x0141, 0x0141, 0x0141, 0x0161, 0x0161, 0x0161, 0x0181, 0x0161, 0x0181, 
    0x0181, 0x0161, 0x0161, 0x0161, 0x0161, 0x0181, 0x0181, 0x0181, 0x0181, 0x0181, 0x01A1, 0x01A1, 
    0x01A2, 0x01C2, 0x01C2, 0x01A2, 0x01A1, 0x01A1, 0x0181, 0x01A1, 0x01A1, 0x01A1, 0x01A1, 0x01A1, 
    0x01A1, 0x01C1, 0x01C2, 0x01C2, 0x01A1, 0x01A1, 0x01C1, 0x01A1, 0x01C2, 0x01E2, 0x01E2, 0x01E2, 
    0x01E2, 0x01E2, 0x0202, 0x01E2, 0x01C2, 0x01E2, 0x01C1, 0x01E2, 0x01E2, 0x0202, 0x01E2, 0x01C2, 
    0x01C2, 0x01E2, 0x01E2, 0x0202, 0x0222, 0x0222, 0x0222, 0x0222, 0x0202, 0x01E2, 0x01E2, 0x01E2, 
    0x0202, 0x01E2, 0x0202, 0x0222, 0x0202, 0x01E2, 0x01E2, 0x01E2, 0x0202, 0x0202, 0x01E2, 0x0202, 
    0x01E2, 0x0202, 0x0202, 0x0202, 0x0202, 0x0202, 0x01E2, 0x01E2, 0x01E2, 0x0202, 0x0202, 0x01E2, 
    0x0202, 0x0202, 0x01E2, 0x01E2, 0x01E2, 0x0202, 0x0202, 0x0202, 0x01E2, 0x01E2, 0x01E2, 0x0202, 
    0x0222, 0x0202, 0x01E2, 0x01E2, 0x01E2, 0x01C2, 0x01C2, 0x01E2, 0x01E2, 0x01E2, 0x0202, 0x0202, 
    0x0202, 0x0202, 0x01E2, 0x0202, 0x0202, 0x0202, 0x0202, 0x0202, 0x01E2, 0x01E2, 0x01C1, 0x01C2, 
    0x01E2, 0x0202, 0x0222, 0x0202, 0x0202, 0x0202, 0x0202, 0x01E2, 0x01E2, 0x01E2, 0x01E2, 0x01E2, 
    0x01C2, 0x01C1, 0x01C1, 0x01C2, 0x01C2, 0x01A2, 0x01C2, 0x01C2, 0x01C2, 0x01E2, 0x01E2, 0x0202, 
    0x01E2, 0x01C1, 0x01C2, 0x01C1, 0x01C2, 0x01C1, 0x01C2, 0x01C2, 0x01C2, 0x01C2, 0x01C2, 0x01A1, 
    0x01A1, 0x0181, 0x01A1, 0x01A2, 0x0181, 0x0181, 0x0181, 0x0181, 0x0181, 0x0181, 0x0181, 0x0181, 
    0x0181, 0x0161, 0x0181, 0x0181, 0x0181, 0x0181, 0x0161, 0x0141, 0x0141, 0x0161, 0x0161, 0x0161, 
    0x0141, 0x0141, 0x0141, 0x0141, 0x0141, 0x0141, 0x0121, 0x0121, 0x0121, 0x0121, 0x1981, 0x00E1, 
    0x00E1, 0x0020, 0x6A84, 0xFE29, 0x5203, 0x41E3, 0x5244, 0x0040, 0x0101, 0x0141, 0x0141, 0x0141, 
    0x0161, 0x0161, 0x0141, 0x0141, 0x0141, 0x0121, 0x0141, 0x0141, 0x0121, 0x0121, 0x0121, 0x0141, 
    0x0121, 0x0121, 0x0121, 0x0141, 0x0141, 0x0141, 0x0121, 0x0121, 0x0141, 0x0141, 0x0141, 0x0121, 
    0x0121, 0x0121, 0x0121, 0x0141, 0x0141, 0x0121, 0x0121, 0x0101, 0x0141, 0x0141, 0x0121, 0x0161, 
    0x0141, 0x0121, 0x0121, 0x0121, 0x0101, 0x0101, 0x0101, 0x0121, 0x0121, 0x0121, 0x00E1, 0x00E1, 
    0x00E1, 0x00E1, 0x00C1, 0x00C1, 0x00C1, 0x00C1, 0x00E1, 0x00E1, 0x0101, 0x00E1, 0x00E1, 0x00C1, 
    0x00C1, 0x00E1, 0x00E1, 0x00E1, 0x00E1, 0x00C1, 0x00C0, 0x00A0, 0x00A0, 0x0000, 0x7B46, 0x1080, 
    0xC54C, 0xAC8A, 0x0000, 0x0080, 0x00C0, 0x0000, 0x93C7, 0xEE0C, 0x0840, 0x7AE4, 0x1080, 0x0080, 
    0x00C0, 0x00E0, 0x00C0, 0x2161, 0x0901, 0x00E0, 0x0100, 0x0100, 0x0100, 0x0100, 0x0101, 0x0101, 
    0x0101, 0x0101, 0x0101, 0x0100, 0x0100, 0x0121, 0x0141, 0x0141, 0x0141, 0x0141, 0x0121, 0x0121, 
    0x0141, 0x0141, 0x0161, 0x0161, 0x0181, 0x0181, 0x0181, 0x0181, 0x0181, 0x0161, 0x0161, 0x0161, 
    0x0181, 0x0181, 0x01A1, 0x0181, 0x0181, 0x0181, 0x0181, 0x01A1, 0x01C2, 0x01A1, 0x01C2, 0x01C2, 
    0x01A1, 0x01A1, 0x01A1, 0x01A2, 0x01A2, 0x01A1, 0x01C1, 0x01C2, 0x01C2, 0x01C2, 0x01E2, 0x01C2, 
    0x01A2, 0x01A1, 0x01C1, 0x01A1, 0x01C1, 0x01E2, 0x0202, 0x0202, 0x01E2, 0x01E2, 0x01E2, 0x01E2, 
    0x01C1, 0x01E2, 0x01E2, 0x01E2, 0x01E2, 0x01E2, 0x0202, 0x01E2, 0x01E2, 0x01C2, 0x01E2, 0x0202, 
    0x0222, 0x0202, 0x0202, 0x0202, 0x0202, 0x0202, 0x0202, 0x0202, 0x0202, 0x0202, 0x0222, 0x0222, 
    0x0243, 0x0222, 0x0202, 0x0202, 0x0222, 0x0202, 0x0202, 0x01E2, 0x01C1, 0x01E2, 0x01E2, 0x0202, 
    0x0202, 0x0222, 0x0202, 0x01E2, 0x01E2, 0x0202, 0x0202, 0x0202, 0x0202, 0x0202, 0x0202, 0x01E2, 
    0x0202, 0x0202, 0x0202, 0x01E2, 0x0202, 0x01E2, 0x0202, 0x0202, 0x0222, 0x0202, 0x01E2, 0x01E2, 
    0x01E2, 0x01C2, 0x01C1, 0x01E2, 0x01E2, 0x0202, 0x0202, 0x0202, 0x0202, 0x0222, 0x0202, 0x0202, 
    0x0202, 0x01E2, 0x0202, 0x0202, 0x0202, 0x0202, 0x01E2, 0x01E2, 0x0202, 0x0202, 0x0202, 0x0202, 
    0x0202, 0x01E2, 0x0202, 0x01E2, 0x01E2, 0x01E2, 0x01E2, 0x01C2, 0x01C2, 0x01C2, 0x01C1, 0x01A1, 
    0x01A1, 0x01A1, 0x01C1, 0x01C2, 0x01C2, 0x01E2, 0x0202, 0x0202, 0x0202, 0x01E2, 0x01C2, 0x01C1, 
    0x01C2, 0x01C2, 0x01C2, 0x01E2, 0x01C2, 0x01C1, 0x01A1, 0x01A1, 0x01C2, 0x01C2, 0x01A1, 0x01C2, 
    0x01A2, 0x01A1, 0x01A1, 0x0181, 0x0181, 0x0181, 0x0181, 0x0181, 0x01A1, 0x01A1, 0x01A1, 0x01A1, 
    0x0181, 0x0181, 0x0181, 0x0161, 0x0161, 0x0161, 0x0161, 0x0161, 0x0141, 0x0161, 0x0141, 0x0141, 
    0x0141, 0x0141, 0x0141, 0x0141, 0x0121, 0x0121, 0x1981, 0x00E1, 0x0101, 0x0020, 0x6AA4, 0xFE4A, 
    0x5203, 0x4204, 0x5264, 0x0020, 0x0101, 0x0121, 0x0121, 0x0141, 0x0141, 0x0141, 0x0162, 0x0182, 
    0x0182, 0x0141, 0x0161, 0x0181, 0x0141, 0x0121, 0x0141, 0x0161, 0x0121, 0x0121, 0x0141, 0x0161, 
    0x0121, 0x0101, 0x0101, 0x0121, 0x0141, 0x0141, 0x0141, 0x0141, 0x0141, 0x0121, 0x0121, 0x0141, 
    0x0161, 0x0141, 0x0141, 0x0141, 0x0161, 0x0141, 0x0121, 0x0141, 0x0141, 0x0121, 0x0121, 0x0141, 
    0x0121, 0x0121, 0x0101, 0x0121, 0x0141, 0x0101, 0x00E1, 0x00E1, 0x0101, 0x00E1, 0x00C1, 0x00C1, 
    0x00C1, 0x00E1, 0x00E1, 0x00C1, 0x00E1, 0x00E1, 0x00C1, 0x00C1, 0x00C1, 0x00E1, 0x00E1, 0x00C1, 
    0x00A0, 0x00C1, 0x00C0, 0x00A0, 0x00A0, 0x0020, 0x7B87, 0x1081, 0xC54B, 0xAC69, 0x0000, 0x0060, 
    0x00C0, 0x0000, 0x9386, 0xEDCB, 0x0840, 0x8B66, 0x18A1, 0x0080, 0x00C0, 0x00C0, 0x00C0, 0x2141, 
    0x0921, 0x00E0, 0x0101, 0x0101, 0x0100, 0x0100, 0x0101, 0x0101, 0x0121, 0x0121, 0x0101, 0x00E0, 
    0x0100, 0x0121, 0x0141, 0x0141, 0x0141, 0x0141, 0x0121, 0x0121, 0x0121, 0x0141, 0x0161, 0x0181, 
    0x0181, 0x01A1, 0x01A1, 0x0181, 0x0161, 0x0161, 0x0161, 0x0161, 0x0181, 0x0181, 0x01A1, 0x01A1, 
    0x01A1, 0x0181, 0x0181, 0x01A1, 0x01C2, 0x01A1, 0x01C2, 0x01A2, 0x01A1, 0x01A1, 0x01A1, 0x01A1, 
    0x01A1, 0x01A1, 0x01C2, 0x01C2, 0x01C2, 0x01C2, 0x01C2, 0x01C2, 0x01C2, 0x01C1, 0x01A1, 0x01E2, 
    0x01E2, 0x01E2, 0x01E2, 0x01E2, 0x01E2, 0x01E2, 0x01C2, 0x01C1, 0x01E2, 0x01E2, 0x01E2, 0x01E2, 
    0x01E2, 0x01E2, 0x01E2, 0x01E2, 0x01E2, 0x01E2, 0x01E2, 0x0202, 0x0222, 0x0202, 0x0202, 0x0202, 
    0x01E2, 0x0202, 0x0222, 0x0202, 0x0202, 0x0202, 0x0222, 0x0222, 0x0222, 0x0202, 0x0202, 0x0202, 
    0x0202, 0x0202, 0x0202, 0x01E2, 0x01E2, 0x01E2, 0x0202, 0x0202, 0x0202, 0x0222, 0x0222, 0x0202, 
    0x01E2, 0x0202, 0x0202, 0x0202, 0x0202, 0x0222, 0x0222, 0x0222, 0x0202, 0x0202, 0x0202, 0x01E2, 
    0x0202, 0x0202, 0x0202, 0x0202, 0x0202, 0x0202, 0x01E2, 0x01E2, 0x01E2, 0x01E2, 0x01E2, 0x01E2, 
    0x01E2, 0x01E2, 0x0202, 0x0222, 0x0202, 0x0202, 0x0202, 0x0202, 0x0202, 0x0202, 0x01E2, 0x01E2, 
    0x0202, 0x0202, 0x01E2, 0x01C2, 0x01E2, 0x01E2, 0x0202, 0x0202, 0x0202, 0x01E2, 0x01E2, 0x0202, 
    0x0202, 0x01E2, 0x01E2, 0x01C2, 0x01C2, 0x01E2, 0x01E2, 0x01E2, 0x01A1, 0x01A1, 0x01A1, 0x01C1, 
    0x01A1, 0x01C1, 0x01E2, 0x01E2, 0x01E2, 0x01C2, 0x01C1, 0x01C2, 0x01C2, 0x01E2, 0x01C2, 0x01E2, 
    0x01E2, 0x01C1, 0x01A1, 0x01C1, 0x01C2, 0x01C2, 0x01A2, 0x01A1, 0x01A1, 0x01A1, 0x01A1, 0x01A1, 
    0x0181, 0x0181, 0x0181, 0x01A1, 0x01A1, 0x01A1, 0x01A1, 0x0181, 0x0181, 0x0181, 0x0161, 0x0161, 
    0x0181, 0x0181, 0x0181, 0x0161, 0x0141, 0x0141, 0x0141, 0x0141, 0x0141, 0x0141, 0x0141, 0x0141, 
    0x0121, 0x0101, 0x1161, 0x00E1, 0x00E1, 0x0020, 0x6A84, 0xFE6A, 0x5203, 0x4224, 0x5264, 0x0040, 
    0x0101, 0x00E1, 0x0121, 0x0121, 0x0101, 0x0141, 0x01A2, 0x01A2, 0x0182, 0x0101, 0x0141, 0x0181, 
    0x0161, 0x0141, 0x0141, 0x0141, 0x0121, 0x0121, 0x0121, 0x0141, 0x0121, 0x0141, 0x0121, 0x0141, 
    0x0161, 0x0141, 0x0121, 0x0121, 0x0141, 0x0141, 0x0141, 0x0141, 0x0161, 0x0161, 0x0161, 0x0161, 
    0x0141, 0x0141, 0x0141, 0x0141, 0x0141, 0x0121, 0x0141, 0x0121, 0x0121, 0x0121, 0x0101, 0x0101, 
    0x0121, 0x0101, 0x00E1, 0x0101, 0x0101, 0x00E1, 0x00E1, 0x00E1, 0x0101, 0x0121, 0x00E1, 0x00C1, 
    0x0101, 0x00E1, 0x00E1, 0x00C1, 0x00C1, 0x00E1, 0x0101, 0x00C1, 0x0080, 0x00A0, 0x00A0, 0x00A0, 
    0x00A0, 0x0020, 0x7B67, 0x1080, 0xC52B, 0xAC69, 0x0000, 0x0060, 0x00C0, 0x0000, 0x8B45, 0xE589, 
    0x0840, 0x8B67, 0x18A1, 0x0060, 0x00C0, 0x00C0, 0x00C0, 0x1941, 0x0901, 0x00E0, 0x0101, 0x0101, 
    0x0101, 0x0121, 0x0121, 0x0121, 0x0121, 0x0121, 0x0121, 0x0100, 0x0100, 0x0141, 0x0141, 0x0141, 
    0x0141, 0x0141, 0x0141, 0x0121, 0x0141, 0x0141, 0x0161, 0x0181, 0x0181, 0x01A1, 0x01A1, 0x0181, 
    0x0161, 0x0161, 0x0161, 0x0181, 0x0181, 0x0181, 0x01A1, 0x01A1, 0x01A1, 0x01A1, 0x01A1, 0x01A1, 
    0x01A1, 0x01A1, 0x01C2, 0x01A1, 0x01A1, 0x01A1, 0x01A1, 0x01A1, 0x01A1, 0x01C1, 0x01C2, 0x01A1, 
    0x01C2, 0x01C2, 0x01C1, 0x01C2, 0x01E2, 0x01C2, 0x01C2, 0x0202, 0x0202, 0x0202, 0x0202, 0x01E2, 
    0x01C1, 0x01C2, 0x01E2, 0x01E2, 0x01E2, 0x01E2, 0x01E2, 0x0202, 0x01E2, 0x01E2, 0x01E2, 0x01E2, 
    0x01C2, 0x01E2, 0x01E2, 0x0202, 0x0222, 0x01E2, 0x01E2, 0x01E2, 0x01E2, 0x01E2, 0x0202, 0x0202, 
    0x0202, 0x01E2, 0x0202, 0x0223, 0x0202, 0x0202, 0x0202, 0x0202, 0x0222, 0x0202, 0x0202, 0x01E2, 
    0x01E2, 0x0202, 0x0202, 0x0222, 0x0202, 0x0202, 0x0222, 0x0202, 0x0202, 0x0202, 0x0202, 0x0202, 
    0x0202, 0x0202, 0x0222, 0x0202, 0x0202, 0x0202, 0x0202, 0x0202, 0x0222, 0x0202, 0x0202, 0x0202, 
    0x0202, 0x01E2, 0x01E2, 0x01E2, 0x01E2, 0x01E2, 0x01E2, 0x01E2, 0x01E2, 0x01E2, 0x0202, 0x0202, 
    0x0202, 0x0202, 0x01E2, 0x0202, 0x0202, 0x0202, 0x01E2, 0x0202, 0x0202, 0x0202, 0x01E2, 0x01E2, 
    0x01E2, 0x01E2, 0x0202, 0x0202, 0x0202, 0x01E2, 0x01E2, 0x01E2, 0x0202, 0x01C2, 0x01C2, 0x01C2, 
    0x01C2, 0x01E2, 0x0202, 0x01E2, 0x01C1, 0x01C1, 0x01A1, 0x01A1, 0x01A1, 0x01A1, 0x01C2, 0x01E2, 
    0x01E2, 0x01C2, 0x01C2, 0x01C1, 0x01C2, 0x01C2, 0x01C2, 0x01C2, 0x01E2, 0x01C2, 0x01C2, 0x01C2, 
    0x01C2, 0x01C2, 0x01A2, 0x01C1, 0x01A1, 0x01A2, 0x01A1, 0x01A1, 0x01A1, 0x0181, 0x01A1, 0x01A1, 
    0x0181, 0x01A1, 0x01A1, 0x01A1, 0x0181, 0x0181, 0x0161, 0x0161, 0x0161, 0x0181, 0x0181, 0x0161, 
    0x0141, 0x0141, 0x0141, 0x0141, 0x0141, 0x0141, 0x0121, 0x0121, 0x0121, 0x0101, 0x1141, 0x00E1, 
    0x00E1, 0x0020, 0x6AA4, 0xFE8B, 0x51E3, 0x4204, 0x5264, 0x0040, 0x0101, 0x0101, 0x0141, 0x0121, 
    0x0101, 0x0161, 0x01A2, 0x01A2, 0x0141, 0x0101, 0x0121, 0x0141, 0x0181, 0x0141, 0x0141, 0x0141, 
    0x0121, 0x0121, 0x0101, 0x00E1, 0x00E0, 0x0141, 0x0141, 0x0141, 0x0141, 0x00E1, 0x00E1, 0x0101, 
    0x0101, 0x0121, 0x0121, 0x0161, 0x0161, 0x0161, 0x0161, 0x0101, 0x00E1, 0x0101, 0x0101, 0x00E0, 
    0x0141, 0x0161, 0x0121, 0x0101, 0x0121, 0x00A0, 0x0060, 0x0080, 0x00C0, 0x00A0, 0x00A0, 0x00A0, 
    0x00A0, 0x00E1, 0x00C1, 0x00E1, 0x0121, 0x0101, 0x00E1, 0x00E1, 0x00E1, 0x00C1, 0x0101, 0x0101, 
    0x00C1, 0x00C1, 0x0101, 0x00C1, 0x0080, 0x00A0, 0x00A0, 0x00A0, 0x00A0, 0x0020, 0x7B46, 0x1060, 
    0xC52B, 0xAC49, 0x0000, 0x0080, 0x00A0, 0x0000, 0x8B66, 0xE569, 0x0840, 0x8B87, 0x18A1, 0x0080, 
    0x00C0, 0x00E0, 0x00C0, 0x1941, 0x0901, 0x00E1, 0x0101, 0x0101, 0x0101, 0x0121, 0x0121, 0x0121, 
    0x0121, 0x0141, 0x0121, 0x0121, 0x0121, 0x0141, 0x0161, 0x0161, 0x0141, 0x0141, 0x0141, 0x0161, 
    0x0141, 0x0161, 0x0161, 0x0161, 0x0181, 0x0181, 0x01A1, 0x01A1, 0x0181, 0x0161, 0x0161, 0x0161, 
    0x0161, 0x01A1, 0x01A1, 0x01C1, 0x01C1, 0x01A1, 0x01A1, 0x01A1, 0x01A1, 0x01C2, 0x01C1, 0x01A1, 
    0x01A1, 0x01A1, 0x01A1, 0x01A1, 0x01A1, 0x01C2, 0x01C2, 0x01C2, 0x01C2, 0x01C2, 0x01C2, 0x01E2, 
    0x01E2, 0x01E2, 0x01C2, 0x01E2, 0x0202, 0x01E2, 0x0202, 0x0202, 0x01E2, 0x01C2, 0x01C2, 0x01E2, 
    0x0202, 0x0202, 0x0202, 0x0202, 0x01E2, 0x01E2, 0x01E2, 0x01E2, 0x01E2, 0x01E2, 0x0202, 0x0202, 
    0x0202, 0x0202, 0x01E2, 0x01E2, 0x01E2, 0x01E2, 0x0202, 0x0202, 0x0202, 0x01E2, 0x0202, 0x0222, 
    0x0222, 0x0202, 0x0202, 0x0202, 0x01E2, 0x01E2, 0x0202, 0x0202, 0x01E2, 0x0202, 0x0202, 0x0222, 
    0x0222, 0x0202, 0x0202, 0x0202, 0x0202, 0x0222, 0x0202, 0x0202, 0x0202, 0x0223, 0x0242, 0x0222, 
    0x0222, 0x0202, 0x0202, 0x0222, 0x0222, 0x0222, 0x0202, 0x0202, 0x0202, 0x01E2, 0x01E2, 0x0202, 
    0x0202, 0x0202, 0x01E2, 0x0202, 0x01E2, 0x01E2, 0x01E2, 0x01E2, 0x0202, 0x0202, 0x0202, 0x0202, 
    0x0222, 0x0202, 0x0202, 0x0202, 0x0222, 0x0222, 0x0202, 0x0202, 0x01E2, 0x01E2, 0x01E2, 0x0202, 
    0x0202, 0x01E2, 0x01E2, 0x01E2, 0x01E2, 0x01C1, 0x01C1, 0x01C2, 0x01E2, 0x01E2, 0x0202, 0x0202, 
    0x01E2, 0x01C2, 0x01A1, 0x01A2, 0x01A1, 0x01C1, 0x01C2, 0x01C2, 0x01C2, 0x01C1, 0x01C2, 0x01C1, 
    0x01C2, 0x01C2, 0x01C2, 0x01C2, 0x01E2, 0x01C2, 0x01C2, 0x01C2, 0x01C1, 0x01C2, 0x01C2, 0x01C2, 
    0x01A1, 0x0181, 0x01A1, 0x01A1, 0x01A1, 0x01A1, 0x01A1, 0x01A1, 0x01A1, 0x01A1, 0x01A1, 0x0181, 
    0x0181, 0x0181, 0x0181, 0x0161, 0x0161, 0x0181, 0x0161, 0x0161, 0x0161, 0x0161, 0x0141, 0x0141, 
    0x0141, 0x0121, 0x0121, 0x0121, 0x0121, 0x0101, 0x1121, 0x00E1, 0x00E1, 0x0020, 0x6AA4, 0xFE8B, 
    0x5203, 0x4204, 0x5264, 0x0040, 0x0101, 0x0121, 0x0141, 0x0121, 0x0121, 0x0181, 0x01A2, 0x0141, 
    0x0121, 0x0141, 0x0141, 0x0161, 0x0181, 0x0161, 0x0121, 0x0121, 0x0121, 0x0101, 0x29C2, 0x31E4, 
    0x4244, 0x1162, 0x0101, 0x0141, 0x00C1, 0x2142, 0x00C1, 0x00C1, 0x1962, 0x3203, 0x2A03, 0x0161, 
    0x0141, 0x0141, 0x00E1, 0x1922, 0x00C1, 0x00A0, 0x1942, 0x3203, 0x0141, 0x0961, 0x3223, 0x21A2, 
    0x00A0, 0x1922, 0x4204, 0x3162, 0x08A1, 0x2983, 0x31A3, 0x3A04, 0x31E3, 0x00E1, 0x00E1, 0x00E1, 
    0x0101, 0x00C1, 0x00C1, 0x00C1, 0x00E1, 0x00E1, 0x00E1, 0x00E1, 0x00E1, 0x00E1, 0x0101, 0x00E1, 
    0x00A0, 0x00A0, 0x00A0, 0x00A0, 0x00A0, 0x0020, 0x7B05, 0x1060, 0xCD4B, 0xAC49, 0x0000, 0x0080, 
    0x00A0, 0x0000, 0x8B86, 0xE569, 0x0860, 0x8BA7, 0x18A1, 0x0080, 0x00C0, 0x00E0, 0x00E0, 0x1141, 
    0x0921, 0x0101, 0x0101, 0x0121, 0x0121, 0x0121, 0x0101, 0x0121, 0x0121, 0x0121, 0x0121, 0x0121, 
    0x0141, 0x0141, 0x0161, 0x0161, 0x0161, 0x0161, 0x0161, 0x0161, 0x0161, 0x0161, 0x0161, 0x0161, 
    0x0161, 0x0181, 0x01A1, 0x01A1, 0x0181, 0x0181, 0x0181, 0x0161, 0x0161, 0x0181, 0x01A1, 0x01C2, 
    0x01C2, 0x01C2, 0x01C2, 0x01C2, 0x01A1, 0x01C2, 0x01C2, 0x01C2, 0x01A1, 0x01A1, 0x01A1, 0x01C2, 
    0x01C1, 0x01C2, 0x01C2, 0x01C2, 0x01C2, 0x01C2, 0x01C2, 0x01E2, 0x01E2, 0x01E2, 0x01E2, 0x01C2, 
    0x01E2, 0x01E2, 0x01E2, 0x0202, 0x01E2, 0x01E2, 0x01E2, 0x01E2, 0x0202, 0x0202, 0x0202, 0x01E2, 
    0x01E2, 0x01E2, 0x0202, 0x0202, 0x0202, 0x0202, 0x0202, 0x01E2, 0x0202, 0x0222, 0x0202, 0x0202, 
    0x0202, 0x0202, 0x0202, 0x0202, 0x0202, 0x01C1, 0x01E1, 0x0202, 0x0202, 0x0202, 0x0202, 0x0202, 
    0x0202, 0x01E2, 0x01E2, 0x0202, 0x0202, 0x0222, 0x0222, 0x0243, 0x0222, 0x0202, 0x01E2, 0x01E2, 
    0x0202, 0x0222, 0x0202, 0x0202, 0x0222, 0x0242, 0x0243, 0x0242, 0x0222, 0x0242, 0x0202, 0x0202, 
    0x0222, 0x0222, 0x0202, 0x0202, 0x0202, 0x01E2, 0x01E2, 0x0222, 0x0202, 0x01E2, 0x0202, 0x01E2, 
    0x01E2, 0x01E2, 0x01E2, 0x0202, 0x0202, 0x0202, 0x0202, 0x0222, 0x0222, 0x0202, 0x0202, 0x01E2, 
    0x0222, 0x0222, 0x0222, 0x0202, 0x01C2, 0x01E2, 0x01E2, 0x0202, 0x0202, 0x01E2, 0x01E2, 0x01E2, 
    0x01E2, 0x01E2, 0x01C2, 0x01E2, 0x01E2, 0x01C2, 0x01E2, 0x0202, 0x0202, 0x01E2, 0x01C2, 0x01E2, 
    0x01C2, 0x01C1, 0x01C1, 0x01C2, 0x01A1, 0x01A1, 0x01C2, 0x01C1, 0x01A1, 0x01C2, 0x01C2, 0x01C2, 
    0x01C2, 0x01C1, 0x01C2, 0x01C2, 0x01C2, 0x01A1, 0x01A1, 0x01A1, 0x0181, 0x0181, 0x0181, 0x01A1, 
    0x01A2, 0x01A1, 0x01A1, 0x01A1, 0x0181, 0x0181, 0x0181, 0x0181, 0x0181, 0x0181, 0x0181, 0x0181, 
    0x0181, 0x0161, 0x0161, 0x0161, 0x0161, 0x0161, 0x0161, 0x0141, 0x0141, 0x0121, 0x0121, 0x0121, 
    0x0121, 0x0121, 0x0941, 0x00E1, 0x0101, 0x0020, 0x6284, 0xFEAB, 0x5203, 0x4224, 0x5264, 0x0040, 
    0x0121, 0x0101, 0x0121, 0x0121, 0x0101, 0x0161, 0x01A1, 0x0161, 0x0141, 0x0182, 0x0181, 0x0182, 
    0x09A2, 0x0182, 0x0141, 0x0121, 0x0121, 0x0040, 0x8B65, 0xDD6A, 0x6285, 0xE5CC, 0x3203, 0x00C0, 
    0x31A3, 0xEDEB, 0x2142, 0x0080, 0x29A2, 0xF64D, 0x7326, 0x00C0, 0x0121, 0x0080, 0x2942, 0xEE0C, 
    0x2142, 0x0060, 0x2182, 0xFE6D, 0x9C49, 0x0020, 0xA469, 0x39A3, 0x4204, 0xD56B, 0x5224, 0xA3C7, 
    0x51E3, 0x93C8, 0xC50A, 0x5224, 0xB489, 0x08E1, 0x0040, 0x00A0, 0x00C1, 0x00C1, 0x00C1, 0x00E1, 
    0x0121, 0x0121, 0x0101, 0x00E1, 0x00C1, 0x00C1, 0x0101, 0x00E1, 0x00A0, 0x0080, 0x00A0, 0x00A0, 
    0x00A0, 0x0020, 0x7B04, 0x1060, 0xCD4B, 0xAC49, 0x0000, 0x0060, 0x00C0, 0x0000, 0x8B45, 0xE569, 
    0x0840, 0x8BE8, 0x18C1, 0x0080, 0x00C0, 0x00E0, 0x00E0, 0x1141, 0x0121, 0x00E0, 0x0100, 0x0121, 
    0x0101, 0x0121, 0x0121, 0x0121, 0x0121, 0x0121, 0x0121, 0x0121, 0x0141, 0x0141, 0x0141, 0x0161, 
    0x0161, 0x0161, 0x0161, 0x0161, 0x0161, 0x0161, 0x0181, 0x0161, 0x0161, 0x0181, 0x0181, 0x0181, 
    0x0181, 0x01A1, 0x01A1, 0x0181, 0x0181, 0x0181, 0x01A1, 0x01A2, 0x01C2, 0x01C2, 0x01A1, 0x01A1, 
    0x01A1, 0x01A1, 0x01C1, 0x01A1, 0x01A1, 0x01A1, 0x01A1, 0x01A1, 0x01A1, 0x01C2, 0x01C2, 0x01C2, 
    0x01E2, 0x01C2, 0x01C2, 0x01E2, 0x01E2, 0x01C2, 0x01E2, 0x01C2, 0x01E2, 0x01C2, 0x01E2, 0x01E2, 
    0x01E2, 0x01E2, 0x01E2, 0x01E2, 0x01E2, 0x01E2, 0x01E2, 0x01E2, 0x01C2, 0x01E2, 0x01E2, 0x01E2, 
    0x0202, 0x0202, 0x01E2, 0x01E2, 0x0202, 0x0202, 0x0202, 0x0202, 0x0202, 0x0202, 0x0202, 0x0202, 
    0x0202, 0x01C1, 0x01E1, 0x0222, 0x0222, 0x0222, 0x0202, 0x0202, 0x0202, 0x01E2, 0x0202, 0x0202, 
    0x0222, 0x0222, 0x0222, 0x0222, 0x0222, 0x0202, 0x0222, 0x0222, 0x0242, 0x0222, 0x0202, 0x0202, 
    0x0222, 0x0222, 0x0222, 0x0222, 0x0222, 0x0222, 0x0202, 0x0202, 0x0222, 0x0222, 0x0202, 0x0202, 
    0x0202, 0x01E2, 0x01E2, 0x0202, 0x0222, 0x0222, 0x01E2, 0x01E2, 0x01E2, 0x01E2, 0x0202, 0x01E2, 
    0x01E2, 0x0202, 0x0222, 0x0222, 0x0202, 0x0202, 0x0202, 0x01E2, 0x0202, 0x0222, 0x0202, 0x0202, 
    0x01E2, 0x01E2, 0x01E2, 0x01E2, 0x01E2, 0x0202, 0x0202, 0x01E2, 0x01C2, 0x01C2, 0x01E2, 0x01C2, 
    0x01C2, 0x01C2, 0x01E2, 0x0202, 0x01E2, 0x01E2, 0x01E2, 0x01E2, 0x01E2, 0x01C2, 0x01C2, 0x01A1, 
    0x01A1, 0x01C1, 0x01A1, 0x01C2, 0x01C2, 0x01C2, 0x01C2, 0x01C2, 0x01C2, 0x01C2, 0x01C2, 0x01C2, 
    0x01A1, 0x01A1, 0x01A1, 0x01A1, 0x0181, 0x0181, 0x0181, 0x0181, 0x01A1, 0x01A1, 0x01A1, 0x01A1, 
    0x0181, 0x0181, 0x0181, 0x0161, 0x0181, 0x0181, 0x0181, 0x0181, 0x0161, 0x0161, 0x0161, 0x0161, 
    0x0141, 0x0161, 0x0141, 0x0141, 0x0141, 0x0121, 0x0121, 0x0121, 0x0121, 0x0121, 0x0921, 0x00E1, 
    0x0101, 0x0020, 0x6A84, 0xFEAB, 0x5203, 0x4A44, 0x5284, 0x0040, 0x0101, 0x0101, 0x0121, 0x0101, 
    0x00E1, 0x0121, 0x01A1, 0x0161, 0x0161, 0x0161, 0x0181, 0x0182, 0x01A2, 0x0181, 0x0161, 0x0101, 
    0x0101, 0x0020, 0x5A23, 0xC4A7, 0x0860, 0xDD28, 0x39C2, 0x0040, 0x62A4, 0xE5AA, 0x7325, 0x0080, 
    0x0901, 0xEDAA, 0x41C3, 0x0040, 0x0101, 0x0060, 0x5A63, 0xE5AA, 0x8387, 0x0080, 0x0901, 0xAC26, 
    0xFE0A, 0x41C3, 0x5245, 0x1081, 0xCCE8, 0x8365, 0x0000, 0x1962, 0x18A1, 0x8305, 0xB448, 0x1081, 
    0x3162, 0x18E1, 0x9C08, 0x10E1, 0x00A0, 0x0121, 0x0101, 0x0101, 0x0121, 0x0121, 0x0121, 0x0101, 
    0x00C1, 0x00C1, 0x00E1, 0x00C1, 0x00A0, 0x00A0, 0x00A0, 0x00A0, 0x00A0, 0x0020, 0x7B05, 0x1060, 
    0xC52A, 0xA408, 0x0000, 0x0060, 0x00C1, 0x0000, 0x8345, 0xE549, 0x0840, 0x8BC7, 0x18C1, 0x0080, 
    0x00C0, 0x00E0, 0x00E0, 0x0921, 0x0121, 0x0101, 0x0100, 0x0101, 0x0121, 0x0121, 0x0141, 0x0141, 
    0x0121, 0x0121, 0x0121, 0x0121, 0x0121, 0x0141, 0x0161, 0x0141, 0x0161, 0x0161, 0x0161, 0x0161, 
    0x0161, 0x0161, 0x0181, 0x0181, 0x0181, 0x0161, 0x0181, 0x0181, 0x0181, 0x01A1, 0x01A1, 0x01A2, 
    0x01A1, 0x0181, 0x01A1, 0x01C2, 0x01A1, 0x01A2, 0x01A1, 0x01A1, 0x01A1, 0x01A2, 0x01A1, 0x01A1, 
    0x01A1, 0x01C2, 0x01A1, 0x0181, 0x01A1, 0x01C2, 0x01C2, 0x01C2, 0x01C2, 0x01E2, 0x01C2, 0x01C2, 
    0x01E2, 0x01E2, 0x01E2, 0x01E2, 0x0202, 0x01E2, 0x01E2, 0x01E2, 0x01E2, 0x01C1, 0x01E2, 0x01E2, 
    0x01E2, 0x01E2, 0x0202, 0x01E2, 0x01E2, 0x01E2, 0x0202, 0x0202, 0x0202, 0x0202, 0x01E2, 0x01C1, 
    0x01E2, 0x01E2, 0x0202, 0x0202, 0x01E2, 0x01E2, 0x01E2, 0x01E2, 0x0202, 0x01E2, 0x0202, 0x0222, 
    0x0202, 0x0202, 0x0202, 0x0202, 0x0202, 0x0202, 0x0202, 0x0202, 0x0222, 0x0202, 0x0202, 0x0202, 
    0x0222, 0x0243, 0x0243, 0x0222, 0x0222, 0x0202, 0x0202, 0x0222, 0x0202, 0x0222, 0x0222, 0x0222, 
    0x0202, 0x0222, 0x0202, 0x0202, 0x0222, 0x0222, 0x0222, 0x0202, 0x0202, 0x01E2, 0x01E2, 0x01E2, 
    0x0202, 0x0202, 0x01E2, 0x01E2, 0x01C2, 0x01E2, 0x0202, 0x01E2, 0x0202, 0x0202, 0x0202, 0x0222, 
    0x0202, 0x0202, 0x01E2, 0x0202, 0x0202, 0x0202, 0x0202, 0x0202, 0x01E2, 0x01E2, 0x01E2, 0x01E2, 
    0x01E2, 0x0202, 0x0202, 0x0202, 0x01E2, 0x01C1, 0x01C1, 0x01C2, 0x01C2, 0x01C2, 0x01C2, 0x01E2, 
    0x01E2, 0x01E2, 0x01E2, 0x01E2, 0x01E2, 0x01E2, 0x01E2, 0x01C2, 0x01C2, 0x01C2, 0x01C1, 0x01A1, 
    0x01C2, 0x01C2, 0x01C2, 0x01A1, 0x01A1, 0x01C2, 0x01C2, 0x01C1, 0x01A1, 0x0181, 0x01A1, 0x01A1, 
    0x0181, 0x0181, 0x0181, 0x01A1, 0x01A1, 0x0181, 0x01A1, 0x0181, 0x0181, 0x0181, 0x0181, 0x0181, 
    0x0181, 0x0181, 0x0181, 0x0181, 0x0161, 0x0161, 0x0161, 0x0161, 0x0141, 0x0141, 0x0161, 0x0141, 
    0x0141, 0x0121, 0x0121, 0x0121, 0x0141, 0x0121, 0x0121, 0x0101, 0x0101, 0x0020, 0x6AA4, 0xFEAB, 
    0x49E3, 0x4223, 0x5264, 0x0040, 0x0101, 0x0121, 0x0121, 0x0101, 0x00E1, 0x0121, 0x01A1, 0x0181, 
    0x0181, 0x0161, 0x0141, 0x0141, 0x0161, 0x0141, 0x0141, 0x0121, 0x0121, 0x0080, 0x6243, 0xD4C7, 
    0x8B04, 0xABE5, 0x10A1, 0x0880, 0x8345, 0x9366, 0xD509, 0x00A0, 0x1101, 0xDD27, 0x49C3, 0x0020, 
    0x0080, 0x1941, 0x8B85, 0x93A6, 0xDD8A, 0x0080, 0x18E1, 0x6283, 0x7AC3, 0xE528, 0x7326, 0x2101, 
    0xE568, 0x5AA4, 0x00C0, 0x0121, 0x0020, 0x9365, 0xCCA7, 0xAC47, 0x3962, 0x0840, 0x9BC7, 0x10C1, 
    0x00E1, 0x0121, 0x0101, 0x0101, 0x0101, 0x0101, 0x0101, 0x0101, 0x00E1, 0x00E1, 0x00E1, 0x00C1, 
    0x00A0, 0x00A0, 0x00A0, 0x00A0, 0x00A0, 0x0020, 0x7AE5, 0x1060, 0xC52A, 0xA428, 0x0000, 0x0060, 
    0x00E1, 0x0020, 0x8B66, 0xE569, 0x0860, 0x8B66, 0x18A1, 0x0060, 0x00C0, 0x00C0, 0x00E0, 0x0101, 
    0x0121, 0x0101, 0x0101, 0x0101, 0x0121, 0x0141, 0x0141, 0x0141, 0x0121, 0x0121, 0x0121, 0x0121, 
    0x0141, 0x0161, 0x0161, 0x0161, 0x0161, 0x0161, 0x0161, 0x0161, 0x0161, 0x0161, 0x0161, 0x0181, 
    0x0181, 0x0161, 0x0161, 0x0181, 0x0181, 0x0181, 0x01A1, 0x01A1, 0x01A1, 0x01A1, 0x01A1, 0x01A1, 
    0x01A1, 0x01C2, 0x01C2, 0x01A2, 0x01A1, 0x01A1, 0x01A1, 0x01A1, 0x01A2, 0x01C2, 0x01C2, 0x0181, 
    0x0181, 0x01C2, 0x01C2, 0x01C1, 0x01C1, 0x01E2, 0x01E2, 0x01C2, 0x01C2, 0x01E2, 0x0202, 0x0202, 
    0x0202, 0x01E2, 0x01E2, 0x01C1, 0x01C2, 0x01E2, 0x01E2, 0x01E2, 0x01C2, 0x01E2, 0x01E2, 0x01E2, 
    0x01E2, 0x01E2, 0x0202, 0x01E2, 0x01E2, 0x0202, 0x01E2, 0x01E2, 0x01E2, 0x0202, 0x0222, 0x0202, 
    0x01E2, 0x01E2, 0x01C2, 0x01C2, 0x01E2, 0x0202, 0x0222, 0x0222, 0x0222, 0x0222, 0x01E2, 0x0202, 
    0x0202, 0x0202, 0x0222, 0x0202, 0x0202, 0x01E2, 0x0202, 0x0202, 0x0222, 0x0242, 0x0242, 0x0222, 
    0x0202, 0x01E2, 0x0202, 0x0222, 0x0222, 0x0222, 0x0222, 0x0222, 0x0222, 0x0222, 0x0202, 0x0222, 
    0x0222, 0x0222, 0x0222, 0x0202, 0x0202, 0x01E2, 0x01E2, 0x01E2, 0x0202, 0x01E2, 0x01E2, 0x01E2, 
    0x01E2, 0x01E2, 0x01E2, 0x0202, 0x0202, 0x01E2, 0x01E2, 0x01E2, 0x0202, 0x0202, 0x0202, 0x0222, 
    0x0202, 0x0202, 0x0202, 0x01E2, 0x0202, 0x0202, 0x0202, 0x01E2, 0x0202, 0x01E2, 0x01E2, 0x0202, 
    0x01E2, 0x01E2, 0x01E2, 0x01C2, 0x01C2, 0x01C1, 0x01C2, 0x01E2, 0x01E2, 0x0202, 0x0202, 0x01E2, 
    0x01E2, 0x01E2, 0x01E2, 0x01E2, 0x01C2, 0x01C2, 0x01C2, 0x01C2, 0x01C2, 0x01C2, 0x01C2, 0x01C2, 
    0x01C2, 0x01C2, 0x01C2, 0x01C2, 0x01A1, 0x0181, 0x0181, 0x01A1, 0x01A1, 0x0181, 0x0181, 0x0181, 
    0x0181, 0x0181, 0x0181, 0x0181, 0x0181, 0x0181, 0x0181, 0x0181, 0x0181, 0x0161, 0x0181, 0x0181, 
    0x0161, 0x0161, 0x0161, 0x0161, 0x0161, 0x0161, 0x0161, 0x0141, 0x0141, 0x0121, 0x0141, 0x0141, 
    0x0121, 0x0121, 0x0121, 0x0101, 0x0101, 0x0020, 0x6AA4, 0xFEAB, 0x5203, 0x41E3, 0x4A23, 0x0040, 
    0x0101, 0x0101, 0x0121, 0x0121, 0x0101, 0x0121, 0x0161, 0x0161, 0x0161, 0x0161, 0x0141, 0x0101, 
    0x0121, 0x0121, 0x0121, 0x0121, 0x0101, 0x0080, 0x5A42, 0xC445, 0x0000, 0xCC85, 0x7AC3, 0x3122, 
    0x9384, 0x6A83, 0xED68, 0x3182, 0x0000, 0xD4C5, 0x2942, 0x0881, 0x2162, 0x41C2, 0x9385, 0x6AA3, 
    0xED68, 0x3982, 0x0020, 0x6AC3, 0x0000, 0xC465, 0xE568, 0x0060, 0xD4C7, 0x93C6, 0x0000, 0x1121, 
    0x18E1, 0x8B24, 0xA3C5, 0x0000, 0x3162, 0x0840, 0x0020, 0x0080, 0x0101, 0x0121, 0x0101, 0x0101, 
    0x0101, 0x0101, 0x0101, 0x0101, 0x00E1, 0x00E1, 0x00E1, 0x00C0, 0x00C0, 0x00C0, 0x00A0, 0x00A0, 
    0x00A0, 0x0020, 0x7B05, 0x1060, 0xC52A, 0xAC49, 0x0000, 0x0060, 0x00E1, 0x0020, 0x8B66, 0xE589, 
    0x0860, 0x8B45, 0x18A0, 0x0060, 0x00C0, 0x00E0, 0x00E0, 0x0101, 0x0121, 0x0121, 0x0121, 0x0121, 
    0x0121, 0x0121, 0x0121, 0x0121, 0x0141, 0x0141, 0x0141, 0x0141, 0x0141, 0x0141, 0x0161, 0x0161, 
    0x0161, 0x0141, 0x0161, 0x0161, 0x0161, 0x0141, 0x0161, 0x0161, 0x0181, 0x0181, 0x0181, 0x0181, 
    0x0181, 0x0181, 0x0181, 0x01A1, 0x01A2, 0x01A2, 0x01A1, 0x01A1, 0x01A1, 0x01A1, 0x01A1, 0x01A1, 
    0x01A1, 0x01A1, 0x0181, 0x01A1, 0x01A1, 0x01C2, 0x01A1, 0x01A2, 0x01C2, 0x01C2, 0x01C2, 0x01C2, 
    0x01C2, 0x01E2, 0x01C2, 0x01C1, 0x01A1, 0x01C2, 0x01E2, 0x01E2, 0x01E2, 0x01E2, 0x01E2, 0x01C2, 
    0x01C2, 0x01C2, 0x01E2, 0x01E2, 0x01E2, 0x01E2, 0x01E2, 0x01E2, 0x0202, 0x01E2, 0x01E2, 0x01E2, 
    0x01C2, 0x01E2, 0x01E2, 0x01E2, 0x0202, 0x0202, 0x0202, 0x0202, 0x01E2, 0x01E2, 0x01C2, 0x01C2, 
    0x01E2, 0x0202, 0x0202, 0x0222, 0x0222, 0x0222, 0x01E2, 0x0202, 0x0202, 0x0202, 0x0202, 0x0202, 
    0x0202, 0x01E2, 0x01E2, 0x0202, 0x0222, 0x0222, 0x0222, 0x0222, 0x0222, 0x0202, 0x0202, 0x0222, 
    0x0202, 0x0222, 0x0222, 0x0222, 0x0222, 0x0202, 0x01E2, 0x0202, 0x0202, 0x0222, 0x0202, 0x01E2, 
    0x01C2, 0x01E2, 0x01E2, 0x0202, 0x0202, 0x0202, 0x0202, 0x01E2, 0x01E2, 0x01E2, 0x01E2, 0x0202, 
    0x0202, 0x0202, 0x01E2, 0x01E2, 0x01E2, 0x0202, 0x0202, 0x0222, 0x0202, 0x0222, 0x0202, 0x0202, 
    0x01E2, 0x01E2, 0x01C2, 0x01E2, 0x01E2, 0x01E2, 0x01E2, 0x01E2, 0x0202, 0x0202, 0x01E2, 0x01C2, 
    0x01C2, 0x01C1, 0x01C1, 0x01C2, 0x01C2, 0x01E2, 0x01E2, 0x01E2, 0x01E2, 0x01C1, 0x01E2, 0x01E2, 
    0x01E2, 0x01C2, 0x01C2, 0x01C2, 0x01C2, 0x01C2, 0x01C2, 0x01C2, 0x01C2, 0x01C2, 0x01C2, 0x01A1, 
    0x01A1, 0x0181, 0x01A1, 0x01C2, 0x01A1, 0x01A1, 0x01A1, 0x0181, 0x0181, 0x0181, 0x0181, 0x0181, 
    0x0181, 0x0161, 0x0181, 0x0181, 0x0161, 0x0181, 0x0161, 0x0181, 0x0181, 0x0181, 0x0161, 0x0161, 
    0x0161, 0x0141, 0x0141, 0x0141, 0x0141, 0x0141, 0x0141, 0x0141, 0x0121, 0x0121, 0x0121, 0x0101, 
    0x0101, 0x0020, 0x6284, 0xFECC, 0x5224, 0x41E3, 0x4A23, 0x0040, 0x0101, 0x0101, 0x0121, 0x0141, 
    0x0121, 0x0121, 0x0161, 0x0161, 0x0161, 0x0161, 0x0121, 0x0101, 0x0121, 0x0101, 0x0121, 0x0121, 
    0x0101, 0x0080, 0x82C2, 0xCC43, 0x5A43, 0xABA3, 0x3941, 0xA3C5, 0x4182, 0x0020, 0xD4C5, 0x8B04, 
    0x2901, 0xE4C4, 0x82E3, 0xA3C6, 0x8345, 0xA405, 0x3121, 0x0000, 0xCC65, 0xA384, 0x3962, 0xB445, 
    0x10E1, 0x2941, 0xCC85, 0x0840, 0x4181, 0xDD06, 0x72C4, 0x9364, 0x49C2, 0x9364, 0xD4C6, 0x6284, 
    0xA3E5, 0x3142, 0xD508, 0x2142, 0x0101, 0x0121, 0x0101, 0x00E1, 0x00C1, 0x00E1, 0x0101, 0x0101, 
    0x00E1, 0x00C1, 0x00C1, 0x00C1, 0x00E0, 0x00C0, 0x00A0, 0x0080, 0x00A0, 0x0020, 0x7B05, 0x1060, 
    0xC50A, 0xAC48, 0x0000, 0x0060, 0x00E1, 0x0020, 0x8B86, 0xE5AA, 0x0860, 0x8346, 0x18A0, 0x0060, 
    0x00C0, 0x00E0, 0x00E0, 0x0101, 0x0121, 0x0121, 0x0101, 0x0121, 0x0121, 0x0121, 0x0121, 0x0121, 
    0x0141, 0x0141, 0x0141, 0x0141, 0x0141, 0x0161, 0x0141, 0x0141, 0x0161, 0x0141, 0x0141, 0x0161, 
    0x0161, 0x0161, 0x0161, 0x0161, 0x0161, 0x0181, 0x0181, 0x0181, 0x0181, 0x0181, 0x01A2, 0x01A1, 
    0x01A1, 0x01A1, 0x01A1, 0x0181, 0x0181, 0x01A1, 0x01A1, 0x01A1, 0x01A1, 0x01A1, 0x01A1, 0x01A1, 
    0x01A1, 0x01C2, 0x01C2, 0x01C2, 0x01C2, 0x01C2, 0x01C2, 0x01C2, 0x01C2, 0x01C2, 0x01A1, 0x01A1, 
    0x01A1, 0x01A1, 0x01C1, 0x01C2, 0x01E2, 0x01E2, 0x01E2, 0x01E2, 0x01C2, 0x01E2, 0x01E2, 0x01E2, 
    0x01E2, 0x01E2, 0x01E2, 0x01E2, 0x01E2, 0x01E2, 0x0202, 0x01E2, 0x01E2, 0x01E2, 0x01E2, 0x01E2, 
    0x0202, 0x01E2, 0x01E2, 0x01E2, 0x01E2, 0x01E2, 0x01C2, 0x01C2, 0x01E2, 0x0202, 0x0202, 0x0222, 
    0x0222, 0x0222, 0x01E2, 0x0202, 0x0202, 0x0202, 0x0202, 0x0202, 0x01E2, 0x01E2, 0x01E2, 0x0202, 
    0x0222, 0x0202, 0x0202, 0x0202, 0x0222, 0x0222, 0x0223, 0x0202, 0x0202, 0x0202, 0x0222, 0x0222, 
    0x0222, 0x0202, 0x0202, 0x0202, 0x0202, 0x0222, 0x01E2, 0x01A1, 0x01C1, 0x01C2, 0x01E2, 0x01E2, 
    0x0202, 0x0202, 0x0202, 0x01E2, 0x01E2, 0x01E2, 0x0202, 0x0202, 0x0202, 0x0202, 0x0202, 0x0202, 
    0x01E2, 0x0202, 0x01E2, 0x01E2, 0x0202, 0x0222, 0x0222, 0x0222, 0x01E2, 0x01C2, 0x01C2, 0x01A2, 
    0x01C2, 0x01E2, 0x0202, 0x0202, 0x0202, 0x0202, 0x0202, 0x01E2, 0x01C1, 0x01C1, 0x01C1, 0x01C2, 
    0x01C2, 0x01C1, 0x01C1, 0x01C2, 0x01C2, 0x01C2, 0x01E2, 0x0202, 0x0202, 0x01E2, 0x01C2, 0x01C2, 
    0x01C2, 0x01C2, 0x01A1, 0x01A1, 0x01A2, 0x01C2, 0x01A1, 0x01A2, 0x01A2, 0x01A2, 0x01A2, 0x01C2, 
    0x01A1, 0x01A1, 0x01A1, 0x0181, 0x0181, 0x0181, 0x0181, 0x0161, 0x0161, 0x0181, 0x0181, 0x0181, 
    0x0181, 0x0161, 0x0161, 0x0161, 0x0181, 0x0161, 0x0161, 0x0161, 0x0161, 0x0141, 0x0141, 0x0141, 
    0x0141, 0x0141, 0x0121, 0x0141, 0x0121, 0x0121, 0x0121, 0x0101, 0x0101, 0x0020, 0x6A84, 0xFEAB, 
    0x5224, 0x4223, 0x4A44, 0x0040, 0x0101, 0x0121, 0x0141, 0x0141, 0x0141, 0x0141, 0x0141, 0x0161, 
    0x0141, 0x0141, 0x0101, 0x0121, 0x0121, 0x0121, 0x0121, 0x0121, 0x0101, 0x00C1, 0x2920, 0x2940, 
    0x3161, 0x0840, 0x0060, 0x39A1, 0x1941, 0x08C1, 0x2900, 0x20C0, 0x2101, 0x3181, 0x39E2, 0x3A02, 
    0x2961, 0x3982, 0x10A0, 0x0860, 0x2900, 0x2921, 0x2961, 0x4202, 0x1161, 0x00C1, 0x1941, 0x08E1, 
    0x0040, 0x18C0, 0x49C2, 0x2901, 0x0020, 0x3141, 0x3981, 0x4A02, 0x2921, 0x0060, 0x2981, 0x0121, 
    0x0121, 0x0101, 0x00E1, 0x00C1, 0x00C1, 0x00C1, 0x00E1, 0x0101, 0x00E1, 0x00C1, 0x00C1, 0x00E1, 
    0x00C0, 0x00A0, 0x00A0, 0x0080, 0x0080, 0x0020, 0x7B05, 0x1060, 0xC4E9, 0xAC28, 0x0000, 0x0060, 
    0x00E1, 0x0000, 0x8B86, 0xEDCB, 0x0860, 0x8346, 0x1080, 0x0060, 0x00C0, 0x00E0, 0x00E0, 0x0101, 
    0x0101, 0x0121, 0x0121, 0x0121, 0x0121, 0x0121, 0x0121, 0x0121, 0x0121, 0x0141, 0x0141, 0x0141, 
    0x0161, 0x0161, 0x0161, 0x0141, 0x0141, 0x0141, 0x0141, 0x0141, 0x0161, 0x0161, 0x0161, 0x0161, 
    0x0181, 0x01A1, 0x0181, 0x0181, 0x0181, 0x01A1, 0x01C2, 0x01C1, 0x01A1, 0x01C1, 0x01A1, 0x01A1, 
    0x0181, 0x0181, 0x01A1, 0x01A1, 0x01A1, 0x01A2, 0x01A1, 0x01A2, 0x01A1, 0x01A1, 0x01A1, 0x01A1, 
    0x01C2, 0x01C2, 0x01A2, 0x01A1, 0x01C2, 0x01C1, 0x01C2, 0x01C2, 0x01C2, 0x01C2, 0x01A1, 0x01C2, 
    0x01C2, 0x01C2, 0x01C2, 0x01E2, 0x01E2, 0x0202, 0x01E2, 0x01E2, 0x01E2, 0x0202, 0x0202, 0x01E2, 
    0x01E2, 0x01E2, 0x0202, 0x01E2, 0x01E2, 0x01E2, 0x01E2, 0x0202, 0x0202, 0x0202, 0x01E2, 0x01E2, 
    0x01E2, 0x01E2, 0x01C2, 0x01C2, 0x0202, 0x0222, 0x0222, 0x0222, 0x0222, 0x0222, 0x0202, 0x0202, 
    0x0202, 0x0202, 0x01E2, 0x01E2, 0x01E2, 0x0202, 0x0202, 0x0202, 0x01E2, 0x0202, 0x0223, 0x0243, 
    0x0222, 0x0222, 0x0202, 0x0202, 0x0202, 0x0202, 0x0202, 0x0222, 0x0222, 0x0202, 0x0202, 0x0202, 
    0x0202, 0x0222, 0x0202, 0x01C2, 0x01E2, 0x01E2, 0x0202, 0x0202, 0x01E2, 0x01E2, 0x01E2, 0x0202, 
    0x0202, 0x0202, 0x0202, 0x0202, 0x0202, 0x0202, 0x0202, 0x0222, 0x0202, 0x0202, 0x0202, 0x01E2, 
    0x0202, 0x0202, 0x0202, 0x0202, 0x01E2, 0x01E2, 0x01C2, 0x01C2, 0x01C2, 0x01E2, 0x0222, 0x0202, 
    0x0202, 0x01E2, 0x0202, 0x01E2, 0x01E2, 0x01C2, 0x01C2, 0x01C2, 0x01A1, 0x01A1, 0x01A2, 0x01C2, 
    0x01C2, 0x01C2, 0x01E2, 0x0202, 0x01E2, 0x01E2, 0x01C2, 0x01A1, 0x01C2, 0x01C2, 0x01A1, 0x01A1, 
    0x01C2, 0x01C2, 0x01A1, 0x01C2, 0x01C2, 0x01C2, 0x01C2, 0x01A1, 0x01A1, 0x01A2, 0x01A1, 0x01A1, 
    0x0181, 0x0181, 0x0161, 0x0161, 0x0161, 0x0181, 0x0161, 0x0181, 0x0161, 0x0161, 0x0181, 0x0181, 
    0x0181, 0x0181, 0x0181, 0x0161, 0x0161, 0x0161, 0x0161, 0x0161, 0x0141, 0x0141, 0x0141, 0x0141, 
    0x0141, 0x0121, 0x0121, 0x0101, 0x0101, 0x0020, 0x6264, 0xFEAB, 0x5224, 0x4203, 0x4A43, 0x0060, 
    0x0101, 0x0121, 0x0141, 0x0161, 0x0161, 0x0141, 0x0121, 0x0141, 0x0141, 0x0141, 0x0141, 0x0141, 
    0x0141, 0x0121, 0x0121, 0x0121, 0x0101, 0x00E1, 0x00C0, 0x00C0, 0x00A0, 0x00E1, 0x00E1, 0x0080, 
    0x00C0, 0x00C0, 0x0060, 0x0080, 0x00A0, 0x00E1, 0x00E1, 0x00E1, 0x00C1, 0x0060, 0x0080, 0x0080, 
    0x0060, 0x0080, 0x00A0, 0x00C1, 0x0121, 0x0141, 0x0101, 0x0121, 0x0121, 0x00C1, 0x0040, 0x0040, 
    0x0080, 0x0060, 0x0080, 0x0080, 0x00A0, 0x00C0, 0x00C1, 0x0101, 0x0101, 0x0101, 0x00E1, 0x00C1, 
    0x00E1, 0x00E1, 0x00E1, 0x00E1, 0x00E1, 0x00C1, 0x00E1, 0x00C1, 0x00A0, 0x00A0, 0x00A0, 0x00A0, 
    0x00A0, 0x0020, 0x7AE4, 0x1060, 0xC4E8, 0xAC27, 0x0000, 0x0060, 0x00C1, 0x0000, 0x8BA7, 0xEE0C, 
    0x0860, 0x8367, 0x10A0, 0x0060, 0x00C0, 0x00E0, 0x00E0, 0x0100, 0x0100, 0x0100, 0x0100, 0x0121, 
    0x0121, 0x0121, 0x0121, 0x0121, 0x0121, 0x0121, 0x0141, 0x0141, 0x0141, 0x0161, 0x0161, 0x0161, 
    0x0141, 0x0141, 0x0121, 0x0121, 0x0161, 0x0161, 0x0181, 0x0181, 0x0181, 0x0181, 0x0181, 0x0181, 
    0x0181, 0x0181, 0x01C2, 0x01C2, 0x01C1, 0x01C1, 0x01A1, 0x01C1, 0x01A1, 0x0181, 0x0181, 0x01A1, 
    0x01A1, 0x01A1, 0x01A1, 0x01A1, 0x01A1, 0x01C2, 0x01A2, 0x01A1, 0x01C2, 0x01A2, 0x01A1, 0x01A1, 
    0x01A1, 0x01C2, 0x01C2, 0x01C2, 0x01C2, 0x01C2, 0x01A1, 0x01A2, 0x01A1, 0x01C2, 0x01C2, 0x01E2, 
    0x01E2, 0x0202, 0x0202, 0x0202, 0x01E2, 0x0202, 0x0202, 0x0202, 0x01E2, 0x0202, 0x0202, 0x01E2, 
    0x0202, 0x0202, 0x0202, 0x0202, 0x0202, 0x0202, 0x01E2, 0x01E2, 0x0202, 0x01E2, 0x01C2, 0x01C2, 
    0x01E2, 0x0202, 0x0202, 0x0222, 0x0202, 0x0202, 0x0202, 0x0202, 0x01E2, 0x0202, 0x0202, 0x0202, 
    0x0202, 0x0202, 0x0202, 0x01E2, 0x01E2, 0x01E2, 0x0222, 0x0243, 0x0243, 0x0222, 0x0202, 0x0202, 
    0x0222, 0x0202, 0x0202, 0x0202, 0x0202, 0x0222, 0x0202, 0x0202, 0x0202, 0x0202, 0x0202, 0x0202, 
    0x0202, 0x0202, 0x0202, 0x0202, 0x01E2, 0x01C2, 0x01C2, 0x0202, 0x0222, 0x0222, 0x0222, 0x0222, 
    0x0202, 0x0202, 0x0222, 0x0222, 0x0202, 0x0202, 0x0222, 0x0202, 0x0202, 0x01E2, 0x01E2, 0x01E2, 
    0x01E2, 0x0202, 0x0202, 0x01E2, 0x01E2, 0x01E2, 0x0202, 0x0202, 0x01E2, 0x01E2, 0x01E2, 0x01E2, 
    0x01E2, 0x01C2, 0x01A1, 0x0161, 0x0181, 0x01A1, 0x01C2, 0x01C1, 0x01C2, 0x01C2, 0x01C2, 0x01E2, 
    0x01E2, 0x01C2, 0x01C2, 0x01C2, 0x01C2, 0x01C2, 0x01A2, 0x01C2, 0x01C2, 0x01C2, 0x01C2, 0x01C2, 
    0x01C2, 0x01C2, 0x01C2, 0x01C2, 0x01C2, 0x01C2, 0x01C1, 0x01C2, 0x01A1, 0x0181, 0x0181, 0x0181, 
    0x0161, 0x0161, 0x0181, 0x0181, 0x0181, 0x0181, 0x0181, 0x0181, 0x0181, 0x0181, 0x0181, 0x0161, 
    0x0161, 0x0161, 0x0161, 0x0141, 0x0161, 0x0161, 0x0141, 0x0141, 0x0141, 0x0121, 0x0121, 0x0101, 
    0x0101, 0x0000, 0x6264, 0xFEAB, 0x5203, 0x4203, 0x4A44, 0x0060, 0x0121, 0x0121, 0x0121, 0x0141, 
    0x0161, 0x0161, 0x0141, 0x0121, 0x0101, 0x00E0, 0x00C1, 0x00E1, 0x00C1, 0x00A1, 0x0080, 0x0060, 
    0x0060, 0x0080, 0x0060, 0x0080, 0x00A0, 0x00A0, 0x0080, 0x0060, 0x0040, 0x0060, 0x0060, 0x0080, 
    0x00A0, 0x00C0, 0x00C1, 0x00A0, 0x0060, 0x0060, 0x0060, 0x0060, 0x0060, 0x0040, 0x0060, 0x00A0, 
    0x00C0, 0x00A0, 0x0080, 0x0080, 0x0080, 0x0080, 0x0060, 0x0060, 0x0060, 0x0060, 0x0060, 0x0060, 
    0x0080, 0x0080, 0x0060, 0x0040, 0x0040, 0x0060, 0x0060, 0x0081, 0x0060, 0x0060, 0x0060, 0x0080, 
    0x00A0, 0x00E1, 0x00C0, 0x00C1, 0x00C1, 0x00A0, 0x00A0, 0x00A0, 0x00A0, 0x0020, 0x72A3, 0x1060, 
    0xC4E8, 0xAC27, 0x0000, 0x0080, 0x00E1, 0x0000, 0x93E7, 0xEE2D, 0x0860, 0x8B87, 0x18A1, 0x0060, 
    0x00C0, 0x00C0, 0x00E0, 0x00E0, 0x0100, 0x0100, 0x0100, 0x0101, 0x0100, 0x0121, 0x0121, 0x0121, 
    0x0121, 0x0121, 0x0141, 0x0141, 0x0141, 0x0161, 0x0161, 0x0161, 0x0161, 0x0161, 0x0141, 0x0141, 
    0x0161, 0x0161, 0x0161, 0x0161, 0x0181, 0x0181, 0x0181, 0x01A1, 0x01A1, 0x0181, 0x0181, 0x01A1, 
    0x01A1, 0x01C1, 0x01A1, 0x01A1, 0x01A1, 0x01A1, 0x01A1, 0x0181, 0x01A1, 0x01A1, 0x0181, 0x0181, 
    0x0181, 0x01A2, 0x01C2, 0x01C2, 0x01A2, 0x01A1, 0x01A1, 0x01A1, 0x01C2, 0x01C2, 0x01C2, 0x01C2, 
    0x01A2, 0x01C2, 0x01C2, 0x01A1, 0x0181, 0x0181, 0x01A1, 0x01A2, 0x01C2, 0x01C2, 0x0202, 0x0202, 
    0x0202, 0x01E2, 0x01E2, 0x0202, 0x01E2, 0x01E2, 0x01E2, 0x0202, 0x0202, 0x0202, 0x0202, 0x0202, 
    0x0202, 0x0202, 0x0202, 0x0202, 0x0202, 0x0202, 0x01E2, 0x0202, 0x0202, 0x01E2, 0x0202, 0x0243, 
    0x0242, 0x0222, 0x0202, 0x0202, 0x0202, 0x0202, 0x0202, 0x0202, 0x0202, 0x0202, 0x0202, 0x0202, 
    0x01E2, 0x01E2, 0x0202, 0x0222, 0x0222, 0x0202, 0x0202, 0x0222, 0x0222, 0x0202, 0x0202, 0x0202, 
    0x0202, 0x0202, 0x0202, 0x01E2, 0x01E2, 0x0202, 0x01E2, 0x0202, 0x0202, 0x0222, 0x0222, 0x0202, 
    0x0202, 0x01E2, 0x01E2, 0x0202, 0x0222, 0x0222, 0x0222, 0x0222, 0x0222, 0x0222, 0x0202, 0x0222, 
    0x0202, 0x0202, 0x0202, 0x0202, 0x0222, 0x0202, 0x01E2, 0x01E2, 0x01E2, 0x01E2, 0x0202, 0x0202, 
    0x0202, 0x0202, 0x01E2, 0x01E2, 0x01E2, 0x01E2, 0x01E2, 0x01C2, 0x01C1, 0x01A1, 0x01A1, 0x0181, 
    0x0161, 0x01A2, 0x01C2, 0x01C2, 0x01C1, 0x01A1, 0x01A1, 0x01C2, 0x01E2, 0x01C2, 0x01C2, 0x01C2, 
    0x01C2, 0x01C2, 0x01C2, 0x01C2, 0x01C2, 0x01C2, 0x01C2, 0x01C2, 0x01C2, 0x01C2, 0x01C2, 0x01C1, 
    0x01C1, 0x01C1, 0x01A1, 0x01A1, 0x01C2, 0x01A2, 0x01A1, 0x0161, 0x0161, 0x0161, 0x0181, 0x0181, 
    0x0181, 0x0181, 0x0181, 0x0181, 0x0181, 0x0181, 0x0161, 0x0161, 0x0161, 0x0161, 0x0161, 0x0141, 
    0x0141, 0x0141, 0x0141, 0x0141, 0x0121, 0x0121, 0x0121, 0x0101, 0x0101, 0x0020, 0x6264, 0xFEAB, 
    0x5203, 0x4A44, 0x5244, 0x0040, 0x0101, 0x0101, 0x0121, 0x0161, 0x0161, 0x0141, 0x0121, 0x00A0, 
    0x1163, 0x72E5, 0x6AC4, 0x7304, 0x7B04, 0x7B04, 0x7B05, 0x7AE5, 0x7B26, 0x8367, 0x8387, 0x7B87, 
    0x83A7, 0x7BA7, 0x7B66, 0x7B25, 0x7B05, 0x7B46, 0x7B87, 0x83A7, 0x83A7, 0x7B86, 0x7B46, 0x7B46, 
    0x7B26, 0x7B45, 0x7B45, 0x7B45, 0x7B45, 0x7B66, 0x8366, 0x8386, 0x7B65, 0x7B45, 0x7B46, 0x8386, 
    0x83A7, 0x8386, 0x7B45, 0x8366, 0x8366, 0x7B46, 0x7B25, 0x7B25, 0x8345, 0x7B25, 0x72C4, 0x6A63, 
    0x6A43, 0x6A43, 0x6A43, 0x7283, 0x72C4, 0x72C3, 0x6AA3, 0x6AA4, 0x2982, 0x0060, 0x00C1, 0x00E1, 
    0x00C0, 0x00C0, 0x00A0, 0x0080, 0x0080, 0x0000, 0x7283, 0x1040, 0xC4E8, 0xAC27, 0x0000, 0x0080, 
    0x00E1, 0x0000, 0x93E7, 0xEE2D, 0x0860, 0x8BA8, 0x18A1, 0x0080, 0x00C0, 0x00C0, 0x00E0, 0x00E0, 
    0x00E0, 0x0100, 0x0101, 0x0101, 0x0100, 0x0101, 0x0121, 0x0121, 0x0121, 0x0121, 0x0141, 0x0141, 
    0x0141, 0x0161, 0x0161, 0x0161, 0x0161, 0x0161, 0x0161, 0x0161, 0x0181, 0x0181, 0x0161, 0x0161, 
    0x0161, 0x0181, 0x0181, 0x01A1, 0x01A1, 0x0181, 0x0181, 0x0181, 0x01A1, 0x01A1, 0x01A1, 0x01A1, 
    0x01A1, 0x01A1, 0x01A1, 0x01A1, 0x0181, 0x01A1, 0x01A1, 0x0181, 0x01A1, 0x01A1, 0x01A1, 0x01C2, 
    0x01C1, 0x01A1, 0x01A1, 0x01C2, 0x01C2, 0x01C2, 0x01C2, 0x01E2, 0x01C2, 0x01C2, 0x01C2, 0x01A1, 
    0x01A1, 0x01A1, 0x01A2, 0x01A1, 0x01A1, 0x01C2, 0x01E2, 0x01E2, 0x01E2, 0x01E2, 0x01E2, 0x01E2, 
    0x01E2, 0x01E2, 0x01E2, 0x0202, 0x0202, 0x0202, 0x0222, 0x0202, 0x0202, 0x0202, 0x0202, 0x0222, 
    0x0222, 0x0202, 0x01E2, 0x0202, 0x0202, 0x0202, 0x0202, 0x0222, 0x0242, 0x0222, 0x0202, 0x0202, 
    0x0202, 0x0202, 0x01E2, 0x0202, 0x0202, 0x0202, 0x0202, 0x01E2, 0x01E2, 0x01E2, 0x01E2, 0x0202, 
    0x0202, 0x0222, 0x0202, 0x0202, 0x0222, 0x0222, 0x0202, 0x0202, 0x0202, 0x0222, 0x0202, 0x0202, 
    0x0202, 0x0202, 0x0202, 0x0202, 0x0202, 0x01E2, 0x0202, 0x0202, 0x0202, 0x0202, 0x0202, 0x0202, 
    0x0202, 0x0222, 0x0243, 0x0222, 0x0222, 0x0222, 0x0202, 0x0202, 0x0222, 0x0222, 0x0202, 0x0202, 
    0x01E2, 0x0202, 0x0202, 0x0202, 0x0202, 0x0202, 0x0202, 0x0202, 0x0202, 0x0202, 0x01E2, 0x01C2, 
    0x01E2, 0x01E2, 0x01E2, 0x01C2, 0x01A1, 0x01C1, 0x01C2, 0x01A1, 0x0181, 0x01A1, 0x01C2, 0x01C2, 
    0x01C2, 0x01A2, 0x01A2, 0x01C2, 0x01C2, 0x01E2, 0x01C2, 0x01C2, 0x01C2, 0x01C2, 0x01C2, 0x01C2, 
    0x01C2, 0x01C2, 0x01A1, 0x01C2, 0x01C2, 0x01C2, 0x01C2, 0x01C1, 0x01C2, 0x01C2, 0x01A2, 0x01A1, 
    0x01A1, 0x01A1, 0x0181, 0x0161, 0x0161, 0x0161, 0x0161, 0x0161, 0x0181, 0x0181, 0x0181, 0x0181, 
    0x0181, 0x0181, 0x0181, 0x0161, 0x0181, 0x0181, 0x0161, 0x0141, 0x0121, 0x0121, 0x0121, 0x0121, 
    0x0121, 0x0121, 0x0121, 0x0101, 0x0101, 0x0000, 0x6284, 0xFE8B, 0x5203, 0x4A44, 0x5264, 0x0040, 
    0x0101, 0x0121, 0x0121, 0x0121, 0x0141, 0x0141, 0x00C0, 0x2183, 0xB406, 0x8262, 0x6A21, 0x7261, 
    0x7A81, 0x82A2, 0x7AA2, 0x7AA3, 0x8B44, 0x93A6, 0x9BC7, 0x93A6, 0x9365, 0x9365, 0x9385, 0x8B64, 
    0x8B44, 0x9385, 0x93C6, 0x9BE7, 0x9BE6, 0x93A5, 0x8B44, 0x8B64, 0x8B85, 0x93A5, 0x8B84, 0x8B44, 
    0x8344, 0x9385, 0x9384, 0x8B44, 0x8303, 0x8B44, 0x9385, 0x93A5, 0x93A5, 0x8B84, 0x8323, 0x8B43, 
    0x8B44, 0x8B23, 0x82E3, 0x82E3, 0x8B03, 0x82C2, 0x7281, 0x6A21, 0x61E0, 0x6A01, 0x6A01, 0x6A01, 
    0x7241, 0x7241, 0x6A01, 0x61C0, 0x9B23, 0x3962, 0x0060, 0x00A0, 0x00A0, 0x00C0, 0x00A0, 0x0080, 
    0x0080, 0x0020, 0x7283, 0x0840, 0xC4E8, 0xAC26, 0x0000, 0x0080, 0x00C1, 0x0000, 0x8BC7, 0xEE0C, 
    0x0860, 0x8B87, 0x18A1, 0x0080, 0x00C0, 0x00C0, 0x00E0, 0x00E0, 0x0100, 0x0100, 0x0100, 0x0100, 
    0x0100, 0x0101, 0x0121, 0x0121, 0x0121, 0x0141, 0x0141, 0x0141, 0x0161, 0x0161, 0x0161, 0x0161, 
    0x0161, 0x0161, 0x0161, 0x0181, 0x0181, 0x0181, 0x0181, 0x0161, 0x0181, 0x0181, 0x0181, 0x01A1, 
    0x0181, 0x0181, 0x01A1, 0x01A1, 0x01A1, 0x01A1, 0x01A1, 0x01A1, 0x01A1, 0x01A1, 0x01C1, 0x01C2, 
    0x01A1, 0x01A1, 0x01A2, 0x01A1, 0x01A1, 0x01A1, 0x01C2, 0x01C2, 0x01C2, 0x01C1, 0x01C1, 0x01C2, 
    0x01C2, 0x01E2, 0x01E2, 0x01E2, 0x01C2, 0x01C2, 0x01C2, 0x01A1, 0x01C2, 0x01A1, 0x01A2, 0x01A1, 
    0x01C1, 0x01C2, 0x01C2, 0x01E2, 0x01E2, 0x01E2, 0x01E2, 0x01E2, 0x01E2, 0x0202, 0x01E2, 0x01E2, 
    0x0202, 0x0202, 0x0202, 0x01E2, 0x0202, 0x0202, 0x0202, 0x0202, 0x0202, 0x0202, 0x01E2, 0x0202, 
    0x0202, 0x0202, 0x0202, 0x0202, 0x0202, 0x0202, 0x0202, 0x0202, 0x0202, 0x0202, 0x01E2, 0x01E2, 
    0x01E2, 0x0202, 0x0202, 0x0202, 0x01E2, 0x01E2, 0x01E2, 0x0202, 0x0202, 0x0202, 0x0202, 0x0202, 
    0x0202, 0x0222, 0x0202, 0x0222, 0x0222, 0x0222, 0x0222, 0x0222, 0x0222, 0x0202, 0x0202, 0x0202, 
    0x01E2, 0x01E2, 0x0202, 0x0222, 0x0202, 0x0202, 0x0202, 0x0222, 0x0222, 0x0222, 0x0222, 0x0222, 
    0x0202, 0x0202, 0x0202, 0x0202, 0x0222, 0x0222, 0x0202, 0x01E2, 0x01E2, 0x0202, 0x0222, 0x0222, 
    0x0202, 0x0202, 0x0202, 0x0202, 0x0202, 0x01E2, 0x01E2, 0x01E2, 0x01E2, 0x01E2, 0x01E2, 0x01E2, 
    0x01C2, 0x01C2, 0x01E2, 0x01C2, 0x01C2, 0x01C2, 0x01C2, 0x01C2, 0x01C2, 0x01C2, 0x01C2, 0x01E2, 
    0x01E2, 0x01E2, 0x01E2, 0x01E2, 0x01E2, 0x01E2, 0x01E2, 0x01C2, 0x01C2, 0x01C2, 0x01C2, 0x01C2, 
    0x01C2, 0x01C2, 0x01C2, 0x01C2, 0x01C2, 0x01C2, 0x01C2, 0x01A1, 0x0181, 0x0181, 0x0181, 0x0181, 
    0x0161, 0x0161, 0x0161, 0x0181, 0x0181, 0x0181, 0x0181, 0x0161, 0x0161, 0x0181, 0x0161, 0x0161, 
    0x0181, 0x0181, 0x0141, 0x0121, 0x0141, 0x0121, 0x0121, 0x0121, 0x0121, 0x0121, 0x0121, 0x0101, 
    0x00E1, 0x0000, 0x6A84, 0xFE8B, 0x5203, 0x4A24, 0x5244, 0x0040, 0x0101, 0x0121, 0x0121, 0x0121, 
    0x0121, 0x0101, 0x1142, 0xAC05, 0x59A0, 0x0000, 0x0040, 0x0060, 0x0060, 0x0060, 0x0060, 0x0060, 
    0x0081, 0x0081, 0x0080, 0x0080, 0x00A0, 0x00A0, 0x00C1, 0x00C1, 0x00E1, 0x00E1, 0x00E1, 0x00E1, 
    0x00E1, 0x00E1, 0x0101, 0x0101, 0x0101, 0x0101, 0x0101, 0x0121, 0x0101, 0x00E1, 0x00E1, 0x00E1, 
    0x00E1, 0x00E1, 0x00E1, 0x00E1, 0x00E1, 0x00C1, 0x00C1, 0x00C1, 0x00C1, 0x00C1, 0x00A1, 0x00A1, 
    0x00A1, 0x00A1, 0x00A1, 0x00A1, 0x00A1, 0x00A1, 0x00A1, 0x0081, 0x0060, 0x0060, 0x0040, 0x0000, 
    0x3100, 0x9B43, 0x18E1, 0x0080, 0x00A0, 0x00A0, 0x00A0, 0x0080, 0x0080, 0x0020, 0x72A3, 0x0840, 
    0xC4E8, 0xAC27, 0x0000, 0x0060, 0x00C0, 0x0000, 0x8BA7, 0xEE0C, 0x0840, 0x8B87, 0x18A1, 0x0080, 
    0x00C0, 0x00C0, 0x00E0, 0x00E0, 0x0100, 0x0100, 0x0101, 0x0101, 0x0121, 0x0121, 0x0121, 0x0121, 
    0x0121, 0x0141, 0x0141, 0x0141, 0x0141, 0x0141, 0x0161, 0x0161, 0x0161, 0x0161, 0x0161, 0x0181, 
    0x0181, 0x0181, 0x0181, 0x0181, 0x0181, 0x0181, 0x0181, 0x01A1, 0x01A1, 0x01A1, 0x01A1, 0x01A1, 
    0x01A1, 0x01A1, 0x01A1, 0x01A1, 0x01A1, 0x01A1, 0x01C1, 0x01C1, 0x01C2, 0x01A2, 0x01C1, 0x01C1, 
    0x01C1, 0x01A1, 0x01C1, 0x01A1, 0x01A1, 0x01A1, 0x01A1, 0x01C1, 0x01C2, 0x01E2, 0x01E2, 0x01E2, 
    0x01E2, 0x01E2, 0x01E2, 0x01E2, 0x01C2, 0x01C2, 0x01C2, 0x01C2, 0x01C2, 0x01C2, 0x01C2, 0x01C2, 
    0x01E2, 0x01E2, 0x01E2, 0x0202, 0x01E2, 0x01E2, 0x01E2, 0x0202, 0x0202, 0x0202, 0x01E2, 0x01C2, 
    0x0202, 0x0202, 0x0202, 0x01E2, 0x0202, 0x0202, 0x01E2, 0x0202, 0x0202, 0x0202, 0x0202, 0x01E2, 
    0x01C2, 0x01E2, 0x01E2, 0x0202, 0x0202, 0x01E2, 0x0202, 0x0202, 0x01E2, 0x0202, 0x0222, 0x0202, 
    0x01E2, 0x01E2, 0x01E2, 0x01E2, 0x0202, 0x0202, 0x0202, 0x0202, 0x0202, 0x0202, 0x0202, 0x0202, 
    0x0222, 0x0202, 0x0222, 0x0202, 0x0202, 0x0202, 0x0202, 0x0202, 0x01E2, 0x01E2, 0x0202, 0x0202, 
    0x0202, 0x0202, 0x0222, 0x0222, 0x0223, 0x0202, 0x0202, 0x0202, 0x0202, 0x0202, 0x0222, 0x0202, 
    0x0202, 0x01E2, 0x01E2, 0x01E2, 0x0202, 0x0202, 0x0202, 0x0222, 0x0202, 0x0202, 0x0202, 0x01E2, 
    0x01E2, 0x01C2, 0x01E2, 0x01E2, 0x01E2, 0x01E2, 0x0202, 0x0202, 0x0202, 0x0202, 0x01E2, 0x01E2, 
    0x01C2, 0x01C2, 0x01C2, 0x01C2, 0x01C2, 0x01C2, 0x01E2, 0x01E2, 0x0202, 0x0202, 0x0202, 0x01E2, 
    0x01E2, 0x01E2, 0x01E2, 0x01E2, 0x01C2, 0x01C2, 0x01C2, 0x01C2, 0x01C2, 0x01C1, 0x01C2, 0x01C2, 
    0x01C1, 0x01C2, 0x01A1, 0x01A1, 0x01A1, 0x0181, 0x01A1, 0x0181, 0x0161, 0x0161, 0x0181, 0x0181, 
    0x0161, 0x0161, 0x0161, 0x0141, 0x0161, 0x0181, 0x0161, 0x0161, 0x0161, 0x0161, 0x0141, 0x0141, 
    0x0141, 0x0121, 0x0121, 0x0121, 0x0121, 0x0121, 0x0121, 0x0101, 0x00E1, 0x0000, 0x6A64, 0xFEAB, 
    0x5204, 0x4A24, 0x5264, 0x0040, 0x00E1, 0x0101, 0x0121, 0x0121, 0x0121, 0x00C1, 0x31A2, 0xAB82, 
    0x0020, 0x00A1, 0x00C1, 0x00C1, 0x00C1, 0x00E1, 0x00E1, 0x00E1, 0x0101, 0x0122, 0x0121, 0x0122, 
    0x0142, 0x0142, 0x0142, 0x0142, 0x0162, 0x0162, 0x0162, 0x0162, 0x0162, 0x0162, 0x0182, 0x0182, 
    0x0182, 0x0182, 0x0182, 0x0182, 0x0182, 0x0162, 0x0162, 0x0162, 0x0162, 0x0162, 0x0162, 0x0162, 
    0x0162, 0x0162, 0x0162, 0x0142, 0x0142, 0x0142, 0x0121, 0x0121, 0x0121, 0x0101, 0x0101, 0x0101, 
    0x00E1, 0x00E1, 0x00E1, 0x00C1, 0x00C1, 0x00C1, 0x00C1, 0x00A0, 0x0040, 0x9343, 0x3961, 0x0060, 
    0x00A0, 0x0080, 0x0080, 0x0080, 0x0080, 0x0020, 0x7B25, 0x1060, 0xC50A, 0xB468, 0x0000, 0x0080, 
    0x00C0, 0x0000, 0x8BA7, 0xEDEC, 0x0840, 0x8367, 0x18A1, 0x0060, 0x00C0, 0x00E0, 0x0100, 0x00E0, 
    0x0100, 0x00E0, 0x0100, 0x0121, 0x0121, 0x0121, 0x0121, 0x0121, 0x0121, 0x0141, 0x0161, 0x0161, 
    0x0141, 0x0141, 0x0141, 0x0141, 0x0161, 0x0161, 0x0161, 0x0181, 0x0181, 0x01A1, 0x0181, 0x0181, 
    0x0181, 0x0181, 0x0181, 0x01A1, 0x01A1, 0x01A1, 0x01A1, 0x01A1, 0x01A1, 0x01A1, 0x01C2, 0x01C2, 
    0x01A1, 0x01A1, 0x01A1, 0x01A1, 0x01A1, 0x01C2, 0x01C2, 0x01C2, 0x01C1, 0x01A1, 0x01A1, 0x01A1, 
    0x01C1, 0x01C2, 0x01C2, 0x01C2, 0x01C1, 0x01E2, 0x01E2, 0x01E2, 0x01E2, 0x01E2, 0x0202, 0x01E2, 
    0x01E2, 0x01C2, 0x01E2, 0x01C2, 0x01C2, 0x01C2, 0x01E2, 0x01C1, 0x01C2, 0x01E2, 0x01E2, 0x01E2, 
    0x01E2, 0x0202, 0x0202, 0x0202, 0x0202, 0x0202, 0x0202, 0x01C2, 0x01E2, 0x0202, 0x0222, 0x0202, 
    0x01E2, 0x0202, 0x01E2, 0x01E2, 0x01E2, 0x0202, 0x0202, 0x01C2, 0x01C1, 0x01C1, 0x01E2, 0x0202, 
    0x0202, 0x01E2, 0x0202, 0x0202, 0x01E2, 0x01E2, 0x0202, 0x0202, 0x0202, 0x0202, 0x0222, 0x0202, 
    0x0202, 0x01E2, 0x0202, 0x01E2, 0x01E2, 0x01E2, 0x01E2, 0x0202, 0x0222, 0x0202, 0x0202, 0x0202, 
    0x0202, 0x0222, 0x0222, 0x0202, 0x0202, 0x0202, 0x0202, 0x0202, 0x0202, 0x01E2, 0x0202, 0x0222, 
    0x0222, 0x0202, 0x0202, 0x0202, 0x0202, 0x0202, 0x0222, 0x0202, 0x01E2, 0x01C2, 0x01C1, 0x0202, 
    0x0202, 0x0202, 0x0202, 0x0202, 0x0202, 0x0222, 0x0222, 0x0202, 0x01E2, 0x01C2, 0x01C1, 0x01E2, 
    0x01E2, 0x01E2, 0x0202, 0x0202, 0x0202, 0x0202, 0x01E2, 0x01E2, 0x01C2, 0x01C2, 0x01E2, 0x01C2, 
    0x01C2, 0x01C2, 0x01C2, 0x01E2, 0x01E2, 0x01E2, 0x0202, 0x0202, 0x01E2, 0x01E2, 0x01E2, 0x01C2, 
    0x01E2, 0x01C2, 0x01C1, 0x01C2, 0x01C2, 0x01A1, 0x01A1, 0x01C2, 0x01C2, 0x01A2, 0x01A1, 0x01A1, 
    0x01A2, 0x01A1, 0x01C2, 0x0181, 0x0161, 0x0161, 0x0181, 0x01A1, 0x0161, 0x0161, 0x0141, 0x0161, 
    0x0161, 0x0161, 0x0161, 0x0161, 0x0161, 0x0161, 0x0141, 0x0141, 0x0141, 0x0141, 0x0141, 0x0141, 
    0x0121, 0x0121, 0x0101, 0x0101, 0x00E1, 0x0000, 0x6A84, 0xFEAC, 0x5204, 0x4A44, 0x5264, 0x0040, 
    0x00E1, 0x0101, 0x0121, 0x0121, 0x0101, 0x0101, 0x2141, 0x9B42, 0x00A1, 0x00A1, 0x00C1, 0x00E1, 
    0x00E1, 0x00E1, 0x00E1, 0x0101, 0x0101, 0x0122, 0x0121, 0x0122, 0x0142, 0x0142, 0x0142, 0x0162, 
    0x0162, 0x0162, 0x0162, 0x0162, 0x0162, 0x0162, 0x0182, 0x0182, 0x0182, 0x0182, 0x0182, 0x0182, 
    0x0182, 0x0182, 0x0162, 0x0162, 0x0162, 0x0162, 0x0162, 0x0162, 0x0162, 0x0162, 0x0162, 0x0142, 
    0x0142, 0x0122, 0x0122, 0x0121, 0x0121, 0x0101, 0x0101, 0x0101, 0x00E1, 0x00E1, 0x00E1, 0x00E1, 
    0x00C1, 0x00C1, 0x00C1, 0x00C1, 0x0081, 0x8303, 0x3120, 0x0060, 0x0080, 0x00A0, 0x00A0, 0x00A0, 
    0x0080, 0x0020, 0x7346, 0x1060, 0xCD2A, 0xB469, 0x0000, 0x0080, 0x00C1, 0x0000, 0x93C7, 0xEE0C, 
    0x0840, 0x8367, 0x18A1, 0x0060, 0x00C0, 0x00E0, 0x00E0, 0x00E0, 0x0100, 0x0100, 0x0100, 0x0101, 
    0x0121, 0x0121, 0x0121, 0x0121, 0x0121, 0x0141, 0x0141, 0x0161, 0x0161, 0x0141, 0x0141, 0x0141, 
    0x0141, 0x0161, 0x0161, 0x0161, 0x0181, 0x01A1, 0x01A1, 0x01A1, 0x01A1, 0x01A2, 0x01A2, 0x0181, 
    0x0181, 0x01A1, 0x01A1, 0x01C1, 0x01A1, 0x01A1, 0x01A1, 0x01C2, 0x01C1, 0x01A1, 0x01A1, 0x01A1, 
    0x01C1, 0x01C2, 0x01C2, 0x01C2, 0x01C1, 0x01A1, 0x01A1, 0x01A1, 0x01A1, 0x01C2, 0x01C2, 0x01C1, 
    0x01C2, 0x01E2, 0x01E2, 0x01E2, 0x01E2, 0x01E2, 0x01E2, 0x0202, 0x0202, 0x01E2, 0x01E2, 0x01C2, 
    0x01C1, 0x01C2, 0x01E2, 0x01C2, 0x01C1, 0x01E2, 0x01E2, 0x01E2, 0x01E2, 0x0202, 0x0202, 0x0202, 
    0x0202, 0x0202, 0x0202, 0x01E2, 0x0202, 0x0202, 0x0202, 0x01E2, 0x01E2, 0x01E2, 0x01E2, 0x01E2, 
    0x0202, 0x0202, 0x0222, 0x01E2, 0x01E2, 0x01C1, 0x01E2, 0x0222, 0x0222, 0x0202, 0x0202, 0x0222, 
    0x0202, 0x0202, 0x0202, 0x0202, 0x0202, 0x0222, 0x0222, 0x0223, 0x0222, 0x0202, 0x0202, 0x0202, 
    0x01E2, 0x01E2, 0x01E2, 0x0202, 0x0222, 0x0202, 0x01E2, 0x01E2, 0x01E2, 0x0202, 0x0222, 0x0202, 
    0x0202, 0x0202, 0x0202, 0x0202, 0x0202, 0x01E2, 0x0202, 0x0222, 0x0222, 0x0202, 0x0202, 0x0202, 
    0x0202, 0x0202, 0x0202, 0x01E2, 0x01E2, 0x01C2, 0x01C2, 0x01E2, 0x0202, 0x0202, 0x0202, 0x0202, 
    0x0202, 0x0222, 0x0222, 0x0202, 0x0202, 0x01E2, 0x01C2, 0x01E2, 0x01C2, 0x01C2, 0x0202, 0x0202, 
    0x0202, 0x01E2, 0x01C2, 0x01C2, 0x01C2, 0x01C2, 0x01E2, 0x01E2, 0x01C2, 0x01E2, 0x01E2, 0x01C2, 
    0x01C2, 0x01C2, 0x01E2, 0x01E2, 0x01E2, 0x01C2, 0x01A1, 0x01A1, 0x01E2, 0x01E2, 0x01A1, 0x01A1, 
    0x01A1, 0x01A1, 0x01C1, 0x01C2, 0x01C1, 0x01A1, 0x01A2, 0x01A1, 0x01A2, 0x01A2, 0x01C2, 0x01A1, 
    0x01A2, 0x0181, 0x01A1, 0x01A1, 0x0181, 0x0181, 0x0181, 0x0161, 0x0161, 0x0161, 0x0161, 0x0161, 
    0x0161, 0x0161, 0x0141, 0x0141, 0x0141, 0x0141, 0x0121, 0x0121, 0x0121, 0x0121, 0x0101, 0x0101, 
    0x00E1, 0x0000, 0x6A84, 0xFEAB, 0x5203, 0x4A03, 0x5243, 0x0020, 0x00C1, 0x0101, 0x0101, 0x00C1, 
    0x39C0, 0x00E1, 0x2181, 0x9B42, 0x00A1, 0x00C1, 0x00E1, 0x00E1, 0x00E1, 0x00E1, 0x0101, 0x0101, 
    0x0122, 0x0122, 0x0122, 0x0122, 0x0142, 0x0142, 0x0142, 0x0162, 0x0162, 0x0162, 0x0182, 0x0182, 
    0x0182, 0x0182, 0x0182, 0x0182, 0x0182, 0x0182, 0x0182, 0x0182, 0x0182, 0x0182, 0x0182, 0x0162, 
    0x0162, 0x0162, 0x0162, 0x0162, 0x0162, 0x0162, 0x0162, 0x0162, 0x0142, 0x0142, 0x0142, 0x0121, 
    0x0121, 0x0121, 0x0101, 0x0101, 0x00E1, 0x00E1, 0x00E1, 0x00E1, 0x00E1, 0x00E1, 0x00C1, 0x00C1, 
    0x0081, 0x7A61, 0x28E0, 0x0040, 0x41A1, 0x0060, 0x00A0, 0x00C0, 0x00A0, 0x0040, 0x7326, 0x1060, 
    0xC509, 0xB468, 0x0000, 0x0080, 0x00C1, 0x0000, 0x93E8, 0xEE2D, 0x0860, 0x8387, 0x18A1, 0x0080, 
    0x00C0, 0x00C0, 0x00E0, 0x00E0, 0x0100, 0x0100, 0x0100, 0x0101, 0x0101, 0x0121, 0x0121, 0x0121, 
    0x0141, 0x0141, 0x0141, 0x0161, 0x0141, 0x0141, 0x0141, 0x0141, 0x0141, 0x0141, 0x0141, 0x0161, 
    0x0181, 0x0181, 0x01A1, 0x01A1, 0x01A1, 0x01A1, 0x01A1, 0x0181, 0x0181, 0x01A1, 0x0181, 0x01A1, 
    0x01A1, 0x01A1, 0x01C2, 0x01C1, 0x01A1, 0x01C2, 0x01A2, 0x01A1, 0x01A1, 0x01A1, 0x01C2, 0x01C2, 
    0x01C2, 0x01C2, 0x01C1, 0x01A1, 0x01A1, 0x01C1, 0x01C2, 0x01C1, 0x01C2, 0x01C2, 0x01C2, 0x01C2, 
    0x01E2, 0x01E2, 0x01E2, 0x01E2, 0x01E2, 0x01C2, 0x01C2, 0x01E2, 0x01E2, 0x01E2, 0x01E2, 0x01E2, 
    0x01E2, 0x01E2, 0x01E2, 0x01E2, 0x01E2, 0x0202, 0x01E2, 0x01E2, 0x0202, 0x01E2, 0x01E2, 0x01E2, 
    0x0202, 0x0202, 0x01E2, 0x0202, 0x0202, 0x0202, 0x0202, 0x0202, 0x0222, 0x0202, 0x0222, 0x0222, 
    0x0202, 0x0202, 0x0222, 0x0243, 0x0222, 0x0223, 0x0202, 0x0202, 0x01E2, 0x0202, 0x0202, 0x0222, 
    0x0202, 0x0222, 0x0243, 0x0243, 0x0222, 0x0202, 0x0222, 0x0202, 0x0202, 0x01E2, 0x0202, 0x0202, 
    0x0202, 0x0202, 0x01E2, 0x01E2, 0x0202, 0x0202, 0x0222, 0x0202, 0x0202, 0x0202, 0x01E2, 0x0202, 
    0x0202, 0x0202, 0x0202, 0x0222, 0x0222, 0x0222, 0x0202, 0x0202, 0x0202, 0x0202, 0x01E2, 0x0202, 
    0x01E2, 0x01C1, 0x01C1, 0x01C1, 0x0202, 0x0222, 0x0202, 0x0202, 0x0202, 0x0222, 0x0222, 0x0202, 
    0x0202, 0x0202, 0x0202, 0x0202, 0x01E2, 0x01E2, 0x01E2, 0x01E2, 0x0202, 0x01E2, 0x01C2, 0x01C2, 
    0x01A2, 0x01C2, 0x01C2, 0x01C2, 0x01E2, 0x01C2, 0x01C2, 0x01C2, 0x01A1, 0x01C2, 0x01E2, 0x01E2, 
    0x01E2, 0x01A1, 0x0181, 0x0181, 0x01A1, 0x01A1, 0x01A1, 0x01A1, 0x01C2, 0x01C2, 0x01C2, 0x01C2, 
    0x01C2, 0x01A1, 0x01A1, 0x01A1, 0x01A1, 0x01A1, 0x01A2, 0x01C2, 0x01C2, 0x01C2, 0x01C2, 0x01A1, 
    0x0181, 0x01A1, 0x0181, 0x0181, 0x0181, 0x0161, 0x0161, 0x0161, 0x0161, 0x0161, 0x0141, 0x0141, 
    0x0141, 0x0121, 0x0121, 0x0121, 0x0121, 0x0121, 0x0101, 0x0101, 0x0101, 0x0000, 0x6AA4, 0xFE8B, 
    0x5203, 0x41C2, 0x4A23, 0x0040, 0x00E1, 0x00E1, 0x00E1, 0x5A41, 0x8301, 0x00C1, 0x2961, 0x9B43, 
    0x00C1, 0x00C1, 0x00E1, 0x00E1, 0x0101, 0x0101, 0x0101, 0x0122, 0x0122, 0x0142, 0x0142, 0x0142, 
    0x0142, 0x0142, 0x0162, 0x0162, 0x0162, 0x0182, 0x0182, 0x0182, 0x0182, 0x0182, 0x0182, 0x01A2, 
    0x01A2, 0x01A2, 0x01A2, 0x01A2, 0x0182, 0x0182, 0x0182, 0x0182, 0x0182, 0x0182, 0x0182, 0x0182, 
    0x0162, 0x0162, 0x0162, 0x0162, 0x0162, 0x0142, 0x0142, 0x0142, 0x0121, 0x0121, 0x0121, 0x0101, 
    0x00E1, 0x00E1, 0x00E1, 0x00E1, 0x00E1, 0x00E1, 0x00E1, 0x00E1, 0x0081, 0x7241, 0x2900, 0x0060, 
    0x72A2, 0x6AC3, 0x00A1, 0x00A0, 0x00A0, 0x0020, 0x7AE5, 0x1060, 0xC4E8, 0xAC26, 0x0000, 0x0060, 
    0x00C0, 0x0000, 0x93E8, 0xEE0D, 0x0860, 0x8BE9, 0x18C1, 0x0080, 0x00C0, 0x00C0, 0x00E0, 0x00E0, 
    0x0100, 0x0101, 0x0101, 0x0121, 0x0101, 0x0121, 0x0121, 0x0141, 0x0141, 0x0141, 0x0141, 0x0141, 
    0x0141, 0x0141, 0x0141, 0x0141, 0x0141, 0x0141, 0x0161, 0x0161, 0x0181, 0x0181, 0x01A1, 0x01A1, 
    0x01A1, 0x01A1, 0x01A1, 0x01A1, 0x01A1, 0x01A1, 0x0181, 0x0181, 0x01A1, 0x01C2, 0x01C2, 0x01A1, 
    0x01C1, 0x01A1, 0x01A1, 0x01A1, 0x01A1, 0x01C2, 0x01C2, 0x01C2, 0x01C2, 0x01C2, 0x01C2, 0x01A1, 
    0x01A1, 0x01C2, 0x01C1, 0x01C1, 0x01C1, 0x01A1, 0x01C1, 0x01C1, 0x01C2, 0x01E2, 0x01E2, 0x01E2, 
    0x01E2, 0x01C2, 0x01C2, 0x01E2, 0x01C2, 0x01C2, 0x01E2, 0x01E2, 0x01E2, 0x01E2, 0x01E2, 0x01E2, 
    0x01E2, 0x0202, 0x01E2, 0x01E2, 0x01E2, 0x0202, 0x01E2, 0x01E2, 0x0202, 0x0202, 0x01E2, 0x0202, 
    0x0202, 0x0202, 0x0202, 0x0202, 0x0202, 0x0202, 0x0202, 0x0222, 0x0222, 0x0242, 0x0242, 0x0243, 
    0x0243, 0x0222, 0x01E2, 0x01E2, 0x01C2, 0x01E2, 0x0222, 0x0222, 0x0222, 0x0223, 0x0243, 0x0223, 
    0x0222, 0x0222, 0x0222, 0x0222, 0x0202, 0x01E2, 0x0202, 0x0202, 0x0202, 0x0202, 0x01E2, 0x0202, 
    0x0202, 0x0202, 0x0202, 0x0202, 0x0202, 0x01E2, 0x0202, 0x0222, 0x0222, 0x0222, 0x0222, 0x0202, 
    0x0222, 0x0222, 0x0222, 0x0222, 0x01E2, 0x01E2, 0x01E2, 0x0202, 0x0202, 0x01C2, 0x01C2, 0x01C2, 
    0x01E2, 0x0222, 0x0222, 0x0222, 0x0202, 0x0202, 0x0202, 0x0202, 0x0202, 0x01E2, 0x0202, 0x0202, 
    0x01E2, 0x0202, 0x0202, 0x01E2, 0x01E2, 0x01C2, 0x01C2, 0x01C2, 0x01C2, 0x01C2, 0x01C2, 0x01C2, 
    0x01C2, 0x01C2, 0x01A1, 0x01C2, 0x01C2, 0x01C2, 0x01E2, 0x01E2, 0x01C2, 0x01A1, 0x0181, 0x01A1, 
    0x01A2, 0x01C2, 0x01A1, 0x01A1, 0x01A1, 0x01A1, 0x01C2, 0x01C2, 0x01C2, 0x01C2, 0x01A1, 0x01A1, 
    0x01A1, 0x01A1, 0x01A1, 0x01C2, 0x01C2, 0x01C2, 0x01C2, 0x01A2, 0x0181, 0x0181, 0x01A1, 0x0181, 
    0x0181, 0x0161, 0x0161, 0x0161, 0x0161, 0x0161, 0x0161, 0x0141, 0x0141, 0x0121, 0x0121, 0x0121, 
    0x0121, 0x0121, 0x0121, 0x0101, 0x0101, 0x0020, 0x6AA4, 0xFEAC, 0x5224, 0x41E3, 0x4A23, 0x0040, 
    0x0101, 0x00C1, 0x2161, 0x9321, 0x9322, 0x2161, 0x1921, 0x9B63, 0x00C1, 0x00C1, 0x00E1, 0x0101, 
    0x0101, 0x0101, 0x0101, 0x0122, 0x0122, 0x0142, 0x0142, 0x0142, 0x0142, 0x0162, 0x0162, 0x0162, 
    0x0182, 0x0182, 0x0182, 0x0182, 0x0182, 0x0182, 0x0182, 0x01A2, 0x01A2, 0x01A2, 0x01A2, 0x01A2, 
    0x01A2, 0x0182, 0x0182, 0x0182, 0x0182, 0x0182, 0x0182, 0x0182, 0x0182, 0x0162, 0x0162, 0x0162, 
    0x0162, 0x0162, 0x0162, 0x0142, 0x0141, 0x0121, 0x0121, 0x0101, 0x0101, 0x00E1, 0x00E1, 0x00E1, 
    0x00E1, 0x00E1, 0x00E1, 0x00E1, 0x0081, 0x82C3, 0x2900, 0x31A1, 0x9302, 0x9362, 0x2920, 0x0040, 
    0x0080, 0x0020, 0x7AE3, 0x1060, 0xC4C7, 0xAC06, 0x0000, 0x0060, 0x00C0, 0x0000, 0x93C8, 0xEDEC, 
    0x0860, 0x8BC8, 0x18C1, 0x0080, 0x00C0, 0x00C0, 0x00E0, 0x00E0, 0x0100, 0x0101, 0x0121, 0x0121, 
    0x0121, 0x0121, 0x0121, 0x0121, 0x0121, 0x0141, 0x0141, 0x0141, 0x0141, 0x0141, 0x0141, 0x0141, 
    0x0141, 0x0161, 0x0161, 0x0181, 0x01A1, 0x01A1, 0x0181, 0x01A1, 0x01A1, 0x01A1, 0x01A1, 0x01A2, 
    0x0181, 0x0181, 0x0181, 0x0181, 0x01A1, 0x01A1, 0x01A1, 0x01A1, 0x01C2, 0x01C1, 0x01C1, 0x01C1, 
    0x01A2, 0x01A2, 0x01C2, 0x01C2, 0x01C2, 0x01C2, 0x01C2, 0x01C2, 0x01C1, 0x01C2, 0x01C1, 0x01C1, 
    0x01A1, 0x01A1, 0x01C1, 0x01C1, 0x01C1, 0x01C2, 0x01E2, 0x01E2, 0x01E2, 0x01C2, 0x01C2, 0x01C2, 
    0x01C2, 0x01C2, 0x01C2, 0x01C2, 0x01E2, 0x01E2, 0x01C2, 0x01E2, 0x01E2, 0x01E2, 0x0202, 0x01E2, 
    0x01E2, 0x01E2, 0x01E2, 0x01E2, 0x01E2, 0x01E2, 0x01E2, 0x0202, 0x0202, 0x0202, 0x0222, 0x0222, 
    0x0202, 0x0202, 0x0202, 0x0243, 0x0242, 0x0242, 0x0222, 0x0222, 0x0222, 0x0202, 0x01E2, 0x01C2, 
    0x01C2, 0x0202, 0x0222, 0x0222, 0x0222, 0x0223, 0x0223, 0x0223, 0x0243, 0x0243, 0x0222, 0x0202, 
    0x01E2, 0x0202, 0x0202, 0x0202, 0x0202, 0x0202, 0x01E2, 0x0202, 0x0202, 0x01E2, 0x0202, 0x0202, 
    0x0202, 0x0202, 0x0202, 0x0222, 0x0202, 0x0202, 0x0202, 0x0202, 0x0202, 0x0202, 0x0222, 0x0222, 
    0x0202, 0x0202, 0x0202, 0x0202, 0x01E2, 0x01C2, 0x01C2, 0x01C2, 0x0202, 0x0222, 0x0202, 0x0202, 
    0x0222, 0x0202, 0x0202, 0x0222, 0x0202, 0x0202, 0x0202, 0x01E2, 0x01E2, 0x0202, 0x0202, 0x0202, 
    0x01E2, 0x01C2, 0x01C2, 0x01C2, 0x01C2, 0x01C2, 0x01E2, 0x01C2, 0x01C2, 0x01A2, 0x01A2, 0x01C2, 
    0x01E2, 0x01E2, 0x01E2, 0x01E2, 0x01C2, 0x01A1, 0x01A1, 0x01A1, 0x01C2, 0x01C2, 0x01A1, 0x01A1, 
    0x01A1, 0x01A1, 0x01C2, 0x01C2, 0x01E2, 0x01C2, 0x01A1, 0x01A1, 0x01A1, 0x01A1, 0x01A1, 0x01A1, 
    0x01A1, 0x01A2, 0x01A2, 0x01C2, 0x01A1, 0x01A1, 0x01A1, 0x0181, 0x0181, 0x0161, 0x0161, 0x0161, 
    0x0161, 0x0161, 0x0161, 0x0141, 0x0141, 0x0141, 0x0121, 0x0121, 0x0141, 0x0141, 0x0121, 0x0101, 
    0x0101, 0x0020, 0x6A84, 0xFEAC, 0x5203, 0x4A24, 0x5264, 0x0040, 0x00E1, 0x08C1, 0x6A81, 0x82C1, 
    0x82E2, 0x2141, 0x18E0, 0x9B42, 0x00C1, 0x00E1, 0x00E1, 0x0101, 0x0101, 0x0101, 0x0102, 0x0122, 
    0x0122, 0x0142, 0x0142, 0x0142, 0x0142, 0x0162, 0x0162, 0x0162, 0x0182, 0x0182, 0x0182, 0x0182, 
    0x01A2, 0x0182, 0x0182, 0x01A2, 0x01A2, 0x01A2, 0x01A2, 0x01A2, 0x0182, 0x0182, 0x01A2, 0x0182, 
    0x0182, 0x0182, 0x0182, 0x0182, 0x0182, 0x0162, 0x0162, 0x0162, 0x0162, 0x0162, 0x0162, 0x0142, 
    0x0142, 0x0122, 0x0122, 0x0101, 0x0101, 0x00E1, 0x00E1, 0x00E1, 0x00E1, 0x00E1, 0x00E1, 0x00E1, 
    0x0081, 0x8303, 0x2940, 0x39A1, 0x82A1, 0x7AA1, 0x6A40, 0x1080, 0x0060, 0x0000, 0x7282, 0x1060, 
    0xC4C8, 0xAC47, 0x0000, 0x0060, 0x00A0, 0x0000, 0x93C7, 0xEDEC, 0x0840, 0x8367, 0x18A1, 0x0080, 
    0x00C0, 0x00E0, 0x00E0, 0x0101, 0x0100, 0x0101, 0x0121, 0x0121, 0x0121, 0x0121, 0x0121, 0x0141, 
    0x0141, 0x0141, 0x0141, 0x0141, 0x0161, 0x0161, 0x0161, 0x0161, 0x0161, 0x0181, 0x01A1, 0x01A1, 
    0x01A1, 0x01A1, 0x0181, 0x01A1, 0x01A1, 0x0181, 0x0161, 0x01A1, 0x01A1, 0x01A1, 0x01A1, 0x01A1, 
    0x01A1, 0x0181, 0x0181, 0x01A1, 0x01A2, 0x01C2, 0x01C2, 0x01C2, 0x01A1, 0x01A1, 0x01C1, 0x01C1, 
    0x01C2, 0x01E2, 0x01E2, 0x01E2, 0x01E2, 0x01C2, 0x01E2, 0x01C2, 0x01E2, 0x01C2, 0x01C2, 0x01E2, 
    0x01E2, 0x01C2, 0x01C2, 0x01E2, 0x01E2, 0x01C2, 0x01C2, 0x01C2, 0x01C2, 0x01E2, 0x01E2, 0x01E2, 
    0x01E2, 0x01E2, 0x01C2, 0x01C2, 0x01E2, 0x01E2, 0x01E2, 0x01E2, 0x01E2, 0x0202, 0x01E2, 0x0202, 
    0x0202, 0x01E2, 0x0202, 0x0202, 0x0202, 0x0222, 0x0222, 0x0222, 0x0202, 0x0222, 0x0222, 0x0222, 
    0x0263, 0x0242, 0x0243, 0x0222, 0x0222, 0x0202, 0x0202, 0x0202, 0x0202, 0x0202, 0x0202, 0x0202, 
    0x0202, 0x0223, 0x0243, 0x0243, 0x0243, 0x0242, 0x0222, 0x0202, 0x0202, 0x0222, 0x0223, 0x0202, 
    0x0202, 0x0222, 0x0202, 0x0202, 0x0202, 0x01E2, 0x0202, 0x0202, 0x0202, 0x0202, 0x0222, 0x0222, 
    0x0202, 0x01E2, 0x0202, 0x0222, 0x0202, 0x0202, 0x0202, 0x0222, 0x0222, 0x0222, 0x0202, 0x01E2, 
    0x01E2, 0x01E2, 0x01E2, 0x01E2, 0x0222, 0x0222, 0x0222, 0x0222, 0x0202, 0x0202, 0x0202, 0x0222, 
    0x0222, 0x0202, 0x01E2, 0x01E2, 0x01E2, 0x0202, 0x0202, 0x0202, 0x0202, 0x01E2, 0x01E2, 0x01E2, 
    0x01E2, 0x01C2, 0x01E2, 0x01C2, 0x01C2, 0x01C2, 0x01C2, 0x01C2, 0x01E2, 0x01E2, 0x01E2, 0x01E2, 
    0x01E2, 0x01C2, 0x01C2, 0x01A1, 0x01A1, 0x01C2, 0x01C2, 0x01A1, 0x01A1, 0x01C1, 0x01C1, 0x01C2, 
    0x01E2, 0x01C1, 0x01C2, 0x01C1, 0x01A2, 0x01A1, 0x01A1, 0x01A2, 0x01A1, 0x01A2, 0x01A2, 0x01A1, 
    0x01A1, 0x0181, 0x0161, 0x0161, 0x0181, 0x0181, 0x0161, 0x0161, 0x0161, 0x0161, 0x0161, 0x0141, 
    0x0141, 0x0141, 0x0141, 0x0141, 0x0121, 0x0121, 0x0101, 0x00E1, 0x00E1, 0x0000, 0x6A84, 0xFECC, 
    0x5203, 0x4A44, 0x52A4, 0x0060, 0x00A0, 0x5A41, 0x7281, 0x7A81, 0x82C1, 0x4A01, 0x2100, 0x9B42, 
    0x00C1, 0x00E1, 0x00E1, 0x00E1, 0x0101, 0x0101, 0x0101, 0x0122, 0x0122, 0x0122, 0x0142, 0x0142, 
    0x0142, 0x0162, 0x0162, 0x0162, 0x0182, 0x0182, 0x0182, 0x01A2, 0x01A2, 0x01A2, 0x01A2, 0x01A2, 
    0x01A2, 0x01A2, 0x01A2, 0x0182, 0x0182, 0x0182, 0x01A2, 0x01A2, 0x0182, 0x0182, 0x0182, 0x0182, 
    0x0182, 0x0182, 0x0162, 0x0162, 0x0162, 0x0162, 0x0142, 0x0142, 0x0142, 0x0122, 0x0121, 0x0101, 
    0x0101, 0x0101, 0x00E1, 0x00E1, 0x00E1, 0x00E1, 0x00E1, 0x00E1, 0x0081, 0x82C2, 0x3120, 0x59C0, 
    0x7260, 0x7A81, 0x8AA0, 0x7A60, 0x0860, 0x0020, 0x6A41, 0x0840, 0xC4E8, 0xB427, 0x0000, 0x0080, 
    0x00A0, 0x0000, 0x93C7, 0xEDCC, 0x0840, 0x8366, 0x18A1, 0x0080, 0x00C0, 0x00E0, 0x00E0, 0x0100, 
    0x0101, 0x0100, 0x0121, 0x0121, 0x0121, 0x0121, 0x0121, 0x0121, 0x0121, 0x0141, 0x0141, 0x0141, 
    0x0161, 0x0181, 0x0161, 0x0161, 0x0161, 0x0181, 0x01A1, 0x01A1, 0x01A2, 0x01A1, 0x01A1, 0x01A1, 
    0x0181, 0x0161, 0x0161, 0x0181, 0x01A1, 0x01A2, 0x01A2, 0x0181, 0x0181, 0x0181, 0x0161, 0x0181, 
    0x01A1, 0x01A1, 0x01C2, 0x01C2, 0x01A1, 0x01A1, 0x01C1, 0x01E2, 0x01E2, 0x01E2, 0x01E2, 0x01E2, 
    0x01E2, 0x01E2, 0x01E2, 0x01E2, 0x0202, 0x01E2, 0x01E2, 0x0202, 0x0202, 0x01E2, 0x01C2, 0x01C2, 
    0x01E2, 0x01E2, 0x01E2, 0x01E2, 0x01E2, 0x01E2, 0x0202, 0x0202, 0x0202, 0x01E2, 0x01E2, 0x01E2, 
    0x01C2, 0x01E2, 0x0202, 0x01E2, 0x0202, 0x0202, 0x0202, 0x0202, 0x01E2, 0x01E2, 0x01E2, 0x0202, 
    0x0202, 0x0202, 0x0202, 0x0222, 0x0222, 0x0242, 0x0222, 0x0222, 0x0242, 0x0243, 0x0242, 0x0222, 
    0x0222, 0x0202, 0x0222, 0x0243, 0x0243, 0x0202, 0x01E2, 0x01E2, 0x01E2, 0x0202, 0x0242, 0x0243, 
    0x0242, 0x0242, 0x0222, 0x0222, 0x0242, 0x0243, 0x0222, 0x0222, 0x0222, 0x0222, 0x0222, 0x0202, 
    0x0202, 0x0202, 0x0202, 0x0222, 0x0222, 0x0222, 0x0202, 0x0202, 0x0202, 0x0202, 0x0202, 0x0202, 
    0x0202, 0x0202, 0x0202, 0x0222, 0x0202, 0x0222, 0x0202, 0x0202, 0x0202, 0x0202, 0x0202, 0x0202, 
    0x0222, 0x0222, 0x0222, 0x0202, 0x0202, 0x01E2, 0x01E2, 0x0202, 0x0202, 0x0202, 0x01E2, 0x01E2, 
    0x0202, 0x0202, 0x0202, 0x01E2, 0x01E2, 0x0202, 0x01E2, 0x0202, 0x01E2, 0x01E2, 0x01E2, 0x01E2, 
    0x01C2, 0x01C2, 0x01C2, 0x01C2, 0x01E2, 0x0202, 0x01E2, 0x01E2, 0x01E2, 0x01C2, 0x01E2, 0x01C1, 
    0x01C2, 0x01C2, 0x01C2, 0x01A1, 0x01A1, 0x01C1, 0x01C1, 0x01C2, 0x01C2, 0x01C1, 0x01C2, 0x01C2, 
    0x01C1, 0x01A1, 0x0181, 0x0181, 0x01A1, 0x01C2, 0x01C2, 0x01C2, 0x01A1, 0x0181, 0x0181, 0x0161, 
    0x0161, 0x0161, 0x0161, 0x0161, 0x0161, 0x0161, 0x0161, 0x0141, 0x0141, 0x0141, 0x0141, 0x0121, 
    0x0121, 0x0121, 0x0101, 0x00E1, 0x00E1, 0x0000, 0x6AA5, 0xFEED, 0x5203, 0x4A44, 0x52A5, 0x0060, 
    0x00E1, 0x0080, 0x51C1, 0x7281, 0x8AE2, 0x3161, 0x18C0, 0xA383, 0x00C1, 0x00E1, 0x00E1, 0x00E1, 
    0x00E1, 0x0101, 0x0101, 0x0121, 0x0122, 0x0122, 0x0142, 0x0142, 0x0142, 0x0162, 0x0162, 0x0162, 
    0x0182, 0x0182, 0x0182, 0x0182, 0x01A2, 0x01A2, 0x01A2, 0x01A2, 0x0182, 0x01A2, 0x0182, 0x0182, 
    0x0182, 0x0182, 0x01A2, 0x01A2, 0x0182, 0x01A2, 0x0182, 0x0182, 0x0182, 0x0182, 0x0162, 0x0162, 
    0x0162, 0x0142, 0x0142, 0x0142, 0x0142, 0x0122, 0x0121, 0x0101, 0x0101, 0x00E1, 0x00E1, 0x00E1, 
    0x00E1, 0x00E1, 0x00E1, 0x00E1, 0x0081, 0x82C2, 0x28E0, 0x3960, 0x8AC1, 0x7261, 0x5A00, 0x0020, 
    0x0080, 0x0040, 0x6221, 0x0820, 0xC4E8, 0xB447, 0x0000, 0x0080, 0x00C0, 0x0000, 0x8B86, 0xE58A, 
    0x0840, 0x8346, 0x18A1, 0x0080, 0x00C0, 0x00E0, 0x00E0, 0x00E0, 0x0100, 0x0100, 0x0100, 0x0101, 
    0x0121, 0x0121, 0x0121, 0x0141, 0x0121, 0x0141, 0x0141, 0x0141, 0x0141, 0x0161, 0x0181, 0x0161, 
    0x0181, 0x01A1, 0x01A1, 0x01A2, 0x01A2, 0x01A1, 0x01A1, 0x01A1, 0x0181, 0x0181, 0x01A1, 0x0181, 
    0x0181, 0x01A1, 0x01A2, 0x0181, 0x0181, 0x0181, 0x0181, 0x0181, 0x01A1, 0x01A1, 0x01A1, 0x01A1, 
    0x01A1, 0x01A1, 0x01C2, 0x01C1, 0x01C2, 0x01C2, 0x01C2, 0x01C2, 0x01C2, 0x01E2, 0x0202, 0x0202, 
    0x0202, 0x0202, 0x0202, 0x0202, 0x0202, 0x01E2, 0x01E2, 0x01E2, 0x01E2, 0x01E2, 0x01E2, 0x0202, 
    0x01E2, 0x01C2, 0x01E2, 0x01E2, 0x0202, 0x01E2, 0x01E2, 0x01E2, 0x01C2, 0x01E2, 0x0202, 0x0202, 
    0x0202, 0x01E2, 0x0202, 0x0202, 0x01E2, 0x01E2, 0x01E2, 0x01E2, 0x01E2, 0x0202, 0x0202, 0x0222, 
    0x0222, 0x0202, 0x0202, 0x0223, 0x0222, 0x0243, 0x0222, 0x0222, 0x0222, 0x0222, 0x0222, 0x0242, 
    0x0243, 0x0222, 0x0202, 0x01E2, 0x01C2, 0x0202, 0x0222, 0x0222, 0x0222, 0x0242, 0x0222, 0x0222, 
    0x0242, 0x0222, 0x0202, 0x0202, 0x0202, 0x0202, 0x0222, 0x0202, 0x0202, 0x0202, 0x0202, 0x0202, 
    0x0222, 0x0222, 0x0202, 0x01E2, 0x0202, 0x0222, 0x0202, 0x0202, 0x0202, 0x0202, 0x0202, 0x0202, 
    0x0202, 0x0202, 0x0202, 0x0202, 0x0202, 0x0222, 0x0202, 0x0202, 0x0202, 0x0202, 0x0202, 0x0202, 
    0x0202, 0x01E2, 0x01E2, 0x0202, 0x0202, 0x01E2, 0x01E2, 0x01E2, 0x0202, 0x0202, 0x0202, 0x0202, 
    0x01E2, 0x01E2, 0x01E2, 0x01E2, 0x01E2, 0x01E2, 0x01E2, 0x01E2, 0x01E2, 0x01C2, 0x01C1, 0x01C2, 
    0x01E2, 0x01E2, 0x01E2, 0x01E2, 0x01C2, 0x01C2, 0x01E2, 0x01E2, 0x01E2, 0x01E2, 0x01C2, 0x01C1, 
    0x01C1, 0x01C1, 0x01C2, 0x01C2, 0x01C2, 0x01E2, 0x01E2, 0x01C2, 0x01C2, 0x01C2, 0x01A1, 0x0181, 
    0x01A1, 0x01A1, 0x01A1, 0x01A1, 0x01A1, 0x0181, 0x0161, 0x0141, 0x0161, 0x0161, 0x0161, 0x0161, 
    0x0161, 0x0161, 0x0161, 0x0141, 0x0141, 0x0141, 0x0121, 0x0121, 0x0121, 0x0101, 0x0101, 0x00E0, 
    0x00E1, 0x0000, 0x6AC5, 0xFF2E, 0x5224, 0x4A64, 0x52A5, 0x0060, 0x0121, 0x0101, 0x10C0, 0x7AA2, 
    0x82C2, 0x1921, 0x2101, 0xA383, 0x00C1, 0x00C1, 0x00E1, 0x00E1, 0x0101, 0x0101, 0x0101, 0x0122, 
    0x0122, 0x0122, 0x0142, 0x0142, 0x0142, 0x0162, 0x0162, 0x0162, 0x0182, 0x0182, 0x0182, 0x0182, 
    0x01A2, 0x0182, 0x0182, 0x0182, 0x0182, 0x0182, 0x0182, 0x0182, 0x0182, 0x0182, 0x0182, 0x0182, 
    0x0182, 0x01A2, 0x0182, 0x0182, 0x0182, 0x0182, 0x0162, 0x0162, 0x0142, 0x0142, 0x0142, 0x0142, 
    0x0141, 0x0122, 0x0121, 0x0101, 0x0101, 0x00E1, 0x00E1, 0x00E1, 0x00E1, 0x00E1, 0x00E1, 0x00E1, 
    0x0081, 0x82E2, 0x2920, 0x2121, 0x8AC0, 0x82C0, 0x18A0, 0x0060, 0x0080, 0x0020, 0x6A62, 0x0840, 
    0xC4E8, 0xB447, 0x0000, 0x0080, 0x00A0, 0x0000, 0x8325, 0xDD28, 0x0840, 0x8325, 0x18A0, 0x0080, 
    0x00C0, 0x00E0, 0x00E0, 0x00E0, 0x00E0, 0x0100, 0x0100, 0x0100, 0x0121, 0x0121, 0x0121, 0x0141, 
    0x0121, 0x0141, 0x0141, 0x0141, 0x0141, 0x0161, 0x0181, 0x0181, 0x0181, 0x01A1, 0x01A1, 0x01A1, 
    0x01A1, 0x01A1, 0x01A1, 0x0181, 0x0181, 0x0181, 0x0181, 0x0181, 0x0181, 0x0181, 0x01A1, 0x0181, 
    0x0181, 0x0181, 0x01A1, 0x01A1, 0x0181, 0x0181, 0x01A1, 0x01A1, 0x0181, 0x01A1, 0x01A1, 0x01C2, 
    0x01C2, 0x01C2, 0x01C1, 0x01C2, 0x01C2, 0x01E2, 0x0202, 0x01E2, 0x0202, 0x01E2, 0x01E2, 0x01E2, 
    0x0202, 0x01E2, 0x0202, 0x01E2, 0x01E2, 0x01E2, 0x0202, 0x0202, 0x01E2, 0x01E2, 0x01E2, 0x01E2, 
    0x01E2, 0x01E2, 0x01E2, 0x01E2, 0x01E2, 0x01E2, 0x01E2, 0x0202, 0x0202, 0x0202, 0x01E2, 0x01E2, 
    0x0202, 0x01E2, 0x0202, 0x0202, 0x0202, 0x0202, 0x0202, 0x0202, 0x0222, 0x0222, 0x0202, 0x0202, 
    0x0202, 0x0222, 0x0222, 0x0242, 0x0242, 0x0222, 0x0242, 0x0243, 0x0243, 0x0222, 0x0202, 0x0202, 
    0x01C2, 0x0202, 0x0222, 0x0202, 0x0202, 0x0222, 0x0222, 0x0222, 0x0222, 0x0222, 0x0202, 0x0202, 
    0x0222, 0x0222, 0x0202, 0x0202, 0x0202, 0x01E2, 0x0202, 0x0202, 0x0202, 0x0202, 0x0202, 0x0222, 
    0x0222, 0x0222, 0x0222, 0x0202, 0x0202, 0x01E2, 0x0222, 0x0202, 0x0222, 0x0222, 0x0202, 0x0202, 
    0x01E2, 0x01E2, 0x0202, 0x0202, 0x0202, 0x0202, 0x01E2, 0x0202, 0x0202, 0x01E2, 0x0202, 0x0202, 
    0x0202, 0x01E2, 0x01E2, 0x01E2, 0x0202, 0x0202, 0x0202, 0x0222, 0x0202, 0x01E2, 0x01E2, 0x01E2, 
    0x01C2, 0x01E2, 0x01E2, 0x01C2, 0x01C2, 0x01C2, 0x01A1, 0x01C2, 0x01E2, 0x01E2, 0x01E2, 0x01C2, 
    0x01C2, 0x01C2, 0x01E2, 0x01E2, 0x01C2, 0x01C2, 0x01C2, 0x01C2, 0x01C2, 0x01C2, 0x01C2, 0x01C2, 
    0x01C2, 0x01C2, 0x01C2, 0x01C2, 0x01A1, 0x01A1, 0x01A2, 0x01A2, 0x01A2, 0x01A1, 0x01A1, 0x01A1, 
    0x0181, 0x0181, 0x0161, 0x0141, 0x0161, 0x0161, 0x0161, 0x0161, 0x0161, 0x0161, 0x0161, 0x0141, 
    0x0141, 0x0121, 0x0121, 0x0121, 0x0121, 0x0121, 0x0101, 0x0101, 0x00E1, 0x0000, 0x6AC5, 0xFF2D, 
    0x5204, 0x4A45, 0x52A5, 0x0060, 0x0101, 0x0101, 0x00C1, 0x2100, 0x5A01, 0x0080, 0x2121, 0xA342, 
    0x00C1, 0x00C1, 0x00E1, 0x00E1, 0x0101, 0x0101, 0x0101, 0x0101, 0x0121, 0x0121, 0x0121, 0x0141, 
    0x0142, 0x0162, 0x0162, 0x0162, 0x0162, 0x0182, 0x0182, 0x0182, 0x0182, 0x0182, 0x0182, 0x0182, 
    0x0182, 0x0182, 0x0182, 0x0182, 0x0182, 0x0182, 0x0182, 0x0182, 0x0182, 0x0182, 0x0182, 0x0182, 
    0x0182, 0x0162, 0x0162, 0x0162, 0x0162, 0x0142, 0x0142, 0x0141, 0x0142, 0x0122, 0x0121, 0x0101, 
    0x00E1, 0x00E1, 0x00E1, 0x00E1, 0x00E1, 0x00E1, 0x00E1, 0x00C1, 0x0081, 0x7241, 0x3120, 0x0020, 
    0x6220, 0x3140, 0x0080, 0x00A0, 0x00A0, 0x0020, 0x72C4, 0x0840, 0xC4E8, 0xB447, 0x0000, 0x0080, 
    0x00A0, 0x0000, 0x8324, 0xDD07, 0x0840, 0x8325, 0x18A0, 0x0080, 0x00C0, 0x00C0, 0x00E0, 0x00E0, 
    0x00E0, 0x00E0, 0x0100, 0x0100, 0x0121, 0x0121, 0x0121, 0x0121, 0x0121, 0x0121, 0x0141, 0x0141, 
    0x0141, 0x0141, 0x0161, 0x0141, 0x0161, 0x0181, 0x0181, 0x0181, 0x01A1, 0x01A2, 0x01A1, 0x0181, 
    0x0161, 0x0161, 0x0161, 0x0181, 0x01A1, 0x01A1, 0x01A1, 0x01A1, 0x01A1, 0x01A1, 0x01C2, 0x01A1, 
    0x01A1, 0x01A1, 0x01A1, 0x01A1, 0x0181, 0x01A1, 0x01A1, 0x01A2, 0x01C2, 0x01A1, 0x01A1, 0x01C2, 
    0x01C2, 0x01E2, 0x01E2, 0x01E2, 0x01E2, 0x01E2, 0x01E2, 0x01E2, 0x01E2, 0x01E2, 0x01E2, 0x01E2, 
    0x0202, 0x0202, 0x01E2, 0x0202, 0x01E2, 0x01C2, 0x01C2, 0x01E2, 0x01E2, 0x01E2, 0x0202, 0x0202, 
    0x01E2, 0x0202, 0x0202, 0x0202, 0x0202, 0x01E2, 0x01E2, 0x01E2, 0x01E2, 0x01E2, 0x0202, 0x0222, 
    0x0222, 0x0222, 0x0202, 0x0202, 0x0202, 0x0222, 0x0202, 0x0202, 0x0202, 0x0202, 0x0222, 0x0222, 
    0x0242, 0x0222, 0x0222, 0x0222, 0x0222, 0x0202, 0x0222, 0x0222, 0x0202, 0x0202, 0x0222, 0x0222, 
    0x0202, 0x0202, 0x0202, 0x0202, 0x0222, 0x0222, 0x0222, 0x0222, 0x0222, 0x0222, 0x0222, 0x0222, 
    0x0202, 0x0202, 0x0202, 0x0222, 0x0222, 0x0202, 0x0222, 0x0222, 0x0222, 0x0222, 0x0222, 0x0202, 
    0x0202, 0x0222, 0x0222, 0x0222, 0x0222, 0x0202, 0x0202, 0x0202, 0x0202, 0x0202, 0x0202, 0x0222, 
    0x0202, 0x01E2, 0x01E2, 0x0202, 0x01E2, 0x01E2, 0x01E2, 0x0202, 0x01E2, 0x01E2, 0x01E2, 0x01E2, 
    0x0202, 0x0202, 0x0222, 0x0202, 0x0202, 0x0202, 0x01E2, 0x01E2, 0x01E2, 0x01E2, 0x01E2, 0x01E2, 
    0x01C2, 0x01A1, 0x01A1, 0x01A1, 0x01C1, 0x01E2, 0x01E2, 0x01C2, 0x01E2, 0x01E2, 0x01E2, 0x01C2, 
    0x01C2, 0x01C1, 0x01A1, 0x01A1, 0x01C2, 0x01C2, 0x01C2, 0x01C2, 0x01C2, 0x01C1, 0x01C2, 0x01C2, 
    0x01C1, 0x01A1, 0x01A1, 0x01C2, 0x01A2, 0x01A1, 0x01A1, 0x01A1, 0x01A1, 0x0181, 0x0161, 0x0161, 
    0x0161, 0x0161, 0x0161, 0x0161, 0x0161, 0x0161, 0x0161, 0x0141, 0x0141, 0x0141, 0x0121, 0x0121, 
    0x0121, 0x0121, 0x0121, 0x0101, 0x00E1, 0x0000, 0x6AC5, 0xFF2E, 0x5204, 0x4244, 0x5285, 0x0040, 
    0x00E1, 0x0101, 0x0101, 0x00C1, 0x2961, 0x00A1, 0x2100, 0x9301, 0x00C1, 0x00E1, 0x00E1, 0x00E1, 
    0x00E1, 0x0101, 0x0101, 0x0101, 0x0101, 0x0121, 0x0121, 0x0141, 0x0141, 0x0162, 0x0162, 0x0162, 
    0x0162, 0x0162, 0x0162, 0x0182, 0x0182, 0x0182, 0x0182, 0x0182, 0x0182, 0x0182, 0x0182, 0x0182, 
    0x0182, 0x0182, 0x0182, 0x0182, 0x0182, 0x0182, 0x0182, 0x0182, 0x0162, 0x0162, 0x0162, 0x0162, 
    0x0142, 0x0142, 0x0141, 0x0141, 0x0121, 0x0121, 0x0101, 0x0101, 0x00E1, 0x00E1, 0x00E1, 0x00E1, 
    0x00E1, 0x00E1, 0x00C1, 0x00C1, 0x0080, 0x6A00, 0x2900, 0x0060, 0x2920, 0x0060, 0x00A0, 0x00A0, 
    0x00A0, 0x0020, 0x7B05, 0x1060, 0xC4E8, 0xB447, 0x0000, 0x0080, 0x00C0, 0x0000, 0x8B45, 0xDD28, 
    0x0840, 0x8B45, 0x18A1, 0x0080, 0x00C0, 0x00C0, 0x00E0, 0x00E0, 0x00E0, 0x00E0, 0x0100, 0x0101, 
    0x0121, 0x0121, 0x0121, 0x0121, 0x0121, 0x0121, 0x0121, 0x0121, 0x0141, 0x0141, 0x0161, 0x0161, 
    0x0161, 0x0181, 0x0181, 0x0181, 0x0181, 0x01A1, 0x0181, 0x0181, 0x0161, 0x0161, 0x0161, 0x0181, 
    0x01A1, 0x01A1, 0x01A1, 0x01A1, 0x01A1, 0x01A1, 0x01A1, 0x0181, 0x01A1, 0x01A1, 0x01A1, 0x01A1, 
    0x01A1, 0x01A1, 0x01A2, 0x01A1, 0x0181, 0x01A1, 0x01A1, 0x01A1, 0x01C1, 0x01E2, 0x01E2, 0x0202, 
    0x01E2, 0x01E2, 0x01E2, 0x01E2, 0x01E2, 0x01E2, 0x01E2, 0x0202, 0x0202, 0x01E2, 0x01E2, 0x01E2, 
    0x0202, 0x01E2, 0x01E2, 0x01E2, 0x01E2, 0x01E2, 0x01E2, 0x01E2, 0x01E2, 0x0202, 0x0202, 0x0202, 
    0x0202, 0x0202, 0x01E2, 0x01C2, 0x01E2, 0x01E2, 0x01E2, 0x0202, 0x0222, 0x0222, 0x0222, 0x0222, 
    0x0222, 0x0222, 0x0202, 0x0202, 0x0202, 0x01E2, 0x0202, 0x0242, 0x0222, 0x0222, 0x0222, 0x0222, 
    0x0222, 0x0202, 0x0222, 0x0222, 0x0202, 0x0222, 0x0222, 0x0202, 0x0202, 0x0202, 0x0202, 0x0202, 
    0x0222, 0x0202, 0x01E2, 0x0202, 0x0222, 0x0202, 0x0202, 0x0222, 0x0222, 0x0202, 0x0222, 0x0202, 
    0x0202, 0x0202, 0x0202, 0x0202, 0x0222, 0x0222, 0x0222, 0x0222, 0x0222, 0x0202, 0x0202, 0x0222, 
    0x0222, 0x0202, 0x0202, 0x0202, 0x0202, 0x0202, 0x0202, 0x0202, 0x01E2, 0x01E2, 0x01E2, 0x01E2, 
    0x0202, 0x01E2, 0x01E2, 0x0202, 0x0202, 0x01E2, 0x01E2, 0x01E2, 0x0202, 0x0202, 0x0222, 0x0202, 
    0x0202, 0x01E2, 0x01E2, 0x01E2, 0x01E2, 0x01E2, 0x0202, 0x01E2, 0x01E2, 0x01A1, 0x0181, 0x0181, 
    0x0181, 0x01C1, 0x01C2, 0x01C2, 0x01E2, 0x01E2, 0x01C2, 0x01C2, 0x01C2, 0x01C2, 0x01A1, 0x01A1, 
    0x01C1, 0x01A1, 0x01A1, 0x01A2, 0x01C2, 0x01C2, 0x01C1, 0x01C1, 0x01A1, 0x01A1, 0x01C1, 0x01A1, 
    0x01A1, 0x01A1, 0x01A1, 0x01A1, 0x01A1, 0x01A1, 0x0181, 0x0181, 0x0161, 0x0181, 0x0161, 0x0161, 
    0x0161, 0x0161, 0x0161, 0x0141, 0x0141, 0x0141, 0x0141, 0x0121, 0x0121, 0x0121, 0x0121, 0x00E1, 
    0x00E1, 0x0000, 0x6AC5, 0xFF4E, 0x5204, 0x4224, 0x5264, 0x0020, 0x00E1, 0x00E1, 0x0101, 0x0141, 
    0x0121, 0x0101, 0x2161, 0x9302, 0x00C1, 0x00C1, 0x00E1, 0x00E1, 0x00E1, 0x00E1, 0x00E1, 0x0101, 
    0x0101, 0x0122, 0x0121, 0x0141, 0x0142, 0x0142, 0x0162, 0x0162, 0x0162, 0x0162, 0x0162, 0x0162, 
    0x0182, 0x0182, 0x0182, 0x0182, 0x0182, 0x0182, 0x0182, 0x0182, 0x0182, 0x0182, 0x0182, 0x0182, 
    0x0182, 0x0182, 0x0182, 0x0162, 0x0162, 0x0162, 0x0162, 0x0142, 0x0142, 0x0142, 0x0142, 0x0121, 
    0x0121, 0x0121, 0x0101, 0x0101, 0x00E1, 0x00E1, 0x00E1, 0x00E1, 0x00E1, 0x00C1, 0x00C1, 0x00C1, 
    0x0080, 0x7221, 0x2920, 0x0081, 0x00A1, 0x00C1, 0x00A0, 0x0080, 0x0080, 0x0020, 0x7B26, 0x1060, 
    0xC4E8, 0xB447, 0x0000, 0x0080, 0x00C1, 0x0000, 0x9386, 0xE589, 0x0840, 0x8B86, 0x18C1, 0x0080, 
    0x00C0, 0x00E0, 0x00E0, 0x00E0, 0x00E0, 0x00E0, 0x0101, 0x0101, 0x0121, 0x0121, 0x0121, 0x0141, 
    0x0121, 0x0121, 0x0121, 0x0121, 0x0121, 0x0141, 0x0141, 0x0141, 0x0161, 0x0161, 0x0161, 0x0181, 
    0x0161, 0x0181, 0x0181, 0x0181, 0x0181, 0x0181, 0x0161, 0x0181, 0x01A1, 0x01A1, 0x01A1, 0x01A1, 
    0x01A1, 0x0181, 0x0181, 0x0181, 0x01A1, 0x01A1, 0x01C2, 0x01C2, 0x01A1, 0x01A1, 0x01A1, 0x01A1, 
    0x01A1, 0x01A1, 0x01A2, 0x01A1, 0x01C2, 0x01C2, 0x01C2, 0x01C2, 0x01E2, 0x01E2, 0x01E2, 0x01E2, 
    0x01E2, 0x01E2, 0x01E2, 0x01E2, 0x01E2, 0x01E2, 0x0202, 0x01E2, 0x0202, 0x0202, 0x0202, 0x0202, 
    0x0202, 0x0202, 0x0202, 0x01E2, 0x01E2, 0x01E2, 0x01E2, 0x01E2, 0x01E2, 0x01E2, 0x01E2, 0x01E2, 
    0x0202, 0x0202, 0x0202, 0x0202, 0x0202, 0x0202, 0x0202, 0x0202, 0x0222, 0x0222, 0x0222, 0x0222, 
    0x0202, 0x0202, 0x0222, 0x0222, 0x0222, 0x0222, 0x0202, 0x0222, 0x0222, 0x0222, 0x0202, 0x0202, 
    0x0222, 0x0222, 0x0222, 0x0222, 0x0222, 0x0202, 0x0202, 0x0202, 0x0202, 0x0202, 0x01E2, 0x01E2, 
    0x0202, 0x0222, 0x0222, 0x0223, 0x0222, 0x0222, 0x0222, 0x0222, 0x0202, 0x0202, 0x0202, 0x0202, 
    0x0222, 0x0222, 0x0222, 0x0222, 0x0222, 0x0202, 0x0202, 0x01E2, 0x0202, 0x0202, 0x01E2, 0x0202, 
    0x0202, 0x0202, 0x0202, 0x0202, 0x0202, 0x01E2, 0x01E2, 0x01E2, 0x0202, 0x0202, 0x0202, 0x0202, 
    0x0202, 0x0202, 0x01E2, 0x01E2, 0x0202, 0x0202, 0x0222, 0x0222, 0x0202, 0x01E2, 0x01E2, 0x01E2, 
    0x01E2, 0x0202, 0x0202, 0x0202, 0x01C2, 0x01C2, 0x01A1, 0x0181, 0x01A1, 0x01C2, 0x01C2, 0x01C2, 
    0x01C2, 0x01C2, 0x01C2, 0x01C2, 0x01C2, 0x01C2, 0x01C2, 0x01A1, 0x01A1, 0x0181, 0x01A1, 0x01A1, 
    0x01A1, 0x01C2, 0x01C2, 0x01C2, 0x01A1, 0x01A1, 0x01A1, 0x01A1, 0x01A1, 0x01A1, 0x01A1, 0x01A2, 
    0x01A1, 0x01A1, 0x0181, 0x0181, 0x0181, 0x0181, 0x0181, 0x0181, 0x0161, 0x0161, 0x0161, 0x0141, 
    0x0141, 0x0141, 0x0141, 0x0141, 0x0121, 0x0121, 0x0101, 0x00E1, 0x00E0, 0x0000, 0x6AC5, 0xFF4E, 
    0x5204, 0x4224, 0x5264, 0x0020, 0x00C1, 0x00E1, 0x0101, 0x0121, 0x0141, 0x0121, 0x2181, 0x9B42, 
    0x00A1, 0x00C1, 0x00E1, 0x00E1, 0x00E1, 0x0101, 0x0101, 0x0101, 0x0101, 0x0121, 0x0121, 0x0142, 
    0x0142, 0x0142, 0x0142, 0x0162, 0x0161, 0x0162, 0x0162, 0x0162, 0x0182, 0x0182, 0x0182, 0x0182, 
    0x0182, 0x0182, 0x0182, 0x0182, 0x0182, 0x0182, 0x0182, 0x0182, 0x0182, 0x0182, 0x0182, 0x0182, 
    0x0162, 0x0162, 0x0162, 0x0162, 0x0142, 0x0142, 0x0142, 0x0121, 0x0121, 0x0101, 0x0101, 0x0101, 
    0x0101, 0x00E1, 0x00E1, 0x00E1, 0x00E1, 0x00C1, 0x00C1, 0x00A0, 0x0061, 0x82E3, 0x2920, 0x00A1, 
    0x00C1, 0x00A1, 0x00A0, 0x00A0, 0x00A0, 0x0020, 0x7326, 0x0861, 0xC4E8, 0xB447, 0x0000, 0x0080, 
    0x00E1, 0x0000, 0x93A6, 0xEDCA, 0x0840, 0x8BA7, 0x18C1, 0x0080, 0x00C0, 0x00E0, 0x00E0, 0x0101, 
    0x0101, 0x0100, 0x0100, 0x0101, 0x0121, 0x0121, 0x0121, 0x0121, 0x0121, 0x0141, 0x0141, 0x0141, 
    0x0141, 0x0141, 0x0141, 0x0121, 0x0161, 0x0161, 0x0161, 0x0161, 0x0161, 0x0181, 0x0161, 0x0181, 
    0x0181, 0x0181, 0x0181, 0x0181, 0x0181, 0x0181, 0x0181, 0x0181, 0x0181, 0x0181, 0x0181, 0x0181, 
    0x01A2, 0x01C2, 0x01C2, 0x01C2, 0x01C2, 0x01A1, 0x01A1, 0x01A1, 0x01A1, 0x01A1, 0x01A1, 0x01A1, 
    0x01A1, 0x01C1, 0x01C2, 0x01C2, 0x01E2, 0x01E2, 0x01E2, 0x01E2, 0x01E2, 0x0202, 0x01E2, 0x01E2, 
    0x01E2, 0x01E2, 0x0202, 0x01E2, 0x01E2, 0x01E2, 0x01E2, 0x0202, 0x0202, 0x0202, 0x0202, 0x01E2, 
    0x01C2, 0x01E2, 0x01E2, 0x01E2, 0x01E2, 0x01E2, 0x01E2, 0x01E2, 0x0202, 0x0202, 0x0202, 0x0202, 
    0x0202, 0x0202, 0x0202, 0x0202, 0x0202, 0x0242, 0x0222, 0x0242, 0x0222, 0x0222, 0x0222, 0x0222, 
    0x0222, 0x0202, 0x01E2, 0x0202, 0x0222, 0x0202, 0x0222, 0x0222, 0x0222, 0x0222, 0x0222, 0x0222, 
    0x0202, 0x0202, 0x0202, 0x01E2, 0x0202, 0x0202, 0x0202, 0x01E2, 0x0202, 0x0202, 0x0202, 0x0202, 
    0x0222, 0x0222, 0x0202, 0x0202, 0x0222, 0x0202, 0x0202, 0x0202, 0x0202, 0x0222, 0x0222, 0x0222, 
    0x0222, 0x0222, 0x0202, 0x0202, 0x0202, 0x01E2, 0x01E2, 0x01E2, 0x0202, 0x0202, 0x0222, 0x0222, 
    0x0222, 0x0222, 0x0202, 0x0202, 0x0202, 0x0222, 0x0202, 0x0202, 0x0202, 0x0202, 0x01E2, 0x01E2, 
    0x01E2, 0x0202, 0x0202, 0x0202, 0x01E2, 0x01E2, 0x01E2, 0x01E2, 0x01E2, 0x0202, 0x0202, 0x0202, 
    0x01E2, 0x01C2, 0x01C2, 0x01A1, 0x01A1, 0x01E2, 0x01C2, 0x01C2, 0x01C2, 0x01C2, 0x01C2, 0x01C2, 
    0x01E2, 0x01C2, 0x01A1, 0x01A1, 0x01C2, 0x01A2, 0x01A1, 0x01A1, 0x01A1, 0x01A1, 0x01A1, 0x01A1, 
    0x01A2, 0x01A1, 0x01A1, 0x01A2, 0x01A1, 0x01A1, 0x01A2, 0x01A2, 0x01A1, 0x0181, 0x0181, 0x0181, 
    0x0181, 0x0161, 0x0161, 0x0161, 0x0161, 0x0181, 0x0161, 0x0161, 0x0161, 0x0141, 0x0141, 0x0141, 
    0x0121, 0x0121, 0x0121, 0x0101, 0x00E1, 0x0000, 0x6AA5, 0xFF2E, 0x5224, 0x4224, 0x5264, 0x0020, 
    0x00E1, 0x0101, 0x0101, 0x0101, 0x0121, 0x0101, 0x00C1, 0x82A1, 0x6A63, 0x0041, 0x0081, 0x00A1, 
    0x00C1, 0x00C1, 0x00C1, 0x00C1, 0x00E1, 0x00E1, 0x00E1, 0x00E1, 0x00E1, 0x0101, 0x0101, 0x0101, 
    0x0101, 0x0101, 0x0121, 0x0122, 0x0122, 0x0121, 0x0121, 0x0121, 0x0121, 0x0121, 0x0142, 0x0142, 
    0x0142, 0x0122, 0x0121, 0x0121, 0x0142, 0x0142, 0x0122, 0x0122, 0x0101, 0x0101, 0x0101, 0x0101, 
    0x0101, 0x00E1, 0x00E1, 0x00E1, 0x00E1, 0x00E1, 0x00E1, 0x00C1, 0x00C1, 0x00C1, 0x00A1, 0x00A1, 
    0x00A1, 0x00A1, 0x0081, 0x0061, 0x62C4, 0x8AE2, 0x0080, 0x00C1, 0x00C1, 0x00A1, 0x00A0, 0x00A0, 
    0x00A0, 0x0020, 0x7B46, 0x1080, 0xC509, 0xB447, 0x0000, 0x0080, 0x00E1, 0x0000, 0x93C7, 0xEDEB, 
    0x0840, 0x93E9, 0x18C1, 0x0080, 0x00E1, 0x00E1, 0x0101, 0x0101, 0x00E1, 0x0101, 0x0121, 0x0121, 
    0x0121, 0x0120, 0x0121, 0x0121, 0x0121, 0x0141, 0x0141, 0x0141, 0x0141, 0x0121, 0x0121, 0x0121, 
    0x0141, 0x0161, 0x0161, 0x0161, 0x0161, 0x0161, 0x0161, 0x0161, 0x0161, 0x0181, 0x0181, 0x0181, 
    0x0181, 0x0181, 0x0181, 0x0181, 0x0181, 0x0181, 0x01A2, 0x01A2, 0x01A1, 0x01C2, 0x01C2, 0x01C2, 
    0x01A2, 0x01A1, 0x01A2, 0x01A1, 0x01A1, 0x0181, 0x0181, 0x01A1, 0x01A1, 0x01A1, 0x01C2, 0x01C2, 
    0x01E2, 0x01E2, 0x01C2, 0x01E2, 0x01E2, 0x0202, 0x01E2, 0x01E2, 0x01E2, 0x0202, 0x01E2, 0x01E2, 
    0x01E2, 0x0202, 0x0202, 0x01E2, 0x01E2, 0x01E2, 0x01E2, 0x01E2, 0x01C1, 0x01E2, 0x0202, 0x0202, 
    0x01E2, 0x01C1, 0x01E2, 0x0202, 0x0202, 0x0202, 0x0202, 0x0202, 0x0202, 0x0222, 0x0202, 0x0202, 
    0x0222, 0x0222, 0x0222, 0x0222, 0x0222, 0x0222, 0x0222, 0x0222, 0x0222, 0x0222, 0x0202, 0x0202, 
    0x0202, 0x0202, 0x0222, 0x0242, 0x0222, 0x0222, 0x0222, 0x0222, 0x0222, 0x0202, 0x01E2, 0x01E2, 
    0x0202, 0x0222, 0x0202, 0x0202, 0x0202, 0x0202, 0x0222, 0x0202, 0x0222, 0x0222, 0x0202, 0x0222, 
    0x0202, 0x0202, 0x0202, 0x0202, 0x0202, 0x0222, 0x0222, 0x0222, 0x0202, 0x0202, 0x01E2, 0x01E2, 
    0x01E2, 0x0202, 0x0202, 0x0202, 0x0202, 0x0222, 0x0222, 0x0242, 0x0242, 0x0222, 0x0202, 0x0202, 
    0x0222, 0x0222, 0x0202, 0x0202, 0x0222, 0x0202, 0x01E2, 0x01E2, 0x01E2, 0x01E2, 0x01E2, 0x01E2, 
    0x01E2, 0x0202, 0x01E2, 0x01E2, 0x01E2, 0x0202, 0x0202, 0x0202, 0x01E2, 0x01C2, 0x01C2, 0x01A1, 
    0x01C2, 0x01E2, 0x01E2, 0x01E2, 0x01E2, 0x01E2, 0x01E2, 0x01E2, 0x01E2, 0x01C2, 0x01A1, 0x01C2, 
    0x01E2, 0x01C2, 0x01A1, 0x01A1, 0x0181, 0x01A1, 0x0181, 0x0181, 0x0181, 0x0181, 0x01A2, 0x01A2, 
    0x01A2, 0x01A1, 0x01A1, 0x01A1, 0x01A1, 0x0181, 0x01A2, 0x0182, 0x0181, 0x0181, 0x0161, 0x0161, 
    0x0161, 0x0161, 0x0161, 0x0161, 0x0161, 0x0141, 0x0141, 0x0141, 0x0141, 0x0121, 0x0121, 0x0101, 
    0x0101, 0x0000, 0x6AA5, 0xFF2E, 0x5224, 0x4224, 0x5244, 0x0040, 0x0101, 0x0101, 0x0101, 0x0101, 
    0x0101, 0x0101, 0x00E1, 0x10E0, 0x82A2, 0x9B44, 0x8B04, 0x9324, 0x9BA5, 0x9BC5, 0x9B85, 0xA3C5, 
    0xA406, 0xA406, 0xA3C5, 0xA3C5, 0xA3E5, 0xA406, 0xA406, 0x9BC5, 0x9BE5, 0xA406, 0xA426, 0xA447, 
    0xAC67, 0xB4A7, 0xB4C8, 0xB4A8, 0xAC67, 0xAC67, 0xAC47, 0xAC47, 0xAC47, 0xB487, 0xB4A8, 0xB4A8, 
    0xB487, 0xAC67, 0xAC67, 0xAC87, 0xAC67, 0xA406, 0xA3E5, 0xA3E5, 0xAC26, 0xAC26, 0xAC46, 0xAC47, 
    0xAC27, 0x9BE6, 0x9BA5, 0x9344, 0x8B03, 0x9343, 0x9B64, 0x9B84, 0x9B84, 0x9B84, 0x9B64, 0x9B85, 
    0x9322, 0x18A0, 0x0081, 0x00C1, 0x00C1, 0x00A1, 0x00C0, 0x00C0, 0x00A0, 0x0000, 0x7B87, 0x10A1, 
    0xC52A, 0xB469, 0x0000, 0x0080, 0x00E1, 0x0000, 0x93A7, 0xEDEB, 0x0840, 0x9409, 0x18E1, 0x0080, 
    0x00E0, 0x00E1, 0x0941, 0x19A2, 0x0101, 0x0101, 0x0121, 0x0121, 0x0121, 0x0121, 0x0121, 0x0121, 
    0x0121, 0x0141, 0x0141, 0x0141, 0x0141, 0x0141, 0x0121, 0x0121, 0x0161, 0x0161, 0x0161, 0x0161, 
    0x0161, 0x0141, 0x0161, 0x0161, 0x0161, 0x0181, 0x0181, 0x01A1, 0x01A1, 0x0181, 0x0181, 0x0181, 
    0x0181, 0x01A1, 0x01A1, 0x01A1, 0x01A1, 0x01C2, 0x01C2, 0x01C2, 0x01A1, 0x01A2, 0x01C2, 0x01A2, 
    0x01A1, 0x0181, 0x0181, 0x0181, 0x01A1, 0x01A1, 0x01C2, 0x01C2, 0x01C2, 0x01C2, 0x01C2, 0x01C2, 
    0x01E2, 0x0202, 0x0202, 0x0202, 0x0202, 0x0202, 0x01E2, 0x01E2, 0x01E2, 0x01E2, 0x01E2, 0x01E2, 
    0x01C2, 0x01C2, 0x01E2, 0x01E2, 0x01C2, 0x01C2, 0x01E2, 0x0202, 0x0202, 0x01E2, 0x01E2, 0x01E2, 
    0x0202, 0x0202, 0x0202, 0x0222, 0x0223, 0x0222, 0x0222, 0x0222, 0x0243, 0x0243, 0x0222, 0x0222, 
    0x0202, 0x0202, 0x0222, 0x0222, 0x0222, 0x0222, 0x0202, 0x0202, 0x0202, 0x0202, 0x0202, 0x0202, 
    0x0202, 0x0222, 0x0222, 0x0222, 0x0222, 0x0222, 0x0202, 0x0202, 0x0222, 0x0222, 0x0202, 0x0202, 
    0x0202, 0x0202, 0x0222, 0x0222, 0x0222, 0x0202, 0x0202, 0x0202, 0x0222, 0x0222, 0x0222, 0x0222, 
    0x0223, 0x0222, 0x0202, 0x0202, 0x0202, 0x01E2, 0x01E2, 0x01E2, 0x01E2, 0x0222, 0x0222, 0x0222, 
    0x0222, 0x0222, 0x0222, 0x0222, 0x0222, 0x0222, 0x0222, 0x0202, 0x0202, 0x0202, 0x0202, 0x0202, 
    0x0202, 0x0202, 0x01E2, 0x01C2, 0x01C2, 0x01E2, 0x01E2, 0x01E2, 0x01E2, 0x01E2, 0x01C2, 0x01E2, 
    0x01E2, 0x0202, 0x0202, 0x0202, 0x01C2, 0x01E2, 0x01E2, 0x01C2, 0x01E2, 0x01E2, 0x01E2, 0x01E2, 
    0x01E2, 0x01E2, 0x01E2, 0x01E2, 0x01C2, 0x01C2, 0x01C2, 0x01C2, 0x01C2, 0x01A2, 0x01A1, 0x01A1, 
    0x0181, 0x0181, 0x0181, 0x0181, 0x0181, 0x0181, 0x01A1, 0x01A2, 0x01A2, 0x0181, 0x01A1, 0x0181, 
    0x0181, 0x01A1, 0x01A2, 0x0181, 0x0161, 0x0161, 0x0161, 0x0161, 0x0161, 0x0161, 0x0161, 0x0161, 
    0x0161, 0x0141, 0x0141, 0x0141, 0x0121, 0x1181, 0x0961, 0x0101, 0x0121, 0x0020, 0x6AC5, 0xFEED, 
    0x5203, 0x4224, 0x5264, 0x0040, 0x00E1, 0x0101, 0x0141, 0x0121, 0x0101, 0x0101, 0x0121, 0x00E1, 
    0x00C0, 0x39A1, 0x41A1, 0x41C0, 0x4A21, 0x5221, 0x49E1, 0x49C1, 0x49E1, 0x49E1, 0x51E1, 0x5221, 
    0x5242, 0x5242, 0x5262, 0x5242, 0x5201, 0x5222, 0x5242, 0x5242, 0x5A22, 0x5A63, 0x6283, 0x5A83, 
    0x5A83, 0x5A63, 0x5242, 0x5242, 0x5242, 0x5A43, 0x6283, 0x6263, 0x5A63, 0x5A62, 0x5A62, 0x5AA3, 
    0x5A83, 0x5222, 0x49C1, 0x51E1, 0x5222, 0x5A62, 0x5A63, 0x5222, 0x51E2, 0x49C1, 0x49A1, 0x41A0, 
    0x3960, 0x4180, 0x4180, 0x49A1, 0x49E0, 0x41C0, 0x41C0, 0x3960, 0x00A0, 0x00C1, 0x00C1, 0x00C1, 
    0x00C1, 0x00C1, 0x00C0, 0x00A0, 0x00A0, 0x0020, 0x7B46, 0x1080, 0xC52A, 0xB469, 0x0000, 0x0080, 
    0x00E1, 0x0000, 0x8B86, 0xE58A, 0x0840, 0x8BC8, 0x18C1, 0x0080, 0x00E0, 0x00E0, 0x0121, 0x0981, 
    0x11A1, 0x0121, 0x0101, 0x0121, 0x0121, 0x0121, 0x0121, 0x0121, 0x0121, 0x0141, 0x0141, 0x0141, 
    0x0141, 0x0121, 0x0141, 0x0141, 0x0141, 0x0161, 0x0161, 0x0161, 0x0161, 0x0161, 0x0161, 0x0181, 
    0x0161, 0x0161, 0x0181, 0x01A1, 0x01A1, 0x0181, 0x0181, 0x0181, 0x0181, 0x01A1, 0x01A2, 0x01C2, 
    0x01C2, 0x01C2, 0x01A1, 0x01A1, 0x01A1, 0x01A1, 0x0181, 0x0181, 0x0181, 0x0181, 0x0181, 0x0181, 
    0x0181, 0x01A1, 0x01A1, 0x01A2, 0x01C2, 0x01C2, 0x01C2, 0x01C2, 0x01E2, 0x0202, 0x0202, 0x0202, 
    0x0202, 0x0202, 0x0202, 0x01E2, 0x01E2, 0x01E2, 0x01C2, 0x01C2, 0x01E2, 0x01C2, 0x01C2, 0x01C1, 
    0x01C2, 0x01C2, 0x01E2, 0x01E2, 0x01E2, 0x01E2, 0x01E2, 0x01E2, 0x01E2, 0x0202, 0x0222, 0x0222, 
    0x0222, 0x0222, 0x0222, 0x0242, 0x0243, 0x0222, 0x0243, 0x0223, 0x0222, 0x0222, 0x0222, 0x0222, 
    0x0222, 0x0222, 0x0222, 0x0222, 0x0222, 0x0202, 0x01E2, 0x0202, 0x0202, 0x0223, 0x0243, 0x0222, 
    0x0222, 0x0202, 0x0202, 0x0222, 0x0222, 0x0202, 0x0202, 0x0202, 0x0222, 0x0222, 0x0222, 0x0222, 
    0x0222, 0x0222, 0x0202, 0x0202, 0x0202, 0x0222, 0x0202, 0x0222, 0x0223, 0x0222, 0x0202, 0x0202, 
    0x0202, 0x0202, 0x0202, 0x0202, 0x0202, 0x0202, 0x0222, 0x0222, 0x0222, 0x0222, 0x0202, 0x0222, 
    0x0202, 0x0202, 0x0202, 0x01E2, 0x0202, 0x0202, 0x01E2, 0x01E2, 0x01E2, 0x01E2, 0x01E2, 0x01E2, 
    0x01C2, 0x01E2, 0x01E2, 0x01E2, 0x01E2, 0x01E2, 0x01E2, 0x01E2, 0x01E2, 0x01E2, 0x0202, 0x0202, 
    0x01E2, 0x01E2, 0x01E2, 0x01E2, 0x01E2, 0x01E2, 0x01E2, 0x01E2, 0x01E2, 0x01E2, 0x01E2, 0x01E2, 
    0x01E2, 0x01C2, 0x01C2, 0x01A2, 0x01A2, 0x01A1, 0x01A1, 0x01A1, 0x01A1, 0x01A1, 0x0181, 0x0181, 
    0x0181, 0x0181, 0x01A1, 0x01A2, 0x01A2, 0x01A1, 0x01A2, 0x01A1, 0x0181, 0x0181, 0x0181, 0x0181, 
    0x0181, 0x0161, 0x0161, 0x0161, 0x0161, 0x0181, 0x0161, 0x0161, 0x0161, 0x0161, 0x0141, 0x0141, 
    0x11A1, 0x0981, 0x0121, 0x0101, 0x0101, 0x0020, 0x6AC4, 0xFECC, 0x49E3, 0x4224, 0x5264, 0x0040, 
    0x0101, 0x0101, 0x0121, 0x0141, 0x0141, 0x0141, 0x0141, 0x0141, 0x0101, 0x00C1, 0x00E1, 0x00E1, 
    0x00C1, 0x00C1, 0x00C1, 0x00C1, 0x00A1, 0x00A1, 0x00A1, 0x00A1, 0x00A1, 0x00C1, 0x00E1, 0x00C1, 
    0x00C1, 0x00C1, 0x00C1, 0x00C1, 0x00A1, 0x0080, 0x00A0, 0x00A1, 0x00A0, 0x00A1, 0x00A1, 0x00A1, 
    0x00A1, 0x0080, 0x0060, 0x0060, 0x0080, 0x00A0, 0x00A0, 0x00A0, 0x00A0, 0x00A0, 0x0080, 0x0081, 
    0x0081, 0x0080, 0x0080, 0x0060, 0x0060, 0x0081, 0x0081, 0x0081, 0x0080, 0x00A1, 0x0081, 0x0081, 
    0x00A1, 0x00A0, 0x00A0, 0x00A1, 0x00E1, 0x00E1, 0x00E1, 0x0101, 0x00E1, 0x00E1, 0x00C1, 0x00A0, 
    0x00A0, 0x0020, 0x7326, 0x0860, 0xC54B, 0xB489, 0x0000, 0x0080, 0x00E1, 0x0000, 0x8B65, 0xE549, 
    0x0840, 0x8BC8, 0x18C1, 0x0080, 0x00C0, 0x00E0, 0x0121, 0x0141, 0x0161, 0x11A1, 0x1181, 0x0121, 
    0x0121, 0x0121, 0x0141, 0x0121, 0x0121, 0x0121, 0x0141, 0x0141, 0x0141, 0x0141, 0x0141, 0x0141, 
    0x0141, 0x0161, 0x0161, 0x0161, 0x0161, 0x0181, 0x0181, 0x0181, 0x0181, 0x0181, 0x0181, 0x01A1, 
    0x01A1, 0x01A1, 0x01A1, 0x01A1, 0x01A1, 0x01A1, 0x01A2, 0x01C2, 0x01C2, 0x01C2, 0x01A1, 0x01A1, 
    0x0181, 0x0181, 0x01A1, 0x01A1, 0x0181, 0x0181, 0x0181, 0x0181, 0x01A1, 0x01A1, 0x01A2, 0x01C2, 
    0x01C2, 0x01C2, 0x01C2, 0x01C2, 0x01E2, 0x01E2, 0x01C1, 0x01E2, 0x0202, 0x0202, 0x0202, 0x0202, 
    0x01E2, 0x01C2, 0x01C2, 0x01E2, 0x01C2, 0x01E2, 0x01E2, 0x01E2, 0x01C2, 0x01C2, 0x01C2, 0x01C2, 
    0x01E2, 0x01E2, 0x01E2, 0x01E2, 0x01E2, 0x0222, 0x0223, 0x0223, 0x0222, 0x0222, 0x0222, 0x0222, 
    0x0242, 0x0242, 0x0263, 0x0243, 0x0222, 0x0222, 0x0202, 0x0222, 0x0202, 0x0202, 0x0202, 0x0222, 
    0x0202, 0x0202, 0x01E2, 0x0202, 0x0222, 0x0222, 0x0202, 0x01E2, 0x0202, 0x0222, 0x0202, 0x0222, 
    0x0222, 0x0202, 0x0202, 0x0202, 0x0222, 0x0202, 0x0222, 0x0222, 0x0222, 0x0222, 0x0222, 0x0202, 
    0x0202, 0x0202, 0x01E2, 0x0202, 0x0202, 0x01E2, 0x0202, 0x01E2, 0x01E2, 0x0202, 0x0202, 0x0222, 
    0x0202, 0x0202, 0x01E2, 0x0202, 0x0242, 0x0243, 0x0222, 0x0222, 0x0202, 0x0202, 0x01E2, 0x01E2, 
    0x0202, 0x0202, 0x0202, 0x01E2, 0x01E2, 0x01E2, 0x0202, 0x0202, 0x01E2, 0x01E2, 0x01E2, 0x01C2, 
    0x01E2, 0x01E2, 0x0202, 0x01E2, 0x01E2, 0x0222, 0x0202, 0x01E2, 0x01E2, 0x01E2, 0x01E2, 0x01E2, 
    0x01E2, 0x01E2, 0x01C2, 0x01C2, 0x01E2, 0x01E2, 0x01E2, 0x01E2, 0x01E2, 0x01E2, 0x01C2, 0x01A2, 
    0x01A1, 0x01A1, 0x01A1, 0x01A1, 0x01A1, 0x01A1, 0x01A1, 0x01A1, 0x01A1, 0x0181, 0x01A1, 0x01A2, 
    0x0181, 0x01A1, 0x01A1, 0x0181, 0x0181, 0x0181, 0x01A1, 0x0181, 0x0161, 0x0161, 0x0181, 0x0181, 
    0x0181, 0x0181, 0x0161, 0x0161, 0x0161, 0x0141, 0x0982, 0x19E2, 0x0982, 0x0141, 0x0121, 0x00E1, 
    0x00E1, 0x0000, 0x6AA4, 0xFECB, 0x51E3, 0x4204, 0x4A44, 0x0040, 0x0101, 0x0121, 0x0121, 0x0141, 
    0x0141, 0x0141, 0x0141, 0x0121, 0x0121, 0x0101, 0x0101, 0x0121, 0x0101, 0x0101, 0x0101, 0x0101, 
    0x0121, 0x0121, 0x0121, 0x0121, 0x0121, 0x0121, 0x0121, 0x0121, 0x0121, 0x0121, 0x0121, 0x0121, 
    0x0121, 0x0121, 0x0141, 0x0141, 0x0141, 0x0141, 0x0121, 0x0101, 0x0101, 0x00E1, 0x00E1, 0x0101, 
    0x0101, 0x0121, 0x0121, 0x0101, 0x00E1, 0x0101, 0x0121, 0x0101, 0x00E1, 0x0101, 0x0101, 0x00E1, 
    0x00E1, 0x00E1, 0x00E1, 0x00E1, 0x0101, 0x0101, 0x00E1, 0x00E1, 0x00C1, 0x00C1, 0x00C1, 0x00C1, 
    0x00C1, 0x00C1, 0x00C1, 0x00E1, 0x00E1, 0x00C1, 0x00A0, 0x0080, 0x00A0, 0x0020, 0x7B46, 0x1060, 
    0xCD6B, 0xB4AA, 0x0000, 0x0080, 0x00C0, 0x0000, 0x8B66, 0xE569, 0x0840, 0x8BA7, 0x18C1, 0x0080, 
    0x00C0, 0x00E0, 0x0101, 0x0141, 0x0161, 0x0161, 0x09C2, 0x19C2, 0x0961, 0x0121, 0x0121, 0x0141, 
    0x0121, 0x0141, 0x0121, 0x0141, 0x0141, 0x0141, 0x0121, 0x0121, 0x0141, 0x0161, 0x0161, 0x0161, 
    0x0181, 0x0181, 0x0181, 0x0181, 0x01A1, 0x01A1, 0x0181, 0x01A1, 0x01A1, 0x01A1, 0x01A1, 0x01A2, 
    0x01A1, 0x0181, 0x0181, 0x01A1, 0x01A2, 0x01A2, 0x01A2, 0x01A1, 0x01A1, 0x01A1, 0x01A1, 0x01A1, 
    0x0181, 0x0181, 0x01A1, 0x01A1, 0x01A1, 0x01A1, 0x01A1, 0x01C2, 0x01C2, 0x01C1, 0x01C2, 0x01C2, 
    0x01C2, 0x01E2, 0x01E2, 0x01E2, 0x0202, 0x0222, 0x0202, 0x0202, 0x01E2, 0x01E2, 0x01E2, 0x01E2, 
    0x01C1, 0x01C2, 0x0202, 0x0202, 0x01E2, 0x01C2, 0x01C2, 0x01C2, 0x01C2, 0x01C2, 0x01C2, 0x01E2, 
    0x0202, 0x0222, 0x0223, 0x0222, 0x0222, 0x0222, 0x0222, 0x0222, 0x0242, 0x0243, 0x0242, 0x0222, 
    0x0243, 0x0242, 0x0222, 0x0222, 0x0222, 0x0202, 0x0202, 0x0202, 0x0202, 0x0202, 0x0202, 0x0222, 
    0x0223, 0x0202, 0x0202, 0x01E2, 0x0202, 0x0242, 0x0242, 0x0243, 0x0243, 0x0202, 0x0222, 0x0202, 
    0x0202, 0x0202, 0x0202, 0x0202, 0x0222, 0x0242, 0x0222, 0x0222, 0x0222, 0x0202, 0x01E2, 0x01E2, 
    0x01C1, 0x01C2, 0x0202, 0x0202, 0x01E2, 0x01E2, 0x01E2, 0x0202, 0x0202, 0x0202, 0x0202, 0x0222, 
    0x0222, 0x0202, 0x0222, 0x0222, 0x0202, 0x0202, 0x0222, 0x0202, 0x0202, 0x0202, 0x0202, 0x0202, 
    0x01E2, 0x0202, 0x0222, 0x0202, 0x0202, 0x0202, 0x01E2, 0x01E2, 0x01E2, 0x01E2, 0x0202, 0x0202, 
    0x0202, 0x0202, 0x0202, 0x01E2, 0x01E2, 0x01E2, 0x01C2, 0x01C2, 0x01C2, 0x01E2, 0x01E2, 0x01E2, 
    0x0202, 0x01E2, 0x01E2, 0x01E2, 0x01E2, 0x01E2, 0x01C2, 0x01C2, 0x01C2, 0x01A2, 0x01A1, 0x01A1, 
    0x01A2, 0x01A1, 0x0181, 0x01A1, 0x01C2, 0x01A1, 0x01A1, 0x01A1, 0x01A1, 0x0181, 0x0181, 0x0181, 
    0x0181, 0x01A2, 0x01A2, 0x0181, 0x0161, 0x0161, 0x0161, 0x0161, 0x0161, 0x0161, 0x0181, 0x0161, 
    0x0161, 0x19C2, 0x19E2, 0x0182, 0x0141, 0x0121, 0x0101, 0x00E0, 0x00E1, 0x0000, 0x6AC4, 0xFEAB, 
    0x49E2, 0x4224, 0x5264, 0x0040, 0x0101, 0x0101, 0x0141, 0x0141, 0x0121, 0x0121, 0x0141, 0x0161, 
    0x0161, 0x0161, 0x0121, 0x0141, 0x0121, 0x0101, 0x0121, 0x0121, 0x0121, 0x0121, 0x0141, 0x0121, 
    0x0121, 0x0101, 0x0121, 0x0141, 0x0141, 0x0121, 0x0101, 0x0121, 0x0141, 0x0141, 0x0141, 0x0141, 
    0x0141, 0x0141, 0x0121, 0x0101, 0x0101, 0x0101, 0x0121, 0x0121, 0x0121, 0x0121, 0x0121, 0x0101, 
    0x00E1, 0x0101, 0x0121, 0x0121, 0x0101, 0x0101, 0x0101, 0x00E1, 0x00E1, 0x00E1, 0x00E1, 0x00E1, 
    0x00E1, 0x00C1, 0x00E1, 0x00C1, 0x00E1, 0x00E1, 0x00E1, 0x00E1, 0x00E1, 0x00E1, 0x00C1, 0x00C1, 
    0x00C1, 0x00C1, 0x00A0, 0x0080, 0x0080, 0x0020, 0x7B26, 0x1060, 0xCD2A, 0xAC68, 0x0000, 0x0060, 
    0x00C0, 0x0000, 0x93A6, 0xE58A, 0x0840, 0x8BA7, 0x18C1, 0x0080, 0x00C0, 0x00E0, 0x0101, 0x0141, 
    0x0141, 0x0161, 0x0161, 0x0181, 0x11C2, 0x11A1, 0x0961, 0x0121, 0x0121, 0x0141, 0x0141, 0x0141, 
    0x0141, 0x0141, 0x0121, 0x0121, 0x0141, 0x0161, 0x0181, 0x0161, 0x0181, 0x0181, 0x0181, 0x01A1, 
    0x01A1, 0x01A1, 0x0181, 0x0181, 0x0181, 0x0181, 0x01A2, 0x01A2, 0x01A1, 0x01A1, 0x01A1, 0x01A1, 
    0x01A1, 0x01A1, 0x01A1, 0x01A1, 0x01A1, 0x01A1, 0x01A1, 0x0181, 0x01A1, 0x0181, 0x01A1, 0x01A1, 
    0x01A1, 0x01A2, 0x01A1, 0x01C2, 0x01C2, 0x01C2, 0x01C1, 0x01A1, 0x01C2, 0x01E2, 0x0202, 0x0202, 
    0x0202, 0x0202, 0x01E2, 0x0202, 0x0202, 0x01E2, 0x01E2, 0x01E2, 0x01C2, 0x01E2, 0x0202, 0x0202, 
    0x01E2, 0x01C2, 0x01C2, 0x01C2, 0x01E2, 0x01E2, 0x01E2, 0x01E2, 0x01E2, 0x0202, 0x0222, 0x0222, 
    0x0222, 0x0202, 0x0222, 0x0202, 0x0222, 0x0222, 0x0222, 0x0222, 0x0202, 0x0222, 0x0222, 0x0222, 
    0x0222, 0x0202, 0x0202, 0x01C2, 0x01C2, 0x01E2, 0x0202, 0x0223, 0x0243, 0x0202, 0x0202, 0x0202, 
    0x0202, 0x0222, 0x0223, 0x0243, 0x0243, 0x0222, 0x0222, 0x0202, 0x0202, 0x0202, 0x0202, 0x0202, 
    0x0202, 0x0202, 0x0222, 0x0202, 0x0202, 0x0202, 0x01E2, 0x01E2, 0x01C2, 0x01E2, 0x0202, 0x0202, 
    0x0202, 0x01E2, 0x01E2, 0x01E2, 0x01E2, 0x0202, 0x0222, 0x0222, 0x0202, 0x0202, 0x01E2, 0x0222, 
    0x0222, 0x0222, 0x0222, 0x0202, 0x0202, 0x0202, 0x0202, 0x0222, 0x0202, 0x0202, 0x0202, 0x0202, 
    0x0202, 0x0222, 0x0202, 0x0202, 0x01E2, 0x01E2, 0x0202, 0x01E2, 0x01E2, 0x0202, 0x0202, 0x0202, 
    0x01E2, 0x01E2, 0x01C2, 0x01A2, 0x01A2, 0x01E2, 0x01E2, 0x0202, 0x0202, 0x01E2, 0x01E2, 0x01E2, 
    0x01E2, 0x01E2, 0x01C2, 0x01C2, 0x01A2, 0x01A1, 0x01A1, 0x01A1, 0x01A1, 0x01A1, 0x01A1, 0x01A1, 
    0x01C1, 0x01A1, 0x01C2, 0x01A2, 0x0181, 0x0181, 0x0181, 0x0181, 0x01A1, 0x01A2, 0x01A2, 0x0181, 
    0x0181, 0x0181, 0x0161, 0x0161, 0x0161, 0x0161, 0x0161, 0x09A1, 0x2222, 0x11E2, 0x0161, 0x0141, 
    0x0121, 0x0121, 0x0101, 0x00E1, 0x00C0, 0x0000, 0x6A64, 0xFE6A, 0x49E3, 0x4A44, 0x5284, 0x0040, 
    0x00E1, 0x00E1, 0x0121, 0x0121, 0x0121, 0x0121, 0x0161, 0x0161, 0x0161, 0x0161, 0x0161, 0x0141, 
    0x0141, 0x0141, 0x0121, 0x0121, 0x0121, 0x0121, 0x0121, 0x0121, 0x0121, 0x0121, 0x0121, 0x0121, 
    0x0141, 0x0121, 0x0101, 0x0121, 0x0141, 0x0141, 0x0141, 0x0141, 0x0121, 0x0101, 0x0121, 0x0121, 
    0x0101, 0x0121, 0x0141, 0x0121, 0x0121, 0x0101, 0x0101, 0x0101, 0x0101, 0x0101, 0x0121, 0x0121, 
    0x0101, 0x0101, 0x0101, 0x0101, 0x0101, 0x0101, 0x00E1, 0x00E1, 0x00C1, 0x00C1, 0x00E1, 0x0101, 
    0x0101, 0x0121, 0x0101, 0x0101, 0x0101, 0x0101, 0x00E1, 0x00C1, 0x00A1, 0x00A0, 0x00A0, 0x00A0, 
    0x0080, 0x0000, 0x7B26, 0x1060, 0xC4E8, 0xAC27, 0x0000, 0x0080, 0x00E1, 0x0000, 0x93C7, 0xE5AA, 
    0x0840, 0x8B87, 0x18C1, 0x0080, 0x00C0, 0x00C0, 0x0101, 0x0121, 0x0141, 0x0121, 0x0141, 0x0141, 
    0x0141, 0x0181, 0x19E2, 0x19E2, 0x0961, 0x0141, 0x0141, 0x0141, 0x0141, 0x0141, 0x0141, 0x0121, 
    0x0141, 0x0141, 0x0161, 0x0161, 0x0161, 0x0181, 0x0181, 0x0181, 0x0181, 0x0181, 0x0181, 0x0181, 
    0x0181, 0x0181, 0x01A1, 0x01A2, 0x01A1, 0x01A1, 0x01C1, 0x01C2, 0x01C2, 0x01A1, 0x01A1, 0x01C2, 
    0x01A1, 0x01A1, 0x01A1, 0x0181, 0x01A1, 0x01A1, 0x01A1, 0x01A1, 0x01A1, 0x01C2, 0x01C2, 0x01C2, 
    0x01C2, 0x01C2, 0x01C1, 0x01C2, 0x01C2, 0x01E2, 0x01E2, 0x01E2, 0x01E2, 0x01E2, 0x01E2, 0x01E2, 
    0x01E2, 0x01E2, 0x01E2, 0x0202, 0x01E2, 0x01E2, 0x01E2, 0x0202, 0x01E2, 0x01C2, 0x01C1, 0x01C2, 
    0x01E2, 0x01E2, 0x0202, 0x0202, 0x01E2, 0x0202, 0x0222, 0x0222, 0x0202, 0x0202, 0x0202, 0x0222, 
    0x0222, 0x0222, 0x0222, 0x0202, 0x0202, 0x0222, 0x0222, 0x0202, 0x0202, 0x0202, 0x0202, 0x01E2, 
    0x01E2, 0x0202, 0x0202, 0x0202, 0x0202, 0x0202, 0x0222, 0x0202, 0x0202, 0x0202, 0x0222, 0x0222, 
    0x0243, 0x0222, 0x0222, 0x0202, 0x0202, 0x0202, 0x0222, 0x0222, 0x0222, 0x0202, 0x0202, 0x01E2, 
    0x0202, 0x0202, 0x0202, 0x0222, 0x0202, 0x0202, 0x01E2, 0x01E2, 0x0202, 0x01E2, 0x01E2, 0x01E2, 
    0x01E2, 0x01E2, 0x0202, 0x01E2, 0x01E2, 0x0202, 0x0202, 0x0202, 0x0202, 0x0202, 0x0202, 0x01E2, 
    0x01E2, 0x0202, 0x0202, 0x0222, 0x0222, 0x0222, 0x0202, 0x0202, 0x0202, 0x0202, 0x0222, 0x0202, 
    0x01E2, 0x01C2, 0x01C2, 0x01E2, 0x0202, 0x0202, 0x0202, 0x01E2, 0x01E2, 0x01E2, 0x01E2, 0x01E2, 
    0x01C2, 0x01E2, 0x01C2, 0x01A1, 0x01C2, 0x01C2, 0x01E2, 0x01E2, 0x01E2, 0x01C2, 0x01A1, 0x01C2, 
    0x01C2, 0x01C2, 0x01A2, 0x01A2, 0x01A2, 0x01A1, 0x01C2, 0x01C2, 0x01C2, 0x01A1, 0x01A2, 0x01A2, 
    0x0181, 0x01A2, 0x01A2, 0x01A2, 0x01A2, 0x01A2, 0x01A2, 0x0181, 0x0181, 0x0181, 0x0161, 0x0141, 
    0x0161, 0x09A2, 0x19E2, 0x11E2, 0x01A2, 0x0161, 0x0161, 0x0141, 0x0121, 0x0121, 0x0101, 0x00E0, 
    0x00C0, 0x0000, 0x6263, 0xFE8B, 0x51E3, 0x4A65, 0x5284, 0x0020, 0x00E1, 0x00E1, 0x0101, 0x0121, 
    0x0141, 0x0161, 0x0161, 0x0161, 0x0161, 0x0121, 0x0141, 0x0141, 0x0161, 0x0141, 0x0141, 0x0141, 
    0x0121, 0x0121, 0x0121, 0x0141, 0x0121, 0x0121, 0x0121, 0x0121, 0x0141, 0x0141, 0x0121, 0x0121, 
    0x0141, 0x0141, 0x0161, 0x0141, 0x0121, 0x0121, 0x0121, 0x0121, 0x0101, 0x0141, 0x0141, 0x0121, 
    0x0101, 0x0101, 0x0101, 0x0101, 0x0121, 0x0121, 0x0101, 0x0121, 0x0121, 0x0101, 0x0121, 0x0101, 
    0x0101, 0x0101, 0x00E1, 0x00E1, 0x00E1, 0x0101, 0x0101, 0x0121, 0x0101, 0x0101, 0x0101, 0x00E1, 
    0x00E1, 0x00C1, 0x00C1, 0x00C1, 0x00C1, 0x00A0, 0x0080, 0x0080, 0x0080, 0x0000, 0x7B26, 0x1060, 
    0xC4C8, 0xAC06, 0x0000, 0x0080, 0x00E1, 0x0000, 0x9BE8, 0xEDCB, 0x0840, 0x8BA8, 0x18C1, 0x0080, 
    0x00C0, 0x00C0, 0x00E1, 0x0101, 0x0121, 0x0121, 0x0121, 0x0121, 0x0141, 0x0141, 0x0161, 0x09A2, 
    0x11E2, 0x1A02, 0x11A1, 0x0141, 0x0121, 0x0141, 0x0161, 0x0161, 0x0161, 0x0141, 0x0141, 0x0161, 
    0x0161, 0x0181, 0x0181, 0x0161, 0x0161, 0x0141, 0x0161, 0x0181, 0x0181, 0x0181, 0x0181, 0x01A1, 
    0x01A1, 0x01A1, 0x01C2, 0x01C2, 0x01C2, 0x01A1, 0x01A1, 0x01A2, 0x01A1, 0x01C1, 0x01C1, 0x01A2, 
    0x01A1, 0x01A1, 0x01A1, 0x01A1, 0x01A1, 0x01C2, 0x01C2, 0x01C2, 0x01C2, 0x01A1, 0x01A1, 0x01C1, 
    0x01E2, 0x01E2, 0x01E2, 0x01E2, 0x01E2, 0x01C2, 0x01C2, 0x01E2, 0x01E2, 0x01E2, 0x01E2, 0x0202, 
    0x0202, 0x0202, 0x01E2, 0x01E2, 0x01E2, 0x01E2, 0x01E2, 0x01C2, 0x01C2, 0x01C2, 0x01E2, 0x0202, 
    0x0202, 0x0202, 0x0222, 0x0202, 0x0202, 0x0202, 0x0202, 0x0222, 0x0222, 0x0243, 0x0222, 0x0202, 
    0x0202, 0x0222, 0x0223, 0x0202, 0x0202, 0x0202, 0x0202, 0x0222, 0x0222, 0x01E2, 0x01E2, 0x01E2, 
    0x0202, 0x0222, 0x0222, 0x0202, 0x01E2, 0x0202, 0x0202, 0x0222, 0x0243, 0x0222, 0x0202, 0x01E2, 
    0x01E2, 0x0202, 0x0202, 0x0202, 0x0202, 0x01E2, 0x0202, 0x01E2, 0x0202, 0x0202, 0x0202, 0x0222, 
    0x0222, 0x0202, 0x0202, 0x01E2, 0x01E2, 0x01E2, 0x01E2, 0x01E2, 0x01E2, 0x01C2, 0x01C2, 0x01C2, 
    0x01C2, 0x0202, 0x01E2, 0x01E2, 0x01E2, 0x0202, 0x0202, 0x0202, 0x01E2, 0x01E2, 0x0202, 0x0222, 
    0x0222, 0x0222, 0x0222, 0x0222, 0x0202, 0x0202, 0x0222, 0x0202, 0x01E2, 0x01C2, 0x01C2, 0x01E2, 
    0x0202, 0x01E2, 0x01E2, 0x01E2, 0x01E2, 0x01E2, 0x01E2, 0x01E2, 0x01E2, 0x01C2, 0x01A1, 0x0181, 
    0x01A1, 0x01C2, 0x01C2, 0x01E2, 0x01E2, 0x01C2, 0x01C1, 0x01C2, 0x01C2, 0x01C2, 0x01C2, 0x01A2, 
    0x01A2, 0x01C2, 0x01C2, 0x01C2, 0x01C2, 0x01A1, 0x0181, 0x0181, 0x0181, 0x01A1, 0x01A2, 0x01A1, 
    0x01A1, 0x01A1, 0x01A2, 0x0182, 0x0161, 0x0161, 0x0161, 0x11A2, 0x1A02, 0x1202, 0x01A2, 0x0161, 
    0x0161, 0x0161, 0x0141, 0x0121, 0x0121, 0x0121, 0x0101, 0x00E1, 0x00C0, 0x0000, 0x6A84, 0xFECC, 
    0x5203, 0x4244, 0x5264, 0x0020, 0x00E1, 0x00E1, 0x0101, 0x0121, 0x0161, 0x0181, 0x0141, 0x0141, 
    0x0141, 0x0141, 0x0121, 0x0141, 0x0141, 0x0141, 0x0161, 0x0161, 0x0121, 0x0121, 0x0141, 0x0141, 
    0x0141, 0x0121, 0x0121, 0x0141, 0x0161, 0x0161, 0x0141, 0x0121, 0x0101, 0x0121, 0x0141, 0x0141, 
    0x0141, 0x0121, 0x0121, 0x0101, 0x0101, 0x0121, 0x0121, 0x0121, 0x0101, 0x0121, 0x0101, 0x0101, 
    0x0121, 0x0101, 0x00E1, 0x0121, 0x0141, 0x0121, 0x0121, 0x0101, 0x0101, 0x0101, 0x00E1, 0x0101, 
    0x0121, 0x0101, 0x00E1, 0x00E1, 0x00E1, 0x00E1, 0x00E1, 0x00C1, 0x00C1, 0x00C1, 0x00A1, 0x00E1, 
    0x00E1, 0x00A0, 0x0080, 0x0080, 0x0080, 0x0000, 0x7B46, 0x1080, 0xC4C8, 0xAC07, 0x0000, 0x00A0, 
    0x00C1, 0x0000, 0x93E7, 0xEDCB, 0x0860, 0x8BC8, 0x18E1, 0x0080, 0x00E0, 0x00E0, 0x00E0, 0x0101, 
    0x0101, 0x0120, 0x0121, 0x0121, 0x0121, 0x0121, 0x0141, 0x0141, 0x0161, 0x01A2, 0x19E2, 0x21E2, 
    0x19C1, 0x0981, 0x0141, 0x0121, 0x0121, 0x0141, 0x0141, 0x0141, 0x0161, 0x0181, 0x0181, 0x0161, 
    0x0141, 0x0141, 0x0141, 0x0161, 0x0181, 0x0181, 0x0181, 0x01A1, 0x01A1, 0x01C2, 0x01C2, 0x01C2, 
    0x01A1, 0x01A2, 0x01A1, 0x01A1, 0x01A1, 0x01C2, 0x01C2, 0x01C2, 0x01A1, 0x0181, 0x0181, 0x01A1, 
    0x01A1, 0x01C2, 0x01C2, 0x01A2, 0x01C2, 0x01C1, 0x01C1, 0x01C2, 0x01C2, 0x01E2, 0x01E2, 0x01E2, 
    0x0202, 0x01E2, 0x01E2, 0x01C2, 0x01C2, 0x01E2, 0x01E2, 0x01E2, 0x01E2, 0x0202, 0x01E2, 0x01E2, 
    0x01E2, 0x01E2, 0x01C2, 0x01C2, 0x01C2, 0x01C2, 0x01E2, 0x01E2, 0x0202, 0x0202, 0x0202, 0x0202, 
    0x0202, 0x0202, 0x0202, 0x0222, 0x0223, 0x0243, 0x0223, 0x0222, 0x0222, 0x0223, 0x0223, 0x0223, 
    0x0202, 0x0202, 0x0222, 0x0222, 0x0202, 0x0202, 0x01E2, 0x0202, 0x0202, 0x0202, 0x0202, 0x01E2, 
    0x01C2, 0x01E2, 0x0222, 0x0222, 0x0202, 0x0202, 0x01E2, 0x01E2, 0x01E2, 0x01E2, 0x01E1, 0x01E2, 
    0x0202, 0x01E1, 0x01E2, 0x01E2, 0x01E2, 0x0202, 0x0202, 0x0202, 0x0202, 0x0202, 0x01E2, 0x01E2, 
    0x01E2, 0x01E2, 0x01E2, 0x01E2, 0x01E2, 0x01E2, 0x01C2, 0x01C2, 0x01C2, 0x01E2, 0x01E2, 0x01E2, 
    0x0202, 0x01E2, 0x01E2, 0x0202, 0x0222, 0x0222, 0x0202, 0x0202, 0x0202, 0x0222, 0x0222, 0x0222, 
    0x0202, 0x0202, 0x0202, 0x01C2, 0x01C2, 0x01E2, 0x01C2, 0x01E2, 0x01E2, 0x01C2, 0x01C2, 0x01C2, 
    0x01C2, 0x01E2, 0x0202, 0x0202, 0x01E2, 0x01A1, 0x01A1, 0x01A1, 0x01A1, 0x01C2, 0x01E2, 0x01E2, 
    0x01E2, 0x01C2, 0x01C2, 0x01C2, 0x01A2, 0x01C2, 0x01C2, 0x01C2, 0x01C2, 0x01C2, 0x01C2, 0x01A2, 
    0x01A2, 0x0181, 0x0181, 0x01A2, 0x0181, 0x01A1, 0x01A2, 0x01A2, 0x0181, 0x0181, 0x0182, 0x0181, 
    0x09A2, 0x1202, 0x1A02, 0x11E2, 0x01A2, 0x0161, 0x0161, 0x0161, 0x0161, 0x0141, 0x0121, 0x0121, 
    0x0121, 0x0121, 0x0100, 0x00E1, 0x00C0, 0x0000, 0x6A84, 0xFF0D, 0x5A44, 0x41E3, 0x5244, 0x0020, 
    0x00C1, 0x00E1, 0x0121, 0x0161, 0x0182, 0x0141, 0x0121, 0x0121, 0x0141, 0x0161, 0x0121, 0x0121, 
    0x0121, 0x0141, 0x0141, 0x0141, 0x0141, 0x0141, 0x0181, 0x0141, 0x0121, 0x0121, 0x0121, 0x0121, 
    0x0141, 0x0161, 0x0141, 0x0141, 0x0121, 0x0101, 0x0101, 0x0121, 0x0121, 0x0121, 0x0121, 0x00E1, 
    0x00E1, 0x0101, 0x0101, 0x0121, 0x0121, 0x0101, 0x00E1, 0x00E1, 0x0101, 0x00E1, 0x00E1, 0x0101, 
    0x0121, 0x0121, 0x0101, 0x0101, 0x0101, 0x00E1, 0x0101, 0x0121, 0x0121, 0x00E1, 0x00E1, 0x00E1, 
    0x00C1, 0x00E1, 0x00E1, 0x00E1, 0x00E1, 0x00E1, 0x00C1, 0x00C0, 0x00C0, 0x00C0, 0x0080, 0x0080, 
    0x0080, 0x0000, 0x7305, 0x1060, 0xC4E9, 0xAC27, 0x0000, 0x0080, 0x00C0, 0x0000, 0x93A7, 0xEDAA, 
    0x0860, 0x8BA8, 0x18C1, 0x0080, 0x00E0, 0x00E0, 0x00E1, 0x0101, 0x0101, 0x0121, 0x0121, 0x0121, 
    0x0121, 0x0121, 0x0121, 0x0141, 0x0141, 0x0141, 0x0141, 0x0181, 0x11E2, 0x2222, 0x1A01, 0x11A1, 
    0x0961, 0x0121, 0x0121, 0x0141, 0x0161, 0x0181, 0x0181, 0x0161, 0x0161, 0x0141, 0x0141, 0x0161, 
    0x0181, 0x0181, 0x01A1, 0x01A1, 0x01C2, 0x01C2, 0x01A1, 0x01A1, 0x01C2, 0x01C2, 0x01C1, 0x01A1, 
    0x01A1, 0x01A2, 0x01A2, 0x01A2, 0x01A1, 0x0181, 0x0181, 0x0181, 0x01A1, 0x01A1, 0x01A1, 0x01A1, 
    0x01C2, 0x01E2, 0x01C2, 0x01C2, 0x01C2, 0x01C2, 0x01C2, 0x01E2, 0x01E2, 0x01E2, 0x01E2, 0x01E2, 
    0x01E2, 0x01E2, 0x01E2, 0x01E2, 0x01E2, 0x01E2, 0x01E2, 0x0202, 0x01E2, 0x01E2, 0x01C2, 0x01E2, 
    0x01E2, 0x01E2, 0x01E2, 0x01E2, 0x0202, 0x0202, 0x0202, 0x0202, 0x0202, 0x0222, 0x0222, 0x0202, 
    0x0222, 0x0222, 0x0243, 0x0222, 0x0222, 0x0202, 0x0202, 0x0222, 0x0202, 0x0202, 0x0202, 0x0222, 
    0x0202, 0x0202, 0x0202, 0x0222, 0x0202, 0x0202, 0x01E2, 0x01C2, 0x01E2, 0x01E2, 0x0202, 0x0202, 
    0x01E2, 0x01E2, 0x01E2, 0x0202, 0x01E2, 0x01E2, 0x01C1, 0x01C1, 0x01E2, 0x01E2, 0x0202, 0x0202, 
    0x0202, 0x01E2, 0x0202, 0x0202, 0x01E2, 0x01E2, 0x01C2, 0x01E2, 0x0202, 0x0202, 0x01E2, 0x01E2, 
    0x01E2, 0x01E2, 0x01E2, 0x01E2, 0x01C2, 0x01E2, 0x0202, 0x0222, 0x0202, 0x01E2, 0x01E2, 0x0202, 
    0x0242, 0x0242, 0x0202, 0x0202, 0x0202, 0x0202, 0x0222, 0x0222, 0x0202, 0x0202, 0x0202, 0x01C2, 
    0x01C2, 0x01C2, 0x01C2, 0x01E2, 0x01E2, 0x01C2, 0x01C2, 0x01A1, 0x01A1, 0x01E2, 0x0202, 0x01E2, 
    0x01E2, 0x01C2, 0x01C2, 0x01A1, 0x01C2, 0x01C2, 0x01C2, 0x01C2, 0x01C2, 0x01C2, 0x01E2, 0x01E2, 
    0x01C2, 0x01C2, 0x01C2, 0x01C2, 0x01C2, 0x01C2, 0x01A1, 0x0181, 0x01A2, 0x01A1, 0x01A2, 0x01A2, 
    0x0181, 0x0181, 0x01A2, 0x01A2, 0x0181, 0x01A2, 0x09E2, 0x1A63, 0x2263, 0x1202, 0x0181, 0x0161, 
    0x0161, 0x0181, 0x0161, 0x0161, 0x0141, 0x0141, 0x0121, 0x0101, 0x0101, 0x0101, 0x0101, 0x00E0, 
    0x00E1, 0x0000, 0x72C5, 0xFF4E, 0x5244, 0x41C3, 0x5223, 0x0020, 0x00C1, 0x00E1, 0x0121, 0x0181, 
    0x0182, 0x0142, 0x0121, 0x0121, 0x0121, 0x0141, 0x0141, 0x0101, 0x0121, 0x0121, 0x0121, 0x0121, 
    0x0161, 0x0141, 0x0161, 0x0141, 0x0121, 0x0141, 0x0121, 0x0161, 0x0121, 0x0141, 0x0141, 0x0161, 
    0x0141, 0x0101, 0x0101, 0x0101, 0x0101, 0x0101, 0x0101, 0x00E1, 0x00A0, 0x00E1, 0x0101, 0x0101, 
    0x0101, 0x00E1, 0x00E1, 0x00E1, 0x00E1, 0x00E1, 0x00E1, 0x0101, 0x0121, 0x0121, 0x0121, 0x0101, 
    0x00E1, 0x0101, 0x0121, 0x0121, 0x0101, 0x00E1, 0x00E1, 0x00E1, 0x0101, 0x0101, 0x0101, 0x00E1, 
    0x0101, 0x0101, 0x0101, 0x00C1, 0x00A0, 0x00C0, 0x00A0, 0x0080, 0x0080, 0x0000, 0x72E5, 0x0860, 
    0xC4C8, 0xAC27, 0x0000, 0x0080, 0x00E1, 0x0000, 0x9386, 0xE58A, 0x0860, 0x8BA7, 0x18C1, 0x00A0, 
    0x00E0, 0x00E0, 0x0101, 0x0101, 0x0100, 0x0100, 0x0121, 0x0121, 0x0121, 0x0121, 0x0121, 0x0121, 
    0x0121, 0x0141, 0x0161, 0x0161, 0x0161, 0x0161, 0x0181, 0x11C2, 0x1A02, 0x19E1, 0x1181, 0x0161, 
    0x0141, 0x0161, 0x0161, 0x0161, 0x0181, 0x0181, 0x0181, 0x0161, 0x0181, 0x0181, 0x01A1, 0x01C1, 
    0x01C1, 0x01C1, 0x01A1, 0x01A2, 0x01C2, 0x01C2, 0x01C2, 0x01C2, 0x01C2, 0x01A1, 0x01A2, 0x01A1, 
    0x01A1, 0x0181, 0x0181, 0x0181, 0x0181, 0x01A1, 0x01A1, 0x01A1, 0x01C2, 0x01C2, 0x01A1, 0x01C2, 
    0x01C2, 0x01C2, 0x01A1, 0x01E2, 0x01E2, 0x0202, 0x0202, 0x0202, 0x0202, 0x01E2, 0x01E2, 0x01E2, 
    0x01E2, 0x01E2, 0x01E2, 0x01E2, 0x01E2, 0x01E2, 0x0202, 0x0202, 0x0202, 0x01C2, 0x01C2, 0x01C2, 
    0x01E2, 0x0202, 0x0202, 0x0202, 0x0202, 0x0222, 0x0222, 0x0202, 0x0222, 0x0222, 0x0222, 0x0222, 
    0x0222, 0x0202, 0x0202, 0x0222, 0x0202, 0x0202, 0x0202, 0x0202, 0x0222, 0x0222, 0x0222, 0x0222, 
    0x0202, 0x0202, 0x01E2, 0x01E2, 0x01C2, 0x01E2, 0x01E2, 0x01E2, 0x01E2, 0x0202, 0x0202, 0x0202, 
    0x0202, 0x0202, 0x01E2, 0x01E2, 0x01E2, 0x0202, 0x0202, 0x0202, 0x0222, 0x0202, 0x0202, 0x0202, 
    0x0202, 0x01E2, 0x01E2, 0x01E2, 0x0202, 0x0202, 0x0202, 0x01E2, 0x01E2, 0x0202, 0x01E2, 0x01E2, 
    0x01C2, 0x0202, 0x0202, 0x0222, 0x0222, 0x0202, 0x0202, 0x0202, 0x0222, 0x0222, 0x0202, 0x0202, 
    0x0202, 0x0202, 0x0222, 0x0202, 0x0202, 0x01E2, 0x01E2, 0x01E2, 0x01E2, 0x01C1, 0x01C2, 0x01E2, 
    0x01C2, 0x01C2, 0x01C2, 0x01C2, 0x01C2, 0x01C2, 0x01C2, 0x01E2, 0x01E2, 0x01E2, 0x01E2, 0x01E2, 
    0x01E2, 0x01C2, 0x01C2, 0x01A1, 0x01C2, 0x01E2, 0x01E2, 0x01E2, 0x01C2, 0x01C2, 0x01C2, 0x01A2, 
    0x01A2, 0x01A1, 0x01A1, 0x0181, 0x0181, 0x01A1, 0x01A2, 0x01A2, 0x0182, 0x0181, 0x0181, 0x09E2, 
    0x1A43, 0x2263, 0x1A42, 0x09E2, 0x01A2, 0x0181, 0x0181, 0x0181, 0x0161, 0x0161, 0x0161, 0x0141, 
    0x0141, 0x0121, 0x0121, 0x0101, 0x0101, 0x0101, 0x0101, 0x00E0, 0x00E1, 0x0000, 0x7306, 0xFF4E, 
    0x5244, 0x41C2, 0x5243, 0x0020, 0x00C1, 0x00E1, 0x0101, 0x0181, 0x0161, 0x0141, 0x0141, 0x0101, 
    0x00E1, 0x0101, 0x0121, 0x0121, 0x0121, 0x0121, 0x0121, 0x0141, 0x0141, 0x0121, 0x0121, 0x0121, 
    0x0141, 0x0181, 0x0141, 0x0141, 0x0121, 0x0121, 0x0121, 0x0121, 0x0121, 0x0101, 0x0101, 0x0101, 
    0x0101, 0x00E1, 0x0101, 0x00A0, 0x5AC4, 0x0901, 0x0101, 0x0101, 0x0101, 0x0101, 0x0101, 0x0101, 
    0x00E1, 0x00E1, 0x00E1, 0x0101, 0x0121, 0x0121, 0x0121, 0x0121, 0x0101, 0x00E1, 0x0101, 0x0101, 
    0x0101, 0x00E1, 0x00E1, 0x00E1, 0x0101, 0x00E1, 0x0101, 0x0101, 0x0101, 0x0101, 0x00E1, 0x00A1, 
    0x00A0, 0x00C0, 0x00A0, 0x0080, 0x0060, 0x0000, 0x7B05, 0x0860, 0xC4C8, 0xAC07, 0x0000, 0x0080, 
    0x00C0, 0x0000, 0x9386, 0xE569, 0x0860, 0x8B87, 0x18C1, 0x00A0, 0x00E0, 0x00E0, 0x00E0, 0x00E0, 
    0x0100, 0x0101, 0x0101, 0x0121, 0x0101, 0x0121, 0x0121, 0x0121, 0x0121, 0x0121, 0x0141, 0x0141, 
    0x0141, 0x0141, 0x0161, 0x0141, 0x0161, 0x09C2, 0x11E2, 0x2222, 0x2222, 0x19E2, 0x09A1, 0x0181, 
    0x0181, 0x0181, 0x0181, 0x0181, 0x0181, 0x0181, 0x0181, 0x01A1, 0x01A1, 0x01A1, 0x01C1, 0x01A2, 
    0x01A1, 0x01A1, 0x01C2, 0x01C2, 0x01C2, 0x01A1, 0x01A1, 0x01A1, 0x0181, 0x0181, 0x0161, 0x0161, 
    0x0181, 0x01A1, 0x01C2, 0x0181, 0x0181, 0x01A1, 0x01A1, 0x01C2, 0x01C2, 0x01C2, 0x01C2, 0x01C2, 
    0x01C2, 0x01E2, 0x0202, 0x0202, 0x0202, 0x01E2, 0x01C2, 0x01E2, 0x01E2, 0x01E2, 0x01E2, 0x01E2, 
    0x01E2, 0x0202, 0x0202, 0x0202, 0x0202, 0x01E2, 0x01E2, 0x01C2, 0x01E2, 0x0202, 0x0202, 0x0202, 
    0x01E2, 0x0202, 0x0202, 0x0222, 0x0222, 0x0222, 0x0202, 0x0202, 0x0202, 0x0202, 0x0202, 0x0222, 
    0x0222, 0x0222, 0x0202, 0x01E2, 0x0202, 0x0222, 0x0222, 0x0202, 0x01E2, 0x01E2, 0x01E2, 0x01E2, 
    0x01E2, 0x01C2, 0x01C2, 0x01E2, 0x01E2, 0x0202, 0x0202, 0x0202, 0x0202, 0x0202, 0x0202, 0x0202, 
    0x0202, 0x0222, 0x0202, 0x0202, 0x0202, 0x0202, 0x0202, 0x0202, 0x0202, 0x0202, 0x0202, 0x0202, 
    0x01E2, 0x0202, 0x0202, 0x0202, 0x0202, 0x0202, 0x0202, 0x0202, 0x01E2, 0x0202, 0x0202, 0x0222, 
    0x0222, 0x0222, 0x0222, 0x0202, 0x0202, 0x01E2, 0x0222, 0x0222, 0x0202, 0x0202, 0x01E2, 0x0202, 
    0x01E2, 0x01E2, 0x0202, 0x01E2, 0x01E2, 0x01C2, 0x01C2, 0x01C2, 0x01C2, 0x01A2, 0x01C2, 0x01C2, 
    0x01C1, 0x01A2, 0x01C2, 0x01E2, 0x01E2, 0x01E2, 0x0202, 0x01E2, 0x01C2, 0x01A2, 0x01A1, 0x01C2, 
    0x01C2, 0x01C2, 0x01C2, 0x01C2, 0x01C2, 0x01C2, 0x01C2, 0x01A2, 0x01A1, 0x0181, 0x01A1, 0x0181, 
    0x0181, 0x0181, 0x0181, 0x01A1, 0x09E2, 0x1202, 0x2222, 0x1A43, 0x1243, 0x01E2, 0x0182, 0x0182, 
    0x0181, 0x0181, 0x0181, 0x0181, 0x0161, 0x0141, 0x0141, 0x0141, 0x0121, 0x0121, 0x0121, 0x0101, 
    0x0101, 0x0101, 0x0121, 0x0100, 0x00E1, 0x0000, 0x6AC5, 0xFF2D, 0x5244, 0x41C3, 0x5223, 0x0040, 
    0x00E1, 0x00E1, 0x0101, 0x0141, 0x0141, 0x0161, 0x0141, 0x0101, 0x0101, 0x0101, 0x0101, 0x0121, 
    0x0141, 0x0101, 0x0101, 0x0101, 0x0101, 0x00E1, 0x00E1, 0x00E1, 0x0101, 0x0121, 0x0101, 0x00E1, 
    0x00E1, 0x00E1, 0x00C1, 0x00C1, 0x00C1, 0x00E1, 0x00E1, 0x00C1, 0x00A0, 0x0101, 0x00A0, 0x3A03, 
    0x9C27, 0x5AA4, 0x0060, 0x0101, 0x00C0, 0x00E0, 0x00E1, 0x00C1, 0x00C1, 0x00A1, 0x00A1, 0x00C1, 
    0x00C1, 0x00E1, 0x00C1, 0x00E1, 0x00E1, 0x00C1, 0x00C1, 0x00A1, 0x00C1, 0x00E1, 0x00C1, 0x00E1, 
    0x0101, 0x00E1, 0x00E1, 0x00E1, 0x00E1, 0x0101, 0x00C1, 0x00A1, 0x00A0, 0x00A0, 0x0080, 0x0060, 
    0x0060, 0x0000, 0x7305, 0x0860, 0xC4C8, 0xAC27, 0x0000, 0x00A0, 0x00C1, 0x0000, 0x9386, 0xE569, 
    0x0840, 0x8346, 0x18C1, 0x00A0, 0x00C0, 0x00C0, 0x00E0, 0x00E0, 0x00E0, 0x0100, 0x0121, 0x0121, 
    0x0121, 0x0121, 0x0121, 0x0121, 0x0121, 0x0121, 0x0121, 0x0141, 0x0141, 0x0141, 0x0161, 0x0181, 
    0x0161, 0x0161, 0x0161, 0x0181, 0x09A1, 0x19E2, 0x2243, 0x2A83, 0x1A22, 0x09E2, 0x01A1, 0x0181, 
    0x0161, 0x0181, 0x0181, 0x0181, 0x0181, 0x01A1, 0x01A1, 0x01A2, 0x01A1, 0x01A1, 0x01A1, 0x01A1, 
    0x01C1, 0x01C2, 0x01A1, 0x0181, 0x0181, 0x0161, 0x0161, 0x0181, 0x0181, 0x01C2, 0x01C2, 0x01A1, 
    0x0181, 0x0181, 0x01A1, 0x01C2, 0x01C2, 0x01C2, 0x01C2, 0x01A1, 0x01C2, 0x01C2, 0x01C2, 0x01E2, 
    0x01C1, 0x01C1, 0x01C2, 0x01C2, 0x01C2, 0x01E2, 0x01E2, 0x01E2, 0x0202, 0x01E2, 0x0202, 0x0202, 
    0x0202, 0x0202, 0x0202, 0x01E2, 0x01E2, 0x01E2, 0x01E2, 0x01E2, 0x01E2, 0x01E2, 0x0202, 0x0222, 
    0x0222, 0x0222, 0x0202, 0x01E2, 0x01E2, 0x0202, 0x0202, 0x0222, 0x0222, 0x0202, 0x0202, 0x0202, 
    0x0222, 0x0222, 0x0202, 0x0202, 0x0222, 0x0202, 0x01E2, 0x0202, 0x01E2, 0x01C2, 0x01C2, 0x01C2, 
    0x01E2, 0x0202, 0x0202, 0x0202, 0x01E2, 0x01E2, 0x0202, 0x0202, 0x01E2, 0x0202, 0x0202, 0x0202, 
    0x0202, 0x01E2, 0x01E2, 0x0202, 0x0202, 0x0202, 0x0222, 0x0202, 0x0202, 0x0202, 0x0202, 0x0202, 
    0x01E2, 0x01E2, 0x01E2, 0x0202, 0x0202, 0x0202, 0x0202, 0x0202, 0x0202, 0x0222, 0x0222, 0x0222, 
    0x01E2, 0x01E2, 0x0202, 0x0202, 0x0202, 0x0202, 0x0202, 0x01E2, 0x01E2, 0x01E2, 0x01E2, 0x01C2, 
    0x01C2, 0x01C2, 0x01C2, 0x01C2, 0x01C2, 0x01A2, 0x01A1, 0x01A1, 0x01A1, 0x01A1, 0x01A1, 0x01C2, 
    0x01E2, 0x01C2, 0x01C1, 0x01C2, 0x01A2, 0x01A1, 0x01A2, 0x01C2, 0x01C2, 0x01C2, 0x01A2, 0x01A2, 
    0x01C2, 0x01C2, 0x01C2, 0x01A1, 0x0181, 0x0161, 0x0181, 0x01A1, 0x01A1, 0x09C2, 0x1A02, 0x1A42, 
    0x1A42, 0x1202, 0x01A1, 0x0161, 0x0181, 0x0181, 0x01A2, 0x0181, 0x0181, 0x0181, 0x0161, 0x0161, 
    0x0161, 0x0141, 0x0141, 0x0141, 0x0121, 0x0121, 0x0121, 0x0121, 0x0121, 0x0101, 0x0101, 0x0101, 
    0x00E1, 0x0000, 0x6A84, 0xFEEC, 0x5224, 0x41E3, 0x5223, 0x0040, 0x00E1, 0x00E1, 0x00E1, 0x0101, 
    0x0101, 0x0121, 0x0121, 0x0141, 0x0961, 0x1161, 0x1161, 0x1161, 0x1161, 0x1141, 0x1961, 0x1961, 
    0x1941, 0x1941, 0x1941, 0x1961, 0x1941, 0x1941, 0x1961, 0x1982, 0x1982, 0x2182, 0x1962, 0x1942, 
    0x1962, 0x21A2, 0x21A2, 0x1982, 0x29C2, 0x00E1, 0x21A2, 0x83C6, 0x08A1, 0x7B86, 0x2982, 0x0080, 
    0x21A2, 0x29C3, 0x21A2, 0x21A2, 0x2162, 0x2141, 0x2141, 0x2141, 0x2141, 0x1941, 0x1941, 0x2161, 
    0x1941, 0x1941, 0x1941, 0x1921, 0x1921, 0x1921, 0x1921, 0x1941, 0x1961, 0x1161, 0x1141, 0x1121, 
    0x1101, 0x00C1, 0x00A1, 0x00A1, 0x00C0, 0x00A0, 0x0080, 0x0060, 0x0060, 0x0000, 0x72C4, 0x0860, 
    0xC509, 0xAC68, 0x0000, 0x00A0, 0x00C1, 0x0000, 0x8B86, 0xE569, 0x0840, 0x8325, 0x18A0, 0x00A0, 
    0x00E0, 0x00E0, 0x00E0, 0x00E0, 0x00E0, 0x0100, 0x0121, 0x0121, 0x0121, 0x0121, 0x0121, 0x0121, 
    0x0121, 0x0120, 0x0120, 0x0121, 0x0141, 0x0141, 0x0161, 0x0161, 0x0161, 0x0161, 0x0161, 0x0161, 
    0x0161, 0x0161, 0x0181, 0x0A02, 0x1202, 0x2262, 0x2A83, 0x2242, 0x1202, 0x09A1, 0x0181, 0x0161, 
    0x0161, 0x0181, 0x01A1, 0x01A1, 0x01A1, 0x01A1, 0x01A1, 0x01A2, 0x01A1, 0x01A1, 0x0181, 0x0181, 
    0x0181, 0x0181, 0x0161, 0x0181, 0x0181, 0x01A1, 0x01A1, 0x0181, 0x0181, 0x0181, 0x01A1, 0x01A2, 
    0x01C2, 0x01C2, 0x01E2, 0x01C2, 0x01E2, 0x01C2, 0x01A1, 0x01C2, 0x01C1, 0x01C2, 0x01E2, 0x01C2, 
    0x01E2, 0x01E2, 0x01E2, 0x0202, 0x0202, 0x01E2, 0x0202, 0x0202, 0x01E2, 0x0202, 0x0202, 0x01E2, 
    0x01E2, 0x01C2, 0x01E2, 0x01E2, 0x01E2, 0x01E2, 0x0202, 0x0202, 0x0222, 0x0202, 0x0202, 0x0202, 
    0x0202, 0x0202, 0x0202, 0x0202, 0x0202, 0x0222, 0x0222, 0x0202, 0x0202, 0x0202, 0x0202, 0x01E2, 
    0x0202, 0x0202, 0x01E2, 0x01E2, 0x01E2, 0x01E2, 0x01E2, 0x01E2, 0x0202, 0x0202, 0x0202, 0x01E2, 
    0x0202, 0x0222, 0x0202, 0x0202, 0x0202, 0x0202, 0x0202, 0x01E2, 0x0202, 0x0202, 0x0202, 0x0202, 
    0x0202, 0x0202, 0x0202, 0x0202, 0x0202, 0x0202, 0x0202, 0x0202, 0x0202, 0x01E2, 0x0202, 0x0202, 
    0x0202, 0x0202, 0x0202, 0x01E2, 0x01E2, 0x0202, 0x0202, 0x0202, 0x01E2, 0x01C2, 0x01E2, 0x01E2, 
    0x0202, 0x0202, 0x0202, 0x01E2, 0x01E2, 0x01E2, 0x01C2, 0x01C1, 0x01A2, 0x01C2, 0x01E2, 0x01C2, 
    0x01C2, 0x01C2, 0x01C2, 0x01A2, 0x01A1, 0x01A1, 0x01A1, 0x01A2, 0x01C2, 0x01C2, 0x01A1, 0x01C1, 
    0x01A1, 0x01A2, 0x01C2, 0x01C2, 0x01C2, 0x01C2, 0x01A2, 0x01C2, 0x01A2, 0x01A2, 0x01A1, 0x0181, 
    0x0181, 0x01A1, 0x09E1, 0x1222, 0x1A62, 0x1A42, 0x11E2, 0x01A2, 0x0181, 0x0181, 0x0181, 0x0181, 
    0x0181, 0x0181, 0x0181, 0x0181, 0x0161, 0x0161, 0x0161, 0x0161, 0x0161, 0x0141, 0x0141, 0x0141, 
    0x0141, 0x0121, 0x0121, 0x0121, 0x0121, 0x0101, 0x0101, 0x00E1, 0x00E0, 0x0000, 0x6A84, 0xFECB, 
    0x5203, 0x49E2, 0x5263, 0x0040, 0x00E1, 0x00E1, 0x00E1, 0x0121, 0x0101, 0x0101, 0x0121, 0x0141, 
    0x21A2, 0x39C1, 0x31A1, 0x31A1, 0x39C1, 0x39E1, 0x4202, 0x4202, 0x41E2, 0x49E2, 0x4A22, 0x4A22, 
    0x4A02, 0x4A02, 0x4A22, 0x5263, 0x5263, 0x5263, 0x5263, 0x5263, 0x5AA4, 0x5AE4, 0x5AE5, 0x5AE5, 
    0x7BC5, 0x00E1, 0x4A84, 0x6324, 0x0000, 0x5263, 0x62E4, 0x0080, 0x6B86, 0x6B66, 0x62E5, 0x5AC4, 
    0x5A84, 0x5A83, 0x5A63, 0x5263, 0x5243, 0x5243, 0x5242, 0x5242, 0x5242, 0x5242, 0x5222, 0x5202, 
    0x5202, 0x49C1, 0x4181, 0x41A1, 0x41C1, 0x39A1, 0x3981, 0x3961, 0x2120, 0x00A1, 0x00A1, 0x00C1, 
    0x00C0, 0x00A0, 0x0080, 0x0080, 0x0080, 0x0020, 0x72C4, 0x0860, 0xCD29, 0xAC48, 0x0000, 0x0080, 
    0x00C0, 0x0000, 0x8B86, 0xE58A, 0x0840, 0x8325, 0x18A0, 0x00A0, 0x00E0, 0x00E0, 0x00E0, 0x00E0, 
    0x0101, 0x0101, 0x0121, 0x0121, 0x0121, 0x0141, 0x0121, 0x0121, 0x0121, 0x0121, 0x0121, 0x0121, 
    0x0121, 0x0141, 0x0161, 0x0161, 0x0161, 0x0161, 0x0161, 0x0161, 0x0161, 0x0181, 0x0181, 0x01A1, 
    0x0181, 0x01A1, 0x01E2, 0x0A02, 0x2242, 0x2262, 0x2242, 0x2222, 0x11E2, 0x09A1, 0x0181, 0x0181, 
    0x0181, 0x0181, 0x01A1, 0x01A2, 0x01A1, 0x01A1, 0x0181, 0x0181, 0x0181, 0x0181, 0x0181, 0x0181, 
    0x0181, 0x01A1, 0x01A1, 0x01A1, 0x01A1, 0x0181, 0x01A1, 0x01A2, 0x01A2, 0x01C2, 0x01E2, 0x01E2, 
    0x01E2, 0x01E2, 0x01C1, 0x01C2, 0x01C1, 0x01C2, 0x01E2, 0x01C2, 0x01E2, 0x01E2, 0x01E2, 0x01E2, 
    0x01E2, 0x01E2, 0x01E2, 0x01E2, 0x01E2, 0x01E2, 0x01E2, 0x01E2, 0x01E2, 0x0202, 0x01E2, 0x01E2, 
    0x01E2, 0x01E2, 0x01E2, 0x0202, 0x0222, 0x0202, 0x01E2, 0x0202, 0x0202, 0x0202, 0x0202, 0x0202, 
    0x0202, 0x0222, 0x0242, 0x0222, 0x0202, 0x01E2, 0x01E2, 0x0202, 0x01E2, 0x0202, 0x0202, 0x01E2, 
    0x01E2, 0x01E2, 0x01E2, 0x01E2, 0x0202, 0x0222, 0x0202, 0x0202, 0x0222, 0x0222, 0x0222, 0x0202, 
    0x0202, 0x01E2, 0x01E2, 0x01E2, 0x01E2, 0x0202, 0x01E2, 0x0202, 0x0202, 0x0202, 0x01E2, 0x01E2, 
    0x01E2, 0x01E2, 0x0202, 0x0202, 0x0202, 0x0202, 0x0202, 0x0202, 0x0202, 0x0202, 0x0202, 0x0202, 
    0x0202, 0x01E2, 0x01E2, 0x01E2, 0x01C2, 0x01C2, 0x01E2, 0x01E2, 0x01E2, 0x01E2, 0x01E2, 0x01E2, 
    0x01E2, 0x01C2, 0x01C2, 0x01C2, 0x01C2, 0x01C2, 0x01E2, 0x01E2, 0x01C2, 0x01C2, 0x01C2, 0x01C2, 
    0x01A2, 0x01A2, 0x01A1, 0x01A2, 0x01A1, 0x01C2, 0x01C2, 0x01C2, 0x01A2, 0x01C2, 0x01C2, 0x01C2, 
    0x01C2, 0x01A2, 0x0181, 0x0181, 0x01A2, 0x01A2, 0x09E2, 0x1242, 0x1A83, 0x1A62, 0x1222, 0x0A02, 
    0x01C2, 0x01A2, 0x0181, 0x0181, 0x0181, 0x0181, 0x01A1, 0x0181, 0x0181, 0x0161, 0x0181, 0x0161, 
    0x0161, 0x0161, 0x0161, 0x0161, 0x0161, 0x0161, 0x0141, 0x0141, 0x0121, 0x0141, 0x0121, 0x0121, 
    0x0121, 0x0121, 0x0101, 0x00E0, 0x00E0, 0x0000, 0x6AA4, 0xFEAB, 0x5203, 0x4A03, 0x5A63, 0x0040, 
    0x00E1, 0x0101, 0x0101, 0x0121, 0x0101, 0x0121, 0x0141, 0x0141, 0x0101, 0x0101, 0x0101, 0x0101, 
    0x00E1, 0x0101, 0x0101, 0x00E1, 0x00C1, 0x00C1, 0x00C1, 0x00A0, 0x00A0, 0x00A0, 0x00A0, 0x00A0, 
    0x00A0, 0x00A0, 0x00A0, 0x00A0, 0x00A0, 0x00A0, 0x00A0, 0x00A0, 0x00A0, 0x0101, 0x00A0, 0x6B05, 
    0x31A2, 0x7324, 0x0901, 0x0121, 0x00C0, 0x0080, 0x0060, 0x0060, 0x0060, 0x0080, 0x0080, 0x0080, 
    0x0080, 0x0080, 0x0080, 0x00A0, 0x0080, 0x0080, 0x0080, 0x0081, 0x00A1, 0x00A1, 0x00A1, 0x00E1, 
    0x00E1, 0x00C1, 0x00C1, 0x00A1, 0x00C1, 0x00E1, 0x00E1, 0x00E1, 0x00C0, 0x00A0, 0x0080, 0x00A0, 
    0x0080, 0x0020, 0x72E5, 0x0860, 0xC509, 0xB447, 0x0000, 0x0080, 0x00C0, 0x0000, 0x8B86, 0xE569, 
    0x0860, 0x8346, 0x18A1, 0x00A0, 0x00E0, 0x00E0, 0x00E0, 0x0100, 0x0100, 0x0101, 0x0101, 0x0121, 
    0x0121, 0x0121, 0x0121, 0x0121, 0x0121, 0x0121, 0x0121, 0x0121, 0x0121, 0x0141, 0x0141, 0x0141, 
    0x0141, 0x0141, 0x0161, 0x0161, 0x0161, 0x0161, 0x0161, 0x0181, 0x01A1, 0x01A1, 0x01A1, 0x01A1, 
    0x0181, 0x0181, 0x09C2, 0x11E2, 0x2222, 0x2A42, 0x2242, 0x2242, 0x1222, 0x09E2, 0x01A1, 0x0161, 
    0x0161, 0x0181, 0x0181, 0x0161, 0x0181, 0x0181, 0x0181, 0x01A1, 0x0181, 0x0181, 0x01A1, 0x01A1, 
    0x01A1, 0x0181, 0x0181, 0x01A2, 0x01C2, 0x01C2, 0x01C2, 0x01E2, 0x01C2, 0x01C1, 0x01C2, 0x01C2, 
    0x01C2, 0x01E2, 0x01C2, 0x01C2, 0x01E2, 0x01E2, 0x01E2, 0x01C2, 0x01C2, 0x01C2, 0x01C2, 0x01E2, 
    0x01E2, 0x01E2, 0x01E2, 0x01E2, 0x0202, 0x0202, 0x01E2, 0x01E2, 0x01E2, 0x0202, 0x0202, 0x0202, 
    0x0222, 0x0223, 0x0222, 0x0202, 0x0202, 0x0202, 0x0202, 0x0202, 0x0202, 0x0202, 0x0222, 0x0222, 
    0x01E2, 0x01E2, 0x01E2, 0x01E2, 0x01E2, 0x01E2, 0x01E2, 0x0202, 0x0202, 0x01E2, 0x01E2, 0x01E2, 
    0x01E2, 0x0202, 0x0222, 0x0202, 0x0222, 0x0222, 0x0222, 0x0222, 0x0202, 0x0202, 0x0202, 0x01E2, 
    0x01E2, 0x0202, 0x0202, 0x0202, 0x0222, 0x0202, 0x01E2, 0x01C2, 0x01C2, 0x01C2, 0x01E2, 0x0202, 
    0x0202, 0x0202, 0x0202, 0x01E2, 0x0202, 0x0222, 0x0202, 0x01E2, 0x0202, 0x01E2, 0x01E2, 0x01E2, 
    0x01C2, 0x01C2, 0x01E2, 0x01E2, 0x01E2, 0x01E2, 0x01E2, 0x01C2, 0x01C2, 0x01C2, 0x01C2, 0x01E2, 
    0x01C2, 0x01C2, 0x01C2, 0x01E2, 0x01C2, 0x01C2, 0x01C2, 0x01A2, 0x01A2, 0x01A2, 0x01C2, 0x01C2, 
    0x01C2, 0x01C2, 0x01C2, 0x01A2, 0x01A1, 0x01A2, 0x01C2, 0x01C2, 0x01A2, 0x09E2, 0x1222, 0x1A42, 
    0x1A63, 0x1A43, 0x1A42, 0x0A02, 0x01E2, 0x01C2, 0x01A2, 0x01A2, 0x01A2, 0x01A1, 0x01A2, 0x01A2, 
    0x01A2, 0x01A1, 0x01A1, 0x01A1, 0x0181, 0x0161, 0x0161, 0x0161, 0x0181, 0x0181, 0x0161, 0x0161, 
    0x0161, 0x0161, 0x0141, 0x0141, 0x0141, 0x0121, 0x0121, 0x0121, 0x0121, 0x0121, 0x0101, 0x00E1, 
    0x00E0, 0x0000, 0x6AA4, 0xFECB, 0x5203, 0x4A24, 0x5284, 0x0040, 0x0101, 0x0101, 0x0101, 0x0141, 
    0x0101, 0x0121, 0x0141, 0x0141, 0x0121, 0x0121, 0x0161, 0x0161, 0x0141, 0x0141, 0x0141, 0x0121, 
    0x0101, 0x0101, 0x0101, 0x0101, 0x0121, 0x0101, 0x0101, 0x0101, 0x0101, 0x0101, 0x0101, 0x0101, 
    0x0101, 0x0101, 0x0101, 0x0101, 0x0121, 0x0101, 0x00C1, 0x10E1, 0x9BE5, 0x2142, 0x00A0, 0x0101, 
    0x0101, 0x0101, 0x00E1, 0x00E1, 0x00E1, 0x00E1, 0x00E1, 0x00E1, 0x00E1, 0x00E1, 0x0101, 0x00E1, 
    0x00E1, 0x00E1, 0x00E1, 0x00E1, 0x0121, 0x0121, 0x0101, 0x0121, 0x0101, 0x0101, 0x0101, 0x00E1, 
    0x0101, 0x00E1, 0x00E1, 0x00E1, 0x00C0, 0x00A0, 0x00A0, 0x00A0, 0x0080, 0x0020, 0x72E5, 0x0860, 
    0xC4E8, 0xAC27, 0x0000, 0x00A0, 0x00E0, 0x0000, 0x8345, 0xD508, 0x0840, 0x8346, 0x18A0, 0x0080, 
    0x00E0, 0x00E0, 0x00E0, 0x0100, 0x0100, 0x0100, 0x0101, 0x0121, 0x0121, 0x0121, 0x0121, 0x0121, 
    0x0121, 0x0121, 0x0121, 0x0121, 0x0121, 0x0141, 0x0141, 0x0141, 0x0141, 0x0141, 0x0141, 0x0141, 
    0x0141, 0x0161, 0x0161, 0x0161, 0x0181, 0x0181, 0x0181, 0x0181, 0x0181, 0x0181, 0x0181, 0x0161, 
    0x0181, 0x01A1, 0x09C2, 0x1202, 0x1A42, 0x2262, 0x2263, 0x1A22, 0x1A02, 0x11E2, 0x01C1, 0x0181, 
    0x0161, 0x0161, 0x0181, 0x0181, 0x0181, 0x0181, 0x0181, 0x0181, 0x0181, 0x0181, 0x0181, 0x01A1, 
    0x01E2, 0x01E2, 0x01E2, 0x01E2, 0x01E2, 0x01C2, 0x01C2, 0x01C2, 0x01E2, 0x01E2, 0x01E2, 0x01C2, 
    0x01E2, 0x01E2, 0x01E2, 0x01E2, 0x01C2, 0x01C2, 0x01E2, 0x0202, 0x01E2, 0x01E2, 0x01E2, 0x01E2, 
    0x0202, 0x0202, 0x01E2, 0x01E2, 0x0202, 0x0202, 0x0202, 0x0202, 0x0202, 0x0222, 0x0222, 0x0202, 
    0x01E2, 0x0202, 0x0222, 0x0222, 0x0202, 0x0202, 0x0202, 0x0202, 0x0202, 0x01E2, 0x0202, 0x01E2, 
    0x01E2, 0x01E2, 0x01E2, 0x01E2, 0x01E2, 0x01E2, 0x01E2, 0x01E2, 0x0202, 0x0202, 0x0222, 0x0222, 
    0x0222, 0x0222, 0x0222, 0x0222, 0x0223, 0x0202, 0x0202, 0x01E2, 0x0202, 0x01E2, 0x0202, 0x0202, 
    0x0202, 0x0202, 0x01E2, 0x01E2, 0x01C2, 0x01C2, 0x01E2, 0x01E2, 0x01E2, 0x01E2, 0x01E2, 0x0202, 
    0x0222, 0x0243, 0x0222, 0x01E2, 0x01E2, 0x01E2, 0x01E2, 0x0202, 0x0202, 0x01E2, 0x01E2, 0x01E2, 
    0x01E2, 0x01C2, 0x01C2, 0x01C2, 0x01C2, 0x01C2, 0x01C2, 0x01E2, 0x01C2, 0x01C2, 0x01C2, 0x01C2, 
    0x01C2, 0x01C2, 0x01C2, 0x01C2, 0x01A2, 0x01C2, 0x01C2, 0x01C2, 0x01C2, 0x01C2, 0x01A1, 0x01A1, 
    0x01A2, 0x0A02, 0x1263, 0x1A83, 0x2283, 0x22A3, 0x1AA3, 0x1222, 0x01C2, 0x01A1, 0x01A2, 0x01A2, 
    0x01A2, 0x01A2, 0x01C2, 0x01A2, 0x01A2, 0x01A2, 0x01A2, 0x01A2, 0x01A1, 0x01A1, 0x01A1, 0x01A2, 
    0x01A1, 0x0181, 0x0181, 0x0161, 0x0161, 0x0181, 0x0161, 0x0141, 0x0141, 0x0161, 0x0161, 0x0161, 
    0x0141, 0x0141, 0x0121, 0x0121, 0x0121, 0x0121, 0x0101, 0x00E0, 0x00C0, 0x0000, 0x6A84, 0xFECB, 
    0x5A23, 0x4A44, 0x5A64, 0x0020, 0x00E1, 0x00E1, 0x0121, 0x0141, 0x0141, 0x0101, 0x0121, 0x0121, 
    0x0121, 0x0141, 0x0141, 0x0121, 0x0101, 0x0121, 0x0121, 0x0121, 0x0121, 0x0101, 0x0101, 0x0121, 
    0x0121, 0x0101, 0x0101, 0x0101, 0x0101, 0x0121, 0x0121, 0x0121, 0x0121, 0x0101, 0x0101, 0x0101, 
    0x00E1, 0x0101, 0x0101, 0x00C1, 0x0901, 0x00C1, 0x00E1, 0x0101, 0x0101, 0x0101, 0x00E1, 0x00E1, 
    0x00E1, 0x0101, 0x0101, 0x00E1, 0x00E1, 0x0101, 0x0101, 0x00E1, 0x00C1, 0x00C1, 0x00E1, 0x0101, 
    0x0101, 0x0101, 0x00E1, 0x0101, 0x00E1, 0x00E1, 0x0101, 0x00C1, 0x00E1, 0x00E1, 0x00E1, 0x00C1, 
    0x00A0, 0x00A0, 0x0080, 0x0080, 0x0080, 0x0020, 0x7305, 0x1060, 0xC4C8, 0xAC06, 0x0000, 0x0080, 
    0x00C0, 0x0000, 0x8325, 0xD4E7, 0x0840, 0x8325, 0x18A0, 0x0080, 0x00C0, 0x00E0, 0x00E0, 0x0100, 
    0x0101, 0x0101, 0x0101, 0x0121, 0x0121, 0x0121, 0x0121, 0x0121, 0x0121, 0x0141, 0x0141, 0x0141, 
    0x0141, 0x0141, 0x0141, 0x0141, 0x0141, 0x0141, 0x0141, 0x0141, 0x0141, 0x0161, 0x0161, 0x0161, 
    0x0181, 0x0181, 0x0181, 0x0181, 0x0181, 0x0181, 0x0181, 0x0181, 0x01A1, 0x01A1, 0x0181, 0x0181, 
    0x0161, 0x0181, 0x01A1, 0x09E2, 0x1202, 0x2242, 0x2283, 0x2242, 0x1A02, 0x1202, 0x09E2, 0x01C1, 
    0x0181, 0x0161, 0x0141, 0x0141, 0x0161, 0x0181, 0x0161, 0x0181, 0x01C2, 0x01C2, 0x01C2, 0x01C2, 
    0x01C2, 0x01C2, 0x01C2, 0x01C2, 0x01C2, 0x01C2, 0x01C2, 0x01C2, 0x01C2, 0x01C2, 0x01E2, 0x01C2, 
    0x01C2, 0x01C2, 0x01E2, 0x0202, 0x01E2, 0x01E2, 0x01E2, 0x0202, 0x0202, 0x0222, 0x0202, 0x0202, 
    0x0202, 0x01E2, 0x01E2, 0x0202, 0x0202, 0x0202, 0x0202, 0x0202, 0x0202, 0x0202, 0x0222, 0x0222, 
    0x0222, 0x0202, 0x0202, 0x0202, 0x0202, 0x0202, 0x0202, 0x0202, 0x0202, 0x0202, 0x0202, 0x01E2, 
    0x01E2, 0x0202, 0x01E2, 0x0202, 0x0222, 0x0222, 0x0222, 0x0222, 0x0222, 0x0222, 0x0202, 0x0222, 
    0x0222, 0x0202, 0x0202, 0x0202, 0x0202, 0x0202, 0x0202, 0x0202, 0x0202, 0x0202, 0x0202, 0x01E2, 
    0x01E2, 0x01C2, 0x01E2, 0x01C2, 0x01C2, 0x01C2, 0x01E2, 0x0202, 0x0222, 0x0222, 0x0202, 0x01E2, 
    0x01E2, 0x01E2, 0x01E2, 0x0202, 0x0202, 0x01E2, 0x01E2, 0x01E2, 0x01C2, 0x01C2, 0x01C2, 0x01C2, 
    0x01E2, 0x01E2, 0x01E2, 0x01E2, 0x01C2, 0x01C2, 0x01C2, 0x01C2, 0x01A2, 0x01C2, 0x01C2, 0x01A2, 
    0x01A2, 0x01A2, 0x01C2, 0x01C2, 0x09E2, 0x1243, 0x1A63, 0x2263, 0x2283, 0x22A3, 0x1A43, 0x0A02, 
    0x01E2, 0x01E2, 0x01A2, 0x0181, 0x01A1, 0x01A1, 0x01A2, 0x01C2, 0x01C2, 0x01A1, 0x01A2, 0x01A1, 
    0x01A1, 0x01A1, 0x01A1, 0x01A2, 0x01A1, 0x01A1, 0x01A2, 0x01A2, 0x01A1, 0x0181, 0x0161, 0x0161, 
    0x0181, 0x0181, 0x0161, 0x0161, 0x0141, 0x0141, 0x0141, 0x0141, 0x0141, 0x0121, 0x0121, 0x0121, 
    0x0121, 0x0101, 0x0100, 0x00E0, 0x00C0, 0x0000, 0x6264, 0xFE6A, 0x5223, 0x41E3, 0x5203, 0x0020, 
    0x00C1, 0x00C1, 0x0101, 0x0121, 0x0141, 0x0121, 0x0101, 0x0101, 0x0121, 0x0141, 0x0121, 0x0101, 
    0x0101, 0x0121, 0x0121, 0x0101, 0x0121, 0x0101, 0x0101, 0x0121, 0x0121, 0x0101, 0x00E1, 0x0101, 
    0x0121, 0x0101, 0x0101, 0x0101, 0x0101, 0x0101, 0x0101, 0x0101, 0x0101, 0x0101, 0x00E1, 0x00E1, 
    0x00C1, 0x00E1, 0x00E1, 0x00E1, 0x0101, 0x0101, 0x0101, 0x0101, 0x00E1, 0x00E1, 0x0101, 0x0101, 
    0x0101, 0x00E1, 0x0101, 0x00E1, 0x00C1, 0x00E1, 0x0101, 0x0101, 0x0101, 0x0101, 0x00E1, 0x0101, 
    0x00E1, 0x00C1, 0x00C1, 0x00A1, 0x00C1, 0x00E1, 0x00E1, 0x00C1, 0x00A0, 0x00A0, 0x0080, 0x0080, 
    0x0080, 0x0020, 0x7B25, 0x1081, 0xC4E8, 0xAC06, 0x0000, 0x0080, 0x00C0, 0x0000, 0x8B45, 0xD507, 
    0x0840, 0x8B66, 0x18A1, 0x0080, 0x00C0, 0x00C0, 0x00E0, 0x0101, 0x0101, 0x0101, 0x0101, 0x0121, 
    0x0121, 0x0121, 0x0121, 0x0121, 0x0141, 0x0141, 0x0141, 0x0141, 0x0141, 0x0141, 0x0161, 0x0161, 
    0x0161, 0x0141, 0x0161, 0x0141, 0x0161, 0x0181, 0x0181, 0x0181, 0x0181, 0x0181, 0x0181, 0x0181, 
    0x0181, 0x0181, 0x0181, 0x0181, 0x0181, 0x0181, 0x0181, 0x0181, 0x0181, 0x0181, 0x0181, 0x0181, 
    0x0181, 0x0181, 0x01A1, 0x09C1, 0x1202, 0x1A22, 0x2242, 0x2A83, 0x2A83, 0x2262, 0x1A02, 0x11C1, 
    0x09C1, 0x01A1, 0x0161, 0x0161, 0x01A2, 0x01C2, 0x01C2, 0x01A2, 0x01C2, 0x01C2, 0x01E2, 0x01E2, 
    0x01A1, 0x01C2, 0x01E2, 0x01C2, 0x01C2, 0x01C2, 0x01E2, 0x01E2, 0x01C2, 0x01E2, 0x01E2, 0x0202, 
    0x01E2, 0x01E2, 0x01E2, 0x0202, 0x0222, 0x0202, 0x0202, 0x0202, 0x0202, 0x01E2, 0x01C2, 0x01E2, 
    0x0202, 0x0202, 0x0202, 0x0202, 0x0202, 0x0202, 0x0222, 0x0222, 0x0202, 0x0202, 0x0202, 0x0202, 
    0x01E2, 0x0202, 0x0202, 0x0202, 0x0202, 0x0202, 0x0202, 0x0202, 0x0202, 0x0202, 0x0202, 0x0222, 
    0x0222, 0x0222, 0x0242, 0x0243, 0x0223, 0x0222, 0x0222, 0x0222, 0x0222, 0x0202, 0x0202, 0x0202, 
    0x0202, 0x0202, 0x0202, 0x0222, 0x0222, 0x0202, 0x0202, 0x0202, 0x01E2, 0x01E2, 0x01E2, 0x01E2, 
    0x01E2, 0x01E2, 0x01E2, 0x01E2, 0x0202, 0x0202, 0x0202, 0x01E2, 0x01E2, 0x01E2, 0x0202, 0x0202, 
    0x0202, 0x01E2, 0x01C2, 0x01E2, 0x01E2, 0x01E2, 0x01C2, 0x01E2, 0x01E2, 0x01E2, 0x01E2, 0x01C2, 
    0x01C2, 0x01A1, 0x01A2, 0x01C1, 0x01C2, 0x01E2, 0x09E2, 0x0A02, 0x1A43, 0x2283, 0x2283, 0x2AA3, 
    0x22A3, 0x1AA3, 0x1263, 0x0A02, 0x01E2, 0x01C2, 0x01A2, 0x01C2, 0x01C2, 0x01C2, 0x01C2, 0x01A1, 
    0x01A2, 0x01A2, 0x01A2, 0x01A2, 0x01A1, 0x0181, 0x0181, 0x01A1, 0x01A1, 0x01A1, 0x01A1, 0x01A2, 
    0x01A2, 0x01A1, 0x01A2, 0x01A1, 0x0181, 0x0181, 0x0181, 0x0181, 0x0181, 0x0161, 0x0161, 0x0161, 
    0x0141, 0x0141, 0x0141, 0x0141, 0x0141, 0x0121, 0x0101, 0x0121, 0x0121, 0x0101, 0x0101, 0x00E0, 
    0x00C0, 0x0000, 0x6A84, 0xFE29, 0x51E3, 0x41E3, 0x5203, 0x0020, 0x00C1, 0x00E1, 0x0101, 0x0121, 
    0x0121, 0x0121, 0x0121, 0x0101, 0x0101, 0x0121, 0x0101, 0x0101, 0x0101, 0x0101, 0x0121, 0x0101, 
    0x0121, 0x0101, 0x0101, 0x0121, 0x00E1, 0x00E1, 0x00E1, 0x00E1, 0x0101, 0x0101, 0x00E1, 0x00E1, 
    0x00E1, 0x00E1, 0x0101, 0x0121, 0x0121, 0x0101, 0x00E1, 0x00E1, 0x00E1, 0x00E1, 0x00E1, 0x00E1, 
    0x0101, 0x0101, 0x0101, 0x0101, 0x00E1, 0x00C1, 0x00C1, 0x0101, 0x0101, 0x00E1, 0x00E1, 0x00C1, 
    0x00C1, 0x00E1, 0x0101, 0x0101, 0x0101, 0x00E1, 0x00C1, 0x00C1, 0x00E1, 0x00C1, 0x00C1, 0x00C1, 
    0x00C1, 0x00C1, 0x00C1, 0x00A1, 0x00A0, 0x00A0, 0x0080, 0x0080, 0x0080, 0x0020, 0x7B26, 0x1081, 
    0xC4C8, 0xAC06, 0x0000, 0x0080, 0x00C0, 0x0000, 0x8B65, 0xDD08, 0x0860, 0x8387, 0x18A1, 0x0080, 
    0x00C0, 0x00E0, 0x00E0, 0x0101, 0x0101, 0x0121, 0x0121, 0x0121, 0x0121, 0x0121, 0x0121, 0x0121, 
    0x0121, 0x0141, 0x0141, 0x0141, 0x0141, 0x0141, 0x0161, 0x0161, 0x0161, 0x0161, 0x0161, 0x0161, 
    0x0161, 0x0161, 0x0161, 0x0181, 0x0181, 0x0181, 0x0161, 0x0161, 0x0181, 0x0181, 0x0181, 0x0181, 
    0x0181, 0x0181, 0x0161, 0x0181, 0x0181, 0x0181, 0x0181, 0x0181, 0x01A1, 0x01A1, 0x01A1, 0x0181, 
    0x01A1, 0x0161, 0x0161, 0x0182, 0x09C2, 0x11E2, 0x1A22, 0x2242, 0x2AA3, 0x2AA3, 0x2242, 0x1A42, 
    0x1242, 0x1242, 0x01E2, 0x01C2, 0x01A2, 0x01A1, 0x01C2, 0x01A2, 0x0181, 0x01A1, 0x01C2, 0x01C2, 
    0x01C2, 0x01E2, 0x01C2, 0x01E2, 0x01E2, 0x01E2, 0x01E2, 0x0202, 0x01E2, 0x01E2, 0x0202, 0x0202, 
    0x0202, 0x0202, 0x0202, 0x0202, 0x0202, 0x0202, 0x01E2, 0x01E2, 0x0202, 0x0202, 0x0202, 0x0202, 
    0x0222, 0x0222, 0x0222, 0x0222, 0x0202, 0x01E2, 0x01E2, 0x01E2, 0x01E2, 0x0202, 0x0202, 0x0222, 
    0x0222, 0x0222, 0x01E2, 0x01E2, 0x0202, 0x01E2, 0x0202, 0x0202, 0x0202, 0x0222, 0x0242, 0x0243, 
    0x0243, 0x0222, 0x0222, 0x0243, 0x0222, 0x0202, 0x0202, 0x0202, 0x0202, 0x0202, 0x0202, 0x0202, 
    0x0202, 0x0202, 0x01E2, 0x01E2, 0x01E2, 0x01E2, 0x0202, 0x0202, 0x0202, 0x01E2, 0x01E2, 0x01E2, 
    0x01E2, 0x01E2, 0x01E2, 0x01E2, 0x0202, 0x0202, 0x0202, 0x0202, 0x0202, 0x01E2, 0x01C2, 0x01E2, 
    0x01E2, 0x01E2, 0x01E2, 0x01E2, 0x01C2, 0x01C2, 0x01C2, 0x01E2, 0x0A22, 0x1242, 0x1242, 0x1A83, 
    0x22C3, 0x22A3, 0x2283, 0x1A42, 0x1222, 0x1202, 0x09A2, 0x01C2, 0x01C2, 0x01E2, 0x01C2, 0x01C2, 
    0x01C2, 0x01E2, 0x01C2, 0x01C2, 0x01C2, 0x01C2, 0x01C2, 0x01C2, 0x01C2, 0x01A2, 0x01A2, 0x01A1, 
    0x01A1, 0x0181, 0x0181, 0x0181, 0x01A1, 0x01A1, 0x01A1, 0x01A1, 0x01A2, 0x01A2, 0x01A1, 0x01A2, 
    0x01A1, 0x0181, 0x0181, 0x0181, 0x0181, 0x0161, 0x0161, 0x0161, 0x0141, 0x0141, 0x0141, 0x0141, 
    0x0121, 0x0121, 0x0101, 0x0121, 0x0121, 0x0101, 0x0101, 0x00E1, 0x00E0, 0x0000, 0x6A84, 0xFE6A, 
    0x5203, 0x4A44, 0x5A84, 0x0020, 0x00C1, 0x0101, 0x0101, 0x0101, 0x0121, 0x0121, 0x0101, 0x0101, 
    0x0101, 0x0101, 0x00E1, 0x00E1, 0x0101, 0x00E1, 0x00E1, 0x00E1, 0x0101, 0x0101, 0x00E1, 0x0101, 
    0x00E1, 0x00E1, 0x00C1, 0x00E1, 0x0101, 0x00E1, 0x00C1, 0x00C1, 0x00C1, 0x00C1, 0x0101, 0x0121, 
    0x0121, 0x00E1, 0x00E1, 0x00E1, 0x00C1, 0x00C1, 0x00C1, 0x00E1, 0x00E1, 0x00E1, 0x00E1, 0x00E1, 
    0x0101, 0x00E1, 0x00C1, 0x00C1, 0x00E1, 0x00E1, 0x00C1, 0x00C1, 0x00C1, 0x00C1, 0x00E1, 0x00E1, 
    0x00E1, 0x00C1, 0x00C1, 0x00C1, 0x00E1, 0x00E1, 0x00C1, 0x00A1, 0x00A1, 0x00A1, 0x00C1, 0x00C0, 
    0x00C0, 0x00A0, 0x0080, 0x0080, 0x0080, 0x0020, 0x7B25, 0x1081, 0xBCA7, 0xABE5, 0x0000, 0x0080, 
    0x00C0, 0x0000, 0x8345, 0xD507, 0x0860, 0x8345, 0x18A0, 0x0080, 0x00C0, 0x00E0, 0x00E0, 0x0100, 
    0x0101, 0x0101, 0x0101, 0x0121, 0x0121, 0x0121, 0x0121, 0x0121, 0x0141, 0x0141, 0x0141, 0x0141, 
    0x0141, 0x0141, 0x0141, 0x0161, 0x0161, 0x0161, 0x0181, 0x0181, 0x0161, 0x0161, 0x0161, 0x0181, 
    0x0181, 0x0161, 0x0161, 0x0161, 0x0181, 0x0181, 0x0181, 0x0161, 0x0181, 0x0161, 0x0161, 0x0181, 
    0x0181, 0x0181, 0x0181, 0x0181, 0x01A1, 0x01A1, 0x01A1, 0x01A1, 0x01A1, 0x0181, 0x0181, 0x0181, 
    0x0182, 0x0181, 0x0161, 0x0181, 0x01A2, 0x01C2, 0x09E2, 0x1202, 0x1A42, 0x2283, 0x22A3, 0x22A3, 
    0x22A3, 0x1A83, 0x1A83, 0x1242, 0x0A02, 0x01E2, 0x01E2, 0x01E2, 0x01C2, 0x01A2, 0x01C2, 0x01C1, 
    0x01E2, 0x01E2, 0x01E2, 0x01E2, 0x01E2, 0x0202, 0x0202, 0x01E2, 0x0202, 0x0202, 0x0202, 0x01E2, 
    0x0202, 0x01E2, 0x01E2, 0x01E2, 0x01E2, 0x01E2, 0x01E2, 0x0202, 0x0222, 0x0223, 0x0222, 0x0222, 
    0x0222, 0x01E2, 0x01E2, 0x01E2, 0x0202, 0x0202, 0x0202, 0x0222, 0x0202, 0x0202, 0x01E2, 0x01E2, 
    0x01E2, 0x01E2, 0x01E2, 0x01E2, 0x0202, 0x0222, 0x0222, 0x0222, 0x0222, 0x0222, 0x0202, 0x0222, 
    0x0222, 0x0202, 0x0202, 0x0222, 0x0202, 0x0202, 0x0202, 0x0202, 0x0202, 0x0202, 0x01E2, 0x0202, 
    0x01E2, 0x01E2, 0x0202, 0x0202, 0x01E2, 0x01E2, 0x01E2, 0x0202, 0x01E2, 0x01E2, 0x01E2, 0x01E2, 
    0x01E2, 0x01E2, 0x01E2, 0x0202, 0x0202, 0x0202, 0x01E2, 0x01E2, 0x0202, 0x0A22, 0x0A42, 0x1262, 
    0x1A83, 0x1A62, 0x1A83, 0x1A83, 0x1A82, 0x1A62, 0x1222, 0x1243, 0x0A02, 0x01E2, 0x01C2, 0x01A2, 
    0x01A2, 0x01A2, 0x01A2, 0x01A2, 0x01C2, 0x01E2, 0x01C2, 0x01E2, 0x01E2, 0x01E2, 0x01E2, 0x01C2, 
    0x01C2, 0x01C2, 0x01C2, 0x01C2, 0x01C2, 0x01A1, 0x01A2, 0x01A2, 0x01A1, 0x0181, 0x0181, 0x0181, 
    0x01A1, 0x01A1, 0x01A1, 0x01A1, 0x0181, 0x0181, 0x0181, 0x0181, 0x01A2, 0x01A1, 0x0181, 0x0161, 
    0x0161, 0x0161, 0x0161, 0x0161, 0x0161, 0x0161, 0x0141, 0x0141, 0x0121, 0x0121, 0x0121, 0x0101, 
    0x0121, 0x0101, 0x0101, 0x00E0, 0x00E0, 0x0000, 0x6A84, 0xFE6A, 0x49E3, 0x4A44, 0x5A84, 0x0020, 
    0x00E1, 0x00E1, 0x00E1, 0x00E1, 0x00E1, 0x0121, 0x0101, 0x00E1, 0x00E1, 0x00E1, 0x00E1, 0x00E1, 
    0x00E1, 0x00E1, 0x00C1, 0x00E1, 0x0101, 0x0101, 0x00E1, 0x00C1, 0x00C1, 0x00C1, 0x00C1, 0x00C1, 
    0x00E1, 0x00E1, 0x00A1, 0x00A1, 0x00C1, 0x00C1, 0x00E1, 0x0101, 0x0101, 0x00E1, 0x00C1, 0x00C1, 
    0x00C1, 0x00A1, 0x00C1, 0x00C0, 0x00C0, 0x00E1, 0x00C1, 0x00C1, 0x00E0, 0x00E0, 0x00C1, 0x00A1, 
    0x00C1, 0x00C1, 0x00A1, 0x00A0, 0x00A0, 0x00A0, 0x00C0, 0x00C0, 0x00A0, 0x00A0, 0x00A1, 0x00A0, 
    0x00C0, 0x00C0, 0x00A0, 0x0080, 0x00A0, 0x00A0, 0x00C0, 0x00C1, 0x00C0, 0x00A0, 0x0080, 0x0080, 
    0x0080, 0x0020, 0x7B05, 0x1060, 0xBC66, 0xA3E5, 0x0000, 0x0080, 0x00E0, 0x0000, 0x8324, 0xD4E7, 
    0x0840, 0x8304, 0x18A0, 0x0080, 0x00C0, 0x00E0, 0x00E0, 0x0101, 0x0101, 0x0100, 0x0100, 0x0121, 
    0x0121, 0x0121, 0x0121, 0x0121, 0x0141, 0x0141, 0x0141, 0x0141, 0x0161, 0x0161, 0x0161, 0x0161, 
    0x0161, 0x0181, 0x0161, 0x0161, 0x0161, 0x0161, 0x0161, 0x0161, 0x0161, 0x0161, 0x0181, 0x0181, 
    0x0181, 0x0161, 0x0181, 0x0161, 0x0181, 0x0161, 0x0161, 0x0161, 0x0161, 0x0181, 0x0181, 0x0181, 
    0x01A1, 0x01A1, 0x01A2, 0x01A1, 0x01A1, 0x0181, 0x0181, 0x0181, 0x0181, 0x01A1, 0x01A1, 0x01A1, 
    0x01A1, 0x0181, 0x0181, 0x0181, 0x0181, 0x0181, 0x01A1, 0x01E2, 0x0A02, 0x0A22, 0x1263, 0x1A83, 
    0x22A3, 0x22A3, 0x22C3, 0x22E3, 0x22C3, 0x22A3, 0x1A83, 0x1A83, 0x1263, 0x0A43, 0x0A22, 0x0202, 
    0x0202, 0x0202, 0x01E2, 0x01C2, 0x01E2, 0x01E2, 0x01E2, 0x01C2, 0x01E2, 0x01E2, 0x01C2, 0x01C2, 
    0x01C2, 0x01C2, 0x01E2, 0x0202, 0x0202, 0x0202, 0x0202, 0x0202, 0x0202, 0x01E2, 0x01E2, 0x01E2, 
    0x01E2, 0x0202, 0x0222, 0x0222, 0x0202, 0x0202, 0x0202, 0x01E2, 0x01E2, 0x01E2, 0x0202, 0x0202, 
    0x0202, 0x0202, 0x0222, 0x0202, 0x0202, 0x01E2, 0x0202, 0x0202, 0x0222, 0x01E2, 0x01E2, 0x0202, 
    0x0202, 0x0202, 0x0202, 0x0202, 0x0202, 0x0202, 0x0202, 0x0202, 0x01E2, 0x01C2, 0x01C2, 0x01C2, 
    0x01C2, 0x01C2, 0x01E2, 0x01E2, 0x01E2, 0x0202, 0x0202, 0x0202, 0x0A42, 0x1243, 0x1283, 0x1AC4, 
    0x1AC3, 0x22C3, 0x22C3, 0x22C3, 0x22A3, 0x1A83, 0x1A63, 0x1262, 0x1242, 0x0A02, 0x0202, 0x01E2, 
    0x01E2, 0x0181, 0x0181, 0x01C2, 0x01C1, 0x01C1, 0x01C2, 0x01C2, 0x01C2, 0x01C2, 0x01A2, 0x01A2, 
    0x01C2, 0x01C2, 0x01C2, 0x01C2, 0x01E2, 0x01E2, 0x01C2, 0x01C2, 0x01A1, 0x01C2, 0x01C2, 0x01C2, 
    0x01A1, 0x01A1, 0x01A1, 0x01A1, 0x01A1, 0x0181, 0x0181, 0x0181, 0x01A1, 0x01A1, 0x01A1, 0x01A1, 
    0x0181, 0x0181, 0x0181, 0x01A1, 0x01A1, 0x01A1, 0x0181, 0x0181, 0x0161, 0x0161, 0x0161, 0x0161, 
    0x0161, 0x0161, 0x0141, 0x0141, 0x0141, 0x0141, 0x0141, 0x0121, 0x0121, 0x0121, 0x0101, 0x00E1, 
    0x00E0, 0x0000, 0x6A64, 0xFE4A, 0x49E3, 0x4A03, 0x5264, 0x0020, 0x00C1, 0x00E1, 0x00E1, 0x00E1, 
    0x00E1, 0x00A0, 0x00C1, 0x00E1, 0x00C1, 0x00C1, 0x00E1, 0x00E1, 0x00E1, 0x00C1, 0x00C1, 0x00E1, 
    0x0101, 0x00E1, 0x00A1, 0x00A1, 0x00A1, 0x00A1, 0x00C1, 0x00C1, 0x00C1, 0x00C1, 0x00C1, 0x00A0, 
    0x00A0, 0x00C0, 0x00C1, 0x00E1, 0x00C1, 0x00C1, 0x00A1, 0x00A1, 0x00A1, 0x0081, 0x0081, 0x00A1, 
    0x00C1, 0x00C1, 0x00C1, 0x00C1, 0x00E1, 0x00E1, 0x00A1, 0x00A1, 0x00C1, 0x00E1, 0x00E1, 0x00C1, 
    0x00A1, 0x00A1, 0x00A1, 0x00C1, 0x00A1, 0x00A1, 0x00A1, 0x00A1, 0x00C1, 0x00A1, 0x0081, 0x00A1, 
    0x08C1, 0x00C1, 0x00A1, 0x0060, 0x00A0, 0x00A0, 0x0080, 0x0080, 0x0080, 0x0020, 0x7AE5, 0x1060, 
    0xB446, 0xA3C5, 0x0000, 0x0080, 0x00C0, 0x0000, 0x8324, 0xD4C6, 0x0840, 0x8B04, 0x18A0, 0x0080, 
    0x00C0, 0x00E0, 0x00E0, 0x0101, 0x0101, 0x0100, 0x0101, 0x0121, 0x0121, 0x0100, 0x0121, 0x0121, 
    0x0121, 0x0121, 0x0141, 0x0161, 0x0141, 0x0161, 0x0161, 0x0161, 0x0161, 0x0161, 0x0161, 0x0181, 
    0x0181, 0x0161, 0x0161, 0x0181, 0x0161, 0x0161, 0x0161, 0x0181, 0x0181, 0x0181, 0x0181, 0x0181, 
    0x0161, 0x0161, 0x0161, 0x0161, 0x0161, 0x0161, 0x0181, 0x0181, 0x0181, 0x0181, 0x01A1, 0x0181, 
    0x0181, 0x0181, 0x0181, 0x01A1, 0x0181, 0x01A1, 0x01A1, 0x01A1, 0x01A1, 0x01A1, 0x01A1, 0x01A1, 
    0x01A1, 0x0181, 0x0181, 0x01A1, 0x01A1, 0x01A2, 0x0181, 0x01A2, 0x01A2, 0x01C2, 0x01E2, 0x0A02, 
    0x0A22, 0x1222, 0x1A63, 0x22A3, 0x22E4, 0x22E4, 0x22E4, 0x2AE3, 0x2AE3, 0x22E4, 0x2AE4, 0x22C4, 
    0x22C4, 0x1AA3, 0x1262, 0x1283, 0x1283, 0x1263, 0x0A43, 0x0A23, 0x0202, 0x0202, 0x01E2, 0x0202, 
    0x0202, 0x0202, 0x01E2, 0x01C2, 0x01E2, 0x01E2, 0x01E2, 0x01E2, 0x01E2, 0x01E2, 0x0202, 0x0202, 
    0x01E2, 0x01E2, 0x01E2, 0x01E2, 0x01E2, 0x01E2, 0x01E2, 0x01A1, 0x01C2, 0x01E2, 0x01E2, 0x01E2, 
    0x01E2, 0x01E2, 0x0202, 0x0202, 0x01E2, 0x01C2, 0x01C2, 0x01C2, 0x01C2, 0x01E2, 0x01E2, 0x0202, 
    0x0222, 0x0223, 0x0243, 0x0A43, 0x0A43, 0x1242, 0x1243, 0x1A63, 0x1A63, 0x2284, 0x22C4, 0x22E4, 
    0x2AC3, 0x2AE3, 0x2B04, 0x2B04, 0x22E4, 0x1AA3, 0x1A83, 0x1263, 0x1243, 0x0A22, 0x0202, 0x01E2, 
    0x01E2, 0x01C2, 0x01C2, 0x01C2, 0x01C2, 0x01C2, 0x01E2, 0x0202, 0x0202, 0x01E2, 0x01C2, 0x01E2, 
    0x01E2, 0x01C2, 0x01C2, 0x01C2, 0x01C2, 0x01C2, 0x01A2, 0x01A1, 0x01A1, 0x01C2, 0x01C2, 0x01C1, 
    0x01C2, 0x01C2, 0x01C2, 0x01C2, 0x01A1, 0x01A2, 0x01C2, 0x01C2, 0x01C2, 0x01A1, 0x01C2, 0x01C2, 
    0x01A1, 0x01A1, 0x0181, 0x01A1, 0x01A1, 0x01A1, 0x01A1, 0x01A1, 0x01A1, 0x0181, 0x01A1, 0x01A1, 
    0x01A1, 0x0181, 0x0181, 0x0181, 0x0181, 0x0181, 0x0161, 0x0161, 0x0161, 0x0161, 0x0161, 0x0141, 
    0x0141, 0x0141, 0x0121, 0x0121, 0x0121, 0x0121, 0x0101, 0x0101, 0x00E0, 0x0000, 0x6A84, 0xFE49, 
    0x49E3, 0x4A24, 0x5A64, 0x0020, 0x00C1, 0x00C1, 0x00E1, 0x0101, 0x0080, 0x5285, 0xCD29, 0xBC86, 
    0xB425, 0xBC66, 0xCCE8, 0xCD08, 0xC4E8, 0xC4E8, 0xCD08, 0xCD4A, 0xD58B, 0xD58B, 0xD58B, 0xD5AB, 
    0xD5AB, 0xD58B, 0xD58B, 0xD5AB, 0xD5AC, 0xD5AC, 0xD5CD, 0xD5CD, 0xD5AB, 0xD58B, 0xD5CC, 0xD5EC, 
    0xD5AB, 0xD58B, 0xD58B, 0xD58B, 0xD56A, 0xD56A, 0xCD4A, 0xCD49, 0xCD29, 0xC4E8, 0xCCE8, 0xD529, 
    0xCD29, 0xC4E8, 0xC4C8, 0xC4E8, 0xC4E8, 0xC4C8, 0xC4C8, 0xBC87, 0xBC46, 0xBC25, 0xB425, 0xB405, 
    0xB425, 0xBC66, 0xBC87, 0xBC87, 0xBC87, 0xBC87, 0xBC46, 0xAC05, 0xABA4, 0xA3A4, 0xABE4, 0x5A03, 
    0x0000, 0x0080, 0x0080, 0x0080, 0x0080, 0x0020, 0x7B05, 0x1060, 0xB446, 0xA3C5, 0x0000, 0x0080, 
    0x00C0, 0x0000, 0x8304, 0xD4A6, 0x0840, 0x8B65, 0x18A0, 0x0080, 0x00C0, 0x00E0, 0x00E0, 0x00E0, 
    0x0101, 0x0101, 0x0101, 0x0121, 0x0100, 0x0101, 0x0100, 0x0121, 0x0121, 0x0141, 0x0141, 0x0141, 
    0x0141, 0x0141, 0x0161, 0x0141, 0x0161, 0x0161, 0x0161, 0x0181, 0x01A2, 0x0181, 0x0181, 0x0181, 
    0x0181, 0x0181, 0x0181, 0x0181, 0x0181, 0x0181, 0x0181, 0x0161, 0x0161, 0x0161, 0x0161, 0x0161, 
    0x0161, 0x0161, 0x0181, 0x01A1, 0x0181, 0x01A1, 0x0181, 0x0181, 0x0181, 0x0181, 0x01A1, 0x01A1, 
    0x01A1, 0x01A2, 0x01A1, 0x01A1, 0x01A1, 0x01A1, 0x01C2, 0x01C2, 0x01A2, 0x01A1, 0x01A1, 0x01A2, 
    0x01C2, 0x01A2, 0x01A2, 0x01A2, 0x01A2, 0x01C2, 0x01A2, 0x01C2, 0x01A2, 0x01A2, 0x0181, 0x01A2, 
    0x01C2, 0x01E2, 0x01E2, 0x01E2, 0x0202, 0x0202, 0x0A22, 0x1263, 0x1263, 0x1262, 0x1262, 0x1AA3, 
    0x22E4, 0x2304, 0x2AE4, 0x2AE4, 0x2AE4, 0x2AE3, 0x2AE4, 0x22E4, 0x22C3, 0x22C3, 0x1AC3, 0x1AA3, 
    0x1A83, 0x1283, 0x1AA3, 0x12A3, 0x1283, 0x1262, 0x1263, 0x1283, 0x1283, 0x1283, 0x1242, 0x0A42, 
    0x1263, 0x1263, 0x0A42, 0x1242, 0x1262, 0x1283, 0x1283, 0x12A3, 0x12A3, 0x12A3, 0x1AC3, 0x1AC3, 
    0x1A83, 0x1A83, 0x1A83, 0x1AA3, 0x1AA3, 0x1AA3, 0x22C3, 0x22E4, 0x2B04, 0x22E4, 0x22E4, 0x2AE4, 
    0x22E4, 0x22C3, 0x22E4, 0x22E4, 0x1AA3, 0x1263, 0x1243, 0x0A23, 0x0A02, 0x0202, 0x0223, 0x0222, 
    0x0202, 0x01C2, 0x01C2, 0x01C2, 0x01C2, 0x01C2, 0x01C2, 0x01C2, 0x01C2, 0x01E2, 0x01E2, 0x01E2, 
    0x01E2, 0x01C2, 0x01E2, 0x0202, 0x01E2, 0x01E2, 0x01E2, 0x01E2, 0x0202, 0x01E2, 0x01E2, 0x01C2, 
    0x01C2, 0x01A2, 0x01A1, 0x01A1, 0x01A1, 0x01A1, 0x01C1, 0x01A1, 0x01C2, 0x01C2, 0x01C2, 0x01C2, 
    0x01A1, 0x01C2, 0x01E2, 0x01E2, 0x01E2, 0x01C2, 0x01C1, 0x01C2, 0x01C2, 0x01A1, 0x01A1, 0x01A1, 
    0x01A1, 0x01A1, 0x01A1, 0x01A1, 0x01A2, 0x01A1, 0x01A1, 0x01A2, 0x01A1, 0x0181, 0x0161, 0x0161, 
    0x0161, 0x0161, 0x0161, 0x0161, 0x0181, 0x0161, 0x0161, 0x0141, 0x0141, 0x0141, 0x0141, 0x0121, 
    0x0121, 0x0121, 0x0121, 0x0101, 0x00E1, 0x0000, 0x6A83, 0xFE29, 0x49E2, 0x4A44, 0x5A64, 0x0020, 
    0x00E1, 0x00C1, 0x00E1, 0x0080, 0x4A44, 0xE569, 0x6243, 0x41A1, 0x72A3, 0x7AC3, 0x4A22, 0x4A43, 
    0x4A02, 0x41E2, 0x49E2, 0x4A23, 0x4A43, 0x4A43, 0x4A43, 0x5243, 0x4A23, 0x4A03, 0x4A03, 0x4A43, 
    0x4A64, 0x4A43, 0x4A64, 0x4A84, 0x4A64, 0x4A23, 0x4203, 0x4A03, 0x4A23, 0x4A43, 0x4A43, 0x4A23, 
    0x4A23, 0x4A23, 0x4A23, 0x4A22, 0x4A02, 0x41E1, 0x4A02, 0x5243, 0x4A22, 0x49E2, 0x4A22, 0x5243, 
    0x4A22, 0x4A02, 0x49E2, 0x41A1, 0x4181, 0x4160, 0x4181, 0x41A1, 0x41A1, 0x49C1, 0x49C2, 0x49C2, 
    0x49E2, 0x4A02, 0x49C2, 0x7AA2, 0x7AA2, 0x4981, 0x4140, 0xAB63, 0x6A63, 0x0020, 0x0080, 0x0080, 
    0x0080, 0x0020, 0x7B05, 0x1060, 0xBC66, 0xAC05, 0x0000, 0x0080, 0x00A0, 0x0000, 0x8B25, 0xD4E7, 
    0x0840, 0x8B66, 0x18A1, 0x0080, 0x00C0, 0x00E0, 0x00E0, 0x00E0, 0x0100, 0x0101, 0x0101, 0x0101, 
    0x0100, 0x0101, 0x0100, 0x0121, 0x0121, 0x0121, 0x0141, 0x0141, 0x0141, 0x0141, 0x0141, 0x0141, 
    0x0161, 0x0161, 0x0161, 0x0161, 0x0181, 0x01A1, 0x0181, 0x0181, 0x0181, 0x0181, 0x0181, 0x0181, 
    0x0181, 0x0181, 0x0181, 0x0181, 0x0161, 0x0181, 0x0181, 0x0161, 0x0181, 0x0181, 0x0181, 0x01A1, 
    0x01A1, 0x01A1, 0x01A1, 0x0181, 0x01A2, 0x01A1, 0x01A2, 0x01A2, 0x01A1, 0x01A2, 0x01A2, 0x0181, 
    0x0181, 0x01A1, 0x01C2, 0x01C2, 0x01A2, 0x01A2, 0x01A1, 0x01A1, 0x01A1, 0x01A2, 0x01A2, 0x01A2, 
    0x01C2, 0x01C2, 0x01C2, 0x01C2, 0x01C2, 0x01C2, 0x01C2, 0x01C2, 0x01E2, 0x01E2, 0x01E2, 0x01C2, 
    0x01C2, 0x01C2, 0x01C2, 0x01C2, 0x01C1, 0x01A1, 0x01A2, 0x01C2, 0x01C2, 0x01C2, 0x01C1, 0x01C1, 
    0x01A1, 0x01C1, 0x01E2, 0x0A02, 0x09E2, 0x0A02, 0x0A22, 0x0A42, 0x1263, 0x1263, 0x1263, 0x1263, 
    0x1262, 0x1242, 0x1242, 0x1A83, 0x1AA3, 0x1A83, 0x1A83, 0x1AA3, 0x1AA3, 0x1AA3, 0x1A83, 0x1A83, 
    0x1AA3, 0x1AC3, 0x1AA3, 0x1A83, 0x1AA3, 0x1A83, 0x1283, 0x1283, 0x1263, 0x1263, 0x1263, 0x0A63, 
    0x0A63, 0x0A42, 0x0A42, 0x0A22, 0x0202, 0x01E2, 0x0202, 0x0202, 0x0202, 0x01E2, 0x01E2, 0x01E2, 
    0x01C2, 0x01E2, 0x01C2, 0x01C2, 0x01C2, 0x01E2, 0x01E2, 0x01E2, 0x01E2, 0x01E2, 0x01C2, 0x01C2, 
    0x01E2, 0x01E2, 0x01C2, 0x01E2, 0x01C2, 0x01E2, 0x01E2, 0x01E2, 0x01E2, 0x01C2, 0x01C2, 0x01E2, 
    0x01E2, 0x01C2, 0x01E2, 0x01E2, 0x01E2, 0x01E2, 0x01E2, 0x01E2, 0x01C2, 0x01C2, 0x01A2, 0x01A1, 
    0x01A2, 0x01C2, 0x01C2, 0x01C2, 0x01E2, 0x01C2, 0x01C2, 0x01C2, 0x01C2, 0x01E2, 0x01C2, 0x01C2, 
    0x01C2, 0x01C2, 0x01C1, 0x01C2, 0x01C2, 0x01C2, 0x01A2, 0x01A1, 0x01A1, 0x01A1, 0x01C2, 0x01A1, 
    0x01A1, 0x01A2, 0x01A2, 0x01A2, 0x0181, 0x0181, 0x0161, 0x0161, 0x0161, 0x0161, 0x0161, 0x0161, 
    0x0161, 0x0161, 0x0161, 0x0161, 0x0141, 0x0141, 0x0141, 0x0121, 0x0121, 0x0121, 0x0121, 0x0101, 
    0x00E0, 0x0000, 0x6A63, 0xFE29, 0x49C2, 0x4A24, 0x5264, 0x0020, 0x00C0, 0x00C1, 0x0060, 0x3982, 
    0xE508, 0x41A2, 0x0940, 0x8BC6, 0x5285, 0x00A1, 0x00C1, 0x00C1, 0x00A1, 0x00A1, 0x00C1, 0x00C1, 
    0x00C1, 0x00C1, 0x00C1, 0x00C1, 0x00C1, 0x00C1, 0x00C0, 0x00E1, 0x0101, 0x00E0, 0x0101, 0x0100, 
    0x0100, 0x00C0, 0x00E1, 0x00E0, 0x00E0, 0x0101, 0x0101, 0x0101, 0x0101, 0x0101, 0x00E1, 0x00C1, 
    0x00C1, 0x00C1, 0x00C1, 0x00C1, 0x00C1, 0x00C1, 0x00C1, 0x00E1, 0x00C1, 0x00C1, 0x00C1, 0x00A1, 
    0x00A1, 0x00A1, 0x00A1, 0x00A1, 0x00A1, 0x00A1, 0x0081, 0x0081, 0x0081, 0x00A1, 0x0081, 0x0060, 
    0x49E3, 0x93A4, 0x0140, 0x10E0, 0xBC23, 0x59E1, 0x0020, 0x0080, 0x0080, 0x0020, 0x7B05, 0x1060, 
    0xBCA7, 0xB447, 0x0000, 0x0080, 0x00A0, 0x0000, 0x8B45, 0xDD08, 0x0840, 0x8B87, 0x18A1, 0x0080, 
    0x00E0, 0x00E0, 0x00E0, 0x00E0, 0x00E1, 0x0100, 0x0101, 0x0121, 0x0121, 0x0100, 0x0121, 0x0121, 
    0x0121, 0x0121, 0x0141, 0x0141, 0x0141, 0x0141, 0x0161, 0x0161, 0x0161, 0x0161, 0x0161, 0x0161, 
    0x0181, 0x0181, 0x01A1, 0x01A1, 0x0181, 0x0181, 0x0181, 0x0181, 0x0181, 0x0181, 0x0181, 0x0181, 
    0x0181, 0x0182, 0x01A1, 0x0181, 0x0181, 0x01A1, 0x01A1, 0x01A1, 0x0181, 0x01A1, 0x01A1, 0x0181, 
    0x01A1, 0x01A2, 0x01A2, 0x01A2, 0x01C2, 0x01C2, 0x01A1, 0x0181, 0x0181, 0x01A1, 0x01C2, 0x01C2, 
    0x01C2, 0x01A2, 0x01A1, 0x01A1, 0x01A2, 0x01A1, 0x01A2, 0x01A2, 0x01C2, 0x01C2, 0x01C2, 0x01C2, 
    0x01C2, 0x01C2, 0x01C2, 0x01C2, 0x01E2, 0x01E2, 0x01E2, 0x01C2, 0x01C2, 0x01C2, 0x01C2, 0x01C1, 
    0x01C2, 0x01C2, 0x01C2, 0x01E2, 0x01E2, 0x01E2, 0x01C2, 0x01A1, 0x01A2, 0x01A1, 0x01A2, 0x01C2, 
    0x01A2, 0x0181, 0x01C2, 0x0202, 0x0202, 0x0202, 0x01E2, 0x01C2, 0x01A2, 0x01A2, 0x01C2, 0x01E2, 
    0x01E2, 0x01E2, 0x01E2, 0x0202, 0x0202, 0x01E2, 0x01C2, 0x01C2, 0x01C2, 0x01C2, 0x0181, 0x0181, 
    0x01C2, 0x01C2, 0x01E2, 0x01E2, 0x01E2, 0x01E2, 0x0202, 0x01E2, 0x01E2, 0x01C2, 0x01C2, 0x01E2, 
    0x01C2, 0x01C2, 0x01E2, 0x01E2, 0x0202, 0x01E2, 0x01E2, 0x01E2, 0x01E2, 0x01E2, 0x01E2, 0x01E2, 
    0x01E2, 0x01E2, 0x01E2, 0x01E2, 0x01E2, 0x01C2, 0x01C2, 0x01C2, 0x01C2, 0x01E2, 0x01C2, 0x01C2, 
    0x01E2, 0x01E2, 0x01C2, 0x01C2, 0x01E2, 0x01C1, 0x01C2, 0x01C2, 0x01E2, 0x01E2, 0x01E2, 0x01E2, 
    0x01E2, 0x01E2, 0x01E2, 0x01E2, 0x01C2, 0x01E2, 0x01C2, 0x01C2, 0x01C2, 0x01C2, 0x01E2, 0x01C2, 
    0x01E2, 0x01C2, 0x01C2, 0x01C2, 0x01C2, 0x01C2, 0x01C2, 0x01C2, 0x01C2, 0x01C2, 0x01C2, 0x01C2, 
    0x01C2, 0x01C2, 0x01C2, 0x01A1, 0x01A1, 0x01A1, 0x01A1, 0x01A2, 0x01A1, 0x01A2, 0x01A2, 0x0181, 
    0x0181, 0x0181, 0x0181, 0x0161, 0x0161, 0x0161, 0x0161, 0x0161, 0x0161, 0x0161, 0x0161, 0x0141, 
    0x0161, 0x0141, 0x0141, 0x0141, 0x0121, 0x0121, 0x0121, 0x0101, 0x00E0, 0x0000, 0x6A63, 0xFE29, 
    0x49E3, 0x4A03, 0x5223, 0x0020, 0x00C0, 0x00C1, 0x0040, 0x6A42, 0xA365, 0x00C0, 0x63C4, 0xA469, 
    0x00C1, 0x0121, 0x0141, 0x0141, 0x0141, 0x0141, 0x0141, 0x0141, 0x0141, 0x0162, 0x0161, 0x0161, 
    0x0181, 0x0181, 0x0181, 0x0181, 0x0181, 0x0182, 0x0181, 0x0181, 0x0182, 0x0181, 0x01A2, 0x0182, 
    0x0182, 0x01A2, 0x01A2, 0x01C2, 0x01A2, 0x0181, 0x0181, 0x0161, 0x0161, 0x0141, 0x0141, 0x0141, 
    0x0141, 0x0141, 0x0141, 0x0141, 0x0141, 0x0141, 0x0121, 0x0121, 0x0121, 0x0121, 0x0101, 0x0101, 
    0x0101, 0x0121, 0x0101, 0x0101, 0x00E1, 0x00E1, 0x00E1, 0x00C1, 0x0020, 0x7304, 0x6BE3, 0x0920, 
    0x7AE2, 0x7241, 0x0000, 0x0080, 0x0080, 0x0020, 0x7B26, 0x1060, 0xC4C8, 0xB468, 0x0000, 0x0080, 
    0x00A0, 0x0000, 0x8B65, 0xDD28, 0x0840, 0x8BA8, 0x18C1, 0x0080, 0x00E0, 0x00E0, 0x00E0, 0x00E0, 
    0x0100, 0x0101, 0x0121, 0x0121, 0x0121, 0x0121, 0x0121, 0x0100, 0x0121, 0x0141, 0x0141, 0x0141, 
    0x0141, 0x0141, 0x0161, 0x0161, 0x0161, 0x0161, 0x0161, 0x0161, 0x0161, 0x0181, 0x01A1, 0x01A1, 
    0x01A1, 0x01A1, 0x01A1, 0x01A1, 0x01A2, 0x0181, 0x0181, 0x0181, 0x0181, 0x0181, 0x01A2, 0x01A2, 
    0x0181, 0x0181, 0x0181, 0x0181, 0x01A1, 0x01A1, 0x01A2, 0x01A2, 0x0181, 0x01A1, 0x01A2, 0x01C2, 
    0x01A1, 0x01A1, 0x01A2, 0x01C2, 0x01A2, 0x01A1, 0x01C2, 0x01E2, 0x01E2, 0x01C2, 0x01C2, 0x01A2, 
    0x01A2, 0x01A2, 0x01A2, 0x01A2, 0x01C2, 0x01C2, 0x01C2, 0x01C2, 0x01C2, 0x01C2, 0x01A1, 0x01C2, 
    0x01C2, 0x01C2, 0x01C2, 0x01C2, 0x01C2, 0x01C2, 0x01C2, 0x01C2, 0x01C1, 0x01C2, 0x01C2, 0x01C2, 
    0x01C2, 0x01C2, 0x01C2, 0x01C2, 0x01C2, 0x01C2, 0x01C2, 0x01E2, 0x01C2, 0x01E2, 0x01E2, 0x01E2, 
    0x01E2, 0x0202, 0x01E2, 0x01C2, 0x01C2, 0x01C2, 0x01E2, 0x0202, 0x0223, 0x0223, 0x0202, 0x0202, 
    0x0202, 0x01E2, 0x01E2, 0x01E2, 0x01C2, 0x01C2, 0x01A1, 0x01A2, 0x01E2, 0x0202, 0x0202, 0x0202, 
    0x0202, 0x01E2, 0x01E2, 0x01E2, 0x01C2, 0x01C2, 0x01C2, 0x01E2, 0x01E2, 0x01E2, 0x0202, 0x0202, 
    0x01E2, 0x01E2, 0x01E2, 0x01E2, 0x01E2, 0x01E2, 0x01E2, 0x01E2, 0x01E2, 0x0202, 0x0202, 0x01E2, 
    0x01C2, 0x01C2, 0x01C2, 0x01C2, 0x01E2, 0x01E2, 0x01E2, 0x01C2, 0x01C2, 0x01C2, 0x01C2, 0x01C2, 
    0x01E2, 0x01C2, 0x01E2, 0x01E2, 0x01E2, 0x01E2, 0x01E2, 0x01E2, 0x01E2, 0x01E2, 0x01E2, 0x01C2, 
    0x01E2, 0x01C2, 0x01C2, 0x01C2, 0x01C2, 0x01C2, 0x01C2, 0x01C2, 0x01C2, 0x01C2, 0x01C2, 0x01C2, 
    0x01C2, 0x01E2, 0x01A1, 0x01A2, 0x01E2, 0x01C2, 0x01C2, 0x01C2, 0x01C2, 0x01E2, 0x01C2, 0x01C2, 
    0x01A1, 0x01A1, 0x01A1, 0x01A1, 0x01A1, 0x01A1, 0x01A1, 0x0181, 0x0181, 0x0181, 0x0161, 0x0161, 
    0x0161, 0x0181, 0x0161, 0x0161, 0x0161, 0x0161, 0x0161, 0x0161, 0x0141, 0x0141, 0x0141, 0x0141, 
    0x0141, 0x0121, 0x0121, 0x0101, 0x00E1, 0x0000, 0x6A84, 0xFE6A, 0x51E3, 0x49E3, 0x5A43, 0x0020, 
    0x00C0, 0x00C1, 0x0040, 0x6A42, 0x9344, 0x6AE5, 0x8BC8, 0x2983, 0x0101, 0x0141, 0x0141, 0x0141, 
    0x0141, 0x0141, 0x0141, 0x0141, 0x0141, 0x0162, 0x0161, 0x0181, 0x0181, 0x0181, 0x0181, 0x0181, 
    0x01A2, 0x01A2, 0x0181, 0x0181, 0x0181, 0x01A2, 0x01A2, 0x01A2, 0x0182, 0x0181, 0x01A2, 0x01A1, 
    0x01A2, 0x0181, 0x0181, 0x0161, 0x0161, 0x0161, 0x0141, 0x0141, 0x0141, 0x0141, 0x0161, 0x0161, 
    0x0141, 0x0141, 0x0121, 0x0121, 0x0121, 0x0121, 0x0101, 0x0101, 0x0101, 0x0101, 0x0101, 0x00E1, 
    0x00E1, 0x00E1, 0x00E1, 0x00E1, 0x00C1, 0x1901, 0x7263, 0x6A63, 0x7AC3, 0x6A00, 0x0000, 0x0080, 
    0x0080, 0x0000, 0x7B46, 0x1081, 0xC4E9, 0xB468, 0x0000, 0x0080, 0x00A0, 0x0000, 0x8B45, 0xDD28, 
    0x0840, 0x8BA8, 0x18A1, 0x0080, 0x00E0, 0x00E0, 0x0101, 0x0101, 0x0101, 0x0121, 0x0121, 0x0121, 
    0x0121, 0x0121, 0x0121, 0x0121, 0x0121, 0x0141, 0x0141, 0x0161, 0x0141, 0x0141, 0x0161, 0x0161, 
    0x0161, 0x0161, 0x0161, 0x0161, 0x0161, 0x0181, 0x0181, 0x01A1, 0x01A1, 0x01A1, 0x01A1, 0x01A2, 
    0x01A2, 0x0181, 0x0181, 0x01A1, 0x01A1, 0x0181, 0x01A2, 0x01A2, 0x01A1, 0x01A1, 0x0181, 0x01A1, 
    0x01A2, 0x01A1, 0x01A1, 0x01A2, 0x01A1, 0x01A2, 0x01A2, 0x01A1, 0x01A2, 0x01A2, 0x01A1, 0x01A1, 
    0x01C2, 0x01C2, 0x01C2, 0x01C2, 0x01C2, 0x01C2, 0x01E2, 0x01C2, 0x01C2, 0x01C2, 0x01C2, 0x01A2, 
    0x01A2, 0x01C2, 0x01C2, 0x01C2, 0x01C2, 0x01C2, 0x01A1, 0x01C2, 0x01C2, 0x01A2, 0x0202, 0x0202, 
    0x01C2, 0x01E2, 0x01C2, 0x01C2, 0x01C2, 0x01C2, 0x01C2, 0x01C2, 0x01E2, 0x01C2, 0x01C2, 0x01C2, 
    0x01C2, 0x01C2, 0x01C2, 0x01C2, 0x01E2, 0x01E2, 0x01E2, 0x01E2, 0x01E2, 0x01C2, 0x01E2, 0x01E2, 
    0x01C2, 0x01C2, 0x01C2, 0x01E2, 0x0222, 0x0223, 0x0222, 0x0202, 0x0202, 0x01E2, 0x01E2, 0x01E2, 
    0x01C2, 0x01C2, 0x01A1, 0x01C1, 0x0202, 0x0202, 0x01E2, 0x01E2, 0x01E2, 0x01E2, 0x01E2, 0x01C2, 
    0x01C2, 0x01C2, 0x01C2, 0x01E2, 0x01E2, 0x01E2, 0x0202, 0x01E2, 0x01E2, 0x01E2, 0x01E2, 0x01E2, 
    0x01C2, 0x01E2, 0x01E2, 0x0202, 0x0202, 0x0A42, 0x0A63, 0x0A63, 0x0A22, 0x01E2, 0x01C2, 0x01E2, 
    0x0202, 0x0202, 0x01E2, 0x01E2, 0x01C2, 0x01C2, 0x01C2, 0x01E2, 0x01E2, 0x01E2, 0x01E2, 0x01E2, 
    0x01E2, 0x01E2, 0x01E2, 0x01E2, 0x01C2, 0x01C2, 0x01C2, 0x01C2, 0x01C2, 0x01C2, 0x01C2, 0x01C1, 
    0x01C2, 0x01C2, 0x01C2, 0x01C2, 0x01C2, 0x01C2, 0x01C2, 0x01C2, 0x01C2, 0x01C2, 0x01C1, 0x01C2, 
    0x01E2, 0x01C1, 0x01A2, 0x01C2, 0x01C1, 0x01C1, 0x01A1, 0x01A2, 0x01A2, 0x01A1, 0x0181, 0x01A2, 
    0x01A2, 0x01A2, 0x01A1, 0x0181, 0x0181, 0x0161, 0x0161, 0x0181, 0x0161, 0x0181, 0x0161, 0x0161, 
    0x0161, 0x0161, 0x0161, 0x0161, 0x0141, 0x0141, 0x0141, 0x0141, 0x0141, 0x0121, 0x0121, 0x0101, 
    0x00E1, 0x0020, 0x6A84, 0xFE8A, 0x5203, 0x49C1, 0x5202, 0x0020, 0x00C0, 0x00C1, 0x0040, 0x6A42, 
    0xA3E6, 0x5265, 0x08E1, 0x00C0, 0x0141, 0x0141, 0x0141, 0x0141, 0x0141, 0x0141, 0x0141, 0x0141, 
    0x0141, 0x0162, 0x0161, 0x0181, 0x0181, 0x01A1, 0x0181, 0x01A1, 0x0181, 0x0181, 0x0181, 0x0181, 
    0x0181, 0x01A2, 0x01A2, 0x01A2, 0x0181, 0x0181, 0x01A1, 0x0181, 0x0181, 0x0181, 0x0181, 0x0181, 
    0x0161, 0x0161, 0x0161, 0x0141, 0x0141, 0x0161, 0x0161, 0x0161, 0x0141, 0x0141, 0x0141, 0x0121, 
    0x0121, 0x0121, 0x0121, 0x0101, 0x0101, 0x0101, 0x0101, 0x0101, 0x0101, 0x00E1, 0x00E1, 0x00E1, 
    0x00E1, 0x00A1, 0x0060, 0x49E3, 0x8B44, 0x61A0, 0x0000, 0x0080, 0x0080, 0x0020, 0x7326, 0x1080, 
    0xC4E9, 0xB467, 0x0000, 0x0080, 0x00C0, 0x0000, 0x8B25, 0xDD48, 0x0860, 0x8B87, 0x18A1, 0x0080, 
    0x00E0, 0x00E0, 0x0101, 0x0101, 0x0121, 0x0121, 0x0121, 0x0121, 0x0121, 0x0121, 0x0121, 0x0141, 
    0x0141, 0x0141, 0x0141, 0x0141, 0x0141, 0x0141, 0x0141, 0x0161, 0x0161, 0x0161, 0x0161, 0x0161, 
    0x0181, 0x0181, 0x0181, 0x01A1, 0x01A1, 0x01A1, 0x01A1, 0x01A2, 0x01A1, 0x01A1, 0x01A1, 0x01A1, 
    0x01A2, 0x01A1, 0x01A1, 0x01A2, 0x01A1, 0x01A1, 0x01A1, 0x0181, 0x0181, 0x0181, 0x0181, 0x01A1, 
    0x01A1, 0x01A2, 0x01A2, 0x01A2, 0x01A2, 0x01A1, 0x01A2, 0x01A1, 0x01C2, 0x01C2, 0x01A1, 0x01C2, 
    0x01C2, 0x01C2, 0x01C2, 0x01C2, 0x01E2, 0x01E2, 0x01C2, 0x01C2, 0x01A2, 0x01C2, 0x01E2, 0x01E2, 
    0x01E2, 0x01C2, 0x01C2, 0x01C2, 0x01A2, 0x01C2, 0x1283, 0x1283, 0x01C2, 0x01C2, 0x01C2, 0x01C2, 
    0x01C2, 0x01C2, 0x01C2, 0x01E2, 0x01E2, 0x01E2, 0x01E2, 0x01E2, 0x01C2, 0x01C2, 0x01C2, 0x01A2, 
    0x01C2, 0x0222, 0x0A63, 0x0A63, 0x0A22, 0x01E2, 0x01E2, 0x01E2, 0x01E2, 0x0202, 0x0A22, 0x0A63, 
    0x0A63, 0x0223, 0x0202, 0x0202, 0x0202, 0x01E2, 0x01E2, 0x01E2, 0x01C2, 0x01C2, 0x01C2, 0x01C2, 
    0x0202, 0x01E2, 0x01C2, 0x01C2, 0x0A23, 0x0202, 0x01E2, 0x01C2, 0x01C2, 0x01E2, 0x0202, 0x0202, 
    0x0202, 0x01E2, 0x01E2, 0x01E2, 0x01C2, 0x01E2, 0x01E2, 0x01E2, 0x01E2, 0x0202, 0x0202, 0x0242, 
    0x12A3, 0x1283, 0x1283, 0x1283, 0x1AA3, 0x1AA3, 0x0202, 0x01E2, 0x0202, 0x0202, 0x0202, 0x0202, 
    0x0202, 0x01E2, 0x01C2, 0x01E2, 0x0202, 0x0202, 0x0202, 0x01E2, 0x01E2, 0x01E2, 0x01E2, 0x01C2, 
    0x01C2, 0x01C2, 0x01C2, 0x01C2, 0x01E2, 0x01C2, 0x01C2, 0x01C2, 0x01A2, 0x01A1, 0x01C1, 0x01C1, 
    0x01C2, 0x01C2, 0x01C2, 0x01C2, 0x01C2, 0x01C2, 0x01C2, 0x01C2, 0x01C2, 0x01C2, 0x01A2, 0x01C2, 
    0x01C2, 0x01C2, 0x01A2, 0x01A1, 0x0181, 0x0181, 0x01A1, 0x01A2, 0x01A1, 0x01A1, 0x0181, 0x0181, 
    0x0181, 0x0181, 0x0181, 0x0181, 0x0181, 0x0161, 0x0161, 0x0161, 0x0161, 0x0161, 0x0161, 0x0161, 
    0x0161, 0x0161, 0x0141, 0x0141, 0x0121, 0x0121, 0x0101, 0x00E1, 0x00E0, 0x0020, 0x6A84, 0xFE6A, 
    0x49E3, 0x49C2, 0x5A22, 0x0020, 0x00C0, 0x00C0, 0x0020, 0x6A42, 0xBC88, 0x31C4, 0x00A1, 0x0121, 
    0x0121, 0x0141, 0x0161, 0x0161, 0x0141, 0x0141, 0x0141, 0x0161, 0x0161, 0x0181, 0x0181, 0x0181, 
    0x0181, 0x01A2, 0x01A2, 0x0181, 0x0181, 0x0181, 0x0181, 0x01A1, 0x01A2, 0x0181, 0x01A1, 0x01A2, 
    0x01A2, 0x01A2, 0x01A2, 0x01A2, 0x0181, 0x0182, 0x01A2, 0x0181, 0x0181, 0x0181, 0x0161, 0x0161, 
    0x0161, 0x0161, 0x0181, 0x0161, 0x0161, 0x0141, 0x0141, 0x0141, 0x0141, 0x0121, 0x0121, 0x0121, 
    0x0121, 0x0101, 0x0101, 0x0101, 0x0101, 0x0101, 0x00E1, 0x00E1, 0x00E1, 0x00E1, 0x00A1, 0x39C3, 
    0x9365, 0x5140, 0x0000, 0x0080, 0x0080, 0x0020, 0x7B05, 0x1060, 0xC4C8, 0xB447, 0x0000, 0x0080, 
    0x00E0, 0x0000, 0x8B25, 0xDD28, 0x0840, 0x8BA7, 0x18A1, 0x0080, 0x00C0, 0x00E0, 0x00E1, 0x0101, 
    0x0121, 0x0121, 0x0121, 0x0121, 0x0121, 0x0121, 0x0121, 0x0141, 0x0141, 0x0141, 0x0141, 0x0141, 
    0x0141, 0x0141, 0x0141, 0x0161, 0x0161, 0x0161, 0x0161, 0x0141, 0x0161, 0x0161, 0x0181, 0x0181, 
    0x01A2, 0x01A2, 0x01A1, 0x01A1, 0x01A1, 0x01A1, 0x0181, 0x01A1, 0x01A2, 0x01A1, 0x01A1, 0x0181, 
    0x0181, 0x0181, 0x0181, 0x0181, 0x0181, 0x0181, 0x0181, 0x0181, 0x0181, 0x01A1, 0x01A1, 0x01A2, 
    0x01A2, 0x0181, 0x01A1, 0x01A2, 0x01A2, 0x01A2, 0x01C2, 0x01C2, 0x01C2, 0x01E2, 0x01E2, 0x01C2, 
    0x01C2, 0x01E2, 0x01E2, 0x01C2, 0x01C2, 0x01C2, 0x01E2, 0x01E2, 0x01E2, 0x01C2, 0x01A2, 0x01A2, 
    0x01C2, 0x1262, 0x1283, 0x1AA3, 0x1263, 0x01A2, 0x01C2, 0x01C2, 0x01E2, 0x01E2, 0x01E2, 0x01E2, 
    0x01E2, 0x01E2, 0x01E2, 0x01C2, 0x01A2, 0x01C2, 0x01A2, 0x01A2, 0x1263, 0x12A3, 0x1AA3, 0x1AA3, 
    0x1AA3, 0x1263, 0x01E2, 0x01C2, 0x0A43, 0x12A3, 0x12A3, 0x1AC3, 0x1B04, 0x12E4, 0x0222, 0x01E2, 
    0x0202, 0x0202, 0x0202, 0x01E2, 0x01C2, 0x01A2, 0x01C2, 0x01C2, 0x01E2, 0x01E2, 0x01C2, 0x01E2, 
    0x1AA3, 0x0A22, 0x01E2, 0x01C2, 0x01E2, 0x01E2, 0x0202, 0x0202, 0x0202, 0x01E2, 0x01E2, 0x01C2, 
    0x01E2, 0x01E2, 0x0202, 0x0202, 0x0202, 0x0202, 0x0202, 0x12A3, 0x12A3, 0x1283, 0x1283, 0x1283, 
    0x1AA3, 0x1AC3, 0x12A3, 0x0202, 0x0202, 0x0202, 0x0202, 0x01E2, 0x0202, 0x01E2, 0x01C2, 0x01E2, 
    0x0202, 0x0202, 0x0202, 0x01E2, 0x01E2, 0x01E2, 0x01E2, 0x01C2, 0x01C2, 0x01C2, 0x01C2, 0x01E2, 
    0x0202, 0x01E2, 0x01C2, 0x01C2, 0x01C2, 0x01A2, 0x01C2, 0x01C1, 0x01E2, 0x01C2, 0x01C2, 0x01C2, 
    0x01C2, 0x01C1, 0x01A1, 0x01C2, 0x01C2, 0x01A1, 0x01C2, 0x01C1, 0x01C2, 0x01A1, 0x01A1, 0x01A1, 
    0x01A1, 0x01A1, 0x01A2, 0x01A1, 0x0181, 0x0181, 0x01A2, 0x01A1, 0x0181, 0x0181, 0x0181, 0x0161, 
    0x0161, 0x0161, 0x0181, 0x0161, 0x0161, 0x0161, 0x0161, 0x0161, 0x0161, 0x0141, 0x0141, 0x0141, 
    0x0121, 0x0121, 0x0101, 0x00E1, 0x00E1, 0x0020, 0x6A84, 0xFE8B, 0x49E3, 0x4A03, 0x5A64, 0x0020, 
    0x00C0, 0x00A0, 0x0020, 0x6A62, 0xBC88, 0x31E4, 0x00C1, 0x0121, 0x0141, 0x0141, 0x0141, 0x0141, 
    0x0141, 0x0161, 0x0161, 0x0161, 0x0161, 0x0181, 0x0181, 0x0181, 0x01A2, 0x01A2, 0x0181, 0x0182, 
    0x0181, 0x0181, 0x0181, 0x01A2, 0x01A2, 0x01A2, 0x01A2, 0x01A2, 0x01A2, 0x01A2, 0x01A2, 0x01A2, 
    0x0181, 0x0182, 0x0181, 0x0181, 0x0181, 0x0181, 0x0161, 0x0161, 0x0161, 0x0161, 0x0181, 0x0161, 
    0x0161, 0x0161, 0x0141, 0x0141, 0x0141, 0x0141, 0x0121, 0x0121, 0x0101, 0x0101, 0x0101, 0x0101, 
    0x0101, 0x0101, 0x0101, 0x00E1, 0x00E1, 0x00E1, 0x0081, 0x39A3, 0x9324, 0x5120, 0x0000, 0x0080, 
    0x0080, 0x0020, 0x7B05, 0x1060, 0xC4C7, 0xAC26, 0x0000, 0x0080, 0x00C0, 0x0000, 0x8325, 0xD4E7, 
    0x0840, 0x8B87, 0x18A1, 0x0080, 0x00C0, 0x00E0, 0x00E0, 0x0101, 0x0121, 0x0121, 0x0121, 0x0121, 
    0x0121, 0x0121, 0x0121, 0x0141, 0x0141, 0x0141, 0x0141, 0x0141, 0x0141, 0x0161, 0x0161, 0x0141, 
    0x0161, 0x0161, 0x0161, 0x0161, 0x0161, 0x0161, 0x0181, 0x0181, 0x01A1, 0x01A1, 0x01A2, 0x01A2, 
    0x01A1, 0x01A1, 0x0181, 0x0181, 0x0181, 0x0181, 0x0181, 0x0181, 0x0181, 0x0181, 0x0181, 0x0181, 
    0x0181, 0x0181, 0x0181, 0x01A1, 0x0181, 0x0181, 0x0181, 0x01A1, 0x01A2, 0x01A2, 0x01A1, 0x01A2, 
    0x01A2, 0x01A2, 0x01C2, 0x01C2, 0x01E2, 0x01E2, 0x01C2, 0x01C2, 0x01C2, 0x01A2, 0x01A2, 0x01C2, 
    0x01E2, 0x01E2, 0x01E2, 0x01C2, 0x01C2, 0x01A1, 0x01A2, 0x01C2, 0x1263, 0x1283, 0x1283, 0x1283, 
    0x1AA3, 0x1283, 0x01E2, 0x01E2, 0x01E2, 0x01E2, 0x01E2, 0x01E2, 0x01E2, 0x01E2, 0x01E2, 0x01E2, 
    0x01C2, 0x01C2, 0x01C2, 0x1283, 0x1AC3, 0x1283, 0x1283, 0x1283, 0x1283, 0x1AA3, 0x0A22, 0x0202, 
    0x1AC3, 0x12A3, 0x12A3, 0x12A3, 0x12C3, 0x1AE3, 0x1AE3, 0x0202, 0x0202, 0x01E2, 0x01E2, 0x01E2, 
    0x01E2, 0x01C2, 0x01E2, 0x01E2, 0x0202, 0x01E2, 0x01E2, 0x1262, 0x1AA3, 0x1283, 0x01E2, 0x01C2, 
    0x01E2, 0x01E2, 0x0202, 0x0202, 0x0202, 0x01E2, 0x01E2, 0x01E2, 0x01E2, 0x01E2, 0x01E2, 0x0202, 
    0x0202, 0x0222, 0x0243, 0x12C3, 0x12A3, 0x12A3, 0x1283, 0x1283, 0x1AA3, 0x1AA3, 0x1AC3, 0x0A43, 
    0x01E2, 0x0202, 0x0202, 0x01E2, 0x01E2, 0x01E2, 0x01C2, 0x01E2, 0x01E2, 0x01E2, 0x0202, 0x0202, 
    0x01E2, 0x01E2, 0x01E2, 0x01E2, 0x01E2, 0x01E2, 0x01C2, 0x01E2, 0x01E2, 0x01E2, 0x01E2, 0x01E2, 
    0x01C2, 0x01A1, 0x01C1, 0x01A1, 0x01C2, 0x01C2, 0x01C2, 0x01C2, 0x01A1, 0x01A1, 0x01A1, 0x01C2, 
    0x01C2, 0x01C2, 0x01C2, 0x01C2, 0x01C2, 0x01A1, 0x01A1, 0x01A2, 0x01C2, 0x01E2, 0x01C2, 0x01A1, 
    0x0181, 0x0181, 0x01A1, 0x01A2, 0x0181, 0x0181, 0x0161, 0x0161, 0x0161, 0x0161, 0x0161, 0x0161, 
    0x0161, 0x0161, 0x0161, 0x0141, 0x0141, 0x0141, 0x0141, 0x0141, 0x0121, 0x0121, 0x0101, 0x00E0, 
    0x00E0, 0x0000, 0x6A84, 0xFEAB, 0x49E3, 0x4A03, 0x5A43, 0x0020, 0x00C1, 0x00C1, 0x0040, 0x6242, 
    0xB448, 0x31C4, 0x00C1, 0x0121, 0x0121, 0x0141, 0x0141, 0x0141, 0x0161, 0x0161, 0x0161, 0x0161, 
    0x0161, 0x0161, 0x0181, 0x0181, 0x0182, 0x0182, 0x0182, 0x0181, 0x0181, 0x0181, 0x0181, 0x01A2, 
    0x01A2, 0x01A2, 0x01A2, 0x01C2, 0x01A2, 0x01A2, 0x01A2, 0x0181, 0x01A2, 0x01A1, 0x0181, 0x0181, 
    0x0181, 0x0161, 0x0161, 0x0161, 0x0161, 0x0161, 0x0161, 0x0161, 0x0161, 0x0161, 0x0161, 0x0141, 
    0x0141, 0x0141, 0x0121, 0x0121, 0x0101, 0x0101, 0x0101, 0x0101, 0x0101, 0x0101, 0x00E1, 0x00E1, 
    0x00E1, 0x00E1, 0x0060, 0x3983, 0x9324, 0x5140, 0x0000, 0x0080, 0x0080, 0x0020, 0x72C4, 0x1060, 
    0xBC87, 0xABE6, 0x0000, 0x0080, 0x00C0, 0x0000, 0x8325, 0xD4E7, 0x0860, 0x8366, 0x18A0, 0x0080, 
    0x00C0, 0x00E0, 0x00E0, 0x0101, 0x0101, 0x0121, 0x0121, 0x0101, 0x0101, 0x0121, 0x0121, 0x0121, 
    0x0141, 0x0121, 0x0121, 0x0141, 0x0141, 0x0161, 0x0161, 0x0161, 0x0161, 0x0161, 0x0161, 0x0161, 
    0x0161, 0x0181, 0x0181, 0x0181, 0x0181, 0x01A1, 0x01A2, 0x01A1, 0x0181, 0x01A1, 0x0181, 0x0181, 
    0x0181, 0x0181, 0x0181, 0x0181, 0x0181, 0x0181, 0x0181, 0x0181, 0x0181, 0x0181, 0x01A1, 0x01A1, 
    0x01A1, 0x01A2, 0x01A2, 0x01A1, 0x01A1, 0x01A1, 0x01A1, 0x01A1, 0x01A1, 0x01A1, 0x0181, 0x01A1, 
    0x01C2, 0x01C2, 0x01C2, 0x01C2, 0x01C2, 0x01A1, 0x01A2, 0x01C2, 0x01C2, 0x01E2, 0x01E2, 0x01C2, 
    0x01A2, 0x0181, 0x01C2, 0x1283, 0x12A3, 0x1283, 0x1282, 0x1282, 0x1283, 0x1AC3, 0x12A3, 0x0202, 
    0x01C2, 0x01E2, 0x01E2, 0x01E2, 0x01E2, 0x01C2, 0x01E2, 0x01C2, 0x01E2, 0x01C2, 0x0A23, 0x1AE3, 
    0x12C3, 0x12A3, 0x12A3, 0x1283, 0x1283, 0x1A83, 0x1283, 0x1283, 0x12A3, 0x12A3, 0x12A3, 0x12A3, 
    0x1AA3, 0x1AC3, 0x1AE3, 0x0A63, 0x01C2, 0x01E2, 0x01E2, 0x01E2, 0x0202, 0x01E2, 0x01E2, 0x01E2, 
    0x0202, 0x01E2, 0x0A42, 0x1AA3, 0x1283, 0x1283, 0x0A22, 0x01A1, 0x01C2, 0x01E2, 0x01E2, 0x0202, 
    0x0202, 0x0202, 0x0202, 0x0202, 0x01E2, 0x0202, 0x0202, 0x01E2, 0x0202, 0x0202, 0x0A63, 0x12A3, 
    0x1283, 0x1283, 0x1283, 0x1283, 0x1283, 0x12A3, 0x1AA3, 0x0A43, 0x01E2, 0x0202, 0x0202, 0x01E2, 
    0x01E2, 0x0202, 0x01E2, 0x0202, 0x01E2, 0x01E2, 0x01E2, 0x0202, 0x01E2, 0x01E2, 0x0202, 0x0202, 
    0x0202, 0x0202, 0x01E2, 0x01C2, 0x01C2, 0x01E2, 0x01E2, 0x01E2, 0x01E2, 0x01C2, 0x01C2, 0x01C2, 
    0x01C2, 0x01C2, 0x01C2, 0x01A1, 0x01A2, 0x01A1, 0x01A1, 0x01A1, 0x01C1, 0x01C2, 0x01A2, 0x01A2, 
    0x01A2, 0x01A2, 0x01A2, 0x01A1, 0x01C2, 0x01C2, 0x01C2, 0x01A1, 0x0181, 0x01A1, 0x01A1, 0x0181, 
    0x0181, 0x0181, 0x0161, 0x0161, 0x0161, 0x0161, 0x0161, 0x0161, 0x0161, 0x0161, 0x0161, 0x0141, 
    0x0141, 0x0141, 0x0121, 0x0121, 0x0121, 0x0121, 0x0101, 0x00E0, 0x00C0, 0x0000, 0x6A84, 0xFEAB, 
    0x4A03, 0x41A1, 0x51E2, 0x0020, 0x00C0, 0x00E1, 0x0060, 0x6242, 0xB427, 0x31C4, 0x00C1, 0x0121, 
    0x0121, 0x0121, 0x0141, 0x0141, 0x0141, 0x0161, 0x0141, 0x0161, 0x0161, 0x0161, 0x0181, 0x0181, 
    0x0181, 0x0181, 0x0181, 0x0182, 0x0181, 0x0181, 0x0181, 0x0181, 0x0182, 0x01A2, 0x01A2, 0x01A2, 
    0x01A2, 0x01A1, 0x01A1, 0x01A2, 0x01A1, 0x0181, 0x0181, 0x0181, 0x0181, 0x0161, 0x0161, 0x0181, 
    0x0161, 0x0161, 0x0161, 0x0141, 0x0141, 0x0141, 0x0141, 0x0141, 0x0141, 0x0121, 0x0121, 0x0121, 
    0x0121, 0x0101, 0x0101, 0x0101, 0x0101, 0x00E1, 0x00E1, 0x00E1, 0x00C1, 0x00E1, 0x0060, 0x3983, 
    0x9B85, 0x6180, 0x0000, 0x0080, 0x0080, 0x0020, 0x7282, 0x1060, 0xBC45, 0xA3A4, 0x0000, 0x0080, 
    0x00C0, 0x0000, 0x8304, 0xD4E7, 0x0860, 0x8346, 0x18A0, 0x0080, 0x00C0, 0x00E0, 0x00E0, 0x0100, 
    0x0100, 0x0101, 0x0101, 0x0101, 0x0101, 0x0121, 0x0121, 0x0121, 0x0121, 0x0121, 0x0121, 0x0141, 
    0x0141, 0x0161, 0x0161, 0x0161, 0x0161, 0x0161, 0x0161, 0x0181, 0x0181, 0x0181, 0x0161, 0x0181, 
    0x0181, 0x01A1, 0x01A2, 0x01A2, 0x0181, 0x0181, 0x0181, 0x0181, 0x0181, 0x0181, 0x0181, 0x01A2, 
    0x01A1, 0x0181, 0x0181, 0x01A1, 0x01A2, 0x0181, 0x01A1, 0x0181, 0x01A1, 0x01A1, 0x01C2, 0x01A2, 
    0x01A2, 0x01A1, 0x01A2, 0x01A1, 0x01A1, 0x01A1, 0x01A1, 0x01A1, 0x01A1, 0x0181, 0x01A1, 0x01C2, 
    0x01C2, 0x01C2, 0x01C2, 0x01C2, 0x01C2, 0x01C2, 0x01C2, 0x01A2, 0x0181, 0x01C2, 0x1283, 0x12A3, 
    0x1283, 0x1283, 0x1282, 0x1282, 0x12A3, 0x12A3, 0x1AE3, 0x12A3, 0x01E2, 0x01C2, 0x01E2, 0x01E2, 
    0x01E2, 0x01E2, 0x01E2, 0x01E2, 0x01E2, 0x01E2, 0x0A63, 0x1AE3, 0x12C3, 0x1AC3, 0x1AA3, 0x1AA3, 
    0x1283, 0x1283, 0x1283, 0x12A3, 0x12A3, 0x12A3, 0x12A3, 0x12A3, 0x12A3, 0x12A3, 0x1AC3, 0x12A3, 
    0x01C2, 0x01C2, 0x01C2, 0x01E2, 0x0202, 0x0202, 0x01E2, 0x01E2, 0x01E2, 0x01E2, 0x1283, 0x1283, 
    0x1263, 0x1263, 0x1283, 0x0202, 0x01E2, 0x01E2, 0x01E2, 0x0202, 0x0222, 0x0222, 0x0222, 0x0222, 
    0x0202, 0x0202, 0x0202, 0x01E2, 0x01E2, 0x01E2, 0x0A43, 0x1283, 0x1283, 0x1283, 0x1262, 0x1282, 
    0x1283, 0x1283, 0x1283, 0x0A22, 0x01C2, 0x01E2, 0x01E2, 0x01E2, 0x01E2, 0x0202, 0x0202, 0x0202, 
    0x01E2, 0x01E2, 0x01E2, 0x01E2, 0x01E2, 0x01E2, 0x01E2, 0x01E2, 0x0202, 0x01E2, 0x01C2, 0x01C2, 
    0x01E2, 0x01C2, 0x01C2, 0x01E2, 0x01C2, 0x01C2, 0x01C2, 0x01C2, 0x01C2, 0x01C1, 0x01A1, 0x01A1, 
    0x01A1, 0x01A2, 0x01A1, 0x01A1, 0x01C2, 0x01C2, 0x01A1, 0x01A1, 0x01A2, 0x01A2, 0x01C2, 0x01C2, 
    0x01A1, 0x01A1, 0x01A1, 0x01A1, 0x01A2, 0x01A1, 0x0181, 0x0181, 0x0181, 0x0181, 0x0181, 0x0161, 
    0x0161, 0x0181, 0x0161, 0x0181, 0x0161, 0x0161, 0x0141, 0x0141, 0x0141, 0x0141, 0x0121, 0x0121, 
    0x0121, 0x0121, 0x0101, 0x00E1, 0x00C0, 0x0000, 0x6A84, 0xFE8A, 0x4A03, 0x4161, 0x49C1, 0x0020, 
    0x00C0, 0x00C1, 0x0060, 0x6242, 0xB427, 0x31C4, 0x00C1, 0x0101, 0x0121, 0x0121, 0x0141, 0x0141, 
    0x0141, 0x0141, 0x0161, 0x0161, 0x0161, 0x0161, 0x0161, 0x0181, 0x0181, 0x0181, 0x0181, 0x0181, 
    0x0181, 0x0181, 0x0181, 0x0161, 0x0181, 0x0181, 0x0182, 0x01A1, 0x01A2, 0x01A2, 0x0181, 0x0181, 
    0x0181, 0x0181, 0x0181, 0x0161, 0x0161, 0x0161, 0x0161, 0x0161, 0x0161, 0x0161, 0x0141, 0x0141, 
    0x0141, 0x0141, 0x0141, 0x0141, 0x0121, 0x0121, 0x0121, 0x0121, 0x0121, 0x0101, 0x0101, 0x0101, 
    0x00E1, 0x00E1, 0x00E1, 0x00E1, 0x00C1, 0x00C1, 0x0040, 0x41C4, 0xA3E6, 0x61C0, 0x0000, 0x0080, 
    0x0060, 0x0000, 0x7242, 0x1060, 0xB425, 0xA3C5, 0x0000, 0x0080, 0x00C0, 0x0000, 0x8304, 0xD4C6, 
    0x0860, 0x8B66, 0x1880, 0x0080, 0x00C0, 0x00E0, 0x00E0, 0x00E0, 0x0100, 0x0101, 0x0101, 0x0101, 
    0x0121, 0x0121, 0x0121, 0x0121, 0x0121, 0x0121, 0x0121, 0x0141, 0x0141, 0x0161, 0x0161, 0x0141, 
    0x0161, 0x0161, 0x0161, 0x0161, 0x0181, 0x0161, 0x0161, 0x0181, 0x0181, 0x01A2, 0x01A2, 0x01A2, 
    0x01A1, 0x0181, 0x0181, 0x0181, 0x0181, 0x0181, 0x0181, 0x01A2, 0x01C2, 0x01A1, 0x0181, 0x01A2, 
    0x01A1, 0x0181, 0x0181, 0x01A1, 0x01A2, 0x01A2, 0x01A2, 0x01A2, 0x01A1, 0x01A1, 0x01A1, 0x01A2, 
    0x01A2, 0x01A2, 0x01A1, 0x01A1, 0x0181, 0x0181, 0x0181, 0x01A1, 0x01C2, 0x01E2, 0x01C2, 0x01C2, 
    0x01A2, 0x01C2, 0x01A2, 0x0182, 0x09E2, 0x1283, 0x1283, 0x1283, 0x1283, 0x1282, 0x1282, 0x1282, 
    0x1283, 0x1283, 0x12A3, 0x1AA3, 0x12A3, 0x0222, 0x01E2, 0x01E2, 0x01E2, 0x01E2, 0x01E2, 0x0202, 
    0x01E2, 0x01E2, 0x0A63, 0x1AC3, 0x12A3, 0x12A3, 0x12C3, 0x12A3, 0x12A3, 0x1283, 0x1283, 0x1283, 
    0x12A3, 0x12A3, 0x12A3, 0x12A3, 0x1283, 0x1AA3, 0x1AC3, 0x12A3, 0x01C2, 0x01C2, 0x01C2, 0x0202, 
    0x0202, 0x0202, 0x01E2, 0x01C2, 0x01E2, 0x1263, 0x1283, 0x1283, 0x1262, 0x1283, 0x12A3, 0x1AC3, 
    0x0222, 0x01E2, 0x01E2, 0x01E2, 0x0202, 0x0202, 0x0222, 0x0222, 0x0202, 0x0202, 0x0202, 0x0202, 
    0x01E2, 0x01E2, 0x0222, 0x12A3, 0x12A3, 0x12A3, 0x1283, 0x1283, 0x1263, 0x1283, 0x1AA3, 0x0A42, 
    0x01C1, 0x01C2, 0x01C2, 0x01E2, 0x0202, 0x01E2, 0x01E2, 0x01E2, 0x0202, 0x01E2, 0x01E2, 0x01C2, 
    0x01C2, 0x01E2, 0x0202, 0x0202, 0x01E2, 0x01E2, 0x01E2, 0x01E2, 0x01C2, 0x01C2, 0x01C2, 0x01E2, 
    0x01E2, 0x01E2, 0x01C2, 0x01C2, 0x01C2, 0x01C2, 0x01C2, 0x01A2, 0x01C2, 0x01C2, 0x01C1, 0x01C2, 
    0x01C2, 0x01C2, 0x01C2, 0x01A1, 0x01A1, 0x01A1, 0x01A2, 0x01C2, 0x01A1, 0x01A1, 0x01A1, 0x01A2, 
    0x01A2, 0x0181, 0x0181, 0x0181, 0x0181, 0x0181, 0x0181, 0x0161, 0x0161, 0x0161, 0x0161, 0x0161, 
    0x0161, 0x0161, 0x0161, 0x0141, 0x0141, 0x0141, 0x0141, 0x0121, 0x0121, 0x0121, 0x0101, 0x00E1, 
    0x00C0, 0x0000, 0x6A63, 0xFE29, 0x49E2, 0x4181, 0x49C2, 0x0020, 0x00A0, 0x00C1, 0x0040, 0x6262, 
    0xB427, 0x39C4, 0x00C1, 0x0101, 0x0101, 0x0121, 0x0141, 0x0141, 0x0141, 0x0141, 0x0161, 0x0161, 
    0x0161, 0x0161, 0x0161, 0x0161, 0x0181, 0x0182, 0x0181, 0x0181, 0x0181, 0x0181, 0x0181, 0x0181, 
    0x0161, 0x0161, 0x0181, 0x0181, 0x0181, 0x0181, 0x0181, 0x0181, 0x0181, 0x0161, 0x0161, 0x0161, 
    0x0161, 0x0161, 0x0161, 0x0141, 0x0141, 0x0161, 0x0141, 0x0121, 0x0121, 0x0121, 0x0121, 0x0141, 
    0x0141, 0x0141, 0x0121, 0x0121, 0x0121, 0x0101, 0x0101, 0x00E1, 0x00E1, 0x00E1, 0x00E1, 0x00C1, 
    0x00C1, 0x00C1, 0x0040, 0x41E4, 0xA406, 0x61C0, 0x0000, 0x0080, 0x0060, 0x0000, 0x7262, 0x0840, 
    0xC4C7, 0xB447, 0x0000, 0x0080, 0x00A0, 0x0000, 0x7AC3, 0xCC85, 0x0860, 0x8305, 0x1880, 0x0060, 
    0x00C0, 0x00C0, 0x00E0, 0x00E0, 0x0100, 0x0100, 0x0100, 0x0100, 0x0121, 0x0121, 0x0121, 0x0121, 
    0x0121, 0x0141, 0x0141, 0x0141, 0x0141, 0x0161, 0x0161, 0x0141, 0x0141, 0x0161, 0x0161, 0x0161, 
    0x0161, 0x0161, 0x0161, 0x0181, 0x01A1, 0x01A2, 0x01A1, 0x01A1, 0x0181, 0x0181, 0x0181, 0x0181, 
    0x0181, 0x0181, 0x01A1, 0x01A1, 0x01A1, 0x0181, 0x0181, 0x0181, 0x0181, 0x01A1, 0x0181, 0x0181, 
    0x01A1, 0x01A2, 0x01C2, 0x01A2, 0x01A2, 0x01A2, 0x01A1, 0x01A1, 0x01A1, 0x01A1, 0x01A1, 0x01A1, 
    0x0181, 0x0181, 0x01A1, 0x01A2, 0x01C2, 0x01C2, 0x01C2, 0x01C2, 0x01C2, 0x01C2, 0x01A2, 0x0202, 
    0x1283, 0x1283, 0x1263, 0x1263, 0x1262, 0x1262, 0x1282, 0x1262, 0x1282, 0x1283, 0x1283, 0x1283, 
    0x12A3, 0x12C3, 0x0202, 0x01E2, 0x01E2, 0x01E2, 0x0202, 0x01E2, 0x01E2, 0x01E2, 0x0A43, 0x1AC3, 
    0x12A3, 0x12A3, 0x12C3, 0x12C3, 0x12C3, 0x12A3, 0x1283, 0x1283, 0x1283, 0x12A3, 0x12A3, 0x1283, 
    0x1283, 0x1283, 0x1AC3, 0x1283, 0x01E2, 0x01E2, 0x01E2, 0x01E2, 0x0202, 0x0202, 0x01E2, 0x01C2, 
    0x0A62, 0x1AA3, 0x1283, 0x1283, 0x1283, 0x12A3, 0x12C3, 0x1AE3, 0x12A3, 0x01C1, 0x01C2, 0x01E2, 
    0x01E2, 0x01E2, 0x0202, 0x0222, 0x0222, 0x0202, 0x01E2, 0x01C2, 0x01C2, 0x0202, 0x0202, 0x1283, 
    0x1AC3, 0x12C3, 0x12A3, 0x1283, 0x1283, 0x1283, 0x0A63, 0x0202, 0x0202, 0x01E2, 0x01C2, 0x01E2, 
    0x0202, 0x0202, 0x01E2, 0x01E2, 0x01C2, 0x01E2, 0x01E2, 0x01C2, 0x01C2, 0x01C2, 0x01E2, 0x01E2, 
    0x01C2, 0x01C2, 0x01C2, 0x01E2, 0x01E2, 0x01C2, 0x01E2, 0x01E2, 0x01E2, 0x01E2, 0x01C2, 0x01A1, 
    0x01C2, 0x01C2, 0x01C2, 0x01C2, 0x01E2, 0x01C2, 0x01C2, 0x01C2, 0x01C2, 0x01C2, 0x01C2, 0x01C2, 
    0x01C2, 0x01A1, 0x01A1, 0x01A1, 0x01A2, 0x01A1, 0x01A1, 0x01A1, 0x0181, 0x0181, 0x01A1, 0x0181, 
    0x0181, 0x0181, 0x0181, 0x0181, 0x0161, 0x0161, 0x0161, 0x0161, 0x0161, 0x0181, 0x0161, 0x0141, 
    0x0141, 0x0141, 0x0141, 0x0121, 0x0121, 0x0101, 0x0100, 0x00E0, 0x00C0, 0x0000, 0x6223, 0xFDE8, 
    0x49C2, 0x49C2, 0x51E2, 0x0020, 0x00A0, 0x00C0, 0x0060, 0x6A82, 0xB406, 0x31A4, 0x00C1, 0x0101, 
    0x0101, 0x0121, 0x0121, 0x0121, 0x0141, 0x0141, 0x0141, 0x0141, 0x0141, 0x0141, 0x0161, 0x0161, 
    0x0161, 0x0161, 0x0181, 0x0181, 0x0181, 0x0161, 0x0161, 0x0161, 0x0161, 0x0161, 0x0161, 0x0161, 
    0x0161, 0x0161, 0x0161, 0x0161, 0x0161, 0x0161, 0x0161, 0x0161, 0x0161, 0x0141, 0x0141, 0x0141, 
    0x0141, 0x0141, 0x0141, 0x0121, 0x0121, 0x0121, 0x0121, 0x0141, 0x0141, 0x0141, 0x0121, 0x0121, 
    0x0121, 0x0101, 0x0101, 0x00E1, 0x00E1, 0x00E1, 0x00C1, 0x00C1, 0x00C1, 0x00C1, 0x0060, 0x41C4, 
    0xA3C6, 0x61A0, 0x0000, 0x0080, 0x0060, 0x0000, 0x72A4, 0x0840, 0xC4C8, 0xBC87, 0x0000, 0x0080, 
    0x00A0, 0x0000, 0x7A82, 0xC424, 0x0860, 0x82E4, 0x1880, 0x0060, 0x00C0, 0x00C0, 0x00E0, 0x00E0, 
    0x0100, 0x0100, 0x0101, 0x0100, 0x0100, 0x0121, 0x0101, 0x0101, 0x0121, 0x0121, 0x0121, 0x0141, 
    0x0141, 0x0141, 0x0141, 0x0141, 0x0161, 0x0161, 0x0161, 0x0161, 0x0161, 0x0161, 0x0181, 0x0181, 
    0x0181, 0x0181, 0x0181, 0x0181, 0x0181, 0x0181, 0x0181, 0x0181, 0x0181, 0x0161, 0x0181, 0x0181, 
    0x0181, 0x0161, 0x0161, 0x0161, 0x0161, 0x01A1, 0x01A2, 0x01A1, 0x01A1, 0x01A1, 0x01A1, 0x0181, 
    0x01A2, 0x01A2, 0x01A2, 0x01A1, 0x01A1, 0x01A1, 0x01A1, 0x01C2, 0x01A2, 0x01A2, 0x01C2, 0x01C2, 
    0x01C2, 0x01C2, 0x01C2, 0x01C2, 0x01C2, 0x01C2, 0x01C2, 0x1283, 0x1283, 0x1283, 0x1283, 0x1262, 
    0x1262, 0x1262, 0x1262, 0x1262, 0x1262, 0x1263, 0x1283, 0x12A3, 0x12A3, 0x12A3, 0x1283, 0x01E2, 
    0x01C2, 0x01E2, 0x0202, 0x01E2, 0x01E2, 0x01E2, 0x0202, 0x1AC3, 0x1AC3, 0x12A3, 0x1283, 0x12A3, 
    0x12C3, 0x12A3, 0x12A3, 0x12A3, 0x12A3, 0x12A3, 0x12A3, 0x1283, 0x12A3, 0x1283, 0x12A3, 0x0A63, 
    0x01E2, 0x01E2, 0x01C2, 0x01C2, 0x01E2, 0x0202, 0x01E2, 0x0A42, 0x12A3, 0x1283, 0x1283, 0x1283, 
    0x1283, 0x12A3, 0x12C3, 0x1AA3, 0x1AC3, 0x0A22, 0x01A2, 0x01C2, 0x01E2, 0x0202, 0x0202, 0x0202, 
    0x0222, 0x0202, 0x01C2, 0x0A22, 0x1283, 0x12A3, 0x1283, 0x1283, 0x12A3, 0x12A3, 0x12A3, 0x12A3, 
    0x1283, 0x1263, 0x0A22, 0x1262, 0x12A3, 0x12A3, 0x0A43, 0x01E2, 0x01C2, 0x01C2, 0x01C2, 0x01E2, 
    0x01E2, 0x01E2, 0x01E2, 0x0202, 0x0202, 0x01E2, 0x01E2, 0x01C2, 0x01C2, 0x01C2, 0x01C2, 0x01C2, 
    0x01C2, 0x01E2, 0x01E2, 0x01C2, 0x01E2, 0x01C2, 0x01C2, 0x01C2, 0x01C2, 0x01C2, 0x01C2, 0x01C2, 
    0x01C2, 0x01C2, 0x01C2, 0x01C2, 0x01C2, 0x01C2, 0x01C2, 0x01C2, 0x01C2, 0x01C2, 0x01A1, 0x01A1, 
    0x0181, 0x01A1, 0x01A1, 0x0181, 0x0181, 0x0181, 0x0181, 0x01A1, 0x01A1, 0x0181, 0x0181, 0x0161, 
    0x0141, 0x0161, 0x0161, 0x0161, 0x0161, 0x0161, 0x0161, 0x0141, 0x0141, 0x0141, 0x0141, 0x0121, 
    0x0121, 0x0121, 0x0101, 0x00E1, 0x00C0, 0x0000, 0x6223, 0xFDE8, 0x49C2, 0x49C2, 0x5202, 0x0020, 
    0x00C0, 0x00C0, 0x0060, 0x6242, 0xA3A5, 0x3163, 0x00A0, 0x0141, 0x0121, 0x0121, 0x0121, 0x0121, 
    0x0121, 0x0141, 0x0141, 0x0141, 0x0141, 0x0141, 0x0141, 0x0161, 0x0161, 0x0161, 0x0161, 0x0181, 
    0x0161, 0x0161, 0x0141, 0x0161, 0x0161, 0x0181, 0x0161, 0x0161, 0x0161, 0x0161, 0x0161, 0x0161, 
    0x0161, 0x0161, 0x0161, 0x0161, 0x0141, 0x0141, 0x0141, 0x0141, 0x0141, 0x0141, 0x0141, 0x0121, 
    0x0121, 0x0121, 0x0121, 0x0121, 0x0121, 0x0121, 0x0121, 0x0121, 0x0121, 0x0101, 0x00E1, 0x00E1, 
    0x00E1, 0x00E1, 0x00C1, 0x00C1, 0x00C1, 0x00E1, 0x0060, 0x4A03, 0x9B85, 0x5980, 0x0000, 0x0060, 
    0x0080, 0x0020, 0x7305, 0x1060, 0xBC87, 0xB446, 0x0000, 0x0080, 0x0080, 0x0000, 0x7AA2, 0xC424, 
    0x0860, 0x82E4, 0x1880, 0x0060, 0x00C0, 0x00E0, 0x00E0, 0x00E0, 0x00E0, 0x0100, 0x0101, 0x0101, 
    0x0101, 0x0101, 0x0101, 0x0101, 0x0101, 0x0100, 0x0121, 0x0141, 0x0141, 0x0141, 0x0141, 0x0161, 
    0x0141, 0x0161, 0x0141, 0x0161, 0x0161, 0x0161, 0x0181, 0x0181, 0x0181, 0x0181, 0x0181, 0x0181, 
    0x0181, 0x0181, 0x01A1, 0x0181, 0x0181, 0x0161, 0x0161, 0x0161, 0x0161, 0x0161, 0x0141, 0x0161, 
    0x0161, 0x0181, 0x01A1, 0x0181, 0x01A1, 0x01A2, 0x01A1, 0x0181, 0x0181, 0x01A2, 0x01A2, 0x01C2, 
    0x01C2, 0x01C2, 0x01C2, 0x01C2, 0x01A2, 0x01C2, 0x01C2, 0x01C2, 0x01C2, 0x01C2, 0x01A2, 0x01C2, 
    0x01C2, 0x01A2, 0x0A42, 0x1283, 0x1262, 0x1283, 0x1283, 0x1283, 0x1283, 0x1262, 0x0A42, 0x1242, 
    0x1242, 0x1262, 0x1283, 0x12A3, 0x12A3, 0x12A3, 0x12A3, 0x0A42, 0x01C2, 0x01E2, 0x01E2, 0x01E2, 
    0x01E2, 0x01E2, 0x01E2, 0x12A3, 0x1AC3, 0x12A3, 0x12A3, 0x12A3, 0x12A3, 0x12A3, 0x12A3, 0x12A3, 
    0x1283, 0x1283, 0x12A3, 0x1283, 0x12A3, 0x12A3, 0x12A3, 0x0222, 0x0202, 0x01E2, 0x01E2, 0x01C2, 
    0x01E2, 0x0202, 0x0A63, 0x1AC3, 0x1AA3, 0x1283, 0x1283, 0x1283, 0x1283, 0x1283, 0x12A3, 0x1AC3, 
    0x1AA3, 0x1AA3, 0x0A43, 0x01E2, 0x0202, 0x0202, 0x0202, 0x0202, 0x01E2, 0x0202, 0x0A63, 0x12A3, 
    0x12A3, 0x12A3, 0x12A3, 0x12A3, 0x1283, 0x12A3, 0x1283, 0x1283, 0x1283, 0x1263, 0x1283, 0x1283, 
    0x12A3, 0x1AC3, 0x1AE4, 0x0A43, 0x01A2, 0x01A2, 0x01C1, 0x01E2, 0x0202, 0x0202, 0x01E2, 0x01E2, 
    0x0202, 0x01E2, 0x01C2, 0x01C2, 0x01C2, 0x01E2, 0x01E2, 0x01C2, 0x01C2, 0x01E2, 0x01C2, 0x01C2, 
    0x01E2, 0x01C2, 0x01C2, 0x01A2, 0x01A1, 0x01C2, 0x01A1, 0x01A2, 0x01C2, 0x01C2, 0x01C2, 0x01C2, 
    0x01C2, 0x01C2, 0x01C2, 0x01C2, 0x01C2, 0x01C2, 0x01C2, 0x01A2, 0x0181, 0x0181, 0x0181, 0x01A2, 
    0x01A1, 0x0181, 0x0181, 0x0181, 0x01A1, 0x01A1, 0x0181, 0x0161, 0x0161, 0x0161, 0x0181, 0x0161, 
    0x0161, 0x0161, 0x0141, 0x0141, 0x0141, 0x0141, 0x0141, 0x0121, 0x0121, 0x0121, 0x0101, 0x00E1, 
    0x00E0, 0x0000, 0x6263, 0xFE09, 0x49C2, 0x4A03, 0x5243, 0x0020, 0x00C0, 0x00C0, 0x0020, 0x59C1, 
    0x82C3, 0x7B06, 0x39E4, 0x00C1, 0x0141, 0x0121, 0x0101, 0x0121, 0x0121, 0x0121, 0x0121, 0x0141, 
    0x0141, 0x0141, 0x0141, 0x0141, 0x0161, 0x0161, 0x0161, 0x0161, 0x0161, 0x0161, 0x0161, 0x0161, 
    0x0161, 0x0161, 0x0161, 0x0161, 0x0161, 0x0161, 0x0161, 0x0161, 0x0161, 0x0141, 0x0161, 0x0141, 
    0x0141, 0x0141, 0x0141, 0x0141, 0x0141, 0x0141, 0x0141, 0x0121, 0x0121, 0x0121, 0x0121, 0x0121, 
    0x0121, 0x0121, 0x0121, 0x0121, 0x0101, 0x0101, 0x00E1, 0x00E1, 0x00C1, 0x00C1, 0x00C1, 0x00C1, 
    0x00E1, 0x0060, 0x2942, 0x8B44, 0x7AA3, 0x59A0, 0x0020, 0x0060, 0x0080, 0x0020, 0x7B46, 0x1081, 
    0xB467, 0xAC26, 0x0000, 0x0080, 0x00A0, 0x0000, 0x82E3, 0xC444, 0x0860, 0x8324, 0x18A0, 0x0080, 
    0x00C0, 0x00E0, 0x00E0, 0x00E0, 0x00E0, 0x00E0, 0x0100, 0x0101, 0x0121, 0x0121, 0x0121, 0x0121, 
    0x0100, 0x0121, 0x0121, 0x0141, 0x0141, 0x0141, 0x0141, 0x0141, 0x0161, 0x0161, 0x0141, 0x0141, 
    0x0141, 0x0161, 0x0161, 0x0181, 0x0181, 0x0181, 0x0181, 0x0181, 0x0181, 0x0181, 0x0181, 0x0181, 
    0x0181, 0x0181, 0x0181, 0x0181, 0x0161, 0x0161, 0x0161, 0x0181, 0x0181, 0x0181, 0x0181, 0x0181, 
    0x0181, 0x01A2, 0x01A1, 0x0181, 0x0181, 0x01A1, 0x01A2, 0x01C2, 0x01C2, 0x01C2, 0x01C2, 0x01A2, 
    0x01A1, 0x01C2, 0x01A2, 0x01C2, 0x01E2, 0x01C2, 0x01C2, 0x01C2, 0x01A2, 0x01C2, 0x1283, 0x1283, 
    0x1283, 0x1283, 0x1283, 0x1283, 0x1283, 0x1283, 0x0A42, 0x0A42, 0x1242, 0x1263, 0x1283, 0x1283, 
    0x12A3, 0x12C3, 0x12A3, 0x1283, 0x01C2, 0x01C2, 0x01E2, 0x01C2, 0x01E2, 0x01E2, 0x01C2, 0x0A63, 
    0x1AE3, 0x12A3, 0x12A3, 0x1283, 0x12A3, 0x12A3, 0x12A3, 0x1283, 0x1283, 0x12A3, 0x12A3, 0x12A3, 
    0x12A3, 0x12A3, 0x0A83, 0x0202, 0x0202, 0x0202, 0x01E2, 0x01E2, 0x01E2, 0x1263, 0x1AC3, 0x1AA3, 
    0x1AC3, 0x12A3, 0x1283, 0x12A3, 0x12A3, 0x12A3, 0x12A3, 0x1AC3, 0x1AC3, 0x1AC3, 0x1AE4, 0x12A3, 
    0x0202, 0x0202, 0x0222, 0x0222, 0x01E2, 0x0242, 0x12E3, 0x12A3, 0x12A3, 0x12A3, 0x12A3, 0x12A3, 
    0x12A3, 0x1283, 0x1283, 0x1283, 0x1263, 0x1283, 0x1283, 0x1283, 0x12A3, 0x1AC3, 0x1AC4, 0x1AA3, 
    0x01C2, 0x01A2, 0x01C2, 0x01C2, 0x01E2, 0x01E2, 0x0202, 0x01E2, 0x01E2, 0x0202, 0x01E2, 0x01E2, 
    0x01E2, 0x01E2, 0x01E2, 0x01E2, 0x01C2, 0x01C2, 0x01C2, 0x01E2, 0x01C2, 0x01C2, 0x01A2, 0x01A1, 
    0x01A1, 0x01C2, 0x01A1, 0x01A1, 0x01C2, 0x01C2, 0x01C2, 0x01A1, 0x01C2, 0x01C2, 0x01C2, 0x01C2, 
    0x01C2, 0x01C2, 0x01A2, 0x01A2, 0x01A1, 0x01A1, 0x0181, 0x01A1, 0x0181, 0x0181, 0x0181, 0x0181, 
    0x01A1, 0x01A1, 0x0181, 0x0161, 0x0161, 0x0161, 0x0161, 0x0181, 0x0181, 0x0161, 0x0141, 0x0141, 
    0x0141, 0x0141, 0x0141, 0x0121, 0x0121, 0x0101, 0x0101, 0x00E0, 0x00E0, 0x0000, 0x6A84, 0xFE4A, 
    0x51E3, 0x4A03, 0x5243, 0x0020, 0x00A0, 0x0080, 0x0000, 0x59A1, 0x8AE2, 0x31E2, 0x94C9, 0x7B67, 
    0x0080, 0x0121, 0x0101, 0x0101, 0x0121, 0x0121, 0x0121, 0x0121, 0x0121, 0x0121, 0x0141, 0x0141, 
    0x0161, 0x0141, 0x0161, 0x0161, 0x0161, 0x0161, 0x0141, 0x0161, 0x0161, 0x0161, 0x0161, 0x0161, 
    0x0161, 0x0161, 0x0161, 0x0161, 0x0161, 0x0141, 0x0161, 0x0141, 0x0141, 0x0141, 0x0121, 0x0141, 
    0x0141, 0x0121, 0x0141, 0x0121, 0x0121, 0x0121, 0x0121, 0x0121, 0x0121, 0x0121, 0x0101, 0x0101, 
    0x0101, 0x00E1, 0x00E1, 0x00E1, 0x00C1, 0x00C1, 0x00C1, 0x00E1, 0x0040, 0x4A03, 0xBC87, 0x2181, 
    0x6222, 0x5180, 0x0020, 0x0080, 0x00A0, 0x0020, 0x7305, 0x1081, 0xB466, 0xB426, 0x0000, 0x0060, 
    0x00A0, 0x0000, 0x82E3, 0xC444, 0x0860, 0x8303, 0x1880, 0x0080, 0x00C0, 0x00E0, 0x00E0, 0x00E0, 
    0x00E1, 0x0100, 0x0101, 0x0100, 0x0101, 0x0121, 0x0101, 0x0100, 0x0100, 0x0121, 0x0141, 0x0141, 
    0x0141, 0x0141, 0x0161, 0x0141, 0x0161, 0x0161, 0x0141, 0x0141, 0x0161, 0x0161, 0x0161, 0x0161, 
    0x0161, 0x0181, 0x0181, 0x0181, 0x0181, 0x0181, 0x0181, 0x0181, 0x0181, 0x0181, 0x0181, 0x0181, 
    0x0161, 0x0161, 0x0181, 0x0181, 0x01A1, 0x01A1, 0x01A1, 0x0181, 0x0181, 0x0181, 0x0181, 0x01A1, 
    0x01A1, 0x01A1, 0x01A2, 0x01C2, 0x01C2, 0x01C2, 0x01C2, 0x01C2, 0x01A1, 0x01A2, 0x01C2, 0x01C2, 
    0x01C2, 0x01C2, 0x01A2, 0x01C2, 0x01A2, 0x0A02, 0x1AA3, 0x1283, 0x1283, 0x1282, 0x1283, 0x1283, 
    0x1262, 0x1263, 0x1263, 0x1263, 0x1262, 0x1283, 0x1283, 0x1283, 0x12A3, 0x12A3, 0x1283, 0x1283, 
    0x01E2, 0x01C2, 0x01E2, 0x01C2, 0x01C2, 0x01C2, 0x01C2, 0x0202, 0x12A3, 0x1AC3, 0x12A3, 0x12A3, 
    0x12A3, 0x12A3, 0x12A3, 0x1283, 0x1282, 0x12A3, 0x12C3, 0x12A3, 0x12A3, 0x1283, 0x01E2, 0x0222, 
    0x0202, 0x01E2, 0x01E2, 0x0202, 0x0202, 0x0202, 0x1AA3, 0x1AA3, 0x1283, 0x12A3, 0x1283, 0x12A3, 
    0x12A3, 0x12A3, 0x12A3, 0x12C3, 0x12C3, 0x12A3, 0x12A3, 0x0A43, 0x0202, 0x0202, 0x0202, 0x0222, 
    0x01E2, 0x0A42, 0x12C3, 0x12A3, 0x12A3, 0x12A3, 0x12A3, 0x1283, 0x12A3, 0x1283, 0x1283, 0x1283, 
    0x1263, 0x1283, 0x12A3, 0x12A3, 0x12A3, 0x1AA3, 0x1AA3, 0x1AA3, 0x0A22, 0x01C2, 0x01C2, 0x01C2, 
    0x01E2, 0x01E2, 0x0202, 0x0202, 0x01E2, 0x01E2, 0x01C2, 0x01E2, 0x01E2, 0x01E2, 0x01E2, 0x01E2, 
    0x01C2, 0x01C2, 0x01C2, 0x01C2, 0x01C2, 0x01C2, 0x01C2, 0x01C2, 0x01A1, 0x01C1, 0x01C2, 0x01A1, 
    0x01A2, 0x01C2, 0x01C2, 0x01C2, 0x01C2, 0x01C2, 0x01C2, 0x01C2, 0x01C2, 0x01C2, 0x01C2, 0x01A1, 
    0x0181, 0x01A1, 0x01A2, 0x01A1, 0x01A1, 0x01A1, 0x01A2, 0x01A2, 0x01A2, 0x0181, 0x0181, 0x0161, 
    0x0161, 0x0181, 0x0161, 0x0161, 0x0161, 0x0161, 0x0141, 0x0141, 0x0141, 0x0141, 0x0141, 0x0121, 
    0x0121, 0x0101, 0x0101, 0x00E1, 0x00C0, 0x0000, 0x6264, 0xFE6A, 0x5203, 0x4A03, 0x5243, 0x0000, 
    0x0080, 0x0080, 0x0000, 0x61E1, 0xBC06, 0x0120, 0x2303, 0xB4E9, 0x2122, 0x0080, 0x0121, 0x0101, 
    0x0101, 0x0121, 0x0121, 0x0121, 0x0121, 0x0121, 0x0121, 0x0141, 0x0121, 0x0141, 0x0141, 0x0141, 
    0x0161, 0x0162, 0x0162, 0x0162, 0x0162, 0x0161, 0x0161, 0x0161, 0x0141, 0x0141, 0x0161, 0x0162, 
    0x0162, 0x0161, 0x0162, 0x0141, 0x0141, 0x0121, 0x0121, 0x0121, 0x0121, 0x0141, 0x0121, 0x0141, 
    0x0121, 0x0121, 0x0101, 0x0101, 0x0101, 0x0101, 0x0101, 0x0101, 0x00E1, 0x00E1, 0x00E1, 0x00E1, 
    0x00E1, 0x00E1, 0x00C1, 0x0080, 0x10E1, 0x9BE5, 0x6383, 0x00E0, 0x82C3, 0x5160, 0x0000, 0x0080, 
    0x0080, 0x0020, 0x7B26, 0x1081, 0xB425, 0xAC05, 0x0000, 0x0060, 0x00A0, 0x0000, 0x82E3, 0xC444, 
    0x0840, 0x82E3, 0x1880, 0x0080, 0x00C0, 0x00E0, 0x00E0, 0x00E1, 0x0100, 0x0101, 0x0100, 0x0100, 
    0x0101, 0x0100, 0x0101, 0x0101, 0x0100, 0x0121, 0x0141, 0x0141, 0x0141, 0x0141, 0x0161, 0x0141, 
    0x0141, 0x0141, 0x0141, 0x0141, 0x0161, 0x0161, 0x0161, 0x0161, 0x0181, 0x0181, 0x0181, 0x0181, 
    0x0181, 0x0181, 0x0181, 0x0181, 0x0181, 0x0181, 0x0181, 0x0181, 0x0181, 0x0181, 0x0181, 0x0181, 
    0x01A1, 0x01A2, 0x01A1, 0x0181, 0x0181, 0x0181, 0x01A1, 0x01A1, 0x01C2, 0x01A2, 0x01C2, 0x01C2, 
    0x01E2, 0x01C2, 0x01A1, 0x01C2, 0x01C2, 0x01A2, 0x01A2, 0x01C2, 0x01A1, 0x01A2, 0x01A2, 0x01A2, 
    0x01A2, 0x0A22, 0x1AA3, 0x1283, 0x1283, 0x1282, 0x1282, 0x1283, 0x1283, 0x1283, 0x1283, 0x1283, 
    0x1282, 0x1262, 0x1262, 0x1262, 0x1283, 0x1263, 0x1282, 0x1AA3, 0x0202, 0x01E2, 0x01E2, 0x01E2, 
    0x01E2, 0x01C2, 0x01C2, 0x01E2, 0x0202, 0x1283, 0x12A3, 0x1283, 0x1283, 0x1283, 0x1283, 0x12A3, 
    0x12A3, 0x12A3, 0x12A3, 0x12A3, 0x12A3, 0x0222, 0x01E2, 0x0202, 0x0202, 0x01E2, 0x01E2, 0x0202, 
    0x0202, 0x01E2, 0x0202, 0x1262, 0x1283, 0x1283, 0x1283, 0x12A3, 0x12A3, 0x12A3, 0x12A3, 0x12A3, 
    0x12A3, 0x12A3, 0x0222, 0x01C2, 0x01E2, 0x0202, 0x0222, 0x0222, 0x0202, 0x0A43, 0x12A3, 0x12A3, 
    0x12A3, 0x12C3, 0x12A3, 0x12A3, 0x12A3, 0x12A3, 0x1283, 0x1283, 0x1283, 0x1283, 0x12A3, 0x12A3, 
    0x12A3, 0x12A3, 0x12A3, 0x1AA3, 0x0A43, 0x01C2, 0x01E2, 0x01E2, 0x01E2, 0x0202, 0x0202, 0x0202, 
    0x01E2, 0x01C2, 0x01E2, 0x01E2, 0x01E2, 0x01E2, 0x01E2, 0x01E2, 0x01C2, 0x01C2, 0x01C2, 0x01A2, 
    0x01C2, 0x01C2, 0x01C2, 0x01C2, 0x01C2, 0x01A2, 0x01A2, 0x01C2, 0x01C2, 0x01C2, 0x01C2, 0x01C2, 
    0x01C2, 0x01C2, 0x01A2, 0x01C2, 0x01C2, 0x01C2, 0x01A2, 0x01A1, 0x01A1, 0x01A1, 0x0181, 0x0181, 
    0x0181, 0x01A1, 0x01A2, 0x01A1, 0x01A1, 0x0181, 0x0161, 0x0161, 0x0181, 0x0181, 0x0181, 0x0161, 
    0x0161, 0x0161, 0x0161, 0x0141, 0x0141, 0x0141, 0x0121, 0x0141, 0x0121, 0x0121, 0x0101, 0x00E0, 
    0x00C0, 0x0000, 0x6243, 0xFE4A, 0x5203, 0x4A03, 0x5243, 0x0000, 0x0080, 0x0080, 0x0060, 0x18C0, 
    0xB3E5, 0x93E6, 0x00C1, 0x5A84, 0x7B25, 0x39C3, 0x0101, 0x0081, 0x0060, 0x0060, 0x0060, 0x0081, 
    0x0081, 0x0081, 0x0081, 0x0081, 0x0081, 0x0081, 0x00A1, 0x00A1, 0x00C1, 0x00C1, 0x00C1, 0x00C1, 
    0x00A1, 0x00A1, 0x00A1, 0x00C1, 0x00C1, 0x00C1, 0x00A1, 0x00A1, 0x00C1, 0x00E1, 0x00C1, 0x00A1, 
    0x00A1, 0x00A1, 0x00A1, 0x0081, 0x0081, 0x00A1, 0x00A1, 0x00A1, 0x00A1, 0x0081, 0x0081, 0x0081, 
    0x0081, 0x0081, 0x0081, 0x0081, 0x0081, 0x0061, 0x0081, 0x0081, 0x0061, 0x0040, 0x0081, 0x39A2, 
    0x72C3, 0x5222, 0x0081, 0x8324, 0x92E1, 0x1040, 0x0040, 0x0060, 0x0080, 0x0040, 0x7B46, 0x1081, 
    0xA3E4, 0xA3A4, 0x0000, 0x0060, 0x00A0, 0x0000, 0x82E3, 0xC444, 0x0840, 0x82C2, 0x1880, 0x0080, 
    0x00C0, 0x00E0, 0x00E0, 0x00E0, 0x00E0, 0x00E0, 0x00E0, 0x00E0, 0x0101, 0x0100, 0x0101, 0x0121, 
    0x0121, 0x0121, 0x0121, 0x0121, 0x0121, 0x0141, 0x0141, 0x0141, 0x0141, 0x0141, 0x0141, 0x0141, 
    0x0141, 0x0161, 0x0181, 0x0181, 0x0181, 0x0181, 0x0181, 0x0181, 0x0181, 0x0181, 0x0181, 0x0181, 
    0x0181, 0x01A1, 0x0181, 0x0181, 0x01A1, 0x01A1, 0x0181, 0x0181, 0x0181, 0x01A1, 0x01A1, 0x01A2, 
    0x01A2, 0x01A2, 0x01A1, 0x01A2, 0x01C2, 0x01C2, 0x01C2, 0x01C2, 0x01C2, 0x01A2, 0x01A1, 0x01A1, 
    0x01A1, 0x01A1, 0x01A1, 0x01A1, 0x01A1, 0x0181, 0x0181, 0x01A1, 0x01A1, 0x09E2, 0x1AA3, 0x1283, 
    0x1283, 0x1262, 0x1283, 0x1283, 0x1283, 0x1283, 0x1283, 0x1263, 0x1283, 0x1263, 0x1262, 0x1242, 
    0x1262, 0x1283, 0x1283, 0x12A3, 0x01E2, 0x01E2, 0x01E2, 0x01C2, 0x01C2, 0x01C2, 0x01C2, 0x01E2, 
    0x0202, 0x0222, 0x12A3, 0x12A3, 0x1262, 0x1262, 0x1283, 0x1283, 0x12A3, 0x12A3, 0x12C3, 0x1283, 
    0x01E2, 0x01C2, 0x01E2, 0x01E2, 0x01E2, 0x0202, 0x0202, 0x0202, 0x0202, 0x0202, 0x01E2, 0x0222, 
    0x12C3, 0x12A3, 0x12A3, 0x12A3, 0x12A3, 0x12A3, 0x12A3, 0x1283, 0x1283, 0x0222, 0x01E2, 0x0202, 
    0x01E2, 0x01E2, 0x0202, 0x0202, 0x0202, 0x0A43, 0x12A3, 0x12A3, 0x12A3, 0x12C3, 0x12A3, 0x12A3, 
    0x12A3, 0x12A3, 0x1283, 0x12A3, 0x12A3, 0x12A3, 0x12A3, 0x12A3, 0x12A3, 0x12A3, 0x12A3, 0x1AA3, 
    0x0A02, 0x01C2, 0x01E2, 0x01E2, 0x01E2, 0x01E2, 0x0202, 0x01E2, 0x01C2, 0x01C2, 0x01E2, 0x01E2, 
    0x01E2, 0x01E2, 0x01C2, 0x01C2, 0x01C2, 0x01C2, 0x01A1, 0x01A1, 0x01A2, 0x01A2, 0x01A1, 0x01A1, 
    0x01A2, 0x01A2, 0x01A1, 0x01A2, 0x01C2, 0x01C2, 0x01C2, 0x01C2, 0x01C2, 0x01C2, 0x01A2, 0x01A2, 
    0x01A2, 0x01A2, 0x01A2, 0x01A2, 0x01A1, 0x01A1, 0x01A1, 0x01A1, 0x0181, 0x0181, 0x0181, 0x01A1, 
    0x01A1, 0x0181, 0x0161, 0x0161, 0x0181, 0x0161, 0x0161, 0x0161, 0x0161, 0x0161, 0x0161, 0x0141, 
    0x0141, 0x0141, 0x0121, 0x0141, 0x0121, 0x0121, 0x0101, 0x00E0, 0x00C0, 0x0000, 0x6243, 0xFE29, 
    0x51E3, 0x49E3, 0x5243, 0x0020, 0x00A0, 0x00C0, 0x00C0, 0x00A0, 0x0040, 0x9344, 0x9BA5, 0x8304, 
    0xA3C5, 0xBC66, 0xA3A4, 0x9364, 0x9385, 0x9BA5, 0xA3E6, 0xA3E6, 0x9BC6, 0xA3C6, 0xA3E6, 0xA3A5, 
    0x9B85, 0x9BC6, 0xA3E6, 0xA427, 0xAC47, 0xAC68, 0xB488, 0xB488, 0xB4A9, 0xB468, 0xAC47, 0xAC27, 
    0xAC47, 0xB468, 0xB489, 0xB4C9, 0xB4A9, 0xAC68, 0xAC47, 0xAC27, 0xA407, 0xA406, 0xA3E6, 0xA3E6, 
    0xA3E6, 0xA3E6, 0xA406, 0xA406, 0xA3E6, 0xA3C6, 0x9BC5, 0x9BA5, 0x9B85, 0x9BA5, 0x9B85, 0x9344, 
    0x9344, 0x9385, 0x9344, 0x8B24, 0x9324, 0x9344, 0x9B84, 0xB405, 0x9343, 0x82E2, 0x9B64, 0x9B02, 
    0x1040, 0x0040, 0x0080, 0x0080, 0x0080, 0x0020, 0x7B25, 0x1081, 0xABC4, 0x9B83, 0x0000, 0x0060, 
    0x00A0, 0x0000, 0x7AC3, 0xC444, 0x0840, 0x82E3, 0x1880, 0x0080, 0x00C0, 0x00C0, 0x00E0, 0x00E0, 
    0x00E0, 0x0100, 0x00E0, 0x0100, 0x0100, 0x0100, 0x0101, 0x0121, 0x0121, 0x0121, 0x0121, 0x0121, 
    0x0121, 0x0141, 0x0141, 0x0141, 0x0141, 0x0141, 0x0141, 0x0141, 0x0141, 0x0161, 0x0181, 0x0181, 
    0x0181, 0x0181, 0x0181, 0x0181, 0x0181, 0x0181, 0x0181, 0x0181, 0x01A1, 0x01A1, 0x01A1, 0x01A1, 
    0x01A1, 0x01A2, 0x01A2, 0x0181, 0x0181, 0x0181, 0x01A1, 0x01A1, 0x01C2, 0x01A2, 0x01A2, 0x01A2, 
    0x01C2, 0x01A1, 0x01A1, 0x01A1, 0x01A1, 0x01A1, 0x01A1, 0x0181, 0x01A1, 0x01A1, 0x01A2, 0x01A2, 
    0x01A1, 0x0181, 0x0181, 0x0181, 0x0181, 0x01A2, 0x1262, 0x12A3, 0x1262, 0x1262, 0x1283, 0x1262, 
    0x1A83, 0x1262, 0x1263, 0x1263, 0x0A63, 0x1283, 0x1263, 0x1262, 0x1283, 0x1283, 0x12A3, 0x1283, 
    0x01E2, 0x01E2, 0x01E2, 0x01C2, 0x01C2, 0x01C2, 0x01A2, 0x01C2, 0x01E2, 0x0202, 0x0222, 0x12A3, 
    0x1283, 0x1283, 0x1283, 0x1283, 0x1283, 0x12A3, 0x1AE3, 0x0202, 0x0181, 0x01A2, 0x01E2, 0x0202, 
    0x0202, 0x0222, 0x0222, 0x0202, 0x0202, 0x0202, 0x0222, 0x0202, 0x0A83, 0x12E3, 0x12A3, 0x12A3, 
    0x12A3, 0x12A3, 0x1283, 0x12A3, 0x0A22, 0x01C2, 0x01E2, 0x01E2, 0x0202, 0x01E2, 0x0202, 0x0202, 
    0x0202, 0x01E2, 0x12A3, 0x12A3, 0x12A3, 0x12A3, 0x12A3, 0x12A3, 0x1AE3, 0x0A83, 0x1283, 0x1283, 
    0x0A83, 0x12C3, 0x12A3, 0x1283, 0x1283, 0x1283, 0x1283, 0x1283, 0x01E2, 0x01E2, 0x01E2, 0x01E2, 
    0x01E2, 0x01E2, 0x01E2, 0x01E2, 0x01C2, 0x01C2, 0x01C2, 0x01A1, 0x01A2, 0x01C2, 0x01C2, 0x01C2, 
    0x01C2, 0x01A1, 0x0181, 0x01A1, 0x01A1, 0x01A2, 0x01A1, 0x01A1, 0x01A2, 0x01A1, 0x01A1, 0x01A1, 
    0x01C2, 0x01C2, 0x01C2, 0x01C2, 0x01C2, 0x01C2, 0x01C2, 0x01A2, 0x01A1, 0x01A2, 0x01A2, 0x01A2, 
    0x01A1, 0x01A1, 0x01A1, 0x01A1, 0x0181, 0x0181, 0x0181, 0x01A2, 0x01A1, 0x0181, 0x0181, 0x0161, 
    0x0181, 0x0161, 0x0161, 0x0161, 0x0161, 0x0161, 0x0161, 0x0161, 0x0161, 0x0141, 0x0121, 0x0141, 
    0x0121, 0x0121, 0x0101, 0x00E1, 0x00C0, 0x0000, 0x6263, 0xFDE8, 0x49C2, 0x41C2, 0x5223, 0x0020, 
    0x00C0, 0x00E0, 0x00E0, 0x00C0, 0x0040, 0x0820, 0x51C1, 0x6282, 0x6281, 0x5A21, 0x51E1, 0x59E1, 
    0x5A22, 0x6282, 0x62A3, 0x62A3, 0x6282, 0x6262, 0x6282, 0x6262, 0x6242, 0x6262, 0x62A2, 0x6AC3, 
    0x62C3, 0x62A3, 0x62A3, 0x6AC4, 0x6B04, 0x6AE4, 0x62A3, 0x5A62, 0x5A62, 0x62A3, 0x6B04, 0x7345, 
    0x6B25, 0x62C3, 0x5A82, 0x62A3, 0x62C3, 0x62A2, 0x5A62, 0x5A62, 0x6282, 0x6282, 0x6262, 0x6262, 
    0x6242, 0x5A21, 0x5A21, 0x5A21, 0x5201, 0x5A01, 0x5A01, 0x51C0, 0x51C0, 0x5A01, 0x51C1, 0x49A0, 
    0x51C0, 0x5A21, 0x5201, 0x4181, 0x4980, 0x51C0, 0x4980, 0x1060, 0x0020, 0x0080, 0x00A0, 0x00A0, 
    0x0080, 0x0020, 0x7B26, 0x1081, 0xABE4, 0x9B43, 0x0000, 0x0060, 0x00A0, 0x0000, 0x7AC3, 0xCC85, 
    0x0860, 0x8B44, 0x1880, 0x0060, 0x00A0, 0x00C0, 0x00E0, 0x0100, 0x0101, 0x0121, 0x0100, 0x0100, 
    0x0100, 0x0100, 0x0121, 0x0121, 0x0121, 0x0121, 0x0121, 0x0141, 0x0121, 0x0141, 0x0141, 0x0141, 
    0x0141, 0x0141, 0x0141, 0x0141, 0x0141, 0x0141, 0x0161, 0x0161, 0x0181, 0x0181, 0x0181, 0x0161, 
    0x0161, 0x0161, 0x0181, 0x0181, 0x0181, 0x01A1, 0x01A2, 0x01A1, 0x01A1, 0x01A1, 0x0181, 0x0181, 
    0x0161, 0x0181, 0x0181, 0x01A1, 0x01A2, 0x01A1, 0x01A2, 0x01A2, 0x01C2, 0x01C2, 0x01A1, 0x01A1, 
    0x01A1, 0x0181, 0x01A1, 0x01A1, 0x01A2, 0x01A1, 0x01A1, 0x0181, 0x01A1, 0x01A1, 0x0181, 0x0181, 
    0x0182, 0x01A2, 0x01E2, 0x1262, 0x1282, 0x1AA3, 0x1A83, 0x1283, 0x1262, 0x01E2, 0x1283, 0x1263, 
    0x01E2, 0x1283, 0x12A3, 0x1283, 0x1283, 0x1283, 0x1283, 0x0202, 0x01E2, 0x0202, 0x01C2, 0x01C2, 
    0x01C2, 0x01E2, 0x01C2, 0x01C2, 0x01E2, 0x01E2, 0x01E2, 0x0A42, 0x1AC3, 0x12A3, 0x12A3, 0x1283, 
    0x1283, 0x1283, 0x0222, 0x01C2, 0x01C2, 0x01C2, 0x01E2, 0x0202, 0x0202, 0x0202, 0x0222, 0x0202, 
    0x0202, 0x0202, 0x0202, 0x0202, 0x0222, 0x0A63, 0x12A3, 0x12A3, 0x1283, 0x1283, 0x1AA3, 0x0A63, 
    0x01E2, 0x0202, 0x01E2, 0x01E2, 0x0202, 0x0202, 0x0202, 0x01E2, 0x01E2, 0x01E2, 0x0A43, 0x1283, 
    0x1A83, 0x1283, 0x12A3, 0x1AC3, 0x12A3, 0x0243, 0x1283, 0x0A83, 0x0222, 0x0A83, 0x12A3, 0x1283, 
    0x1283, 0x1283, 0x1242, 0x01E2, 0x0202, 0x0202, 0x01E2, 0x01E2, 0x01E2, 0x01E2, 0x01E2, 0x01E2, 
    0x01E2, 0x01E2, 0x01C2, 0x01A1, 0x01A1, 0x01C1, 0x01C2, 0x01C2, 0x01C2, 0x01A2, 0x01A1, 0x01A2, 
    0x01A1, 0x01C2, 0x01C2, 0x01A1, 0x01A1, 0x01A1, 0x01A1, 0x01A2, 0x01C2, 0x01C2, 0x01C2, 0x01C2, 
    0x01C2, 0x01C2, 0x01C2, 0x01A2, 0x01A1, 0x01A1, 0x01C2, 0x01C2, 0x01A1, 0x01A1, 0x01A1, 0x01A1, 
    0x0181, 0x0161, 0x0181, 0x0181, 0x0181, 0x0181, 0x0181, 0x0181, 0x0181, 0x0181, 0x0181, 0x0161, 
    0x0161, 0x0161, 0x0161, 0x0141, 0x0141, 0x0141, 0x0121, 0x0121, 0x0121, 0x0121, 0x0101, 0x00E1, 
    0x00E0, 0x0000, 0x6243, 0xFDA7, 0x49C2, 0x41A2, 0x5202, 0x0020, 0x00C0, 0x00E1, 0x00E1, 0x00C0, 
    0x00A0, 0x0080, 0x0060, 0x00A0, 0x00C0, 0x00A0, 0x0080, 0x0080, 0x00A0, 0x00C1, 0x00A0, 0x00A0, 
    0x00C1, 0x00A1, 0x00A1, 0x00C1, 0x00C1, 0x00E1, 0x00E1, 0x00E1, 0x00E1, 0x00C1, 0x00A0, 0x00A0, 
    0x00A0, 0x00C1, 0x00E1, 0x00E1, 0x00E1, 0x00C1, 0x00C0, 0x00C0, 0x00C0, 0x00C0, 0x00C0, 0x00C0, 
    0x00C0, 0x00C0, 0x00C0, 0x00C0, 0x00C0, 0x00A0, 0x00A0, 0x0080, 0x0080, 0x0080, 0x0080, 0x0080, 
    0x0080, 0x0060, 0x0040, 0x0040, 0x0040, 0x0040, 0x0040, 0x0060, 0x0060, 0x0060, 0x0060, 0x0060, 
    0x0040, 0x0020, 0x0020, 0x0040, 0x0080, 0x00A0, 0x00A0, 0x00A0, 0x0080, 0x0020, 0x7B25, 0x1081, 
    0xB425, 0xA384, 0x0000, 0x0060, 0x00A0, 0x0000, 0x7AE4, 0xD4A6, 0x0860, 0x8B45, 0x1880, 0x0060, 
    0x00A0, 0x00C0, 0x00E0, 0x00E0, 0x0101, 0x0121, 0x0121, 0x0121, 0x0101, 0x0121, 0x0121, 0x0121, 
    0x0121, 0x0121, 0x0141, 0x0141, 0x0141, 0x0141, 0x0141, 0x0141, 0x0141, 0x0141, 0x0141, 0x0141, 
    0x0141, 0x0141, 0x0141, 0x0161, 0x0161, 0x0161, 0x0161, 0x0161, 0x0161, 0x0161, 0x0181, 0x0181, 
    0x0181, 0x01A2, 0x01A2, 0x01A1, 0x0181, 0x0181, 0x0181, 0x0161, 0x0161, 0x0181, 0x0181, 0x01A1, 
    0x01A1, 0x01A1, 0x01A1, 0x01A1, 0x01A2, 0x01C2, 0x01C2, 0x01C2, 0x01A2, 0x01A1, 0x01A1, 0x01A2, 
    0x01C2, 0x01A1, 0x01A1, 0x01A1, 0x01A1, 0x01A1, 0x01A1, 0x01A1, 0x0181, 0x0181, 0x0181, 0x01C1, 
    0x0A22, 0x1263, 0x1262, 0x0A22, 0x01C2, 0x01C2, 0x1263, 0x1283, 0x01E2, 0x01E2, 0x0A22, 0x0A43, 
    0x1242, 0x0A22, 0x01E2, 0x01C2, 0x01E2, 0x0202, 0x01E2, 0x01E2, 0x01E2, 0x0202, 0x01E2, 0x01E2, 
    0x01E2, 0x01E2, 0x01E2, 0x0202, 0x0A63, 0x1AC3, 0x12A3, 0x1283, 0x1283, 0x0A22, 0x01A1, 0x01C2, 
    0x01A2, 0x01C2, 0x0202, 0x0202, 0x01E2, 0x0202, 0x0202, 0x0223, 0x0202, 0x01E2, 0x01E2, 0x0202, 
    0x0202, 0x01E2, 0x1263, 0x12A3, 0x1283, 0x1AC3, 0x1AE4, 0x0223, 0x0202, 0x0202, 0x0202, 0x01E2, 
    0x01E2, 0x01E2, 0x01E2, 0x01E2, 0x01C2, 0x01E2, 0x01C2, 0x01E2, 0x0A22, 0x1263, 0x12A3, 0x0A43, 
    0x0202, 0x0202, 0x12A3, 0x12A3, 0x0202, 0x01E2, 0x0222, 0x0A62, 0x1263, 0x0A02, 0x01A2, 0x01A2, 
    0x0202, 0x0202, 0x0202, 0x01E2, 0x01C2, 0x01E2, 0x01E2, 0x01E2, 0x01E2, 0x01E2, 0x01C2, 0x01C2, 
    0x01C2, 0x01C2, 0x01C2, 0x01C2, 0x01E2, 0x01C2, 0x01C2, 0x01A1, 0x01A1, 0x01C2, 0x01C2, 0x01A1, 
    0x01A2, 0x01A1, 0x01A1, 0x01C2, 0x01C1, 0x01C1, 0x01C1, 0x01C1, 0x01C2, 0x01A1, 0x01C2, 0x01C2, 
    0x01C2, 0x01C2, 0x01C2, 0x01A1, 0x01A1, 0x01A1, 0x01A1, 0x01A1, 0x0181, 0x0181, 0x0181, 0x0181, 
    0x0181, 0x0181, 0x0161, 0x0181, 0x0181, 0x0181, 0x0161, 0x0161, 0x0161, 0x0161, 0x0161, 0x0141, 
    0x0141, 0x0141, 0x0121, 0x0121, 0x0121, 0x0121, 0x0101, 0x00E0, 0x00E0, 0x0000, 0x6243, 0xF566, 
    0x4981, 0x49E2, 0x5A42, 0x0020, 0x00C0, 0x00C0, 0x00E1, 0x00E1, 0x00E1, 0x00A0, 0x0040, 0x0040, 
    0x0040, 0x0040, 0x0060, 0x00A0, 0x00C1, 0x00C1, 0x00A0, 0x0080, 0x0060, 0x0060, 0x00A0, 0x00A0, 
    0x00A0, 0x00A0, 0x00C0, 0x00C0, 0x00C0, 0x00A0, 0x0080, 0x0060, 0x0060, 0x0080, 0x00A0, 0x00A0, 
    0x00A0, 0x00C0, 0x00A0, 0x00A0, 0x00A0, 0x00C0, 0x00A0, 0x00A0, 0x00A0, 0x00C0, 0x00C1, 0x00A0, 
    0x00A0, 0x00A0, 0x00A0, 0x0080, 0x0080, 0x00A0, 0x0080, 0x0080, 0x0060, 0x0040, 0x0040, 0x0020, 
    0x0020, 0x0040, 0x0040, 0x0040, 0x0040, 0x0040, 0x0060, 0x0060, 0x0040, 0x0020, 0x0000, 0x0040, 
    0x00A0, 0x00A0, 0x00A0, 0x00A0, 0x00A0, 0x0020, 0x7305, 0x1081, 0xB405, 0xA3A4, 0x0000, 0x0060, 
    0x00C0, 0x0000, 0x8304, 0xD4E6, 0x0840, 0x8B24, 0x1880, 0x0080, 0x00A0, 0x00C0, 0x00E0, 0x00E0, 
    0x0101, 0x0121, 0x0121, 0x0121, 0x0100, 0x0100, 0x0121, 0x0141, 0x0121, 0x0121, 0x0121, 0x0141, 
    0x0141, 0x0141, 0x0141, 0x0141, 0x0141, 0x0141, 0x0141, 0x0141, 0x0121, 0x0121, 0x0141, 0x0141, 
    0x0161, 0x0161, 0x0161, 0x0161, 0x0161, 0x0161, 0x0161, 0x0181, 0x0181, 0x0181, 0x0181, 0x0181, 
    0x0181, 0x0181, 0x0181, 0x0181, 0x0161, 0x0181, 0x0181, 0x01A1, 0x01A1, 0x0181, 0x0181, 0x01A1, 
    0x01A1, 0x01C2, 0x01C2, 0x01C2, 0x01A2, 0x01A2, 0x01A1, 0x01A2, 0x01A1, 0x01A1, 0x01A1, 0x01A1, 
    0x01A1, 0x01A1, 0x01A2, 0x01A1, 0x01A2, 0x0181, 0x01A1, 0x0181, 0x0181, 0x01A2, 0x01C2, 0x01C2, 
    0x01A2, 0x01E2, 0x1283, 0x12A3, 0x0222, 0x01C2, 0x01A2, 0x01A2, 0x01C2, 0x01A2, 0x01A2, 0x01C2, 
    0x0202, 0x0202, 0x01E2, 0x01E2, 0x0202, 0x01E2, 0x01E2, 0x01E2, 0x01E2, 0x01E2, 0x0202, 0x0202, 
    0x0202, 0x1263, 0x1283, 0x1263, 0x0A43, 0x01C2, 0x01C2, 0x01C2, 0x01A2, 0x01C2, 0x0202, 0x01E2, 
    0x01E2, 0x0202, 0x0202, 0x0202, 0x0202, 0x01E2, 0x01E2, 0x0202, 0x0202, 0x01E2, 0x01E2, 0x1283, 
    0x1283, 0x1AC3, 0x0A63, 0x0202, 0x0202, 0x01E2, 0x0202, 0x0202, 0x01E2, 0x01E2, 0x0202, 0x01E2, 
    0x01E2, 0x01C2, 0x01C2, 0x01E2, 0x01E2, 0x0202, 0x0222, 0x0202, 0x01C2, 0x0222, 0x12A3, 0x12A3, 
    0x0A63, 0x01E2, 0x01E2, 0x01E2, 0x01E2, 0x01C2, 0x01E2, 0x01C2, 0x01E2, 0x0202, 0x01E2, 0x01E2, 
    0x01C2, 0x01C2, 0x01E2, 0x01E2, 0x01E2, 0x01E2, 0x01C2, 0x01C2, 0x01A1, 0x01C2, 0x01C2, 0x01C2, 
    0x01E2, 0x01C2, 0x01C2, 0x01A2, 0x01A2, 0x01A2, 0x01A1, 0x01A1, 0x01A2, 0x0181, 0x01A1, 0x01A1, 
    0x01A1, 0x01A1, 0x01A1, 0x01A1, 0x01A1, 0x01A1, 0x01A1, 0x01C2, 0x01C2, 0x01E2, 0x01C2, 0x01A1, 
    0x01A1, 0x0181, 0x0181, 0x0181, 0x01A2, 0x0181, 0x0181, 0x0181, 0x0181, 0x0181, 0x0181, 0x0181, 
    0x0181, 0x0181, 0x0161, 0x0161, 0x0141, 0x0141, 0x0141, 0x0141, 0x0141, 0x0141, 0x0121, 0x0121, 
    0x0121, 0x0121, 0x0101, 0x0101, 0x00E0, 0x0000, 0x6222, 0xED46, 0x4981, 0x5244, 0x5A64, 0x0020, 
    0x00C0, 0x00C0, 0x00C1, 0x00E1, 0x0060, 0x29A3, 0xA448, 0xA427, 0x93C6, 0x9BC7, 0x9C27, 0xA427, 
    0xA427, 0xA427, 0x9C06, 0xA407, 0xA447, 0xAC68, 0xACA9, 0xACA9, 0xACCA, 0xACCA, 0xACAA, 0xACCA, 
    0xA4CA, 0xACEB, 0xACCB, 0xA4AB, 0xA4CB, 0xA4EC, 0xA4EB, 0xA50C, 0xAD0C, 0xA4EB, 0xACCB, 0xACEB, 
    0xACEB, 0xACAA, 0xACAA, 0xACA9, 0xAC68, 0xA427, 0x9C27, 0xA427, 0xA427, 0xA427, 0x9BE6, 0x9BC6, 
    0x9BC6, 0x93C6, 0x93A6, 0x9385, 0x9385, 0x8B65, 0x8B44, 0x9385, 0x9386, 0x9385, 0x9385, 0x9385, 
    0x9365, 0x9365, 0x8B44, 0x7AE3, 0x7AC3, 0x8B03, 0x9B64, 0x39A2, 0x0060, 0x00C0, 0x00A0, 0x00A0, 
    0x00A0, 0x0020, 0x72E4, 0x1081, 0xABE5, 0x9B83, 0x0000, 0x0060, 0x00C0, 0x0000, 0x8325, 0xDD07, 
    0x0840, 0x8304, 0x1880, 0x0060, 0x00A0, 0x00C0, 0x00E0, 0x0100, 0x0100, 0x0101, 0x0101, 0x0101, 
    0x0101, 0x0121, 0x0141, 0x0121, 0x0141, 0x0141, 0x0141, 0x0121, 0x0141, 0x0141, 0x0141, 0x0141, 
    0x0141, 0x0141, 0x0121, 0x0121, 0x0121, 0x0141, 0x0141, 0x0141, 0x0161, 0x0161, 0x0161, 0x0161, 
    0x0161, 0x0161, 0x0161, 0x0161, 0x0181, 0x0181, 0x0161, 0x0181, 0x0181, 0x0181, 0x0181, 0x0181, 
    0x0181, 0x0181, 0x01A2, 0x01A1, 0x01A1, 0x01A1, 0x01A1, 0x01A1, 0x01A2, 0x01C2, 0x01C2, 0x01A2, 
    0x01A2, 0x01A1, 0x0181, 0x01A1, 0x0181, 0x01A1, 0x01A1, 0x01A1, 0x01A1, 0x01A1, 0x01A1, 0x01A2, 
    0x01C2, 0x01A1, 0x0181, 0x0181, 0x0181, 0x0181, 0x01A2, 0x01C2, 0x01A2, 0x1242, 0x1283, 0x1AA3, 
    0x1283, 0x01E2, 0x01A2, 0x01E2, 0x01E2, 0x01C2, 0x01C2, 0x01C2, 0x0202, 0x0202, 0x01E2, 0x01C2, 
    0x01E2, 0x01C2, 0x01C2, 0x01C2, 0x01C2, 0x01E2, 0x0202, 0x0202, 0x01E2, 0x01E2, 0x1262, 0x1242, 
    0x01C2, 0x01C2, 0x01C2, 0x01C2, 0x01C2, 0x01E2, 0x0202, 0x01E2, 0x0202, 0x01E2, 0x01E2, 0x01E2, 
    0x0202, 0x0202, 0x01E2, 0x01E2, 0x01E2, 0x0202, 0x01E2, 0x0A43, 0x1AC3, 0x1283, 0x01E2, 0x01E2, 
    0x01E2, 0x01E2, 0x01E2, 0x01E2, 0x0202, 0x0202, 0x01E2, 0x01E2, 0x01E2, 0x01C2, 0x01E2, 0x01E2, 
    0x0202, 0x01E2, 0x0202, 0x0202, 0x0202, 0x1283, 0x1283, 0x12A3, 0x1283, 0x0202, 0x01C2, 0x01C2, 
    0x01C2, 0x01E2, 0x0202, 0x01E2, 0x01E2, 0x01E2, 0x01E2, 0x01E2, 0x01E2, 0x01C2, 0x01C2, 0x01E2, 
    0x0202, 0x01E2, 0x01C2, 0x01C2, 0x01A2, 0x01C2, 0x01C2, 0x01C2, 0x01C2, 0x01A1, 0x01A2, 0x01A2, 
    0x01A2, 0x01A2, 0x01A2, 0x01A1, 0x01A1, 0x01C2, 0x01A1, 0x01A1, 0x01A1, 0x01A2, 0x01A2, 0x01A1, 
    0x01A1, 0x01A2, 0x01A1, 0x01A1, 0x01A1, 0x01A1, 0x01A1, 0x01A1, 0x0181, 0x0181, 0x0181, 0x01A2, 
    0x01A1, 0x0181, 0x0181, 0x0181, 0x0181, 0x0181, 0x0181, 0x0181, 0x0181, 0x0161, 0x0161, 0x0161, 
    0x0161, 0x0161, 0x0141, 0x0121, 0x0141, 0x0141, 0x0121, 0x0121, 0x0121, 0x0101, 0x0101, 0x0101, 
    0x00E1, 0x0020, 0x5A22, 0xED26, 0x4181, 0x5264, 0x5A84, 0x0020, 0x00C0, 0x00A0, 0x00C0, 0x0020, 
    0x2102, 0xE528, 0xABE5, 0x7AA2, 0x9B43, 0xABC4, 0x82C2, 0x7AA2, 0x82E2, 0x82C2, 0x7A82, 0x82C2, 
    0x8B23, 0x8B64, 0x8B65, 0x8B65, 0x8B86, 0x8B66, 0x8345, 0x8B86, 0x8B86, 0x8BA7, 0x8BE8, 0x8BC7, 
    0x8BC8, 0x8BC8, 0x8BC7, 0x8BE8, 0x8BC8, 0x93E8, 0x8BC7, 0x8BC7, 0x8B86, 0x8B65, 0x8B45, 0x8304, 
    0x7AE3, 0x7AC2, 0x72A2, 0x7AE3, 0x7AE3, 0x7AC2, 0x7282, 0x72A2, 0x72A2, 0x72A2, 0x7282, 0x7261, 
    0x6A21, 0x6A21, 0x6A21, 0x7282, 0x7A82, 0x7241, 0x7241, 0x7261, 0x7241, 0x6A41, 0x6A21, 0x82A1, 
    0x7241, 0x6A21, 0x8AE2, 0xBC04, 0x2942, 0x0060, 0x00A0, 0x0080, 0x0080, 0x0020, 0x72A3, 0x1060, 
    0xA3C4, 0x9B63, 0x0000, 0x0060, 0x00C0, 0x0000, 0x8325, 0xDD08, 0x0860, 0x8304, 0x1880, 0x0060, 
    0x00C0, 0x00C0, 0x00E0, 0x0100, 0x0100, 0x0101, 0x0101, 0x0121, 0x0121, 0x0121, 0x0121, 0x0141, 
    0x0121, 0x0121, 0x0121, 0x0121, 0x0121, 0x0141, 0x0121, 0x0121, 0x0141, 0x0141, 0x0141, 0x0121, 
    0x0141, 0x0141, 0x0141, 0x0161, 0x0161, 0x0141, 0x0141, 0x0161, 0x0181, 0x0181, 0x0181, 0x0181, 
    0x0181, 0x0181, 0x0181, 0x0181, 0x01A1, 0x0181, 0x0181, 0x0181, 0x0181, 0x0181, 0x01A1, 0x01A2, 
    0x01A1, 0x01A1, 0x01A2, 0x01A1, 0x01A1, 0x01C2, 0x01C2, 0x01A2, 0x01A1, 0x01A1, 0x0181, 0x01A1, 
    0x01A1, 0x01A1, 0x01A1, 0x01A1, 0x01A1, 0x01A1, 0x01A1, 0x01A2, 0x01C2, 0x01C2, 0x0181, 0x0161, 
    0x0161, 0x0181, 0x01A2, 0x01E2, 0x1263, 0x1A83, 0x1262, 0x1262, 0x1283, 0x1263, 0x0222, 0x0202, 
    0x01E2, 0x01E2, 0x01C2, 0x01C2, 0x01E2, 0x01E2, 0x01C2, 0x01C2, 0x01C2, 0x01C2, 0x01A2, 0x01A2, 
    0x01C2, 0x01E2, 0x0202, 0x0202, 0x01E2, 0x01C2, 0x0A02, 0x0A02, 0x01C2, 0x01E2, 0x01C2, 0x01C2, 
    0x01C2, 0x01E2, 0x01E2, 0x01A2, 0x01C2, 0x01E2, 0x01E2, 0x01E2, 0x0202, 0x0202, 0x01E2, 0x01E2, 
    0x0202, 0x0202, 0x01E2, 0x0202, 0x12A3, 0x0A23, 0x01C2, 0x01E2, 0x01E2, 0x01E2, 0x01E2, 0x01E2, 
    0x0202, 0x0202, 0x0202, 0x01E2, 0x01E2, 0x0202, 0x0202, 0x01E2, 0x01E2, 0x01E2, 0x01C2, 0x01C2, 
    0x1283, 0x12C3, 0x12A3, 0x1262, 0x1242, 0x1262, 0x0202, 0x01C2, 0x01A2, 0x01C2, 0x01C2, 0x01E2, 
    0x01E2, 0x01C2, 0x01C2, 0x01C2, 0x01C2, 0x01C2, 0x01C2, 0x01E2, 0x01E2, 0x01E2, 0x01E2, 0x01E2, 
    0x01C2, 0x01C2, 0x01C2, 0x01C2, 0x01E2, 0x01C2, 0x01C2, 0x01A2, 0x01A2, 0x01C2, 0x01C2, 0x01C2, 
    0x01C2, 0x01C2, 0x01A1, 0x01A2, 0x01A2, 0x01A1, 0x01A2, 0x01A1, 0x01A1, 0x0181, 0x0181, 0x0181, 
    0x0181, 0x01A1, 0x0181, 0x0181, 0x0181, 0x0181, 0x0181, 0x0181, 0x0181, 0x01A1, 0x01A1, 0x0181, 
    0x0181, 0x0181, 0x0181, 0x0181, 0x0161, 0x0161, 0x0161, 0x0161, 0x0161, 0x0141, 0x0141, 0x0141, 
    0x0141, 0x0121, 0x0121, 0x0101, 0x0101, 0x0101, 0x0101, 0x00E1, 0x00E1, 0x0020, 0x5A02, 0xED46, 
    0x49A2, 0x4A03, 0x5243, 0x0020, 0x00A0, 0x00C0, 0x0060, 0x2942, 0xDD07, 0x72A3, 0x0080, 0x7324, 
    0x7B66, 0x1921, 0x0080, 0x0060, 0x0060, 0x0060, 0x0080, 0x0080, 0x00A0, 0x00A0, 0x0080, 0x0060, 
    0x0060, 0x0060, 0x0080, 0x0060, 0x0060, 0x0060, 0x0080, 0x00C0, 0x00A0, 0x00A0, 0x00A0, 0x0080, 
    0x0080, 0x0080, 0x0080, 0x0060, 0x0060, 0x0060, 0x0080, 0x0060, 0x0060, 0x0060, 0x0080, 0x00A0, 
    0x00A0, 0x00A0, 0x00A0, 0x00A0, 0x00A0, 0x0080, 0x0080, 0x0060, 0x0060, 0x0060, 0x0060, 0x0060, 
    0x0040, 0x0040, 0x0040, 0x0060, 0x0060, 0x0060, 0x0040, 0x10C1, 0x6262, 0x9363, 0x1920, 0x49C1, 
    0xB3E4, 0x3961, 0x0040, 0x0080, 0x0080, 0x0000, 0x7283, 0x1060, 0xA3A4, 0x9B43, 0x0000, 0x0060, 
    0x00C1, 0x0000, 0x8B65, 0xDD28, 0x0860, 0x8325, 0x1880, 0x0080, 0x00C0, 0x00E0, 0x00E0, 0x00E0, 
    0x0100, 0x0101, 0x0101, 0x0121, 0x0121, 0x0121, 0x0121, 0x0121, 0x0121, 0x0121, 0x0121, 0x0121, 
    0x0121, 0x0121, 0x0121, 0x0121, 0x0141, 0x0141, 0x0141, 0x0141, 0x0141, 0x0161, 0x0141, 0x0161, 
    0x0161, 0x0141, 0x0141, 0x0161, 0x0181, 0x0181, 0x0181, 0x0181, 0x0181, 0x0181, 0x0181, 0x0181, 
    0x01A1, 0x01A1, 0x01A1, 0x0181, 0x0181, 0x0181, 0x0181, 0x01A1, 0x01A2, 0x01A1, 0x01A1, 0x01A1, 
    0x01A1, 0x01A1, 0x01A1, 0x0181, 0x01A1, 0x0181, 0x0181, 0x01A1, 0x01A1, 0x01A1, 0x01A1, 0x0181, 
    0x01A1, 0x01A1, 0x01A1, 0x01A2, 0x01A2, 0x01A1, 0x0181, 0x0161, 0x0161, 0x0181, 0x01A2, 0x0202, 
    0x0A22, 0x0A22, 0x0A02, 0x01A2, 0x01A2, 0x01C2, 0x0A22, 0x0223, 0x01E2, 0x01E2, 0x01C2, 0x01C2, 
    0x01E2, 0x01E2, 0x01E2, 0x01C1, 0x01C1, 0x01C2, 0x01C2, 0x01C2, 0x01C2, 0x01C2, 0x01E2, 0x01E2, 
    0x01E2, 0x01C2, 0x01A2, 0x01A2, 0x01E2, 0x0202, 0x01E2, 0x01C2, 0x01A2, 0x01C2, 0x01C2, 0x01A1, 
    0x01A1, 0x01C2, 0x01C2, 0x01E2, 0x01E2, 0x01E2, 0x01E2, 0x01E2, 0x0202, 0x01E2, 0x01E2, 0x01E2, 
    0x0222, 0x01E2, 0x01E2, 0x01E2, 0x01E2, 0x0202, 0x0202, 0x01E2, 0x01E2, 0x01E2, 0x01E2, 0x0202, 
    0x0202, 0x0202, 0x0202, 0x01E2, 0x01E2, 0x01E2, 0x01E2, 0x0223, 0x0A43, 0x0A42, 0x0A22, 0x09E2, 
    0x01C2, 0x0A02, 0x0A22, 0x01E2, 0x01A2, 0x01A1, 0x01C2, 0x01E2, 0x01E2, 0x01E2, 0x01A2, 0x01A2, 
    0x01A2, 0x01A2, 0x01C2, 0x01C2, 0x01C2, 0x01C2, 0x01E2, 0x01E2, 0x01C2, 0x01C2, 0x01C2, 0x01C2, 
    0x01C2, 0x01C2, 0x01C2, 0x01C2, 0x01A2, 0x01C2, 0x01C2, 0x01C2, 0x01C2, 0x01C2, 0x01A1, 0x01A1, 
    0x01A1, 0x01A1, 0x01C2, 0x01A2, 0x01A1, 0x01A1, 0x01A2, 0x01A1, 0x01A1, 0x01A1, 0x0181, 0x0181, 
    0x0181, 0x0181, 0x0181, 0x0181, 0x01A2, 0x01A2, 0x01A2, 0x01A2, 0x0181, 0x0181, 0x0181, 0x0181, 
    0x0181, 0x0161, 0x0161, 0x0161, 0x0161, 0x0161, 0x0141, 0x0141, 0x0141, 0x0121, 0x0121, 0x0101, 
    0x0101, 0x0101, 0x0100, 0x00E0, 0x00E0, 0x0020, 0x5A22, 0xED26, 0x49A2, 0x49C2, 0x5202, 0x0020, 
    0x00A0, 0x00A0, 0x0060, 0x7AE3, 0xBC46, 0x0080, 0x32A2, 0x9C68, 0x10E1, 0x00A0, 0x0121, 0x0121, 
    0x0121, 0x0121, 0x0121, 0x0121, 0x0141, 0x0141, 0x0141, 0x0141, 0x0162, 0x0141, 0x0141, 0x0162, 
    0x0161, 0x0161, 0x0162, 0x0162, 0x0182, 0x0182, 0x0162, 0x0162, 0x0161, 0x0141, 0x0141, 0x0141, 
    0x0141, 0x0141, 0x0141, 0x0141, 0x0141, 0x0141, 0x0141, 0x0161, 0x0141, 0x0141, 0x0121, 0x0121, 
    0x0121, 0x0121, 0x0101, 0x0101, 0x00E1, 0x00E1, 0x00E1, 0x00E1, 0x00E1, 0x00E1, 0x00C1, 0x00C1, 
    0x00C1, 0x00C1, 0x00E1, 0x00C1, 0x08A1, 0x7B04, 0x2AC2, 0x00C0, 0x8AC2, 0x7221, 0x0000, 0x0080, 
    0x0060, 0x0000, 0x7262, 0x1060, 0xA3A4, 0x9B63, 0x0000, 0x0060, 0x00C0, 0x0000, 0x8B66, 0xE548, 
    0x0840, 0x8305, 0x18A0, 0x0080, 0x00C0, 0x00E0, 0x00E1, 0x00E0, 0x0100, 0x0101, 0x0100, 0x0101, 
    0x0121, 0x0121, 0x0121, 0x0121, 0x0121, 0x0121, 0x0121, 0x0120, 0x0121, 0x0121, 0x0121, 0x0121, 
    0x0141, 0x0141, 0x0141, 0x0141, 0x0141, 0x0161, 0x0161, 0x0141, 0x0141, 0x0141, 0x0141, 0x0161, 
    0x0161, 0x0181, 0x0181, 0x0181, 0x0181, 0x0181, 0x0181, 0x0181, 0x01A1, 0x01A1, 0x0181, 0x0181, 
    0x0181, 0x0181, 0x0181, 0x0181, 0x0181, 0x0181, 0x01A2, 0x01A1, 0x0181, 0x01A1, 0x0181, 0x0181, 
    0x0181, 0x0181, 0x0181, 0x0181, 0x0181, 0x0181, 0x0181, 0x0181, 0x01A1, 0x01A1, 0x01C2, 0x01C2, 
    0x01A1, 0x0181, 0x0161, 0x0161, 0x0161, 0x0161, 0x0181, 0x0181, 0x0181, 0x01A2, 0x01A2, 0x0181, 
    0x0161, 0x0181, 0x01A2, 0x01C2, 0x01E2, 0x01E2, 0x01E2, 0x0202, 0x0222, 0x0222, 0x0223, 0x0222, 
    0x0A42, 0x0A42, 0x0A62, 0x0A63, 0x0A42, 0x0A22, 0x0A22, 0x0A42, 0x0A42, 0x1262, 0x1263, 0x0A63, 
    0x0A62, 0x0A62, 0x0A62, 0x0A62, 0x0A42, 0x0A22, 0x0A02, 0x0A22, 0x0A02, 0x0A02, 0x0202, 0x0242, 
    0x0222, 0x0202, 0x0202, 0x0202, 0x0202, 0x01E2, 0x01E2, 0x0202, 0x0202, 0x0202, 0x01E2, 0x01E2, 
    0x01E2, 0x01E2, 0x01E2, 0x01E2, 0x01C2, 0x01A2, 0x01E2, 0x0202, 0x01E2, 0x01E2, 0x01E2, 0x01E2, 
    0x01E2, 0x01E2, 0x01E2, 0x01E2, 0x01E2, 0x01C2, 0x01A2, 0x01A2, 0x01C2, 0x01C2, 0x01C2, 0x01C2, 
    0x01C2, 0x01C2, 0x01C2, 0x01C2, 0x01C2, 0x01C2, 0x01A2, 0x01A2, 0x01A2, 0x01A2, 0x01A2, 0x01A2, 
    0x01C2, 0x01C2, 0x01C2, 0x01C2, 0x01C2, 0x01C2, 0x01C2, 0x01E2, 0x01C2, 0x01C2, 0x01C2, 0x01C2, 
    0x01C2, 0x01C2, 0x01C2, 0x01C2, 0x01C2, 0x01C2, 0x01A2, 0x01A1, 0x01A2, 0x01A2, 0x01A2, 0x01A1, 
    0x01A1, 0x01A1, 0x01A2, 0x01A2, 0x0181, 0x0181, 0x0181, 0x0181, 0x0181, 0x0181, 0x0181, 0x01A1, 
    0x01A1, 0x0181, 0x0181, 0x0181, 0x0161, 0x0181, 0x0181, 0x0161, 0x0161, 0x0161, 0x0141, 0x0161, 
    0x0161, 0x0161, 0x0141, 0x0141, 0x0121, 0x0121, 0x0121, 0x0101, 0x0101, 0x0101, 0x0101, 0x00E1, 
    0x00E0, 0x0020, 0x6222, 0xE505, 0x41A2, 0x49E2, 0x5202, 0x0020, 0x00A0, 0x00C0, 0x0060, 0x72C3, 
    0x9BC6, 0x5AC4, 0x9428, 0x4204, 0x0080, 0x0121, 0x0121, 0x0121, 0x0121, 0x0121, 0x0121, 0x0121, 
    0x0141, 0x0141, 0x0141, 0x0141, 0x0161, 0x0161, 0x0161, 0x0161, 0x0161, 0x0161, 0x0162, 0x0181, 
    0x0181, 0x0181, 0x0161, 0x0161, 0x0141, 0x0141, 0x0141, 0x0161, 0x0161, 0x0141, 0x0141, 0x0161, 
    0x0161, 0x0161, 0x0161, 0x0161, 0x0161, 0x0141, 0x0141, 0x0121, 0x0121, 0x0121, 0x0101, 0x0101, 
    0x0101, 0x0101, 0x0101, 0x0101, 0x00E1, 0x00E1, 0x00E1, 0x00E1, 0x00E1, 0x00E1, 0x00C1, 0x00E1, 
    0x0080, 0x3163, 0x8B84, 0x4A21, 0x6A42, 0x59A0, 0x0000, 0x0080, 0x0080, 0x0000, 0x6A41, 0x1060, 
    0xABC4, 0xA3A4, 0x0000, 0x0060, 0x00C0, 0x0000, 0x8B65, 0xE569, 0x0840, 0x82E4, 0x1880, 0x0080, 
    0x00A0, 0x00C0, 0x00E0, 0x0101, 0x0101, 0x0101, 0x0101, 0x0121, 0x0121, 0x0121, 0x0121, 0x0121, 
    0x0121, 0x0121, 0x0121, 0x0121, 0x0121, 0x0121, 0x0121, 0x0121, 0x0141, 0x0141, 0x0141, 0x0141, 
    0x0141, 0x0141, 0x0161, 0x0161, 0x0161, 0x0141, 0x0141, 0x0161, 0x0161, 0x0181, 0x0181, 0x0181, 
    0x0181, 0x0181, 0x0181, 0x0181, 0x0181, 0x0181, 0x0181, 0x0181, 0x0181, 0x0181, 0x0181, 0x0161, 
    0x0181, 0x0182, 0x0181, 0x0181, 0x0181, 0x0181, 0x0181, 0x0181, 0x0181, 0x0181, 0x0181, 0x0181, 
    0x0181, 0x0181, 0x0161, 0x0181, 0x0181, 0x0181, 0x01A1, 0x01A1, 0x0181, 0x01A1, 0x01A1, 0x09E2, 
    0x0A02, 0x1222, 0x1242, 0x1242, 0x1222, 0x1202, 0x1202, 0x1A42, 0x1A62, 0x1AA3, 0x1AA3, 0x1A83, 
    0x1A63, 0x2283, 0x22A3, 0x2282, 0x1AC3, 0x1B04, 0x1AE4, 0x1AE3, 0x22E4, 0x22E3, 0x1AC4, 0x22E4, 
    0x1AA3, 0x1AA3, 0x1A83, 0x1A62, 0x1A83, 0x1AA3, 0x1AC3, 0x1AE3, 0x1AC3, 0x1A83, 0x1AA3, 0x1AC3, 
    0x1AA3, 0x1A82, 0x2283, 0x1A83, 0x1AA3, 0x22E4, 0x1AE3, 0x1AC3, 0x1AC3, 0x1AA3, 0x1AA3, 0x22C3, 
    0x22E4, 0x1AC3, 0x1AA3, 0x1AA3, 0x1AA3, 0x1AC3, 0x1AA3, 0x1AC3, 0x1AC3, 0x1AA3, 0x1283, 0x1263, 
    0x1242, 0x1243, 0x0A42, 0x0A42, 0x0A22, 0x0A22, 0x0A22, 0x0222, 0x0202, 0x0202, 0x0202, 0x01E2, 
    0x01C2, 0x01A1, 0x0181, 0x01A2, 0x01C2, 0x01A2, 0x01A2, 0x01C2, 0x01E2, 0x01C2, 0x01C2, 0x01A2, 
    0x01A2, 0x01A2, 0x01C2, 0x01A2, 0x01A2, 0x01A1, 0x01A2, 0x01C2, 0x01C2, 0x01C2, 0x01C2, 0x01C2, 
    0x01C2, 0x01C2, 0x01C2, 0x01C2, 0x01C2, 0x01C2, 0x01C2, 0x01C2, 0x01C1, 0x01C1, 0x01C2, 0x01C2, 
    0x01C2, 0x01C2, 0x01C2, 0x01A2, 0x01A2, 0x01A2, 0x01A1, 0x0181, 0x01A1, 0x0181, 0x0181, 0x01A1, 
    0x0181, 0x0181, 0x0181, 0x0181, 0x0181, 0x0181, 0x0181, 0x0181, 0x0181, 0x0181, 0x0181, 0x0161, 
    0x0161, 0x0181, 0x0181, 0x0181, 0x0161, 0x0161, 0x0141, 0x0141, 0x0141, 0x0141, 0x0141, 0x0141, 
    0x0121, 0x0141, 0x0121, 0x0101, 0x0121, 0x0101, 0x0101, 0x00E0, 0x00E0, 0x0020, 0x6243, 0xE505, 
    0x4181, 0x49C2, 0x5202, 0x0020, 0x00A0, 0x00C1, 0x0060, 0x6A82, 0x9B85, 0x6AC5, 0x2183, 0x0060, 
    0x0121, 0x0121, 0x0121, 0x0121, 0x0141, 0x0141, 0x0121, 0x0121, 0x0141, 0x0141, 0x0141, 0x0161, 
    0x0181, 0x0181, 0x0161, 0x0181, 0x0181, 0x0181, 0x0181, 0x0181, 0x0181, 0x0181, 0x0181, 0x0161, 
    0x0161, 0x0161, 0x0161, 0x0161, 0x0181, 0x0181, 0x0161, 0x0161, 0x0161, 0x0181, 0x0161, 0x0161, 
    0x0161, 0x0161, 0x0141, 0x0141, 0x0141, 0x0121, 0x0121, 0x0121, 0x0121, 0x0101, 0x0101, 0x0101, 
    0x0101, 0x00E1, 0x00E1, 0x00E1, 0x00E1, 0x00E1, 0x00E1, 0x00C1, 0x00E1, 0x0060, 0x18C1, 0x5A02, 
    0x7282, 0x59A0, 0x0000, 0x0080, 0x0060, 0x0020, 0x7282, 0x1060, 0xAC05, 0xA3C4, 0x0000, 0x0060, 
    0x00C0, 0x0000, 0x8B65, 0xE568, 0x0840, 0x82E3, 0x1880, 0x0060, 0x00A0, 0x00C0, 0x00E0, 0x00E0, 
    0x0100, 0x0101, 0x0121, 0x0121, 0x0121, 0x0121, 0x0121, 0x0121, 0x0121, 0x0120, 0x0121, 0x0121, 
    0x0120, 0x0121, 0x0141, 0x0141, 0x0141, 0x0141, 0x0141, 0x0141, 0x0141, 0x0161, 0x0161, 0x0161, 
    0x0161, 0x0161, 0x0161, 0x0161, 0x0161, 0x0161, 0x0181, 0x0181, 0x0181, 0x0181, 0x0181, 0x0181, 
    0x0181, 0x0181, 0x0181, 0x0181, 0x0181, 0x0181, 0x0181, 0x0161, 0x0161, 0x01A2, 0x01A2, 0x0181, 
    0x0181, 0x0181, 0x0161, 0x0161, 0x0181, 0x0181, 0x01A1, 0x01A1, 0x09C2, 0x09C2, 0x11E2, 0x1222, 
    0x1A42, 0x1A42, 0x1A42, 0x2283, 0x22A3, 0x2283, 0x1A83, 0x1A83, 0x1A63, 0x1A83, 0x1A62, 0x1242, 
    0x1202, 0x09C2, 0x09C2, 0x09E2, 0x0A02, 0x0A42, 0x0222, 0x01E2, 0x01C2, 0x01A1, 0x01A1, 0x01C2, 
    0x01E2, 0x0202, 0x01E2, 0x0202, 0x0222, 0x0202, 0x01E2, 0x01E2, 0x01E2, 0x01C2, 0x01C2, 0x01C2, 
    0x01E2, 0x01E2, 0x01E2, 0x0202, 0x0222, 0x0202, 0x01E2, 0x01C2, 0x01E2, 0x01E2, 0x01E2, 0x01C2, 
    0x01C2, 0x0202, 0x01E2, 0x01E2, 0x01E2, 0x01E2, 0x01E2, 0x01E2, 0x0202, 0x0202, 0x0202, 0x0202, 
    0x0222, 0x0222, 0x0A42, 0x0A42, 0x0A62, 0x0A62, 0x0A42, 0x0A42, 0x1262, 0x1283, 0x1A62, 0x1A62, 
    0x1AA3, 0x22E3, 0x22E4, 0x22E4, 0x22E4, 0x2304, 0x2304, 0x22E3, 0x2283, 0x1A63, 0x1A63, 0x1A62, 
    0x1A42, 0x1222, 0x1222, 0x0A22, 0x0A63, 0x0A43, 0x0202, 0x01C2, 0x01A2, 0x01A2, 0x01A2, 0x0182, 
    0x0181, 0x0181, 0x0181, 0x01A2, 0x01A2, 0x01C2, 0x01C2, 0x01E2, 0x01E2, 0x01E2, 0x01C2, 0x01C2, 
    0x01A2, 0x01C2, 0x01C2, 0x01A1, 0x01C2, 0x01C2, 0x01A1, 0x01A1, 0x01C2, 0x01C2, 0x01C2, 0x01C2, 
    0x01A2, 0x01A2, 0x0181, 0x0181, 0x0181, 0x0181, 0x0161, 0x0181, 0x0181, 0x0181, 0x01A1, 0x01A2, 
    0x01A2, 0x0181, 0x0181, 0x0181, 0x0181, 0x0181, 0x0181, 0x0181, 0x0161, 0x0161, 0x0181, 0x0181, 
    0x0161, 0x0141, 0x0141, 0x0141, 0x0141, 0x0141, 0x0141, 0x0141, 0x0121, 0x0121, 0x0101, 0x0101, 
    0x0101, 0x0101, 0x0101, 0x00E0, 0x00E0, 0x0020, 0x6223, 0xE506, 0x4182, 0x49C2, 0x5202, 0x0020, 
    0x00A0, 0x00C0, 0x0060, 0x6262, 0xABE6, 0x31A4, 0x00C1, 0x0121, 0x0101, 0x0121, 0x0121, 0x0121, 
    0x0141, 0x0141, 0x0141, 0x0141, 0x0141, 0x0141, 0x0141, 0x0161, 0x0161, 0x0181, 0x0181, 0x0161, 
    0x0161, 0x0161, 0x0181, 0x0161, 0x0161, 0x0161, 0x0161, 0x0161, 0x0181, 0x0181, 0x0161, 0x0181, 
    0x0181, 0x01A2, 0x0182, 0x0182, 0x0161, 0x0161, 0x0161, 0x0161, 0x0161, 0x0161, 0x0141, 0x0141, 
    0x0141, 0x0141, 0x0141, 0x0141, 0x0121, 0x0121, 0x0121, 0x0101, 0x0101, 0x00E1, 0x00E1, 0x00E1, 
    0x00E1, 0x00E1, 0x00E1, 0x00C1, 0x00C1, 0x00E1, 0x0060, 0x3142, 0x9344, 0x61A0, 0x0000, 0x0080, 
    0x0080, 0x0020, 0x7B05, 0x1080, 0xB426, 0xABE5, 0x0000, 0x0080, 0x00A0, 0x0000, 0x9386, 0xE569, 
    0x0840, 0x8305, 0x1880, 0x0060, 0x00A0, 0x00C0, 0x00E0, 0x00E0, 0x00E0, 0x0101, 0x0121, 0x0121, 
    0x0121, 0x0121, 0x0121, 0x0121, 0x0121, 0x0121, 0x0141, 0x0141, 0x0121, 0x0121, 0x0141, 0x0121, 
    0x0141, 0x0121, 0x0121, 0x0121, 0x0141, 0x0161, 0x0161, 0x0161, 0x0161, 0x0161, 0x0161, 0x0161, 
    0x0161, 0x0161, 0x0181, 0x0181, 0x0181, 0x0161, 0x0161, 0x0181, 0x0181, 0x0181, 0x01A2, 0x0181, 
    0x0181, 0x0161, 0x0161, 0x0161, 0x0161, 0x0181, 0x01A1, 0x01C2, 0x0A02, 0x1222, 0x1A43, 0x1AA3, 
    0x22A3, 0x22A3, 0x22A3, 0x1A42, 0x1A22, 0x1A02, 0x1A02, 0x11E2, 0x11E2, 0x09C2, 0x09E2, 0x01C2, 
    0x01C2, 0x01C2, 0x01C2, 0x01A2, 0x0181, 0x0181, 0x0161, 0x0181, 0x0182, 0x01A1, 0x01A2, 0x01A2, 
    0x01A2, 0x01C2, 0x01C2, 0x01C2, 0x01C2, 0x01A1, 0x0181, 0x01A1, 0x01C2, 0x01C2, 0x01C2, 0x01E2, 
    0x0202, 0x0202, 0x0202, 0x01E2, 0x01E2, 0x01E2, 0x01E2, 0x01E2, 0x01E2, 0x01E2, 0x01E2, 0x0202, 
    0x0202, 0x0202, 0x01E2, 0x0202, 0x0202, 0x0202, 0x0202, 0x01E2, 0x01E2, 0x01E2, 0x01C2, 0x01E2, 
    0x01C2, 0x01E2, 0x01E2, 0x01E2, 0x0202, 0x0202, 0x01E2, 0x01E2, 0x01E2, 0x01E2, 0x01E2, 0x01E2, 
    0x01E2, 0x01E2, 0x01E2, 0x01E2, 0x01E2, 0x01E2, 0x01C2, 0x01E2, 0x01E2, 0x01E2, 0x01E2, 0x0202, 
    0x0223, 0x0243, 0x0223, 0x0A23, 0x0A22, 0x0A22, 0x1222, 0x1202, 0x1222, 0x1263, 0x1A83, 0x1A63, 
    0x1A63, 0x1A83, 0x22A3, 0x22A3, 0x22A3, 0x2283, 0x2283, 0x2283, 0x1A83, 0x1A83, 0x1243, 0x0A22, 
    0x0A02, 0x0202, 0x01E2, 0x01C2, 0x01C2, 0x01C2, 0x01C2, 0x01A2, 0x01A1, 0x01C2, 0x01C2, 0x01C2, 
    0x01A2, 0x01C2, 0x01A1, 0x01A1, 0x01A1, 0x01C2, 0x01C2, 0x01C2, 0x01A2, 0x01A2, 0x0181, 0x0181, 
    0x0181, 0x0181, 0x0161, 0x0161, 0x0181, 0x01A1, 0x01A2, 0x01A2, 0x01A1, 0x0181, 0x0181, 0x0161, 
    0x0161, 0x0161, 0x0181, 0x0181, 0x0181, 0x0161, 0x0161, 0x0161, 0x0161, 0x0141, 0x0141, 0x0141, 
    0x0141, 0x0141, 0x0141, 0x0121, 0x0121, 0x0121, 0x0101, 0x0100, 0x0101, 0x0101, 0x00E0, 0x00E0, 
    0x00E0, 0x0020, 0x6223, 0xED26, 0x41A2, 0x49E2, 0x5202, 0x0020, 0x00A0, 0x00C0, 0x0060, 0x6A82, 
    0xAC07, 0x39C4, 0x00A1, 0x0101, 0x0101, 0x0121, 0x0121, 0x0121, 0x0141, 0x0141, 0x0141, 0x0141, 
    0x0141, 0x0141, 0x0141, 0x0141, 0x0161, 0x0161, 0x0161, 0x0161, 0x0161, 0x0161, 0x0161, 0x0161, 
    0x0161, 0x0161, 0x0161, 0x0181, 0x0161, 0x0181, 0x0181, 0x0181, 0x0181, 0x0182, 0x01A2, 0x0182, 
    0x0181, 0x0161, 0x0161, 0x0161, 0x0181, 0x0161, 0x0161, 0x0161, 0x0161, 0x0161, 0x0141, 0x0141, 
    0x0121, 0x0121, 0x0121, 0x0101, 0x0101, 0x00E1, 0x00E1, 0x00E1, 0x00E1, 0x00E1, 0x00C1, 0x00C1, 
    0x00C1, 0x00C1, 0x0060, 0x3983, 0x9B85, 0x61A0, 0x0000, 0x0060, 0x0080, 0x0020, 0x7B05, 0x1081, 
    0xB446, 0xA3C5, 0x0000, 0x0080, 0x00A0, 0x0000, 0x8B66, 0xE549, 0x0840, 0x8346, 0x18A0, 0x0080, 
    0x00A0, 0x00C0, 0x00E0, 0x00E0, 0x0100, 0x0100, 0x0101, 0x0121, 0x0121, 0x0121, 0x0121, 0x0121, 
    0x0121, 0x0121, 0x0141, 0x0141, 0x0121, 0x0121, 0x0121, 0x0121, 0x0121, 0x0121, 0x0121, 0x0141, 
    0x0161, 0x0161, 0x0161, 0x0161, 0x0161, 0x0161, 0x0161, 0x0161, 0x0161, 0x0161, 0x0161, 0x0181, 
    0x0181, 0x0181, 0x0161, 0x0161, 0x0161, 0x0161, 0x0181, 0x0181, 0x0181, 0x0181, 0x09A1, 0x11C1, 
    0x1A02, 0x2283, 0x22A3, 0x22C3, 0x22C3, 0x22A3, 0x1A63, 0x1242, 0x0A02, 0x01E2, 0x01C2, 0x0181, 
    0x0161, 0x0161, 0x0141, 0x0161, 0x0161, 0x0181, 0x01A1, 0x01A1, 0x0181, 0x01A2, 0x01C2, 0x01C2, 
    0x01A1, 0x0181, 0x0182, 0x0181, 0x01A2, 0x01A2, 0x01A2, 0x01A2, 0x01A2, 0x01C2, 0x01C2, 0x01C2, 
    0x01C2, 0x01E2, 0x01C2, 0x01C2, 0x01C2, 0x01C2, 0x01C2, 0x01C2, 0x01E2, 0x01E2, 0x01E2, 0x01E2, 
    0x01E2, 0x01E2, 0x01E2, 0x01E2, 0x01C2, 0x01C1, 0x01C2, 0x01C2, 0x01C2, 0x01E2, 0x0202, 0x0202, 
    0x01E2, 0x01E2, 0x01E2, 0x01E2, 0x01E2, 0x01E2, 0x01E2, 0x01E2, 0x01E2, 0x01E2, 0x0202, 0x01E2, 
    0x0202, 0x0202, 0x01E2, 0x01E2, 0x01E2, 0x01E2, 0x0202, 0x0202, 0x0202, 0x0202, 0x0202, 0x0202, 
    0x01E2, 0x01E2, 0x0202, 0x0202, 0x01E2, 0x01E2, 0x01C2, 0x01C2, 0x01E2, 0x01E2, 0x01E2, 0x01E2, 
    0x01E2, 0x01E2, 0x01C2, 0x01A2, 0x01C2, 0x01C2, 0x01C2, 0x01C2, 0x01A2, 0x01A2, 0x01C2, 0x01E2, 
    0x0202, 0x0A02, 0x0A22, 0x1243, 0x1A83, 0x1AA3, 0x22C3, 0x22C3, 0x22C3, 0x22C3, 0x22C3, 0x22A3, 
    0x1A82, 0x1262, 0x1242, 0x0A02, 0x09E2, 0x01E2, 0x01C2, 0x01A2, 0x01A1, 0x0181, 0x0181, 0x0181, 
    0x01A1, 0x01C2, 0x01C2, 0x01A2, 0x01C2, 0x01A1, 0x01A1, 0x01A2, 0x0182, 0x0182, 0x0181, 0x0161, 
    0x0181, 0x01A1, 0x0181, 0x01A1, 0x01A1, 0x0181, 0x0181, 0x0161, 0x0161, 0x0161, 0x0161, 0x0181, 
    0x0181, 0x0161, 0x0161, 0x0161, 0x0161, 0x0141, 0x0141, 0x0141, 0x0141, 0x0141, 0x0121, 0x0121, 
    0x0121, 0x0121, 0x0101, 0x0101, 0x0101, 0x0101, 0x00E0, 0x00E0, 0x00E0, 0x0020, 0x6243, 0xED46, 
    0x49A2, 0x49E2, 0x5223, 0x0020, 0x00A0, 0x00C0, 0x0060, 0x6A62, 0xABE6, 0x39C4, 0x00A1, 0x0101, 
    0x0101, 0x0121, 0x0121, 0x0121, 0x0141, 0x0141, 0x0141, 0x0141, 0x0121, 0x0121, 0x0121, 0x0141, 
    0x0161, 0x0181, 0x0161, 0x0161, 0x0161, 0x0161, 0x0161, 0x0161, 0x0181, 0x0161, 0x0181, 0x0181, 
    0x0161, 0x0181, 0x0181, 0x01A2, 0x01A2, 0x01A2, 0x0181, 0x0181, 0x0181, 0x0161, 0x0161, 0x0161, 
    0x0181, 0x0181, 0x0161, 0x0161, 0x0161, 0x0161, 0x0161, 0x0141, 0x0121, 0x0121, 0x0121, 0x0121, 
    0x0101, 0x00E1, 0x00E1, 0x00E1, 0x00E1, 0x00E1, 0x00E1, 0x00C1, 0x00C1, 0x00C1, 0x0080, 0x39A3, 
    0xA3A5, 0x61A0, 0x0000, 0x0060, 0x0080, 0x0020, 0x7AE5, 0x1081, 0xB446, 0xA3C5, 0x0000, 0x0080, 
    0x00A0, 0x0000, 0x8B66, 0xE569, 0x0860, 0x8367, 0x18A1, 0x0080, 0x00A0, 0x00C0, 0x00E0, 0x00E1, 
    0x0100, 0x0100, 0x0101, 0x0121, 0x0121, 0x0101, 0x0100, 0x0100, 0x0101, 0x0121, 0x0121, 0x0121, 
    0x0121, 0x0121, 0x0121, 0x0121, 0x0121, 0x0121, 0x0121, 0x0141, 0x0161, 0x0181, 0x0181, 0x0161, 
    0x0161, 0x0181, 0x0181, 0x0181, 0x0181, 0x0161, 0x0161, 0x0161, 0x0161, 0x0181, 0x0181, 0x01C2, 
    0x09C1, 0x11E2, 0x1202, 0x1A43, 0x2263, 0x2262, 0x1A42, 0x1A02, 0x11E2, 0x09E2, 0x01E2, 0x01C2, 
    0x0181, 0x0181, 0x0181, 0x0161, 0x0161, 0x01A2, 0x0181, 0x0181, 0x0181, 0x01A2, 0x01A1, 0x01A2, 
    0x01A2, 0x01A1, 0x01A2, 0x01A2, 0x01A1, 0x01A1, 0x01A2, 0x01A2, 0x01A2, 0x01A1, 0x01A2, 0x0181, 
    0x0181, 0x01A2, 0x01C2, 0x01C2, 0x01E2, 0x01C2, 0x01E2, 0x01E2, 0x0202, 0x0202, 0x0202, 0x01E2, 
    0x01C2, 0x01C2, 0x01C2, 0x01E2, 0x01E2, 0x01E2, 0x01E2, 0x01E2, 0x01E2, 0x01C2, 0x01C2, 0x01E2, 
    0x01E2, 0x01E2, 0x01C2, 0x01C1, 0x01A2, 0x01C2, 0x0202, 0x0202, 0x0202, 0x0202, 0x0202, 0x01E2, 
    0x01E2, 0x01C2, 0x01E2, 0x01E2, 0x0202, 0x0202, 0x0222, 0x0202, 0x0202, 0x0202, 0x0202, 0x01E2, 
    0x0202, 0x01E2, 0x01E2, 0x0202, 0x0202, 0x0202, 0x0202, 0x0202, 0x0202, 0x01E2, 0x0202, 0x0202, 
    0x01E2, 0x01E2, 0x01C2, 0x01C2, 0x01C2, 0x01E2, 0x01E2, 0x0202, 0x0202, 0x01E2, 0x0202, 0x0202, 
    0x01E2, 0x01E2, 0x01C2, 0x01C2, 0x01C2, 0x01C2, 0x01A2, 0x01A2, 0x01C2, 0x01E2, 0x01E2, 0x01C2, 
    0x01C2, 0x01A1, 0x01C2, 0x01C2, 0x01C2, 0x01C1, 0x01E2, 0x0A22, 0x1263, 0x1263, 0x1263, 0x1A83, 
    0x22A3, 0x22A3, 0x1A83, 0x1A83, 0x1A63, 0x1A22, 0x11E2, 0x09C2, 0x01C2, 0x01C2, 0x01A1, 0x0181, 
    0x0181, 0x0181, 0x0181, 0x01A2, 0x01A2, 0x0182, 0x0161, 0x0181, 0x0181, 0x0181, 0x0181, 0x0181, 
    0x0181, 0x0181, 0x0181, 0x0181, 0x0181, 0x0161, 0x0161, 0x0161, 0x0141, 0x0161, 0x0161, 0x0141, 
    0x0141, 0x0141, 0x0141, 0x0121, 0x0141, 0x0141, 0x0121, 0x0121, 0x0121, 0x0101, 0x0101, 0x0101, 
    0x0101, 0x0101, 0x00E0, 0x00E0, 0x00E0, 0x0020, 0x6263, 0xED66, 0x41A2, 0x41C2, 0x5202, 0x0020, 
    0x00A0, 0x00A0, 0x0040, 0x6262, 0xA3C5, 0x39C4, 0x00A1, 0x0101, 0x0101, 0x0121, 0x0121, 0x0121, 
    0x0141, 0x0141, 0x0141, 0x0121, 0x0121, 0x0121, 0x0121, 0x0141, 0x0161, 0x0161, 0x0161, 0x0161, 
    0x0161, 0x0161, 0x0161, 0x0161, 0x0161, 0x0181, 0x0181, 0x0181, 0x0161, 0x0181, 0x0181, 0x0181, 
    0x0181, 0x0181, 0x0181, 0x0161, 0x0161, 0x0181, 0x0181, 0x0181, 0x0181, 0x0161, 0x0161, 0x0161, 
    0x0161, 0x0141, 0x0141, 0x0141, 0x0141, 0x0141, 0x0121, 0x0121, 0x0121, 0x0101, 0x00E1, 0x00E1, 
    0x00E1, 0x00E1, 0x00E1, 0x00C1, 0x00C1, 0x00E1, 0x0060, 0x41A3, 0xABE5, 0x61C0, 0x0000, 0x0060, 
    0x0080, 0x0020, 0x7B26, 0x1081, 0xB425, 0xA3A4, 0x0000, 0x0080, 0x00A0, 0x0000, 0x8B45, 0xDD49, 
    0x0860, 0x8BA8, 0x18A1, 0x0080, 0x00C0, 0x00C0, 0x00E0, 0x00E0, 0x00E0, 0x0101, 0x0101, 0x0101, 
    0x0121, 0x0100, 0x0100, 0x0100, 0x0100, 0x0101, 0x0121, 0x0121, 0x0121, 0x0121, 0x0121, 0x0121, 
    0x0121, 0x0121, 0x0141, 0x0141, 0x0161, 0x0181, 0x0161, 0x0161, 0x0181, 0x01A2, 0x01A2, 0x0181, 
    0x0161, 0x0181, 0x01A1, 0x09E2, 0x1202, 0x1A02, 0x1A22, 0x2242, 0x1A42, 0x1A22, 0x11E2, 0x09C2, 
    0x01A1, 0x0181, 0x01A2, 0x01A2, 0x01A2, 0x01A2, 0x01A2, 0x01A2, 0x0181, 0x0181, 0x0181, 0x0181, 
    0x0181, 0x01A1, 0x01A1, 0x0181, 0x0181, 0x01A1, 0x01A2, 0x01A2, 0x01A1, 0x01A1, 0x01A1, 0x01A1, 
    0x01A2, 0x01A1, 0x01A2, 0x01A2, 0x01A1, 0x01A1, 0x01A2, 0x01A1, 0x01A1, 0x01A1, 0x01A2, 0x01A1, 
    0x01C2, 0x01E2, 0x01E2, 0x01E2, 0x01E2, 0x0202, 0x01E2, 0x0202, 0x01E2, 0x01C2, 0x01E2, 0x01E2, 
    0x01E2, 0x0202, 0x0202, 0x01E2, 0x01E2, 0x01C2, 0x01C2, 0x01E2, 0x01E2, 0x01E2, 0x01E2, 0x01C2, 
    0x01C2, 0x01E2, 0x0202, 0x01E2, 0x0202, 0x0202, 0x0202, 0x01E2, 0x01E2, 0x01E2, 0x01E2, 0x0202, 
    0x01E2, 0x0223, 0x0222, 0x0202, 0x01E2, 0x01E2, 0x01E2, 0x0202, 0x01E2, 0x01E2, 0x01E2, 0x0202, 
    0x0202, 0x01E2, 0x01E2, 0x01E2, 0x0202, 0x01E2, 0x0202, 0x01E2, 0x01E2, 0x01E2, 0x01C2, 0x01C1, 
    0x01A1, 0x01C1, 0x01C2, 0x01E2, 0x01E2, 0x0202, 0x0202, 0x0202, 0x01E2, 0x01E2, 0x01E2, 0x01E2, 
    0x01E2, 0x01C2, 0x01C2, 0x01C2, 0x01C2, 0x01E2, 0x01E2, 0x01E2, 0x01E2, 0x01C2, 0x01C2, 0x01C2, 
    0x01C2, 0x01C2, 0x01C2, 0x01C2, 0x01C2, 0x01C2, 0x01C2, 0x01C2, 0x01E2, 0x01E2, 0x01E2, 0x0A02, 
    0x1222, 0x1A63, 0x1A83, 0x2283, 0x22A3, 0x22A3, 0x2283, 0x1A43, 0x1202, 0x1202, 0x0A02, 0x01C2, 
    0x0181, 0x0161, 0x0161, 0x0161, 0x0161, 0x0181, 0x0181, 0x0181, 0x0161, 0x0161, 0x0181, 0x0181, 
    0x0181, 0x0161, 0x0161, 0x0141, 0x0141, 0x0141, 0x0141, 0x0141, 0x0141, 0x0141, 0x0141, 0x0141, 
    0x0141, 0x0141, 0x0141, 0x0121, 0x0121, 0x0101, 0x0101, 0x0101, 0x0101, 0x0100, 0x00E0, 0x00E1, 
    0x00E0, 0x0020, 0x6263, 0xED46, 0x4182, 0x49C2, 0x5223, 0x0000, 0x00A0, 0x00A0, 0x0040, 0x6222, 
    0xABC5, 0x39C4, 0x00A1, 0x0101, 0x0101, 0x0121, 0x0121, 0x0121, 0x0141, 0x0141, 0x0121, 0x0121, 
    0x0121, 0x0141, 0x0141, 0x0141, 0x0161, 0x0161, 0x0161, 0x0181, 0x0181, 0x0181, 0x0161, 0x0181, 
    0x0181, 0x0181, 0x0181, 0x0182, 0x0181, 0x0181, 0x0181, 0x0181, 0x0181, 0x0161, 0x0161, 0x0161, 
    0x0161, 0x0181, 0x0181, 0x0181, 0x0161, 0x0161, 0x0161, 0x0161, 0x0161, 0x0141, 0x0141, 0x0141, 
    0x0141, 0x0141, 0x0141, 0x0121, 0x0121, 0x0121, 0x0101, 0x0101, 0x00E1, 0x00E1, 0x00E1, 0x00E1, 
    0x00E1, 0x00E1, 0x0060, 0x41C3, 0xABE5, 0x69C0, 0x0000, 0x0060, 0x0080, 0x0020, 0x7B26, 0x1081, 
    0xB425, 0xA3A4, 0x0000, 0x0080, 0x0060, 0x0000, 0x8304, 0xDD28, 0x0860, 0x8BA8, 0x18C1, 0x0060, 
    0x00A0, 0x00C0, 0x00C0, 0x00E0, 0x00E0, 0x0100, 0x0100, 0x0100, 0x0101, 0x0100, 0x0100, 0x0101, 
    0x0100, 0x0100, 0x0101, 0x0121, 0x0101, 0x0121, 0x0141, 0x0121, 0x0121, 0x0141, 0x0121, 0x0141, 
    0x0161, 0x0161, 0x0161, 0x0161, 0x0181, 0x01A2, 0x09E2, 0x1222, 0x1A43, 0x2242, 0x2242, 0x2262, 
    0x1A22, 0x09C2, 0x0181, 0x0181, 0x0181, 0x0181, 0x0181, 0x0181, 0x0161, 0x0181, 0x01A2, 0x01C2, 
    0x01C2, 0x01C2, 0x01A1, 0x0181, 0x0181, 0x0181, 0x0181, 0x0181, 0x01A1, 0x01A1, 0x0181, 0x0181, 
    0x01A1, 0x01A2, 0x01A2, 0x01C2, 0x01A2, 0x0181, 0x0181, 0x01A2, 0x01A2, 0x01A2, 0x01A1, 0x0181, 
    0x0181, 0x01A1, 0x01A1, 0x01A2, 0x01A2, 0x01C2, 0x01A2, 0x01A1, 0x01C2, 0x01E2, 0x0202, 0x01E2, 
    0x01C2, 0x01E2, 0x01C2, 0x01E2, 0x0202, 0x0202, 0x01E2, 0x0202, 0x0202, 0x01E2, 0x01E2, 0x01C2, 
    0x01E2, 0x01E2, 0x01E2, 0x01E2, 0x01E2, 0x01E2, 0x01E2, 0x01E2, 0x01E2, 0x01E2, 0x0202, 0x0202, 
    0x0202, 0x0202, 0x0202, 0x01E2, 0x01E2, 0x01E2, 0x01E2, 0x01E2, 0x0202, 0x0202, 0x0222, 0x0202, 
    0x01E2, 0x01C2, 0x01E2, 0x0202, 0x01E2, 0x01E2, 0x01E2, 0x01E2, 0x0202, 0x01E2, 0x01E2, 0x01E2, 
    0x0202, 0x01E2, 0x01E2, 0x0202, 0x01E2, 0x01C2, 0x01C2, 0x01C2, 0x01E2, 0x01C2, 0x01C2, 0x01E2, 
    0x01E2, 0x0202, 0x0202, 0x0202, 0x01E2, 0x01E2, 0x01E2, 0x01E2, 0x01C2, 0x01C2, 0x01C2, 0x01C2, 
    0x01C2, 0x01C2, 0x01C2, 0x01E2, 0x01C2, 0x01C2, 0x01A2, 0x01A2, 0x01A2, 0x01C2, 0x01C2, 0x01C2, 
    0x01A1, 0x01C2, 0x01E2, 0x01E2, 0x01E2, 0x01C1, 0x01C2, 0x01C2, 0x01A1, 0x01A1, 0x01A2, 0x01A2, 
    0x01E2, 0x01E2, 0x0A02, 0x1223, 0x1A63, 0x22A3, 0x22A3, 0x2263, 0x1A22, 0x1A22, 0x1202, 0x09C2, 
    0x0181, 0x0161, 0x0161, 0x0161, 0x0161, 0x0181, 0x0181, 0x0181, 0x0161, 0x0161, 0x0161, 0x0141, 
    0x0141, 0x0121, 0x0141, 0x0121, 0x0121, 0x0121, 0x0141, 0x0141, 0x0141, 0x0141, 0x0121, 0x0121, 
    0x0121, 0x0121, 0x0101, 0x0101, 0x0101, 0x0101, 0x0101, 0x00E1, 0x00E0, 0x0000, 0x6223, 0xED46, 
    0x4182, 0x4A03, 0x5A43, 0x0000, 0x00A0, 0x00A0, 0x0040, 0x6221, 0xABE6, 0x39C4, 0x00A1, 0x0101, 
    0x0101, 0x0121, 0x0121, 0x0121, 0x0121, 0x0121, 0x0121, 0x0121, 0x0121, 0x0121, 0x0121, 0x0141, 
    0x0141, 0x0161, 0x0161, 0x0181, 0x0181, 0x0181, 0x0181, 0x0182, 0x0182, 0x0181, 0x0181, 0x0181, 
    0x0181, 0x0181, 0x0181, 0x0181, 0x0161, 0x0161, 0x0141, 0x0161, 0x0161, 0x0161, 0x0161, 0x0181, 
    0x0161, 0x0161, 0x0161, 0x0161, 0x0141, 0x0141, 0x0141, 0x0121, 0x0141, 0x0121, 0x0121, 0x0121, 
    0x0121, 0x0121, 0x0101, 0x0101, 0x0101, 0x00E1, 0x00E1, 0x00E1, 0x00E1, 0x00E1, 0x0060, 0x41C3, 
    0xA3C6, 0x61C0, 0x0000, 0x0060, 0x0080, 0x0020, 0x72E5, 0x1060, 0xB425, 0xA3A4, 0x0000, 0x0080, 
    0x0080, 0x0000, 0x7AC4, 0xD508, 0x0860, 0x8B87, 0x18A1, 0x0060, 0x00A0, 0x00C0, 0x00C0, 0x00C0, 
    0x00E0, 0x00E0, 0x0100, 0x0101, 0x0101, 0x0101, 0x0101, 0x0101, 0x0100, 0x0100, 0x0100, 0x0121, 
    0x0121, 0x0121, 0x0121, 0x0121, 0x0121, 0x0121, 0x0121, 0x0121, 0x0141, 0x0161, 0x0181, 0x09C1, 
    0x1222, 0x1A42, 0x2242, 0x1A22, 0x1202, 0x09C2, 0x0181, 0x0161, 0x0161, 0x0181, 0x0181, 0x0182, 
    0x0181, 0x0181, 0x01A1, 0x01A1, 0x01A1, 0x01A1, 0x01A2, 0x01A2, 0x01A2, 0x01A2, 0x01A2, 0x0181, 
    0x01A1, 0x01A1, 0x0181, 0x0181, 0x0181, 0x0181, 0x0181, 0x01A2, 0x01A2, 0x01A2, 0x01A1, 0x01A2, 
    0x01C2, 0x01C2, 0x01A2, 0x01A2, 0x01A2, 0x01A1, 0x01A2, 0x01A1, 0x01A1, 0x01A1, 0x01A2, 0x01C2, 
    0x01C2, 0x01C2, 0x01A2, 0x01A2, 0x01C2, 0x01C2, 0x01E2, 0x01E2, 0x01C2, 0x01E2, 0x01E2, 0x01E2, 
    0x0202, 0x0202, 0x01E2, 0x0222, 0x0222, 0x01E2, 0x01E2, 0x01C2, 0x01E2, 0x01E2, 0x0202, 0x0202, 
    0x01E2, 0x01C1, 0x01C2, 0x01E2, 0x01E2, 0x01E2, 0x0202, 0x0222, 0x0202, 0x0202, 0x01E2, 0x01E2, 
    0x0202, 0x01E2, 0x01E2, 0x01E2, 0x01E2, 0x0222, 0x0222, 0x0202, 0x0202, 0x01E2, 0x01E2, 0x01E2, 
    0x01E2, 0x01E2, 0x01C2, 0x01E2, 0x01E2, 0x01E2, 0x01E2, 0x01E2, 0x0202, 0x0202, 0x01E2, 0x01E2, 
    0x01E2, 0x01E2, 0x01E2, 0x0202, 0x0202, 0x0202, 0x01E2, 0x0202, 0x01E2, 0x01E2, 0x01E2, 0x0202, 
    0x0202, 0x0202, 0x0202, 0x01E2, 0x01C2, 0x01C2, 0x01C2, 0x01E2, 0x01E2, 0x01C2, 0x01C2, 0x01C2, 
    0x01C2, 0x01C2, 0x01A2, 0x01C2, 0x01C2, 0x01C2, 0x01C2, 0x01C2, 0x01A2, 0x01A1, 0x01C2, 0x01C2, 
    0x01C2, 0x01C2, 0x01C2, 0x01C2, 0x01C2, 0x01C2, 0x01C2, 0x01A2, 0x01A2, 0x01A2, 0x0182, 0x0182, 
    0x01A1, 0x01A1, 0x01A1, 0x0181, 0x0981, 0x09C2, 0x1A02, 0x2242, 0x2242, 0x1A02, 0x1A02, 0x1202, 
    0x0A02, 0x01A1, 0x0181, 0x0181, 0x0181, 0x0181, 0x0181, 0x0141, 0x0141, 0x0141, 0x0141, 0x0141, 
    0x0141, 0x0141, 0x0141, 0x0121, 0x0121, 0x0121, 0x0121, 0x0121, 0x0121, 0x0121, 0x0101, 0x0101, 
    0x0101, 0x0101, 0x00E0, 0x00E0, 0x00C0, 0x0000, 0x6223, 0xF567, 0x49A2, 0x49A1, 0x51E2, 0x0020, 
    0x0080, 0x00A0, 0x0040, 0x6242, 0xB406, 0x39A4, 0x00A1, 0x0101, 0x0101, 0x0121, 0x0121, 0x0121, 
    0x0121, 0x0141, 0x0121, 0x0121, 0x0121, 0x0121, 0x0121, 0x0141, 0x0141, 0x0161, 0x0161, 0x0161, 
    0x0161, 0x0161, 0x0181, 0x0181, 0x0182, 0x0181, 0x0181, 0x0181, 0x0181, 0x0161, 0x0161, 0x0161, 
    0x0161, 0x0161, 0x0161, 0x0161, 0x0161, 0x0161, 0x0161, 0x0161, 0x0161, 0x0141, 0x0141, 0x0141, 
    0x0141, 0x0141, 0x0121, 0x0141, 0x0141, 0x0121, 0x0121, 0x0121, 0x0121, 0x0121, 0x0101, 0x0101, 
    0x00E1, 0x00E1, 0x00E1, 0x00E1, 0x00E1, 0x00E1, 0x0060, 0x41A3, 0xA3C6, 0x61A0, 0x0000, 0x0080, 
    0x0080, 0x0020, 0x72A4, 0x1060, 0xB425, 0x9B84, 0x0000, 0x0060, 0x00A0, 0x0000, 0x82E4, 0xD4E7, 
    0x0860, 0x8B87, 0x18A1, 0x0060, 0x00A0, 0x00C0, 0x00C0, 0x00C0, 0x00E0, 0x00E0, 0x00E0, 0x0100, 
    0x0100, 0x0101, 0x0101, 0x0101, 0x0101, 0x0101, 0x0101, 0x0100, 0x0121, 0x0121, 0x0121, 0x0101, 
    0x0121, 0x0121, 0x0141, 0x0981, 0x11A1, 0x19C2, 0x11C1, 0x11E2, 0x09E2, 0x01A1, 0x0161, 0x0161, 
    0x0181, 0x0181, 0x0181, 0x0161, 0x0161, 0x0181, 0x0181, 0x0182, 0x0181, 0x0181, 0x0181, 0x0181, 
    0x01A1, 0x01A2, 0x01A1, 0x01A1, 0x01A1, 0x01C2, 0x01A2, 0x01A1, 0x01C2, 0x01A2, 0x01A1, 0x01A1, 
    0x01A1, 0x01A1, 0x01A1, 0x01A2, 0x01C2, 0x01C2, 0x01A1, 0x01A2, 0x01C2, 0x01C2, 0x01C2, 0x01C2, 
    0x01A2, 0x01A1, 0x01A2, 0x01A2, 0x01A1, 0x01A2, 0x01A2, 0x01A2, 0x01A1, 0x01A2, 0x01C2, 0x01A1, 
    0x01A2, 0x01C2, 0x01C2, 0x01E2, 0x01E2, 0x01E2, 0x01E2, 0x01E2, 0x0202, 0x0202, 0x0202, 0x0202, 
    0x0202, 0x0202, 0x0202, 0x01E2, 0x01E2, 0x0202, 0x01E2, 0x0202, 0x01E2, 0x01C1, 0x01C2, 0x01A2, 
    0x01A1, 0x01C2, 0x0202, 0x0202, 0x0202, 0x0202, 0x01E2, 0x0202, 0x0202, 0x0202, 0x0202, 0x01E2, 
    0x0202, 0x0202, 0x0202, 0x0202, 0x0222, 0x0202, 0x0202, 0x01E2, 0x01E2, 0x01C2, 0x01A2, 0x01E2, 
    0x01E2, 0x01E2, 0x01E2, 0x01E2, 0x01E2, 0x0202, 0x0202, 0x01E2, 0x0202, 0x0202, 0x0202, 0x0202, 
    0x0202, 0x0202, 0x0202, 0x0202, 0x01E2, 0x01E2, 0x0202, 0x0202, 0x0222, 0x0202, 0x01E2, 0x01E2, 
    0x01E2, 0x01E2, 0x01E2, 0x01C2, 0x01E2, 0x01E2, 0x01C2, 0x01C2, 0x01C2, 0x01C2, 0x01C2, 0x01E2, 
    0x01E2, 0x01C2, 0x01A2, 0x01C2, 0x01C2, 0x01A1, 0x0181, 0x01A1, 0x01A1, 0x01C2, 0x01C2, 0x01C2, 
    0x01C2, 0x01C2, 0x01C2, 0x01A2, 0x01A2, 0x01A2, 0x0181, 0x01A1, 0x01A2, 0x01A1, 0x0181, 0x0181, 
    0x0181, 0x0161, 0x0161, 0x0181, 0x0181, 0x01A1, 0x09E2, 0x1222, 0x1A42, 0x2263, 0x1A23, 0x1222, 
    0x09E2, 0x01A2, 0x0161, 0x0141, 0x0141, 0x0141, 0x0161, 0x0161, 0x0161, 0x0141, 0x0141, 0x0141, 
    0x0141, 0x0121, 0x0121, 0x0121, 0x0121, 0x0121, 0x0121, 0x0101, 0x0101, 0x00E0, 0x00E0, 0x00C0, 
    0x00A0, 0x0000, 0x6A43, 0xFDA7, 0x49C2, 0x4160, 0x49A1, 0x0020, 0x00A0, 0x00A0, 0x0040, 0x6A62, 
    0xB426, 0x3183, 0x00A1, 0x0121, 0x0121, 0x0121, 0x0121, 0x0121, 0x0121, 0x0121, 0x0141, 0x0141, 
    0x0141, 0x0141, 0x0141, 0x0141, 0x0141, 0x0141, 0x0141, 0x0161, 0x0161, 0x0181, 0x0181, 0x0161, 
    0x0161, 0x0161, 0x0181, 0x0181, 0x0181, 0x0161, 0x0161, 0x0161, 0x0161, 0x0161, 0x0161, 0x0161, 
    0x0161, 0x0161, 0x0161, 0x0141, 0x0141, 0x0141, 0x0141, 0x0141, 0x0141, 0x0121, 0x0121, 0x0121, 
    0x0121, 0x0121, 0x0121, 0x0121, 0x0121, 0x0121, 0x0101, 0x0101, 0x00E1, 0x00E1, 0x00E1, 0x00E1, 
    0x00E1, 0x00E1, 0x0060, 0x3963, 0xA3C6, 0x61A0, 0x0000, 0x0080, 0x0080, 0x0000, 0x6A83, 0x1060, 
    0xB425, 0x9B84, 0x0000, 0x0060, 0x00A0, 0x0000, 0x8304, 0xD507, 0x0860, 0x8B87, 0x18A1, 0x0060, 
    0x00A0, 0x00A0, 0x00C0, 0x00C0, 0x00E0, 0x00E0, 0x00E0, 0x00E0, 0x00E0, 0x00E1, 0x00E1, 0x00E1, 
    0x00E1, 0x0101, 0x0101, 0x0101, 0x0101, 0x0101, 0x0121, 0x0961, 0x11A1, 0x11A1, 0x1181, 0x1181, 
    0x0961, 0x0141, 0x0141, 0x0161, 0x0161, 0x0161, 0x0161, 0x0161, 0x0181, 0x0181, 0x0181, 0x0181, 
    0x0161, 0x0161, 0x0161, 0x0181, 0x0181, 0x0181, 0x01A1, 0x01A2, 0x01A2, 0x01A1, 0x0181, 0x0181, 
    0x0181, 0x01C2, 0x01A2, 0x01A2, 0x01A2, 0x01A1, 0x01A1, 0x01A1, 0x01A1, 0x01A1, 0x01A1, 0x01A1, 
    0x01A2, 0x01C2, 0x01C2, 0x01C2, 0x01C2, 0x01C2, 0x01C2, 0x01A2, 0x01A2, 0x01C2, 0x01C2, 0x01C2, 
    0x01C2, 0x01C2, 0x0181, 0x01A1, 0x01A2, 0x01A2, 0x01C2, 0x01C2, 0x01C2, 0x01C2, 0x01C1, 0x01C1, 
    0x01E2, 0x0202, 0x01E2, 0x01E2, 0x01E2, 0x01E2, 0x0202, 0x0202, 0x01E2, 0x01E2, 0x0202, 0x0202, 
    0x0202, 0x0202, 0x01E2, 0x01E2, 0x01E2, 0x01E2, 0x01E2, 0x01C2, 0x01A1, 0x01A1, 0x01E2, 0x0202, 
    0x0202, 0x0202, 0x0202, 0x0202, 0x0202, 0x0203, 0x0202, 0x0202, 0x0202, 0x0202, 0x0202, 0x0202, 
    0x0222, 0x0202, 0x01E2, 0x01E2, 0x01C2, 0x01C2, 0x01C2, 0x01C2, 0x01E2, 0x01E2, 0x01E2, 0x01E2, 
    0x01E2, 0x01E2, 0x0202, 0x0202, 0x0202, 0x0202, 0x0202, 0x0222, 0x0202, 0x0202, 0x01E2, 0x01E2, 
    0x01E2, 0x0202, 0x0202, 0x0202, 0x0202, 0x0202, 0x0202, 0x01E2, 0x01C2, 0x01C2, 0x01C2, 0x01C2, 
    0x01C2, 0x01E2, 0x01E2, 0x01C2, 0x01C2, 0x01C2, 0x01E2, 0x01E2, 0x01E2, 0x01C2, 0x01C2, 0x01C2, 
    0x01C2, 0x0181, 0x0161, 0x0181, 0x0181, 0x01A1, 0x01C2, 0x01C2, 0x01C2, 0x01C2, 0x01C2, 0x01C2, 
    0x01A2, 0x01A2, 0x01A2, 0x01A2, 0x01A1, 0x0181, 0x0181, 0x0181, 0x0181, 0x0181, 0x0161, 0x0181, 
    0x0181, 0x0161, 0x0161, 0x0161, 0x0161, 0x01A1, 0x01C2, 0x09C2, 0x19E2, 0x19E2, 0x19E2, 0x11E2, 
    0x09A2, 0x0181, 0x0161, 0x0141, 0x0161, 0x0161, 0x0141, 0x0121, 0x0121, 0x0141, 0x0121, 0x0101, 
    0x0121, 0x0121, 0x0101, 0x0101, 0x0101, 0x00E0, 0x00C0, 0x00C0, 0x00A0, 0x0000, 0x6A63, 0xFDC8, 
    0x49C2, 0x4181, 0x51E2, 0x0020, 0x00A0, 0x00A0, 0x0020, 0x6A42, 0xA3A5, 0x5A85, 0x00C1, 0x00A1, 
    0x0121, 0x0121, 0x0121, 0x0121, 0x0121, 0x0121, 0x0121, 0x0121, 0x0141, 0x0141, 0x0141, 0x0141, 
    0x0141, 0x0141, 0x0141, 0x0141, 0x0161, 0x0161, 0x0161, 0x0161, 0x0161, 0x0161, 0x0161, 0x0181, 
    0x0181, 0x0181, 0x0161, 0x0161, 0x0141, 0x0161, 0x0161, 0x0161, 0x0161, 0x0161, 0x0141, 0x0141, 
    0x0141, 0x0141, 0x0141, 0x0121, 0x0141, 0x0121, 0x0121, 0x0121, 0x0121, 0x0121, 0x0101, 0x0101, 
    0x0101, 0x0101, 0x0101, 0x0101, 0x00E1, 0x00E1, 0x00E1, 0x00E1, 0x00E1, 0x0080, 0x0040, 0x72C5, 
    0x9365, 0x61C0, 0x0000, 0x0080, 0x0080, 0x0000, 0x72A4, 0x1060, 0xBC66, 0xA3E5, 0x0000, 0x0080, 
    0x00A0, 0x0000, 0x7AE4, 0xD4E7, 0x0860, 0x8B46, 0x18A0, 0x0060, 0x00A0, 0x00A0, 0x00C0, 0x00C0, 
    0x00C0, 0x00C0, 0x00E0, 0x00E0, 0x00E0, 0x00E1, 0x00E1, 0x00E1, 0x0101, 0x0100, 0x0100, 0x0121, 
    0x0141, 0x0961, 0x11A1, 0x1181, 0x0961, 0x0141, 0x0101, 0x0100, 0x0101, 0x0121, 0x0141, 0x0161, 
    0x0161, 0x0161, 0x0141, 0x0161, 0x0161, 0x0161, 0x0161, 0x0161, 0x0161, 0x0161, 0x0181, 0x0181, 
    0x0181, 0x0181, 0x01A1, 0x01A2, 0x01A1, 0x01A1, 0x0181, 0x01A1, 0x0181, 0x01A2, 0x01A1, 0x01A1, 
    0x01A1, 0x01A1, 0x01A1, 0x01A1, 0x01A1, 0x01A1, 0x0181, 0x0181, 0x01A2, 0x01C2, 0x01C2, 0x01C2, 
    0x01C2, 0x01C2, 0x01A2, 0x01A1, 0x01C2, 0x01A1, 0x01C2, 0x01A2, 0x01A2, 0x01C1, 0x01A1, 0x01A1, 
    0x01A1, 0x01A2, 0x01A2, 0x01C2, 0x01C2, 0x01C1, 0x01C1, 0x01A1, 0x01E2, 0x01E2, 0x01E2, 0x01C2, 
    0x01E2, 0x0202, 0x01E2, 0x0202, 0x01E2, 0x01E2, 0x01E2, 0x0202, 0x0202, 0x01E2, 0x01E2, 0x01E2, 
    0x01C2, 0x01E2, 0x01E2, 0x01C2, 0x01C2, 0x01E2, 0x0202, 0x01E2, 0x01E2, 0x01E2, 0x0202, 0x0202, 
    0x0202, 0x0202, 0x0202, 0x0222, 0x0223, 0x0202, 0x01E2, 0x0202, 0x0202, 0x0202, 0x01E2, 0x01E2, 
    0x01C2, 0x01C2, 0x01C2, 0x01E2, 0x01E2, 0x01E2, 0x01E2, 0x01E2, 0x01E2, 0x0202, 0x0222, 0x0202, 
    0x0202, 0x0202, 0x0222, 0x0222, 0x0202, 0x0202, 0x01E2, 0x01E2, 0x01E2, 0x0202, 0x0202, 0x0202, 
    0x0202, 0x0202, 0x01E2, 0x01E2, 0x01C2, 0x01C2, 0x01E2, 0x01C2, 0x01C2, 0x01C2, 0x01E2, 0x01E2, 
    0x01E2, 0x01E2, 0x01C2, 0x01C2, 0x01C2, 0x01C2, 0x01C2, 0x01C2, 0x01C2, 0x01A1, 0x0161, 0x0161, 
    0x0181, 0x01C2, 0x01C2, 0x01C2, 0x01C2, 0x01C2, 0x01C2, 0x01A2, 0x01A2, 0x01A2, 0x01A2, 0x01A2, 
    0x01A1, 0x0181, 0x0181, 0x0181, 0x0181, 0x0181, 0x0161, 0x0161, 0x0161, 0x0161, 0x0161, 0x0161, 
    0x0161, 0x0161, 0x0161, 0x0161, 0x0141, 0x0141, 0x0161, 0x09A2, 0x19E2, 0x2222, 0x11E2, 0x09A1, 
    0x0181, 0x0161, 0x0141, 0x0141, 0x0141, 0x0121, 0x0121, 0x0101, 0x0121, 0x0121, 0x0101, 0x0101, 
    0x0101, 0x00E0, 0x00C0, 0x00C0, 0x00C0, 0x0000, 0x6A63, 0xFDA7, 0x49A2, 0x49E2, 0x5223, 0x0020, 
    0x00C0, 0x00A0, 0x0000, 0x59C1, 0x8AE3, 0x6AE5, 0x9C08, 0x3A04, 0x00C1, 0x0101, 0x0101, 0x0101, 
    0x0101, 0x0121, 0x0121, 0x0121, 0x0121, 0x0141, 0x0141, 0x0141, 0x0141, 0x0141, 0x0141, 0x0141, 
    0x0161, 0x0161, 0x0161, 0x0161, 0x0161, 0x0161, 0x0161, 0x0161, 0x0161, 0x0161, 0x0141, 0x0141, 
    0x0141, 0x0161, 0x0161, 0x0161, 0x0141, 0x0141, 0x0141, 0x0141, 0x0141, 0x0141, 0x0121, 0x0121, 
    0x0121, 0x0121, 0x0101, 0x0101, 0x0101, 0x0101, 0x0101, 0x0101, 0x0101, 0x0101, 0x0101, 0x00E1, 
    0x00E1, 0x00E1, 0x00E1, 0x00E1, 0x00A0, 0x3162, 0x9366, 0x72A4, 0x7AA3, 0x61E0, 0x0020, 0x0080, 
    0x0080, 0x0000, 0x72C4, 0x1060, 0xC4C8, 0xAC26, 0x0000, 0x0080, 0x00A0, 0x0000, 0x7AC3, 0xD4C6, 
    0x0860, 0x7AE3, 0x1080, 0x0060, 0x00A0, 0x00A0, 0x00A0, 0x00A0, 0x00A0, 0x00C0, 0x00C0, 0x00E0, 
    0x00E0, 0x00E0, 0x00E0, 0x00E1, 0x0101, 0x0141, 0x0961, 0x11A1, 0x1181, 0x0141, 0x0121, 0x0101, 
    0x0101, 0x0101, 0x0121, 0x0121, 0x0121, 0x0141, 0x0141, 0x0141, 0x0141, 0x0141, 0x0161, 0x0141, 
    0x0141, 0x0141, 0x0161, 0x0161, 0x0161, 0x0181, 0x0181, 0x0181, 0x0181, 0x0181, 0x01A1, 0x01A1, 
    0x0181, 0x0181, 0x01A1, 0x01A1, 0x01A1, 0x01C2, 0x01A2, 0x01A2, 0x01A1, 0x01A1, 0x01A1, 0x01A1, 
    0x01C1, 0x01A1, 0x01A1, 0x01A1, 0x01A1, 0x01A2, 0x01A2, 0x01A1, 0x01A2, 0x01C2, 0x01A2, 0x01A2, 
    0x01A2, 0x01A1, 0x01A1, 0x01A2, 0x01C2, 0x01C2, 0x01C2, 0x01C2, 0x01A2, 0x01A2, 0x01A1, 0x01C2, 
    0x01C2, 0x01C2, 0x01C2, 0x01E2, 0x0202, 0x01E2, 0x01E2, 0x01E2, 0x01E2, 0x01E2, 0x01E2, 0x0202, 
    0x01E2, 0x01E2, 0x01E2, 0x01E2, 0x0202, 0x0202, 0x01E2, 0x01E2, 0x01E2, 0x01E2, 0x01E2, 0x01E2, 
    0x01E2, 0x0202, 0x0202, 0x0202, 0x01E2, 0x01E2, 0x0202, 0x01E2, 0x01C2, 0x01E2, 0x0202, 0x0202, 
    0x0202, 0x0202, 0x0202, 0x0202, 0x0222, 0x0202, 0x0202, 0x01E2, 0x01E2, 0x01C2, 0x01C2, 0x01E2, 
    0x01E2, 0x01E2, 0x01E2, 0x01E2, 0x0202, 0x0222, 0x0243, 0x0222, 0x0222, 0x0222, 0x0222, 0x0202, 
    0x0202, 0x0202, 0x01E2, 0x01E2, 0x01E2, 0x01E2, 0x0202, 0x0202, 0x01E2, 0x01E2, 0x01E2, 0x01E2, 
    0x01E2, 0x01E2, 0x01E2, 0x01C2, 0x01C2, 0x01C2, 0x01E2, 0x01E2, 0x01E2, 0x01C2, 0x01C2, 0x01C2, 
    0x01C2, 0x01C2, 0x01C2, 0x01C2, 0x01C2, 0x01A1, 0x0181, 0x0181, 0x01A1, 0x01C2, 0x01C2, 0x01A2, 
    0x01C2, 0x01A2, 0x01A1, 0x01A1, 0x01A1, 0x01A2, 0x01A2, 0x01A1, 0x01A1, 0x0181, 0x0181, 0x0181, 
    0x01A1, 0x0181, 0x0181, 0x0181, 0x0161, 0x0161, 0x0161, 0x0161, 0x0161, 0x0161, 0x0161, 0x0181, 
    0x0181, 0x0161, 0x0161, 0x0161, 0x0161, 0x0181, 0x09A1, 0x11A1, 0x11C1, 0x11E2, 0x09C2, 0x01A1, 
    0x0161, 0x0121, 0x0121, 0x0101, 0x0101, 0x0101, 0x0101, 0x0100, 0x0100, 0x00E0, 0x00E0, 0x00C0, 
    0x00C0, 0x0000, 0x6A83, 0xF5A7, 0x49A2, 0x4A03, 0x5243, 0x0020, 0x00C0, 0x00A0, 0x0000, 0x61E1, 
    0x9B64, 0x0100, 0x6C86, 0xAC67, 0x0040, 0x00E1, 0x0121, 0x0121, 0x0121, 0x0121, 0x0122, 0x0142, 
    0x0142, 0x0142, 0x0141, 0x0141, 0x0141, 0x0141, 0x0141, 0x0162, 0x0161, 0x0161, 0x0162, 0x0162, 
    0x0182, 0x0162, 0x0162, 0x0161, 0x0162, 0x0162, 0x0162, 0x0162, 0x0162, 0x0162, 0x0162, 0x0162, 
    0x0142, 0x0142, 0x0141, 0x0141, 0x0141, 0x0141, 0x0141, 0x0121, 0x0121, 0x0121, 0x0121, 0x0121, 
    0x0101, 0x0101, 0x0101, 0x0101, 0x0101, 0x0101, 0x0101, 0x0101, 0x00E1, 0x00E1, 0x00E1, 0x00C1, 
    0x0020, 0x9C27, 0xAD47, 0x0120, 0x82C3, 0x69E0, 0x0000, 0x0060, 0x0060, 0x0000, 0x72C4, 0x1060, 
    0xC509, 0xB448, 0x0000, 0x0080, 0x00A0, 0x0000, 0x7AC3, 0xCC85, 0x0860, 0x82E3, 0x1080, 0x0060, 
    0x0080, 0x00A0, 0x00A0, 0x00A0, 0x00A0, 0x00A0, 0x00C0, 0x00C0, 0x00C0, 0x00C0, 0x0101, 0x0941, 
    0x19A1, 0x11A2, 0x0961, 0x0141, 0x0121, 0x0101, 0x0101, 0x0121, 0x0121, 0x0121, 0x0121, 0x0121, 
    0x0121, 0x0121, 0x0121, 0x0141, 0x0141, 0x0141, 0x0141, 0x0141, 0x0141, 0x0141, 0x0161, 0x0161, 
    0x0181, 0x0181, 0x0181, 0x0181, 0x01A1, 0x01A1, 0x01A1, 0x0181, 0x0181, 0x0181, 0x01A1, 0x01A2, 
    0x01A1, 0x01A1, 0x01A1, 0x01A1, 0x01A1, 0x01A1, 0x0181, 0x0181, 0x01A1, 0x01C1, 0x01C2, 0x01A2, 
    0x01C2, 0x01C2, 0x01A1, 0x01A1, 0x01A1, 0x01A1, 0x01C1, 0x01A1, 0x01A2, 0x01A1, 0x01A1, 0x01A1, 
    0x01A2, 0x01C2, 0x01C2, 0x01C2, 0x01A2, 0x01A2, 0x01A1, 0x01C2, 0x01C2, 0x01C2, 0x01E2, 0x01E2, 
    0x0202, 0x01E2, 0x01E2, 0x01C2, 0x01E2, 0x01E2, 0x01E2, 0x01E2, 0x01E2, 0x01E2, 0x01E2, 0x01E2, 
    0x01E2, 0x0202, 0x01E2, 0x01E2, 0x01E2, 0x01E2, 0x01E2, 0x01E2, 0x0202, 0x0202, 0x0202, 0x0202, 
    0x0202, 0x0202, 0x01E2, 0x01C2, 0x01A1, 0x01E2, 0x0202, 0x0202, 0x0202, 0x0202, 0x0202, 0x0202, 
    0x0202, 0x0202, 0x01E2, 0x01E2, 0x0202, 0x01E2, 0x01E2, 0x0202, 0x0202, 0x0202, 0x01E2, 0x01E2, 
    0x0202, 0x0243, 0x0263, 0x0263, 0x0243, 0x0222, 0x0202, 0x0202, 0x0222, 0x0202, 0x01E2, 0x01E2, 
    0x01E2, 0x0202, 0x0202, 0x01E2, 0x01E2, 0x01E2, 0x01E2, 0x01E2, 0x01E2, 0x01C2, 0x01E2, 0x01E2, 
    0x01C2, 0x01C2, 0x01E2, 0x01E2, 0x01E2, 0x01C2, 0x01C2, 0x01C2, 0x01C2, 0x01C2, 0x01C2, 0x01C2, 
    0x01C2, 0x01A2, 0x01A1, 0x01A1, 0x01A2, 0x01C2, 0x01C2, 0x01A2, 0x01A1, 0x01A1, 0x01A2, 0x01A2, 
    0x01A2, 0x01C2, 0x01C2, 0x01A2, 0x01A1, 0x01A1, 0x0181, 0x01A1, 0x01A1, 0x01A1, 0x01A1, 0x0181, 
    0x0181, 0x0161, 0x0161, 0x0181, 0x0161, 0x0161, 0x0161, 0x0181, 0x0181, 0x0181, 0x0181, 0x0161, 
    0x0181, 0x0181, 0x0181, 0x0141, 0x0141, 0x0981, 0x11C2, 0x1A22, 0x1A02, 0x0981, 0x0121, 0x0101, 
    0x0121, 0x0121, 0x0121, 0x0101, 0x0101, 0x00E0, 0x00E0, 0x00C0, 0x00C0, 0x0000, 0x6A63, 0xF587, 
    0x49A2, 0x4A03, 0x5243, 0x0020, 0x00A0, 0x00A0, 0x0060, 0x4161, 0xE527, 0x4A64, 0x0100, 0x93E6, 
    0x62A5, 0x08C1, 0x00C1, 0x00A1, 0x00A1, 0x00A1, 0x00A1, 0x00A1, 0x00A1, 0x00A1, 0x00A1, 0x00C1, 
    0x00C1, 0x00C1, 0x00C0, 0x00C0, 0x00C1, 0x00C0, 0x00C0, 0x00C0, 0x00E1, 0x00E1, 0x00E1, 0x00C0, 
    0x00C1, 0x00C1, 0x00C1, 0x00C1, 0x00C0, 0x00C0, 0x00C1, 0x00C1, 0x00C1, 0x00C1, 0x00C1, 0x00C1, 
    0x00C1, 0x00A1, 0x00A0, 0x00A0, 0x0080, 0x0080, 0x0080, 0x00A1, 0x0081, 0x0080, 0x0080, 0x0081, 
    0x00A1, 0x00A1, 0x00A1, 0x0081, 0x0081, 0x0081, 0x0060, 0x0840, 0x5A64, 0x93C4, 0x09E1, 0x4AC4, 
    0xBBE4, 0x3900, 0x0000, 0x0060, 0x0060, 0x0000, 0x72E5, 0x1060, 0xC52B, 0xB489, 0x0000, 0x0080, 
    0x00A0, 0x0000, 0x7AA3, 0xC445, 0x0860, 0x8304, 0x18A0, 0x0060, 0x00A0, 0x00A0, 0x00A0, 0x00A0, 
    0x00A0, 0x00A0, 0x00C0, 0x00C0, 0x0101, 0x1161, 0x1181, 0x1141, 0x0101, 0x0101, 0x0101, 0x0121, 
    0x0121, 0x0121, 0x0121, 0x0121, 0x0121, 0x0121, 0x0121, 0x0121, 0x0121, 0x0121, 0x0121, 0x0121, 
    0x0141, 0x0141, 0x0141, 0x0141, 0x0141, 0x0141, 0x0141, 0x0161, 0x0161, 0x0181, 0x0181, 0x0181, 
    0x0181, 0x0181, 0x0181, 0x01A1, 0x0181, 0x0181, 0x0181, 0x0181, 0x0181, 0x01A1, 0x0181, 0x01A1, 
    0x0181, 0x01A1, 0x01A1, 0x01A1, 0x0181, 0x01A1, 0x01A1, 0x0181, 0x01A1, 0x01A1, 0x01A1, 0x01A1, 
    0x01A1, 0x01A1, 0x01A1, 0x01A1, 0x01A1, 0x01A1, 0x01C2, 0x01A2, 0x01A2, 0x01C2, 0x01A2, 0x01A1, 
    0x01A1, 0x01A1, 0x01A1, 0x01A1, 0x01C2, 0x01C2, 0x01E2, 0x01E2, 0x01C2, 0x01C2, 0x01C2, 0x01C2, 
    0x01E2, 0x01E2, 0x01E2, 0x01E2, 0x01E2, 0x01E2, 0x01E2, 0x01E2, 0x01E2, 0x0202, 0x01E2, 0x0202, 
    0x01E2, 0x01E2, 0x01E2, 0x01E2, 0x01E2, 0x0202, 0x0202, 0x0222, 0x01E2, 0x01C2, 0x01C2, 0x01C2, 
    0x01C2, 0x01C2, 0x01E2, 0x01E2, 0x01E2, 0x01E2, 0x01E2, 0x01E2, 0x0202, 0x01E2, 0x01E2, 0x01E2, 
    0x01E2, 0x0202, 0x0202, 0x0202, 0x0202, 0x0202, 0x01E2, 0x01E2, 0x0202, 0x0222, 0x0243, 0x0243, 
    0x0263, 0x0222, 0x0202, 0x0202, 0x0202, 0x01E2, 0x01E2, 0x01E2, 0x0202, 0x0202, 0x0202, 0x01E2, 
    0x01E2, 0x01E2, 0x01E2, 0x01E2, 0x01E2, 0x01E2, 0x01E2, 0x01C2, 0x01C2, 0x01C2, 0x01C2, 0x01C2, 
    0x01E2, 0x01E2, 0x01C2, 0x01A2, 0x01C2, 0x01C2, 0x01C2, 0x01C2, 0x01C2, 0x01C2, 0x01C2, 0x01C2, 
    0x01A2, 0x01C2, 0x01C2, 0x01A2, 0x01A2, 0x01A2, 0x01C2, 0x01C2, 0x01C2, 0x01A2, 0x01C2, 0x01A2, 
    0x0181, 0x0181, 0x01A1, 0x0181, 0x01A1, 0x01A1, 0x01A1, 0x01A1, 0x0181, 0x0181, 0x0181, 0x0181, 
    0x0181, 0x0161, 0x0181, 0x0181, 0x0181, 0x01A1, 0x0181, 0x0181, 0x0161, 0x0161, 0x0181, 0x0161, 
    0x0161, 0x0161, 0x0161, 0x0181, 0x09A1, 0x11A2, 0x19C2, 0x11A2, 0x0161, 0x0141, 0x0121, 0x0121, 
    0x0101, 0x00E1, 0x00E0, 0x00C0, 0x00C0, 0x0000, 0x6A63, 0xF587, 0x49A2, 0x4A03, 0x5223, 0x0020, 
    0x00A0, 0x00A0, 0x00C1, 0x00A0, 0x41C1, 0xD509, 0x62A5, 0x5A23, 0x9BE7, 0xAC67, 0x6AE5, 0x5285, 
    0x5A64, 0x5A85, 0x5285, 0x5285, 0x5A64, 0x5244, 0x5265, 0x5265, 0x5A85, 0x5A85, 0x5AA5, 0x5285, 
    0x5AA5, 0x5AC6, 0x5AC6, 0x52A5, 0x52A6, 0x5AC6, 0x52A6, 0x5285, 0x52A6, 0x5AA6, 0x52A5, 0x5AA5, 
    0x5AA5, 0x5285, 0x5285, 0x5AA6, 0x5AA6, 0x5285, 0x5265, 0x5265, 0x5A85, 0x5285, 0x5265, 0x5244, 
    0x5264, 0x5244, 0x5244, 0x5264, 0x5A85, 0x5A85, 0x5265, 0x5244, 0x5244, 0x5244, 0x5224, 0x4A04, 
    0x5224, 0x5224, 0x6284, 0x9BA6, 0x8305, 0x5203, 0x5203, 0xB3C4, 0x4140, 0x0000, 0x0060, 0x0080, 
    0x0080, 0x0000, 0x7B06, 0x1060, 0xC52B, 0xB4AA, 0x0000, 0x0080, 0x00A0, 0x0000, 0x7AC3, 0xC424, 
    0x0840, 0x8304, 0x18A0, 0x0060, 0x00A0, 0x00A0, 0x00A0, 0x00C0, 0x00C0, 0x00A0, 0x00E1, 0x0941, 
    0x1161, 0x0921, 0x00E0, 0x00C0, 0x00E0, 0x0101, 0x0101, 0x0121, 0x0101, 0x0121, 0x0121, 0x0121, 
    0x0121, 0x0121, 0x0121, 0x0121, 0x0121, 0x0121, 0x0121, 0x0141, 0x0141, 0x0141, 0x0141, 0x0141, 
    0x0141, 0x0121, 0x0141, 0x0141, 0x0141, 0x0161, 0x0161, 0x0161, 0x0161, 0x0161, 0x0161, 0x0161, 
    0x0181, 0x0181, 0x0181, 0x0181, 0x0181, 0x0181, 0x0181, 0x0181, 0x0181, 0x0181, 0x0181, 0x0181, 
    0x0181, 0x0181, 0x01A1, 0x0181, 0x0181, 0x01A1, 0x01A1, 0x01A1, 0x01A1, 0x0181, 0x0181, 0x01A1, 
    0x01A1, 0x01A1, 0x01C2, 0x01A2, 0x01C2, 0x01A1, 0x01A1, 0x01A1, 0x01A1, 0x01A1, 0x01A2, 0x01A1, 
    0x01A1, 0x01C1, 0x01C2, 0x01A1, 0x01C2, 0x01C2, 0x01C2, 0x01C2, 0x01C2, 0x01E2, 0x01E2, 0x01E2, 
    0x01E2, 0x01E2, 0x01E2, 0x01E2, 0x01E2, 0x01E2, 0x0202, 0x01E2, 0x01E2, 0x0202, 0x0202, 0x01E2, 
    0x01E2, 0x0202, 0x0202, 0x0202, 0x0202, 0x01E2, 0x01C2, 0x01E2, 0x01E2, 0x01E2, 0x01E2, 0x01E2, 
    0x01E2, 0x01E2, 0x01E2, 0x01E2, 0x01E2, 0x01E2, 0x01E2, 0x01E2, 0x01E2, 0x01E2, 0x01E2, 0x0202, 
    0x0202, 0x0202, 0x0202, 0x0202, 0x0202, 0x0222, 0x0222, 0x0222, 0x0222, 0x0202, 0x01E2, 0x01E2, 
    0x01E2, 0x01E2, 0x01E2, 0x01E2, 0x01E2, 0x0202, 0x0202, 0x01E2, 0x0202, 0x0202, 0x01E2, 0x01E2, 
    0x01E2, 0x01E2, 0x01C2, 0x01C2, 0x01C2, 0x01C2, 0x01C2, 0x01C2, 0x01C2, 0x01C2, 0x01C2, 0x01A2, 
    0x01A2, 0x01A2, 0x01A1, 0x01A2, 0x01C2, 0x01C1, 0x01C2, 0x01C2, 0x01C2, 0x01C2, 0x01C2, 0x01C2, 
    0x01A2, 0x01A1, 0x01A2, 0x01C2, 0x01A2, 0x0181, 0x0181, 0x0181, 0x0181, 0x0181, 0x01A1, 0x01A1, 
    0x01A1, 0x01A1, 0x01A1, 0x01A1, 0x0181, 0x0181, 0x0181, 0x0181, 0x0181, 0x0181, 0x0181, 0x0181, 
    0x0181, 0x0181, 0x0181, 0x0181, 0x0161, 0x0161, 0x0161, 0x0161, 0x0161, 0x0161, 0x0161, 0x0161, 
    0x0141, 0x0121, 0x0141, 0x11A2, 0x11A1, 0x1181, 0x0141, 0x0101, 0x0101, 0x0101, 0x00E1, 0x00C0, 
    0x00C0, 0x0000, 0x6A83, 0xF567, 0x49A2, 0x49E3, 0x5223, 0x0020, 0x00C0, 0x00C0, 0x00C0, 0x00E1, 
    0x0040, 0x4981, 0xA383, 0xA383, 0xABC3, 0xB3E4, 0xB3E4, 0xABA3, 0xB3C4, 0xBC05, 0xBC45, 0xB404, 
    0xB3C3, 0xB3C3, 0xB405, 0xB425, 0xB425, 0xBC66, 0xBC66, 0xBC66, 0xBC65, 0xCCC6, 0xCCE7, 0xBC87, 
    0xBC66, 0xBC66, 0xB446, 0xBC46, 0xBC86, 0xC4C7, 0xC4A6, 0xBC45, 0xBC45, 0xB445, 0xBC45, 0xBC45, 
    0xB405, 0xABC4, 0xA3A3, 0xABA3, 0xB3E4, 0xB3E4, 0xB3E4, 0xABC3, 0xABA3, 0xA383, 0xA342, 0xA362, 
    0xABC3, 0xABA3, 0xA383, 0x9B42, 0x9B22, 0x9B42, 0x9B42, 0x9B22, 0x9B42, 0xA342, 0xA382, 0x9B62, 
    0x9302, 0x9302, 0x9302, 0x3920, 0x0000, 0x0080, 0x0080, 0x0080, 0x0080, 0x0020, 0x7305, 0x1060, 
    0xC50A, 0xB489, 0x0000, 0x0080, 0x00A0, 0x0000, 0x82E4, 0xCC65, 0x0860, 0x8B45, 0x18A0, 0x0080, 
    0x00A0, 0x00C0, 0x00C0, 0x00C0, 0x00E1, 0x0921, 0x0941, 0x0101, 0x00E0, 0x00C0, 0x00E0, 0x00E0, 
    0x00E1, 0x00E1, 0x00E0, 0x00E0, 0x00E1, 0x0101, 0x0101, 0x0101, 0x0100, 0x0100, 0x0100, 0x0100, 
    0x0101, 0x0121, 0x0121, 0x0121, 0x0121, 0x0121, 0x0121, 0x0121, 0x0121, 0x0121, 0x0121, 0x0121, 
    0x0121, 0x0141, 0x0141, 0x0141, 0x0141, 0x0141, 0x0141, 0x0161, 0x0161, 0x0161, 0x0161, 0x0161, 
    0x0161, 0x0161, 0x0161, 0x0161, 0x0181, 0x0161, 0x0161, 0x0141, 0x0161, 0x0181, 0x01A1, 0x01A1, 
    0x0181, 0x0181, 0x01A1, 0x01A1, 0x01A1, 0x0181, 0x0181, 0x0181, 0x0181, 0x01A2, 0x01A1, 0x01C2, 
    0x01A1, 0x01A1, 0x0181, 0x01A1, 0x01A1, 0x01A1, 0x0181, 0x0181, 0x01A1, 0x01C2, 0x01A1, 0x0181, 
    0x01A2, 0x01C2, 0x01E2, 0x01C1, 0x01C2, 0x01C2, 0x01C1, 0x01C2, 0x01E2, 0x01E2, 0x01E2, 0x01E2, 
    0x01E2, 0x01E2, 0x0202, 0x0202, 0x0202, 0x0202, 0x01E2, 0x01E2, 0x01C2, 0x01E2, 0x0202, 0x0202, 
    0x0222, 0x0202, 0x01E2, 0x01E2, 0x01E2, 0x01E2, 0x01E2, 0x01E2, 0x01E2, 0x01E2, 0x0202, 0x0202, 
    0x01E2, 0x01E2, 0x01E2, 0x0202, 0x01E2, 0x01E2, 0x0202, 0x0202, 0x0202, 0x01E2, 0x01E2, 0x01E2, 
    0x01E2, 0x01E2, 0x01E2, 0x0202, 0x0202, 0x01E2, 0x01E2, 0x01E2, 0x0202, 0x0202, 0x01E2, 0x01E2, 
    0x01E2, 0x01E2, 0x0202, 0x01E2, 0x01E2, 0x0202, 0x0202, 0x01E2, 0x01E2, 0x01E2, 0x01E2, 0x01C2, 
    0x01C2, 0x01C2, 0x01C2, 0x01C2, 0x01C2, 0x01C2, 0x01C2, 0x01C2, 0x01C1, 0x01A1, 0x01A2, 0x01A2, 
    0x01A1, 0x01A1, 0x01A1, 0x01A1, 0x01C2, 0x01C2, 0x01C2, 0x01C2, 0x01A2, 0x01A1, 0x01A1, 0x01A2, 
    0x01A1, 0x0181, 0x0181, 0x01A1, 0x01A1, 0x01A1, 0x01A1, 0x0181, 0x0181, 0x01A1, 0x01A1, 0x0181, 
    0x0181, 0x0181, 0x0181, 0x0181, 0x0181, 0x0181, 0x01A1, 0x01A2, 0x01A1, 0x01A1, 0x0181, 0x0181, 
    0x0161, 0x0161, 0x0161, 0x0161, 0x0161, 0x0141, 0x0141, 0x0141, 0x0141, 0x0141, 0x0121, 0x0121, 
    0x0141, 0x0961, 0x1181, 0x0961, 0x0141, 0x0101, 0x00E1, 0x00C0, 0x00C0, 0x0000, 0x6A83, 0xED46, 
    0x4182, 0x49C2, 0x5202, 0x0020, 0x00C0, 0x00C0, 0x00C0, 0x00A0, 0x00A0, 0x0060, 0x0060, 0x00A0, 
    0x08C0, 0x08C0, 0x0060, 0x0020, 0x0020, 0x0060, 0x0080, 0x0060, 0x0060, 0x0080, 0x00A0, 0x00A0, 
    0x00C0, 0x00E0, 0x00C0, 0x00A0, 0x00A0, 0x00A0, 0x00A0, 0x00A0, 0x0080, 0x0080, 0x00A0, 0x00C0, 
    0x00C0, 0x00C0, 0x00E0, 0x00C0, 0x00A0, 0x00A0, 0x00C0, 0x00A0, 0x0080, 0x0060, 0x0080, 0x0080, 
    0x0080, 0x0060, 0x0080, 0x0080, 0x0060, 0x0060, 0x0060, 0x0060, 0x0080, 0x0060, 0x0060, 0x0040, 
    0x0060, 0x0060, 0x0080, 0x0080, 0x0080, 0x0060, 0x0080, 0x0880, 0x0060, 0x0020, 0x0000, 0x0040, 
    0x0080, 0x00A0, 0x00A0, 0x0080, 0x00A0, 0x0020, 0x7305, 0x0860, 0xC4C8, 0xAC27, 0x0000, 0x0080, 
    0x00A0, 0x0000, 0x82E4, 0xCC86, 0x0840, 0x8B45, 0x18A0, 0x0060, 0x00A0, 0x00C0, 0x00C1, 0x0921, 
    0x1141, 0x00E1, 0x00C0, 0x00C0, 0x00E0, 0x00E0, 0x00E0, 0x00E0, 0x00E0, 0x00E1, 0x00E1, 0x00E0, 
    0x00E0, 0x00E1, 0x00E1, 0x00E0, 0x00E0, 0x00E1, 0x00E0, 0x0100, 0x0100, 0x0101, 0x0101, 0x0101, 
    0x0101, 0x0101, 0x0101, 0x0101, 0x0101, 0x0100, 0x0100, 0x0101, 0x0121, 0x0121, 0x0121, 0x0121, 
    0x0121, 0x0121, 0x0141, 0x0141, 0x0141, 0x0141, 0x0161, 0x0141, 0x0141, 0x0141, 0x0141, 0x0141, 
    0x0161, 0x0161, 0x0141, 0x0141, 0x0161, 0x0181, 0x0181, 0x0181, 0x0181, 0x0181, 0x0181, 0x0181, 
    0x01A1, 0x0181, 0x0181, 0x0181, 0x01A1, 0x01A1, 0x01A2, 0x01C2, 0x01A1, 0x01A1, 0x0181, 0x0181, 
    0x01A1, 0x01A1, 0x0181, 0x0181, 0x01A1, 0x01C1, 0x01A1, 0x01A1, 0x01C2, 0x01C2, 0x01C2, 0x01C1, 
    0x01A2, 0x01A1, 0x0181, 0x01A1, 0x01C2, 0x01C1, 0x01C2, 0x01E2, 0x01E2, 0x01E2, 0x01E2, 0x01E2, 
    0x0202, 0x01E2, 0x01E2, 0x01E2, 0x01C2, 0x01E2, 0x01E2, 0x01E2, 0x0202, 0x01E2, 0x0202, 0x0202, 
    0x0202, 0x0202, 0x0202, 0x01E2, 0x01E2, 0x01E2, 0x01E2, 0x01C2, 0x01E2, 0x01E2, 0x01E2, 0x01E2, 
    0x01E2, 0x01E2, 0x0202, 0x0202, 0x0202, 0x01E2, 0x01C2, 0x01E2, 0x01E2, 0x01E2, 0x01C2, 0x01E2, 
    0x01E2, 0x01E2, 0x01E2, 0x01E2, 0x0202, 0x0202, 0x0202, 0x0202, 0x0202, 0x0202, 0x0202, 0x01E2, 
    0x01E2, 0x0202, 0x0202, 0x01E2, 0x01E2, 0x01E2, 0x01E2, 0x01C2, 0x01E2, 0x01C2, 0x01C2, 0x01C2, 
    0x01C2, 0x01C2, 0x01E2, 0x01E2, 0x01C2, 0x01C2, 0x01C2, 0x01A2, 0x01A1, 0x01A1, 0x01A1, 0x01A1, 
    0x01A2, 0x01C2, 0x01C2, 0x01A2, 0x01A1, 0x01C2, 0x01C2, 0x01C2, 0x01A1, 0x01A1, 0x0181, 0x01A1, 
    0x01A1, 0x0181, 0x0181, 0x0181, 0x0181, 0x01A2, 0x0181, 0x0181, 0x0181, 0x0181, 0x0181, 0x0181, 
    0x0181, 0x01A2, 0x01A1, 0x01A2, 0x0181, 0x0181, 0x0182, 0x0181, 0x0161, 0x0141, 0x0141, 0x0161, 
    0x0161, 0x0141, 0x0141, 0x0121, 0x0121, 0x0121, 0x0121, 0x0121, 0x0121, 0x0121, 0x0121, 0x0141, 
    0x1161, 0x0961, 0x0101, 0x00C1, 0x00C0, 0x0000, 0x6A83, 0xED46, 0x4181, 0x49E3, 0x5223, 0x0020, 
    0x00C0, 0x00C0, 0x00A0, 0x00A0, 0x00A0, 0x00C1, 0x00A0, 0x00A0, 0x0080, 0x0080, 0x0080, 0x0080, 
    0x0080, 0x0080, 0x0080, 0x0080, 0x0080, 0x00A0, 0x00A0, 0x00A0, 0x00C0, 0x00C0, 0x00C0, 0x00A0, 
    0x00A0, 0x00A0, 0x00A0, 0x00A0, 0x00A0, 0x00C0, 0x00C0, 0x00C0, 0x00C0, 0x00A0, 0x00A0, 0x00A0, 
    0x00A0, 0x00A0, 0x00A0, 0x00A0, 0x00A0, 0x00A0, 0x0080, 0x0060, 0x0060, 0x0080, 0x0080, 0x0080, 
    0x0060, 0x0060, 0x0060, 0x0060, 0x0060, 0x0060, 0x0060, 0x0060, 0x0060, 0x0080, 0x0080, 0x0080, 
    0x0060, 0x0040, 0x0020, 0x0020, 0x0020, 0x0020, 0x0020, 0x0080, 0x00A0, 0x00A0, 0x00A0, 0x00A0, 
    0x00A0, 0x0020, 0x7B26, 0x1060, 0xBC87, 0xABE6, 0x0000, 0x0080, 0x00A0, 0x0000, 0x7AA3, 0xC424, 
    0x0840, 0x8B24, 0x18A0, 0x0060, 0x00A0, 0x00A0, 0x00E1, 0x0901, 0x00C1, 0x00C0, 0x00C0, 0x00C0, 
    0x00E0, 0x00E0, 0x00E1, 0x00E0, 0x00E0, 0x00E1, 0x00E1, 0x00E1, 0x00E0, 0x00E0, 0x00E0, 0x00E0, 
    0x00E0, 0x00E1, 0x00C0, 0x00E0, 0x00E0, 0x00E0, 0x00E0, 0x00E1, 0x00E1, 0x00E1, 0x00E0, 0x00E1, 
    0x00E0, 0x00E0, 0x00E0, 0x0101, 0x0121, 0x0101, 0x0101, 0x0121, 0x0101, 0x0101, 0x0121, 0x0121, 
    0x0121, 0x0121, 0x0121, 0x0121, 0x0121, 0x0101, 0x0121, 0x0121, 0x0121, 0x0121, 0x0121, 0x0121, 
    0x0141, 0x0161, 0x0161, 0x0161, 0x0161, 0x0161, 0x0181, 0x0181, 0x0181, 0x0181, 0x0181, 0x0181, 
    0x0181, 0x01A1, 0x01A2, 0x01A2, 0x01A2, 0x01A1, 0x01A1, 0x01A1, 0x01A1, 0x01A1, 0x01A1, 0x01A1, 
    0x01A1, 0x01A1, 0x01C2, 0x01C1, 0x01A1, 0x01C2, 0x01E2, 0x01C2, 0x01C1, 0x01A1, 0x01A1, 0x01A2, 
    0x01C2, 0x01A1, 0x01C2, 0x01C2, 0x01C2, 0x01C2, 0x01E2, 0x01C2, 0x01E2, 0x01E2, 0x01C2, 0x01E2, 
    0x01C2, 0x01C1, 0x01C1, 0x01E2, 0x01E2, 0x0202, 0x0202, 0x0202, 0x0202, 0x0202, 0x0202, 0x01C2, 
    0x01C2, 0x01E2, 0x01C2, 0x01C2, 0x01E2, 0x01C2, 0x01C2, 0x01E2, 0x01C1, 0x01E2, 0x01E2, 0x01E2, 
    0x01E2, 0x01E2, 0x01E2, 0x01E2, 0x01E2, 0x01E2, 0x01E2, 0x01E2, 0x01E2, 0x01E2, 0x0202, 0x0202, 
    0x01E2, 0x0202, 0x0202, 0x01E2, 0x0202, 0x0202, 0x0202, 0x0202, 0x0202, 0x01E2, 0x01E2, 0x01E2, 
    0x01E2, 0x01C2, 0x01C2, 0x01C2, 0x01E2, 0x01C2, 0x01C2, 0x01C2, 0x01C2, 0x01C2, 0x01C2, 0x01C1, 
    0x01C1, 0x01C1, 0x01A2, 0x01A2, 0x01A2, 0x01A2, 0x01C2, 0x01C2, 0x01A1, 0x01A2, 0x01C2, 0x01A2, 
    0x01A1, 0x01A2, 0x01C2, 0x01C2, 0x01A2, 0x0181, 0x0181, 0x01A1, 0x01A2, 0x0181, 0x0181, 0x0181, 
    0x01A1, 0x01A1, 0x0181, 0x0181, 0x0181, 0x0181, 0x0181, 0x0181, 0x01A1, 0x01A2, 0x01A1, 0x0181, 
    0x0181, 0x0181, 0x0181, 0x0181, 0x0161, 0x0161, 0x0161, 0x0161, 0x0141, 0x0141, 0x0141, 0x0141, 
    0x0121, 0x0121, 0x0121, 0x0101, 0x0101, 0x0121, 0x0101, 0x0101, 0x0101, 0x0921, 0x0921, 0x00C1, 
    0x00C0, 0x0000, 0x7283, 0xED46, 0x4181, 0x49E2, 0x5223, 0x0020, 0x00A0, 0x00C0, 0x00C0, 0x00C0, 
    0x0080, 0x0081, 0x39E3, 0x3A23, 0x39E3, 0x31E3, 0x39E3, 0x3A03, 0x3A03, 0x3A02, 0x3A02, 0x39E3, 
    0x39E3, 0x31E3, 0x3A23, 0x3A44, 0x3223, 0x3223, 0x3244, 0x3224, 0x3A03, 0x3A03, 0x3A23, 0x3244, 
    0x3264, 0x3244, 0x3224, 0x3224, 0x3243, 0x3A44, 0x3204, 0x3A03, 0x3A03, 0x3A23, 0x3A23, 0x3A43, 
    0x3223, 0x3A03, 0x3A03, 0x3A03, 0x39C3, 0x31C3, 0x3203, 0x3A23, 0x39E3, 0x39C3, 0x39C2, 0x31C3, 
    0x39E3, 0x39E3, 0x39C2, 0x39C2, 0x39C2, 0x39E2, 0x39E2, 0x31C2, 0x31A2, 0x3182, 0x3162, 0x3162, 
    0x31A2, 0x39A2, 0x39C2, 0x08C1, 0x0080, 0x00A0, 0x00A0, 0x0080, 0x0080, 0x0020, 0x7B05, 0x1080, 
    0xBC66, 0xA3C5, 0x0000, 0x0080, 0x00A0, 0x0000, 0x7282, 0xBBC3, 0x0840, 0x82C2, 0x1880, 0x0060, 
    0x00A0, 0x00C0, 0x00C0, 0x00C0, 0x00C0, 0x00C0, 0x00C0, 0x00C0, 0x00C0, 0x00C0, 0x00E1, 0x00E0, 
    0x00C0, 0x00E0, 0x00E0, 0x00E1, 0x00E0, 0x00C0, 0x00C0, 0x00A0, 0x00A0, 0x00A0, 0x00A0, 0x00A0, 
    0x00C0, 0x00C0, 0x00A0, 0x00A0, 0x00C0, 0x00A0, 0x00C0, 0x00C0, 0x00C0, 0x00C0, 0x00C0, 0x00E1, 
    0x00E0, 0x00E0, 0x0101, 0x00E0, 0x00E0, 0x0100, 0x00E0, 0x00E0, 0x00C0, 0x00C0, 0x00E0, 0x00E0, 
    0x00E0, 0x00E0, 0x00E0, 0x00E0, 0x00E0, 0x00E0, 0x00E0, 0x0100, 0x0121, 0x0121, 0x0141, 0x0161, 
    0x0141, 0x0161, 0x0161, 0x0181, 0x0181, 0x0181, 0x0181, 0x0181, 0x0181, 0x01A1, 0x01A1, 0x01A1, 
    0x01A1, 0x01A1, 0x0181, 0x0181, 0x0181, 0x01A1, 0x01A1, 0x01A1, 0x0181, 0x01A2, 0x01C2, 0x01C2, 
    0x01C1, 0x01E2, 0x01E2, 0x01E2, 0x01C2, 0x01C2, 0x01C2, 0x01C2, 0x01C2, 0x01C2, 0x01E2, 0x01E2, 
    0x01E2, 0x01E2, 0x01E2, 0x01C2, 0x01C2, 0x01E2, 0x01E2, 0x01C2, 0x01C2, 0x01C2, 0x01C2, 0x01E2, 
    0x01E2, 0x01E2, 0x0202, 0x0202, 0x0202, 0x0202, 0x01E2, 0x01E2, 0x01C2, 0x01E2, 0x01C2, 0x01E2, 
    0x01E2, 0x01E2, 0x01E2, 0x01E2, 0x0202, 0x0202, 0x0202, 0x0202, 0x0202, 0x01E2, 0x0202, 0x0202, 
    0x0202, 0x0202, 0x0202, 0x0202, 0x0202, 0x01E2, 0x01E2, 0x01E2, 0x01E2, 0x01E2, 0x01E2, 0x0202, 
    0x0202, 0x0202, 0x0202, 0x01E2, 0x01E2, 0x01E2, 0x01E2, 0x01E2, 0x01C1, 0x01C1, 0x01C1, 0x01C2, 
    0x01C2, 0x01C2, 0x01C2, 0x01C2, 0x01C2, 0x01A1, 0x01A1, 0x01A1, 0x01A1, 0x01A1, 0x01A2, 0x01A1, 
    0x01A2, 0x01C2, 0x01C2, 0x01C2, 0x01A2, 0x0181, 0x0181, 0x0181, 0x01A2, 0x01A2, 0x01A2, 0x01A1, 
    0x01A2, 0x01A2, 0x01A1, 0x01A1, 0x01A2, 0x01A1, 0x0181, 0x0181, 0x01A1, 0x0181, 0x0181, 0x0181, 
    0x0181, 0x0181, 0x0181, 0x0181, 0x0181, 0x0181, 0x0181, 0x0181, 0x0181, 0x0161, 0x0161, 0x0181, 
    0x0161, 0x0161, 0x0161, 0x0161, 0x0141, 0x0141, 0x0141, 0x0121, 0x0121, 0x0121, 0x0121, 0x0101, 
    0x0101, 0x0101, 0x0101, 0x0101, 0x0101, 0x0100, 0x00E0, 0x00E1, 0x00C0, 0x0000, 0x6222, 0xE505, 
    0x4181, 0x49A2, 0x51E2, 0x0000, 0x00A0, 0x00A0, 0x00E1, 0x00A0, 0x0040, 0x9BC6, 0xCCA6, 0xB3E4, 
    0xABE4, 0xBC45, 0xC465, 0xC464, 0xC444, 0xBC03, 0xB3C2, 0xBC44, 0xC4A6, 0xCCE7, 0xD528, 0xDD8A, 
    0xDD8A, 0xD58A, 0xD58B, 0xDDAB, 0xDD6A, 0xD529, 0xD56A, 0xD5CD, 0xD60E, 0xDE0E, 0xD5CD, 0xD58B, 
    0xD549, 0xD58B, 0xD56B, 0xCD28, 0xC4C6, 0xCCC7, 0xD528, 0xDD48, 0xD528, 0xD528, 0xD507, 0xCCA6, 
    0xC486, 0xCCA7, 0xC4A7, 0xBC46, 0xABE4, 0xABA3, 0xA383, 0xA382, 0xABA3, 0xA362, 0x9B02, 0x9B02, 
    0x9B02, 0x92E2, 0x92E2, 0x9302, 0x9B43, 0x9B63, 0xAB83, 0xAB83, 0x92C1, 0x9B22, 0xBC24, 0x9B84, 
    0x0860, 0x0060, 0x0080, 0x0080, 0x0080, 0x0020, 0x7AC4, 0x1060, 0xB446, 0xA3A4, 0x0000, 0x0080, 
    0x00A0, 0x0000, 0x7AA3, 0xBBE3, 0x0840, 0x8281, 0x1880, 0x0060, 0x00A0, 0x00A0, 0x00C0, 0x00C0, 
    0x00C0, 0x00C0, 0x00C0, 0x00C0, 0x00C0, 0x00C0, 0x00C0, 0x00C0, 0x00C0, 0x00E0, 0x00C0, 0x00C0, 
    0x00C0, 0x00C0, 0x0080, 0x08A0, 0x10C1, 0x08A0, 0x10E1, 0x10E1, 0x0060, 0x0060, 0x08C0, 0x08A1, 
    0x08A1, 0x10E1, 0x00A0, 0x00A0, 0x00A0, 0x00A0, 0x00A0, 0x0080, 0x08C1, 0x08E1, 0x00C0, 0x0921, 
    0x1141, 0x0901, 0x1101, 0x00A0, 0x08A0, 0x08A1, 0x08A1, 0x08C1, 0x08E1, 0x08C1, 0x1101, 0x10E1, 
    0x08A0, 0x00A0, 0x0901, 0x0901, 0x0921, 0x1162, 0x0901, 0x00C0, 0x0141, 0x0161, 0x0161, 0x0161, 
    0x0161, 0x0181, 0x0181, 0x0181, 0x0181, 0x0181, 0x0181, 0x0181, 0x0181, 0x0181, 0x0181, 0x0161, 
    0x0181, 0x0181, 0x01A1, 0x0181, 0x0181, 0x01A2, 0x01C2, 0x01C1, 0x01C1, 0x01C2, 0x01C2, 0x01C2, 
    0x01C2, 0x01C2, 0x01C2, 0x01C2, 0x01E2, 0x01C2, 0x01E2, 0x01E2, 0x01E2, 0x01E2, 0x01E2, 0x01C2, 
    0x01E2, 0x01E2, 0x01E2, 0x01C2, 0x01C2, 0x01C2, 0x01C2, 0x01E2, 0x01E2, 0x01C2, 0x01E2, 0x0202, 
    0x0202, 0x0202, 0x01E2, 0x01E2, 0x01E2, 0x01E2, 0x01C2, 0x01E2, 0x01E2, 0x01E2, 0x01C2, 0x01E2, 
    0x0202, 0x0202, 0x0222, 0x0222, 0x0202, 0x0202, 0x0202, 0x0202, 0x01E2, 0x01E2, 0x01E2, 0x0202, 
    0x0202, 0x0202, 0x01E2, 0x01E2, 0x01E2, 0x01C2, 0x01E2, 0x01E2, 0x01E2, 0x0202, 0x01E2, 0x01E2, 
    0x01E2, 0x01C2, 0x01E2, 0x01C2, 0x01C2, 0x01C1, 0x01C2, 0x01C2, 0x01E2, 0x01C2, 0x01C2, 0x01A2, 
    0x01A1, 0x01A1, 0x01A1, 0x01A1, 0x01C2, 0x01A2, 0x01A1, 0x01A1, 0x01A1, 0x01A2, 0x01A2, 0x01A2, 
    0x01A1, 0x0181, 0x0181, 0x0161, 0x0181, 0x01A2, 0x01A2, 0x01A1, 0x01A1, 0x01A1, 0x0181, 0x0181, 
    0x0181, 0x0181, 0x0181, 0x0181, 0x0181, 0x0181, 0x0181, 0x0181, 0x0181, 0x0181, 0x0181, 0x0181, 
    0x0181, 0x0181, 0x0181, 0x0181, 0x0161, 0x0141, 0x0161, 0x0181, 0x0161, 0x0161, 0x0161, 0x0141, 
    0x0141, 0x0141, 0x0141, 0x0121, 0x0121, 0x0121, 0x0121, 0x0101, 0x0101, 0x0101, 0x0101, 0x0101, 
    0x0101, 0x0101, 0x0101, 0x00E1, 0x00C0, 0x0000, 0x6202, 0xDCC5, 0x4161, 0x41A2, 0x51E2, 0x0000, 
    0x0080, 0x00A0, 0x00A0, 0x08A1, 0x9BC5, 0xC445, 0x2941, 0x5242, 0x7305, 0x5224, 0x10E0, 0x0900, 
    0x1100, 0x08C0, 0x0880, 0x0880, 0x08A0, 0x08A0, 0x08A0, 0x08C0, 0x08A0, 0x08A0, 0x08A0, 0x08C0, 
    0x08C0, 0x08A0, 0x08C0, 0x08E0, 0x0901, 0x0921, 0x0901, 0x08E0, 0x08C0, 0x08A0, 0x08A0, 0x00A0, 
    0x00A0, 0x08C0, 0x08E0, 0x10E0, 0x1101, 0x1101, 0x1100, 0x10E0, 0x10E0, 0x1121, 0x1101, 0x08E0, 
    0x08E0, 0x08E0, 0x08E0, 0x08E0, 0x08C0, 0x0880, 0x0060, 0x0860, 0x0880, 0x0060, 0x0060, 0x08A0, 
    0x08C0, 0x08C0, 0x10E1, 0x6A43, 0x72A3, 0x51C1, 0x18C0, 0x9303, 0x9B44, 0x1080, 0x0080, 0x0080, 
    0x0080, 0x0020, 0x7B05, 0x1060, 0xB425, 0xA3A4, 0x0000, 0x0080, 0x00A0, 0x0000, 0x7AC3, 0xBC23, 
    0x0840, 0x82A1, 0x1880, 0x0060, 0x00A0, 0x00A0, 0x00C0, 0x00C0, 0x00C0, 0x00C0, 0x00C0, 0x00C0, 
    0x00C0, 0x00C0, 0x00C0, 0x00C0, 0x00C0, 0x00C1, 0x00C0, 0x00C0, 0x00C0, 0x00A0, 0x0060, 0x3141, 
    0xC487, 0xD4E8, 0xA3E6, 0xC488, 0xBCA8, 0x2942, 0x3121, 0xBC87, 0xD508, 0x9386, 0x0880, 0x00A0, 
    0x00A0, 0x00A0, 0x0040, 0x2922, 0xDDAC, 0x6285, 0x0020, 0x29A2, 0xC4C8, 0xDD6A, 0xB447, 0x0840, 
    0x2901, 0xCD29, 0x8325, 0x3982, 0xCD4A, 0xD56B, 0xA468, 0xA468, 0xD58C, 0x2122, 0x7B66, 0xDDED, 
    0xCD4C, 0xAC89, 0xD5AD, 0x8C29, 0x0941, 0x0141, 0x0141, 0x0161, 0x0161, 0x0181, 0x0181, 0x0181, 
    0x0181, 0x0181, 0x0181, 0x0181, 0x0181, 0x0181, 0x0161, 0x0181, 0x0181, 0x0181, 0x0181, 0x0181, 
    0x0181, 0x01C2, 0x01C2, 0x01C2, 0x01C2, 0x01C2, 0x01C2, 0x01C2, 0x01E2, 0x01C2, 0x01C2, 0x01C2, 
    0x01E2, 0x01E2, 0x01C2, 0x01C2, 0x01E2, 0x01C2, 0x01E2, 0x01A2, 0x01C2, 0x01C2, 0x01C2, 0x01E2, 
    0x01E2, 0x01E2, 0x01C2, 0x01E2, 0x01E2, 0x01C2, 0x01E2, 0x01E2, 0x01E2, 0x0202, 0x0202, 0x0202, 
    0x01E2, 0x01C2, 0x01C2, 0x01C2, 0x01C1, 0x01C2, 0x01A1, 0x01C2, 0x01E2, 0x0202, 0x0202, 0x0202, 
    0x0202, 0x01E2, 0x01E2, 0x01E2, 0x01E2, 0x01E2, 0x01E2, 0x01E2, 0x01E2, 0x01E2, 0x01E2, 0x01E2, 
    0x0202, 0x01E2, 0x01E2, 0x01E2, 0x01E2, 0x01C2, 0x01C2, 0x01C2, 0x01C2, 0x01C2, 0x01C2, 0x01C2, 
    0x01C2, 0x01E2, 0x01E2, 0x01E2, 0x01C2, 0x01A2, 0x01A2, 0x0181, 0x01A1, 0x01A1, 0x01A1, 0x01C2, 
    0x01C2, 0x01A2, 0x01A1, 0x0181, 0x0181, 0x01A1, 0x01A1, 0x0181, 0x0181, 0x0181, 0x0181, 0x0181, 
    0x0181, 0x01A2, 0x01A2, 0x01A2, 0x01A1, 0x01A1, 0x0181, 0x0181, 0x0181, 0x0181, 0x0181, 0x0181, 
    0x0181, 0x0181, 0x0161, 0x0181, 0x01A1, 0x0181, 0x0181, 0x0181, 0x0181, 0x0181, 0x0161, 0x0161, 
    0x0141, 0x0141, 0x0161, 0x0161, 0x0161, 0x0161, 0x0161, 0x0141, 0x0141, 0x0141, 0x0141, 0x0121, 
    0x0121, 0x0121, 0x0121, 0x0101, 0x0101, 0x0101, 0x0101, 0x0101, 0x0101, 0x0101, 0x0101, 0x00E1, 
    0x00E1, 0x0020, 0x6242, 0xDCE5, 0x4181, 0x49E2, 0x5222, 0x0020, 0x00A0, 0x00A0, 0x0020, 0x6243, 
    0xCC66, 0x08C0, 0x1241, 0xACE8, 0x4A44, 0x0040, 0x00E1, 0x0101, 0x0101, 0x00E1, 0x00E1, 0x00C1, 
    0x00E1, 0x00E1, 0x0101, 0x0101, 0x0101, 0x00E1, 0x00E1, 0x00E1, 0x0101, 0x0101, 0x0101, 0x0121, 
    0x0121, 0x0121, 0x0121, 0x0121, 0x0121, 0x0121, 0x0121, 0x0121, 0x0121, 0x0101, 0x0101, 0x0101, 
    0x0101, 0x0101, 0x0101, 0x0101, 0x0101, 0x0121, 0x0121, 0x0101, 0x0121, 0x0101, 0x0101, 0x0101, 
    0x00E1, 0x00E1, 0x00C1, 0x00C1, 0x00C1, 0x00C1, 0x00E1, 0x00C1, 0x00C1, 0x00C1, 0x00C1, 0x0060, 
    0x41A3, 0x9BA4, 0x1181, 0x00C0, 0xA383, 0x6A21, 0x0040, 0x00A0, 0x0080, 0x0020, 0x7B46, 0x1081, 
    0xAC25, 0x9B84, 0x0000, 0x0060, 0x00A0, 0x0000, 0x7AE4, 0xC444, 0x0840, 0x82A1, 0x1080, 0x0060, 
    0x00A0, 0x00A0, 0x00C0, 0x00A0, 0x00C0, 0x00C0, 0x00C0, 0x00C0, 0x00C0, 0x00C0, 0x00E1, 0x00E0, 
    0x00E0, 0x00C1, 0x00C1, 0x00C0, 0x00C0, 0x00A0, 0x00A0, 0x0040, 0xA3C5, 0xFDE8, 0x3142, 0x28E0, 
    0xF587, 0xC486, 0x0000, 0xA3C5, 0xFE09, 0x3982, 0x0020, 0x00C0, 0x00C0, 0x00C0, 0x0000, 0x7AE5, 
    0xFE8B, 0xB448, 0x0040, 0x0060, 0x51C2, 0xFDE8, 0xBC67, 0x0000, 0x18A1, 0xBC87, 0x1080, 0x0060, 
    0xD54A, 0xF68E, 0x2182, 0x0060, 0xBCE9, 0x2962, 0x2982, 0xFF0F, 0xC54C, 0x0820, 0x8BA7, 0xFFD2, 
    0x7367, 0x00A0, 0x0141, 0x0161, 0x0161, 0x0161, 0x0181, 0x0181, 0x0161, 0x0181, 0x0181, 0x0181, 
    0x0181, 0x0161, 0x0161, 0x0181, 0x0181, 0x0181, 0x0181, 0x0181, 0x01A1, 0x01C2, 0x01C2, 0x01A1, 
    0x01C2, 0x01C2, 0x01C2, 0x01E2, 0x01E2, 0x01E2, 0x01C2, 0x01A1, 0x01E2, 0x01E2, 0x01C2, 0x01C2, 
    0x01E2, 0x01C2, 0x01E2, 0x01C2, 0x01C2, 0x01C2, 0x01E2, 0x01E2, 0x01E2, 0x01E2, 0x01E2, 0x01E2, 
    0x01E2, 0x01E2, 0x01C2, 0x01E2, 0x01E2, 0x0202, 0x0202, 0x01E2, 0x01E2, 0x01C2, 0x01C2, 0x01C2, 
    0x01C2, 0x01C2, 0x01C2, 0x01C2, 0x0202, 0x0202, 0x0202, 0x0202, 0x01E2, 0x01E2, 0x0202, 0x01E2, 
    0x01E2, 0x01C2, 0x01E2, 0x01C2, 0x01C2, 0x01C2, 0x01C2, 0x01E2, 0x01E2, 0x01E2, 0x01E2, 0x01A2, 
    0x01C2, 0x2243, 0x09A2, 0x09C2, 0x09E2, 0x0A02, 0x09C2, 0x09C2, 0x09E2, 0x01A2, 0x01A1, 0x0181, 
    0x0981, 0x0181, 0x0181, 0x01A2, 0x01A1, 0x0181, 0x01A1, 0x01C2, 0x01C2, 0x01A2, 0x01A2, 0x0181, 
    0x0181, 0x0181, 0x01A1, 0x01A1, 0x01A1, 0x01A2, 0x0181, 0x0181, 0x0181, 0x0181, 0x01A2, 0x01A2, 
    0x01A2, 0x01A2, 0x01A1, 0x0181, 0x0181, 0x0181, 0x0161, 0x0161, 0x0181, 0x0161, 0x0161, 0x0181, 
    0x0181, 0x0181, 0x0181, 0x0181, 0x0181, 0x0161, 0x0161, 0x0161, 0x0141, 0x0141, 0x0161, 0x0161, 
    0x0161, 0x0161, 0x0161, 0x0141, 0x0141, 0x0141, 0x0141, 0x0141, 0x0121, 0x0121, 0x0101, 0x0121, 
    0x0101, 0x0101, 0x0101, 0x0101, 0x0101, 0x0101, 0x0101, 0x00E1, 0x00E1, 0x0020, 0x6A63, 0xDCC4, 
    0x4181, 0x49E2, 0x5222, 0x0020, 0x00A0, 0x00A0, 0x0040, 0x6A62, 0x9B64, 0x2202, 0x63E4, 0x6B26, 
    0x0081, 0x0121, 0x0121, 0x0121, 0x0121, 0x0101, 0x0101, 0x0101, 0x0121, 0x0121, 0x0141, 0x0141, 
    0x0141, 0x0121, 0x0121, 0x0121, 0x0141, 0x0141, 0x0141, 0x0141, 0x0161, 0x0161, 0x0141, 0x0141, 
    0x0141, 0x0161, 0x0161, 0x0161, 0x0161, 0x0141, 0x0161, 0x0161, 0x0141, 0x0141, 0x0141, 0x0141, 
    0x0141, 0x0161, 0x0141, 0x0141, 0x0141, 0x0121, 0x0121, 0x0121, 0x0121, 0x0101, 0x0101, 0x0101, 
    0x0101, 0x0101, 0x0101, 0x00E1, 0x00E1, 0x00E1, 0x00C1, 0x00C1, 0x0000, 0x5AA3, 0x7383, 0x1960, 
    0x7AC2, 0x6A00, 0x0020, 0x0080, 0x0080, 0x0020, 0x7B26, 0x1081, 0xB425, 0x9B84, 0x0000, 0x0060, 
    0x00C0, 0x0000, 0x8304, 0xCC86, 0x0840, 0x7241, 0x1060, 0x0060, 0x00A0, 0x00A0, 0x00C0, 0x00A0, 
    0x00A0, 0x00C0, 0x00C0, 0x00C0, 0x00C0, 0x00C0, 0x00E1, 0x00E1, 0x00E1, 0x00E1, 0x00E1, 0x00C0, 
    0x00C0, 0x00A0, 0x00C0, 0x0040, 0x9344, 0xED46, 0x3142, 0x0000, 0xC444, 0xD4C5, 0x0840, 0x9344, 
    0xF588, 0x41C3, 0x0060, 0x00C0, 0x00C0, 0x00A0, 0x0880, 0xAC27, 0xD4E8, 0xF5CA, 0x2142, 0x0080, 
    0x0000, 0x9B84, 0xFDE8, 0x3142, 0x72E5, 0x62A4, 0x0040, 0x08C0, 0xCCE8, 0xEE2C, 0x00A1, 0x39E4, 
    0x31C3, 0x0060, 0x2942, 0xFE4B, 0xB4EA, 0x0000, 0x41C3, 0xFF4F, 0x8BC8, 0x0060, 0x0161, 0x0141, 
    0x0161, 0x0161, 0x0181, 0x01A2, 0x0181, 0x0181, 0x0182, 0x0182, 0x0181, 0x0181, 0x0181, 0x0181, 
    0x0181, 0x0181, 0x0181, 0x0181, 0x01A1, 0x01C2, 0x01C2, 0x01A1, 0x01C2, 0x01C2, 0x01C2, 0x01E2, 
    0x01E2, 0x01E2, 0x01E2, 0x01E2, 0x01E2, 0x01E2, 0x01E2, 0x01E2, 0x01E2, 0x01C2, 0x01E2, 0x01E2, 
    0x01E2, 0x01E2, 0x01E2, 0x0202, 0x0202, 0x0202, 0x0202, 0x01E2, 0x01E2, 0x01E2, 0x01E2, 0x0202, 
    0x0202, 0x0202, 0x0202, 0x0202, 0x01E2, 0x01E2, 0x01E2, 0x01E2, 0x01E2, 0x01E2, 0x01C2, 0x01E2, 
    0x01E2, 0x01E2, 0x0202, 0x0202, 0x0202, 0x0202, 0x0222, 0x0202, 0x01E2, 0x01E2, 0x01C2, 0x01C2, 
    0x01C2, 0x01C2, 0x01C2, 0x01C2, 0x01E2, 0x01E2, 0x01C2, 0x19E2, 0x83C6, 0x6B45, 0x7BA5, 0x4284, 
    0xCD8A, 0x1A22, 0x5324, 0x5B04, 0x7BA7, 0xCD6B, 0x00E1, 0x3223, 0xDDAC, 0x2A02, 0x0100, 0x0181, 
    0x01A1, 0x0181, 0x0181, 0x01A2, 0x01A2, 0x01A1, 0x01A1, 0x01A1, 0x01A1, 0x0181, 0x0181, 0x01A1, 
    0x01A1, 0x01A1, 0x0181, 0x0181, 0x0181, 0x0181, 0x01A2, 0x01A2, 0x01C2, 0x01A2, 0x01A2, 0x01A2, 
    0x01A2, 0x01A2, 0x0181, 0x0181, 0x0181, 0x0161, 0x0181, 0x0181, 0x0181, 0x0181, 0x01A2, 0x01A2, 
    0x0181, 0x0181, 0x0182, 0x0182, 0x0161, 0x0161, 0x0161, 0x0161, 0x0161, 0x0161, 0x0161, 0x0141, 
    0x0141, 0x0161, 0x0141, 0x0141, 0x0141, 0x0141, 0x0121, 0x0121, 0x0121, 0x0121, 0x0101, 0x0101, 
    0x0101, 0x0101, 0x0101, 0x00E1, 0x00E1, 0x0020, 0x6A63, 0xD4A4, 0x3941, 0x41C2, 0x5202, 0x0000, 
    0x0080, 0x00A0, 0x0040, 0x6A62, 0x9B64, 0x7305, 0x5A45, 0x0080, 0x0101, 0x0121, 0x0101, 0x0121, 
    0x0121, 0x0101, 0x0121, 0x0121, 0x0121, 0x0141, 0x0141, 0x0141, 0x0161, 0x0161, 0x0161, 0x0141, 
    0x0161, 0x0161, 0x0161, 0x0161, 0x0161, 0x0161, 0x0161, 0x0161, 0x0161, 0x0181, 0x0181, 0x0181, 
    0x0161, 0x0161, 0x0161, 0x0141, 0x0141, 0x0141, 0x0141, 0x0141, 0x0161, 0x0161, 0x0141, 0x0141, 
    0x0141, 0x0141, 0x0141, 0x0141, 0x0121, 0x0121, 0x0121, 0x0101, 0x0101, 0x0101, 0x0101, 0x00E1, 
    0x00E1, 0x00E1, 0x00E1, 0x00E1, 0x00E1, 0x08C1, 0x5202, 0x6A82, 0x7AC3, 0x61C0, 0x0000, 0x0080, 
    0x0080, 0x0020, 0x7B25, 0x1081, 0xB425, 0x9B84, 0x0000, 0x0080, 0x00C0, 0x0000, 0x8325, 0xCCC7, 
    0x0840, 0x7A82, 0x1080, 0x0060, 0x00A0, 0x00A0, 0x00A0, 0x00A0, 0x00A0, 0x00A0, 0x00C0, 0x00C0, 
    0x00C0, 0x00E0, 0x00E1, 0x00E0, 0x00C0, 0x00A0, 0x0080, 0x00C0, 0x00C0, 0x00A0, 0x00A0, 0x0020, 
    0x8B24, 0xE506, 0x49C3, 0x49E3, 0xED25, 0x9322, 0x0000, 0x9B64, 0xF568, 0x41E3, 0x0080, 0x00C0, 
    0x00A0, 0x0000, 0x49E3, 0x7AE4, 0x5A02, 0xFE2A, 0x72E5, 0x0000, 0x0000, 0x3101, 0xE505, 0xCCC8, 
    0xA407, 0x08A0, 0x00E0, 0x0080, 0xC486, 0xF5C8, 0x8BA7, 0xEDEC, 0x4223, 0x0060, 0x2942, 0xF5A7, 
    0xC4C8, 0x41C3, 0xBC67, 0xCD49, 0x2182, 0x00E0, 0x0161, 0x0141, 0x0141, 0x0161, 0x0161, 0x0161, 
    0x0181, 0x0161, 0x0141, 0x0161, 0x0181, 0x0161, 0x0181, 0x01A1, 0x01C1, 0x01A1, 0x0181, 0x0181, 
    0x0181, 0x01A1, 0x01A1, 0x0161, 0x0181, 0x01A1, 0x01C1, 0x01A1, 0x01C2, 0x01E2, 0x01E1, 0x01C2, 
    0x01A1, 0x01C1, 0x01E2, 0x01E2, 0x01C1, 0x01A1, 0x01A1, 0x01C1, 0x01E2, 0x0202, 0x01E2, 0x01E2, 
    0x01E2, 0x01E2, 0x0202, 0x0202, 0x01C2, 0x01C2, 0x01E2, 0x01C2, 0x01C2, 0x01E2, 0x0202, 0x0202, 
    0x01E2, 0x01E2, 0x01E2, 0x01E2, 0x01E2, 0x01A1, 0x01A1, 0x01C2, 0x01C1, 0x01C2, 0x01E2, 0x01E2, 
    0x01E2, 0x0202, 0x0202, 0x01E2, 0x01A1, 0x01A1, 0x01A1, 0x01C2, 0x01C2, 0x01C2, 0x01E2, 0x01C2, 
    0x01C2, 0x01E2, 0x01A1, 0x3A83, 0xF60A, 0x3A43, 0x1982, 0x3243, 0xE5EB, 0x0181, 0x3AC3, 0x3A43, 
    0x4A64, 0xFE8C, 0x52A5, 0x6B25, 0xF64C, 0x19C2, 0x7C08, 0x3264, 0x0141, 0x0181, 0x01A2, 0x01A2, 
    0x01A2, 0x01A2, 0x01A1, 0x01A1, 0x01A2, 0x01A1, 0x01A1, 0x01A1, 0x0181, 0x0181, 0x0181, 0x0181, 
    0x0181, 0x0182, 0x0181, 0x01A1, 0x01A1, 0x01C2, 0x01A1, 0x0181, 0x01A1, 0x01A1, 0x0181, 0x0161, 
    0x0141, 0x0161, 0x0181, 0x0161, 0x0181, 0x0181, 0x0181, 0x0181, 0x01A1, 0x0181, 0x0161, 0x0161, 
    0x0161, 0x0181, 0x0161, 0x0141, 0x0141, 0x0121, 0x0121, 0x0121, 0x0141, 0x0141, 0x0121, 0x0100, 
    0x0101, 0x0121, 0x0141, 0x0121, 0x0121, 0x0121, 0x0101, 0x0101, 0x0101, 0x00E0, 0x00E1, 0x00E1, 
    0x00E1, 0x0020, 0x6A63, 0xD484, 0x4141, 0x41C2, 0x5202, 0x0000, 0x0080, 0x00A0, 0x0040, 0x6A21, 
    0xA3A4, 0x4A04, 0x0080, 0x00E1, 0x0101, 0x0101, 0x0121, 0x0121, 0x0121, 0x0121, 0x0121, 0x0121, 
    0x0141, 0x0141, 0x0161, 0x0161, 0x0181, 0x0161, 0x0161, 0x0161, 0x0181, 0x0181, 0x0182, 0x0181, 
    0x0161, 0x0161, 0x0161, 0x0161, 0x0161, 0x0181, 0x0181, 0x0181, 0x0181, 0x0161, 0x0161, 0x0141, 
    0x0141, 0x0141, 0x0161, 0x0141, 0x0141, 0x0141, 0x0141, 0x0141, 0x0141, 0x0141, 0x0121, 0x0121, 
    0x0121, 0x0121, 0x0121, 0x0121, 0x0101, 0x0101, 0x0101, 0x00E1, 0x00E1, 0x00E1, 0x00E1, 0x00E1, 
    0x00E1, 0x00C1, 0x0060, 0x41C3, 0x8B45, 0x59C0, 0x0000, 0x0080, 0x0080, 0x0020, 0x7B05, 0x1080, 
    0xB405, 0x9B84, 0x0000, 0x0080, 0x00E1, 0x0020, 0x8325, 0xCCE7, 0x0840, 0x82E4, 0x18A0, 0x0080, 
    0x00A0, 0x00A0, 0x00C0, 0x00A0, 0x00A0, 0x00C0, 0x00C0, 0x00C0, 0x00C0, 0x00C0, 0x00A0, 0x00A0, 
    0x1941, 0x39C2, 0x5283, 0x2141, 0x00A0, 0x00A0, 0x0080, 0x0040, 0x9323, 0xD463, 0x9B64, 0x9B43, 
    0x6201, 0x0840, 0x0000, 0x9343, 0xE4E5, 0x41C2, 0x0060, 0x0040, 0x0020, 0x0000, 0x8B64, 0x9B84, 
    0x7AE4, 0xED26, 0xB467, 0x0000, 0x0040, 0x0020, 0x9B85, 0xFDE9, 0x5A84, 0x0080, 0x00C0, 0x0040, 
    0xB445, 0xDD26, 0x39A3, 0xA3E6, 0x3982, 0x0020, 0x2941, 0xED46, 0xBC67, 0xB426, 0xFE28, 0x41A2, 
    0x0060, 0x0161, 0x0161, 0x0161, 0x0161, 0x0141, 0x2A02, 0x6B44, 0x6344, 0x6B45, 0x6325, 0x6345, 
    0x63A7, 0x6387, 0x6365, 0x6365, 0x63A6, 0x63C6, 0x6365, 0x6365, 0x6BA6, 0x63C7, 0x63A7, 0x5B86, 
    0x6386, 0x63A6, 0x63C6, 0x63A6, 0x63A6, 0x63A6, 0x6385, 0x6385, 0x6365, 0x6386, 0x6BC7, 0x6BC6, 
    0x6385, 0x6386, 0x63A6, 0x5B86, 0x63C7, 0x63E7, 0x63E7, 0x63E7, 0x63C7, 0x63A7, 0x63A6, 0x63C7, 
    0x63E7, 0x63C7, 0x5BC6, 0x5BC7, 0x63E7, 0x6408, 0x6408, 0x63E8, 0x63A7, 0x63C7, 0x63E7, 0x63E7, 
    0x63C7, 0x6386, 0x63A7, 0x63C7, 0x63C7, 0x63C7, 0x63C7, 0x63A6, 0x63A6, 0x63C6, 0x63A6, 0x5B86, 
    0x5B66, 0x5BA7, 0x63E7, 0x63E7, 0x63C7, 0x5325, 0x01C2, 0x01E2, 0x01E2, 0x01C2, 0x01C2, 0x0121, 
    0x6B24, 0xEE2B, 0x7BE7, 0x3283, 0xDDAB, 0x0161, 0x3242, 0x3A23, 0x3A43, 0x9C47, 0xE5CB, 0x6B45, 
    0xCD6A, 0x19A2, 0x6305, 0x21E3, 0x0161, 0x01A1, 0x01A2, 0x01A1, 0x01A1, 0x01A2, 0x01A1, 0x01A2, 
    0x01A1, 0x01A2, 0x01A2, 0x01A1, 0x0181, 0x0181, 0x0181, 0x0181, 0x0181, 0x0161, 0x1A02, 0x6BA5, 
    0x6386, 0x6BA6, 0x6B65, 0x6346, 0x6386, 0x6365, 0x6325, 0x6345, 0x6345, 0x6365, 0x6345, 0x5B05, 
    0x6304, 0x6344, 0x6365, 0x6365, 0x6385, 0x6385, 0x6365, 0x6365, 0x6365, 0x6366, 0x6345, 0x6324, 
    0x62E4, 0x5AC3, 0x62E4, 0x6325, 0x6B65, 0x6324, 0x5AE3, 0x6304, 0x4A83, 0x21C2, 0x0121, 0x0100, 
    0x0121, 0x0121, 0x0101, 0x00E0, 0x00E0, 0x00E0, 0x00E1, 0x00E1, 0x00E0, 0x0020, 0x6A42, 0xD463, 
    0x3941, 0x4182, 0x51C2, 0x0000, 0x0080, 0x00A0, 0x0040, 0x6A41, 0xB426, 0x31A3, 0x0080, 0x00E1, 
    0x00E1, 0x0101, 0x0101, 0x0101, 0x0121, 0x0121, 0x0141, 0x0141, 0x0141, 0x0141, 0x0161, 0x0161, 
    0x0181, 0x0181, 0x0181, 0x0182, 0x0181, 0x0181, 0x0161, 0x0161, 0x0181, 0x0181, 0x0161, 0x0181, 
    0x0161, 0x0181, 0x0181, 0x0181, 0x0161, 0x0161, 0x0141, 0x0141, 0x0141, 0x0141, 0x0161, 0x0161, 
    0x0141, 0x0141, 0x0141, 0x0141, 0x0141, 0x0141, 0x0121, 0x0121, 0x0121, 0x0121, 0x0121, 0x0121, 
    0x0101, 0x0101, 0x0101, 0x00E1, 0x00E1, 0x00E1, 0x00E1, 0x00E1, 0x00E1, 0x00E1, 0x0060, 0x3963, 
    0xA3A6, 0x59A0, 0x0000, 0x0060, 0x0080, 0x0020, 0x72A3, 0x1060, 0xAC05, 0x9B64, 0x0000, 0x0080, 
    0x00E0, 0x0000, 0x8345, 0xD4E8, 0x0840, 0x8304, 0x18A0, 0x0060, 0x00A0, 0x00A0, 0x00C0, 0x00C0, 
    0x00C0, 0x00C0, 0x00C0, 0x00E0, 0x00A0, 0x0080, 0x31A2, 0x5A83, 0x5A43, 0x39E2, 0x29A1, 0x08E1, 
    0x00A0, 0x00A0, 0x0080, 0x0020, 0x7A81, 0xC402, 0x2901, 0x0000, 0x0000, 0x0020, 0x0000, 0x82C2, 
    0xC403, 0x3121, 0x0000, 0x3982, 0x3941, 0x0020, 0xA3A4, 0x59C1, 0x51C1, 0x9B43, 0xDD27, 0x2922, 
    0x0060, 0x00C0, 0x9365, 0xED88, 0x39C3, 0x0020, 0x00A0, 0x0040, 0xB425, 0xD528, 0x0020, 0x0000, 
    0x41C3, 0x2121, 0x2101, 0xED66, 0x93C6, 0x20E1, 0xF566, 0xBC67, 0x00C0, 0x0161, 0x0161, 0x0161, 
    0x0161, 0x0141, 0x0161, 0x1161, 0x0961, 0x1161, 0x0961, 0x0961, 0x0982, 0x09C2, 0x11E2, 0x09C2, 
    0x09A2, 0x11C2, 0x09C2, 0x09A2, 0x1182, 0x09C2, 0x09E2, 0x09E2, 0x09C2, 0x09E2, 0x1202, 0x09E2, 
    0x09E2, 0x09E2, 0x09A2, 0x09C2, 0x09C2, 0x09A2, 0x11A2, 0x09C2, 0x09E2, 0x09E2, 0x1202, 0x09E2, 
    0x09C2, 0x11E2, 0x0A02, 0x1223, 0x0A23, 0x0A02, 0x09C2, 0x09E2, 0x0A02, 0x0A23, 0x0A02, 0x0A43, 
    0x0A63, 0x0A43, 0x0A23, 0x0A02, 0x09E2, 0x0A03, 0x0A23, 0x0A03, 0x09E2, 0x0A02, 0x0A43, 0x0A43, 
    0x0A23, 0x0A02, 0x0A03, 0x09E2, 0x0A02, 0x0A02, 0x09E2, 0x09E2, 0x0A02, 0x0A23, 0x1223, 0x1203, 
    0x09C2, 0x09A2, 0x01C2, 0x01C2, 0x01E2, 0x01E2, 0x01A2, 0x3A83, 0x2A02, 0x4263, 0xE5A9, 0x3243, 
    0xE5AA, 0x0141, 0x4A83, 0x3223, 0x52E4, 0x52C4, 0xDD8A, 0x4263, 0xE5CA, 0x1982, 0x3203, 0x19A2, 
    0x0161, 0x01A1, 0x01A1, 0x01A1, 0x01A1, 0x01A1, 0x01A2, 0x0181, 0x0181, 0x01A1, 0x01A2, 0x01A1, 
    0x01A1, 0x01A1, 0x0181, 0x01A2, 0x01A1, 0x0181, 0x01A2, 0x11C2, 0x11C2, 0x1182, 0x0961, 0x0961, 
    0x1182, 0x0982, 0x09A1, 0x09C2, 0x09C2, 0x0981, 0x0941, 0x0941, 0x0981, 0x0981, 0x1181, 0x11A2, 
    0x0981, 0x0981, 0x11C2, 0x09A2, 0x0981, 0x0961, 0x0941, 0x0961, 0x0961, 0x0981, 0x0982, 0x0982, 
    0x0981, 0x0961, 0x1161, 0x2202, 0x42C3, 0x6324, 0x62E4, 0x31E2, 0x00E0, 0x0100, 0x0101, 0x00E0, 
    0x00E1, 0x00E0, 0x00E0, 0x00C0, 0x00E0, 0x0000, 0x6222, 0xCC63, 0x3941, 0x3941, 0x49A1, 0x0020, 
    0x0080, 0x00A0, 0x0020, 0x6A42, 0xB426, 0x39C4, 0x0080, 0x00E1, 0x0101, 0x0101, 0x0121, 0x0101, 
    0x0101, 0x0121, 0x0121, 0x0141, 0x0141, 0x0141, 0x0161, 0x0161, 0x0161, 0x0161, 0x0181, 0x01A2, 
    0x0181, 0x0161, 0x0161, 0x0161, 0x0181, 0x0181, 0x0181, 0x0161, 0x0161, 0x0181, 0x0181, 0x0181, 
    0x0161, 0x0161, 0x0141, 0x0141, 0x0141, 0x0161, 0x0161, 0x0161, 0x0141, 0x0141, 0x0141, 0x0141, 
    0x0141, 0x0121, 0x0121, 0x0121, 0x0121, 0x0101, 0x0121, 0x0101, 0x0101, 0x0101, 0x0101, 0x00E1, 
    0x00E1, 0x00E1, 0x00E1, 0x00C1, 0x00C1, 0x00C1, 0x0060, 0x41C3, 0xABE6, 0x61C0, 0x0000, 0x0060, 
    0x0080, 0x0020, 0x72A3, 0x1060, 0xABE5, 0x9343, 0x0000, 0x0060, 0x00C0, 0x0000, 0x8325, 0xD4C7, 
    0x0840, 0x8B24, 0x18A0, 0x0060, 0x00A0, 0x00A0, 0x00C0, 0x00C0, 0x00C0, 0x00C0, 0x00E0, 0x0060, 
    0x2142, 0x6B05, 0x5243, 0x1101, 0x0080, 0x0080, 0x00A0, 0x00C0, 0x00C0, 0x00A0, 0x0080, 0x0840, 
    0x82A2, 0xBBA1, 0x5222, 0x0060, 0x00A0, 0x00C0, 0x08C0, 0x9B63, 0xC402, 0x6263, 0x3982, 0xC445, 
    0x51C1, 0x72A3, 0x9B83, 0x0000, 0x0000, 0x6242, 0xED25, 0x93A5, 0x08C0, 0x08E1, 0xABE5, 0xED26, 
    0x5A24, 0x0000, 0x0060, 0x10E1, 0xCCA6, 0xE568, 0x5244, 0x39A2, 0xD507, 0x41A1, 0x3982, 0xF545, 
    0xB446, 0x0020, 0x8B22, 0xFE08, 0x7B66, 0x0121, 0x0141, 0x0141, 0x0161, 0x0161, 0x0141, 0x0141, 
    0x0141, 0x0161, 0x0161, 0x0161, 0x0161, 0x0181, 0x01A1, 0x0181, 0x0181, 0x0161, 0x0181, 0x01A1, 
    0x0181, 0x0181, 0x01A1, 0x01C1, 0x01C1, 0x01C1, 0x01A1, 0x01A1, 0x01A1, 0x01A1, 0x01A1, 0x01C2, 
    0x01C2, 0x01A1, 0x01A1, 0x01A1, 0x01A1, 0x01C2, 0x01E2, 0x01C2, 0x01C1, 0x01C1, 0x01C2, 0x01C2, 
    0x0202, 0x01E2, 0x01E2, 0x01C1, 0x01C1, 0x01E2, 0x01E2, 0x0202, 0x01E2, 0x01C1, 0x01E2, 0x01C1, 
    0x01C2, 0x01E2, 0x01E2, 0x01C2, 0x01E2, 0x01E2, 0x01E2, 0x01E2, 0x01E1, 0x01E1, 0x01E2, 0x01E2, 
    0x0202, 0x01E2, 0x01C1, 0x01C1, 0x01C1, 0x01C1, 0x01C1, 0x01A1, 0x0181, 0x01A1, 0x01C2, 0x01A1, 
    0x01E2, 0x0202, 0x01E2, 0x32C3, 0x9C46, 0x8385, 0x5AC3, 0x0101, 0x7B85, 0x83E6, 0x6345, 0x09E2, 
    0x7B84, 0x4263, 0x3202, 0x3A22, 0xBCC6, 0x3A63, 0x9C48, 0x4264, 0x0121, 0x01A1, 0x01A1, 0x01A1, 
    0x01A2, 0x01A2, 0x01A1, 0x0181, 0x0181, 0x01A2, 0x01A2, 0x01A1, 0x0181, 0x01A2, 0x01A2, 0x01A2, 
    0x01A2, 0x01A1, 0x01A1, 0x0181, 0x0181, 0x0161, 0x0161, 0x0161, 0x0141, 0x0161, 0x0181, 0x0181, 
    0x0181, 0x0141, 0x0141, 0x0161, 0x0161, 0x0161, 0x0161, 0x0161, 0x0161, 0x0161, 0x0161, 0x0161, 
    0x0161, 0x0141, 0x0141, 0x0141, 0x0161, 0x0181, 0x0181, 0x0161, 0x0141, 0x0121, 0x0141, 0x0141, 
    0x0121, 0x0101, 0x1141, 0x5283, 0x7344, 0x1961, 0x00C0, 0x0101, 0x00E0, 0x00E0, 0x00E0, 0x00C0, 
    0x00C0, 0x0000, 0x6202, 0xCC63, 0x4161, 0x4182, 0x49C2, 0x0000, 0x0080, 0x0080, 0x0020, 0x6201, 
    0xABE5, 0x39A4, 0x0080, 0x00E1, 0x0101, 0x0121, 0x0121, 0x0121, 0x0121, 0x0101, 0x0121, 0x0121, 
    0x0141, 0x0141, 0x0161, 0x0161, 0x0161, 0x0161, 0x0161, 0x0181, 0x0181, 0x0161, 0x0161, 0x0161, 
    0x0161, 0x0161, 0x0161, 0x0181, 0x0161, 0x0161, 0x0161, 0x0161, 0x0161, 0x0161, 0x0161, 0x0141, 
    0x0141, 0x0161, 0x0161, 0x0161, 0x0141, 0x0141, 0x0141, 0x0121, 0x0121, 0x0121, 0x0121, 0x0121, 
    0x0121, 0x0101, 0x0101, 0x0101, 0x0101, 0x0101, 0x00E1, 0x00E1, 0x00E1, 0x00E1, 0x00C1, 0x00C1, 
    0x00A1, 0x00C1, 0x0060, 0x49E3, 0xABE6, 0x61A0, 0x0000, 0x0060, 0x0080, 0x0020, 0x7B25, 0x1081, 
    0xB426, 0xA3A4, 0x0000, 0x0060, 0x00A0, 0x0000, 0x7AE3, 0xCC85, 0x0840, 0x8B02, 0x18A0, 0x0060, 
    0x00A0, 0x00A0, 0x00A0, 0x00C0, 0x00C0, 0x00C0, 0x0060, 0x39C3, 0x7B67, 0x2142, 0x0060, 0x00C0, 
    0x00E0, 0x00E0, 0x00E0, 0x00C0, 0x00C0, 0x00C0, 0x0060, 0x2921, 0x6A21, 0x61A0, 0x6A62, 0x10C1, 
    0x0080, 0x00A0, 0x3181, 0x7A61, 0x61C0, 0x6A41, 0x7AA2, 0x7A81, 0x3941, 0x7A81, 0x7261, 0x1080, 
    0x0840, 0x7282, 0x7A81, 0x8B22, 0x2981, 0x3181, 0x82C2, 0x7241, 0x7283, 0x10C1, 0x0040, 0x49E2, 
    0x82E2, 0x7AC2, 0x8B63, 0x8B63, 0x8B02, 0x18A0, 0x5A22, 0x7AA1, 0x82E3, 0x3182, 0x1920, 0x8B02, 
    0x8B23, 0x2182, 0x0121, 0x0141, 0x0161, 0x0161, 0x0161, 0x0161, 0x0161, 0x0161, 0x01A2, 0x01A1, 
    0x01A1, 0x01C2, 0x01A2, 0x01A1, 0x01A1, 0x0181, 0x01A1, 0x01A1, 0x01A1, 0x01C2, 0x01C2, 0x01C1, 
    0x01C2, 0x01C1, 0x01C2, 0x01C2, 0x01C2, 0x01C2, 0x01C2, 0x01C2, 0x01E2, 0x01E2, 0x01C2, 0x01E2, 
    0x01E2, 0x01E2, 0x01E2, 0x01E2, 0x01E2, 0x01E2, 0x01E2, 0x01E2, 0x01E2, 0x0202, 0x0202, 0x0202, 
    0x0202, 0x0202, 0x0202, 0x0202, 0x0202, 0x01E2, 0x0202, 0x0202, 0x0202, 0x0202, 0x0202, 0x01E2, 
    0x0202, 0x0202, 0x0202, 0x0202, 0x01E2, 0x0202, 0x0202, 0x0222, 0x0222, 0x0202, 0x01E2, 0x01C2, 
    0x01C2, 0x01C2, 0x01C2, 0x01C2, 0x01C2, 0x01C2, 0x01E2, 0x01E2, 0x01E2, 0x01E2, 0x0202, 0x01E2, 
    0x01C2, 0x09A2, 0x0161, 0x01A2, 0x0161, 0x09C2, 0x01C2, 0x01E2, 0x01A2, 0x0181, 0x0161, 0x0181, 
    0x0161, 0x01C2, 0x0161, 0x0181, 0x01A1, 0x01A2, 0x01A1, 0x01A2, 0x01A1, 0x01A2, 0x01A2, 0x0181, 
    0x0181, 0x01A1, 0x01A2, 0x01A1, 0x0181, 0x0181, 0x01A2, 0x01C2, 0x01A1, 0x01A2, 0x01A2, 0x01A1, 
    0x01A2, 0x0181, 0x0181, 0x0181, 0x0181, 0x01A1, 0x01A2, 0x01A2, 0x01A1, 0x0181, 0x0181, 0x01A1, 
    0x0181, 0x0181, 0x0161, 0x0161, 0x0161, 0x0161, 0x0181, 0x0181, 0x0181, 0x0161, 0x0161, 0x0161, 
    0x0181, 0x0181, 0x0181, 0x0181, 0x0161, 0x0141, 0x0141, 0x0161, 0x0161, 0x0141, 0x0121, 0x00C0, 
    0x29C2, 0x7B85, 0x29A2, 0x00A0, 0x00E1, 0x00C0, 0x00E0, 0x00C0, 0x00C0, 0x0000, 0x6242, 0xCC64, 
    0x3961, 0x41C3, 0x5203, 0x0000, 0x0080, 0x0080, 0x0000, 0x51A0, 0xA384, 0x39A4, 0x0080, 0x0101, 
    0x0101, 0x0101, 0x0101, 0x0101, 0x0121, 0x0121, 0x0101, 0x0121, 0x0141, 0x0141, 0x0161, 0x0161, 
    0x0161, 0x0161, 0x0161, 0x0161, 0x0161, 0x0161, 0x0161, 0x0161, 0x0161, 0x0141, 0x0161, 0x0161, 
    0x0181, 0x0161, 0x0161, 0x0141, 0x0141, 0x0141, 0x0161, 0x0141, 0x0141, 0x0141, 0x0141, 0x0141, 
    0x0141, 0x0141, 0x0141, 0x0121, 0x0121, 0x0121, 0x0121, 0x0121, 0x0121, 0x0121, 0x0101, 0x0101, 
    0x0101, 0x00E1, 0x00E1, 0x00E1, 0x00E1, 0x00C1, 0x00C1, 0x00C1, 0x00A1, 0x00C1, 0x0060, 0x41C3, 
    0xA385, 0x5160, 0x0000, 0x0060, 0x0080, 0x0000, 0x7B46, 0x10A1, 0xBC87, 0xABE6, 0x0000, 0x0080, 
    0x00A0, 0x0000, 0x7AC3, 0xCC65, 0x0840, 0x82A1, 0x1880, 0x0060, 0x00A0, 0x00A0, 0x00A0, 0x00C0, 
    0x00C0, 0x0060, 0x39E3, 0x7346, 0x0080, 0x00A0, 0x00E0, 0x00C0, 0x00E0, 0x00E0, 0x00C0, 0x00C0, 
    0x00C0, 0x00C0, 0x00C0, 0x0080, 0x0020, 0x0020, 0x0020, 0x0080, 0x00C0, 0x00C0, 0x0080, 0x0000, 
    0x0000, 0x0020, 0x0060, 0x0080, 0x0040, 0x0000, 0x0000, 0x0060, 0x0080, 0x0040, 0x0040, 0x0060, 
    0x00E0, 0x00C0, 0x0020, 0x0000, 0x0060, 0x00E0, 0x0101, 0x00A0, 0x0040, 0x0040, 0x0040, 0x0040, 
    0x0020, 0x0080, 0x0040, 0x0040, 0x0080, 0x00E0, 0x00E0, 0x0060, 0x0040, 0x00E0, 0x0141, 0x0141, 
    0x0161, 0x0161, 0x0161, 0x0161, 0x0161, 0x0181, 0x01A1, 0x01C2, 0x01C2, 0x01C2, 0x01A1, 0x01A1, 
    0x01A1, 0x01A1, 0x01A1, 0x01C2, 0x01C2, 0x01C2, 0x01E2, 0x01C2, 0x01C2, 0x01C2, 0x01C2, 0x01C2, 
    0x01C2, 0x01C2, 0x01C2, 0x01C2, 0x01E2, 0x01E2, 0x01E2, 0x0202, 0x0202, 0x01E2, 0x01E2, 0x01E2, 
    0x01E2, 0x01E2, 0x01E2, 0x01C2, 0x01C1, 0x01E2, 0x0202, 0x0202, 0x0202, 0x0202, 0x0202, 0x0202, 
    0x0202, 0x01E2, 0x01E2, 0x0202, 0x0222, 0x0222, 0x0202, 0x0202, 0x0202, 0x0202, 0x01E2, 0x01E2, 
    0x0202, 0x0202, 0x0222, 0x0222, 0x0202, 0x0202, 0x01E2, 0x01C1, 0x01C2, 0x01C2, 0x01C2, 0x01C2, 
    0x01E2, 0x01E2, 0x01E2, 0x01E2, 0x01C2, 0x01E2, 0x01E2, 0x01E2, 0x01E2, 0x0202, 0x0202, 0x01E2, 
    0x01E2, 0x01A2, 0x01C2, 0x01C2, 0x01E2, 0x01C2, 0x01C2, 0x01C2, 0x01C2, 0x01A1, 0x01A1, 0x01A2, 
    0x01A2, 0x01A2, 0x01C2, 0x01C2, 0x01A1, 0x01A2, 0x01A2, 0x0181, 0x0181, 0x0181, 0x01A1, 0x0181, 
    0x0181, 0x0181, 0x01A2, 0x01A2, 0x01A1, 0x01A2, 0x01A2, 0x0181, 0x0181, 0x0181, 0x01A1, 0x01A1, 
    0x0181, 0x01A1, 0x01A2, 0x01A2, 0x01A1, 0x01A1, 0x01A1, 0x01A1, 0x0181, 0x0181, 0x0181, 0x0181, 
    0x0181, 0x0181, 0x0161, 0x0161, 0x0161, 0x0181, 0x0181, 0x0181, 0x0181, 0x0161, 0x0161, 0x0161, 
    0x0161, 0x0161, 0x0141, 0x0141, 0x0141, 0x0141, 0x0121, 0x0141, 0x00E0, 0x08E1, 0x7324, 0x2981, 
    0x00A0, 0x00E0, 0x00C0, 0x00C0, 0x00C0, 0x0000, 0x6A43, 0xD484, 0x4161, 0x49E3, 0x5222, 0x0000, 
    0x0080, 0x0060, 0x0000, 0x5180, 0x9B44, 0x39A4, 0x00A0, 0x0101, 0x0101, 0x0101, 0x0101, 0x0101, 
    0x0101, 0x0121, 0x0121, 0x0121, 0x0141, 0x0141, 0x0161, 0x0161, 0x0161, 0x0161, 0x0161, 0x0161, 
    0x0161, 0x0161, 0x0141, 0x0141, 0x0141, 0x0141, 0x0161, 0x0161, 0x0161, 0x0161, 0x0161, 0x0161, 
    0x0161, 0x0141, 0x0141, 0x0141, 0x0121, 0x0141, 0x0141, 0x0141, 0x0141, 0x0141, 0x0121, 0x0121, 
    0x0121, 0x0121, 0x0121, 0x0121, 0x0121, 0x0121, 0x0101, 0x0101, 0x00E1, 0x00E1, 0x00E1, 0x00E1, 
    0x00C1, 0x00C1, 0x00C1, 0x00A1, 0x00A1, 0x00C1, 0x0060, 0x3962, 0x9324, 0x5160, 0x0020, 0x0080, 
    0x0080, 0x0000, 0x7B25, 0x1081, 0xBC66, 0xA3E5, 0x0000, 0x0080, 0x00A0, 0x0000, 0x8324, 0xD4E7, 
    0x0840, 0x82C2, 0x1880, 0x0060, 0x00A0, 0x00A0, 0x00A0, 0x00C0, 0x0080, 0x2141, 0x7B66, 0x0080, 
    0x00C0, 0x00E0, 0x00E0, 0x00E0, 0x00E0, 0x00E0, 0x00C0, 0x00C0, 0x00C0, 0x00E0, 0x00E0, 0x00E0, 
    0x00E0, 0x00C0, 0x00C0, 0x00E0, 0x00E1, 0x00E0, 0x00C0, 0x00C0, 0x00C0, 0x00E0, 0x00E0, 0x00E0, 
    0x00C0, 0x00C0, 0x00C0, 0x00E0, 0x00E0, 0x00E0, 0x00E0, 0x00E0, 0x00E0, 0x0101, 0x0100, 0x0100, 
    0x0121, 0x0141, 0x0141, 0x0141, 0x0141, 0x0121, 0x0101, 0x0100, 0x0101, 0x0101, 0x0121, 0x0121, 
    0x0121, 0x0121, 0x0121, 0x0121, 0x0121, 0x0121, 0x0121, 0x0141, 0x0161, 0x0161, 0x0161, 0x0181, 
    0x0181, 0x0181, 0x01A1, 0x01A1, 0x0181, 0x01A1, 0x01A1, 0x01C1, 0x01C1, 0x01C2, 0x01C2, 0x01E2, 
    0x01E2, 0x01C2, 0x01E2, 0x01C1, 0x01C2, 0x01C2, 0x01C2, 0x01E2, 0x01E2, 0x01E2, 0x01E2, 0x01C2, 
    0x01E2, 0x01E2, 0x0222, 0x0202, 0x01E2, 0x01E2, 0x01C2, 0x01C2, 0x01E2, 0x01E2, 0x01E2, 0x01C2, 
    0x01C1, 0x01E2, 0x01E2, 0x0202, 0x0202, 0x0222, 0x0202, 0x0202, 0x0202, 0x0202, 0x01E2, 0x01E2, 
    0x0202, 0x0222, 0x0202, 0x0202, 0x0202, 0x01E2, 0x01E2, 0x01E2, 0x0202, 0x0202, 0x0202, 0x0202, 
    0x0202, 0x01E2, 0x01E2, 0x01E2, 0x01E2, 0x01E2, 0x01C2, 0x01E2, 0x01E2, 0x01E2, 0x01E2, 0x01C2, 
    0x01C2, 0x01E2, 0x01C2, 0x01C2, 0x01E2, 0x01E2, 0x0202, 0x0202, 0x01E2, 0x01C2, 0x01A2, 0x01A1, 
    0x01C2, 0x01C2, 0x01C2, 0x01C2, 0x01A2, 0x01A1, 0x01A1, 0x01C2, 0x01C2, 0x01A2, 0x01A1, 0x01A2, 
    0x01A2, 0x01C2, 0x01C2, 0x01A1, 0x01A1, 0x0181, 0x01A1, 0x01A1, 0x01A1, 0x01A1, 0x01A1, 0x01A1, 
    0x01A1, 0x01A1, 0x0181, 0x0181, 0x0181, 0x0181, 0x01A1, 0x01A1, 0x0181, 0x01A1, 0x0181, 0x01A2, 
    0x01C2, 0x01A2, 0x01A1, 0x01C2, 0x0181, 0x0181, 0x0181, 0x01A1, 0x0181, 0x0161, 0x0181, 0x0161, 
    0x0161, 0x0181, 0x0181, 0x0181, 0x0181, 0x0161, 0x0161, 0x0161, 0x0161, 0x0161, 0x0141, 0x0141, 
    0x0141, 0x0141, 0x0121, 0x0121, 0x0121, 0x00E1, 0x08E0, 0x7B85, 0x1941, 0x00C0, 0x00C0, 0x00A0, 
    0x00C0, 0x0000, 0x6243, 0xDCA4, 0x4181, 0x49A1, 0x51E1, 0x0020, 0x0080, 0x0060, 0x0000, 0x4960, 
    0x9323, 0x39A3, 0x00A1, 0x0101, 0x0101, 0x0101, 0x0101, 0x0101, 0x0101, 0x0121, 0x0121, 0x0141, 
    0x0141, 0x0141, 0x0141, 0x0161, 0x0161, 0x0161, 0x0161, 0x0161, 0x0161, 0x0141, 0x0141, 0x0141, 
    0x0141, 0x0141, 0x0141, 0x0141, 0x0141, 0x0141, 0x0161, 0x0161, 0x0161, 0x0141, 0x0141, 0x0141, 
    0x0141, 0x0141, 0x0141, 0x0141, 0x0141, 0x0141, 0x0121, 0x0121, 0x0121, 0x0121, 0x0121, 0x0121, 
    0x0121, 0x0121, 0x0101, 0x0101, 0x00E1, 0x00E1, 0x00E1, 0x00E1, 0x00C1, 0x00C1, 0x00C1, 0x00A1, 
    0x00A1, 0x00C1, 0x0040, 0x3962, 0x9344, 0x5980, 0x0020, 0x0080, 0x0080, 0x0020, 0x7B25, 0x1081, 
    0xB425, 0x9B84, 0x0000, 0x0080, 0x00A0, 0x0000, 0x8B65, 0xDD48, 0x0840, 0x8325, 0x18A0, 0x0060, 
    0x00A0, 0x00C0, 0x00C0, 0x00C0, 0x0080, 0x7325, 0x1921, 0x00A0, 0x0101, 0x00E0, 0x00E0, 0x00E0, 
    0x00E0, 0x00E0, 0x00E0, 0x00E0, 0x00E0, 0x0101, 0x0101, 0x0101, 0x0101, 0x00E0, 0x00E1, 0x0101, 
    0x0101, 0x0101, 0x0101, 0x00E0, 0x00E0, 0x0101, 0x0101, 0x0121, 0x0121, 0x0100, 0x0100, 0x0101, 
    0x0100, 0x0100, 0x0101, 0x0101, 0x0101, 0x0121, 0x0121, 0x0141, 0x0161, 0x0161, 0x0161, 0x0161, 
    0x0161, 0x0161, 0x0141, 0x0141, 0x0141, 0x0141, 0x0141, 0x0121, 0x0121, 0x0121, 0x0121, 0x0141, 
    0x0141, 0x0141, 0x0141, 0x0141, 0x0161, 0x0161, 0x0161, 0x0181, 0x0181, 0x0181, 0x01A1, 0x01A1, 
    0x01A1, 0x0181, 0x01A1, 0x01C2, 0x01C2, 0x01E2, 0x01E2, 0x01E2, 0x01E2, 0x01C2, 0x01C2, 0x01C2, 
    0x01C1, 0x01C2, 0x01E2, 0x01E2, 0x01E2, 0x01E2, 0x01E2, 0x01E2, 0x0202, 0x0202, 0x0202, 0x01E2, 
    0x0202, 0x01E2, 0x01E2, 0x01C2, 0x01C2, 0x01C2, 0x01C2, 0x01E2, 0x01E2, 0x01E2, 0x01E2, 0x01E2, 
    0x0202, 0x0222, 0x0222, 0x0222, 0x0202, 0x01E2, 0x01E2, 0x0202, 0x0202, 0x0202, 0x0202, 0x0202, 
    0x0202, 0x0202, 0x01E2, 0x0202, 0x0202, 0x0202, 0x0202, 0x01E2, 0x01E2, 0x01E2, 0x01E2, 0x01E2, 
    0x01E2, 0x01E2, 0x01E2, 0x01E2, 0x01C2, 0x01E2, 0x01E2, 0x01C2, 0x01E2, 0x01E2, 0x01E2, 0x01E2, 
    0x01E2, 0x01E2, 0x0202, 0x0202, 0x01E2, 0x01E2, 0x01C2, 0x01C1, 0x01C1, 0x01C2, 0x01C2, 0x01C2, 
    0x01A2, 0x01A1, 0x01A1, 0x01C2, 0x01C2, 0x01A2, 0x01A1, 0x01A1, 0x01A2, 0x01C1, 0x01C2, 0x01C2, 
    0x01A1, 0x01A1, 0x01A1, 0x01A1, 0x01A1, 0x01A1, 0x01A1, 0x01A1, 0x01A1, 0x01A1, 0x01A1, 0x0181, 
    0x0181, 0x0181, 0x01A1, 0x01A1, 0x0181, 0x0181, 0x0181, 0x01A2, 0x01C2, 0x01C2, 0x01A2, 0x01C2, 
    0x01A1, 0x01A1, 0x01A2, 0x01A1, 0x0181, 0x0161, 0x0161, 0x0181, 0x0161, 0x0161, 0x0161, 0x0161, 
    0x0161, 0x0161, 0x0161, 0x0161, 0x0141, 0x0141, 0x0141, 0x0141, 0x0141, 0x0141, 0x0121, 0x0121, 
    0x0121, 0x0121, 0x00C0, 0x21A2, 0x7345, 0x0060, 0x00C0, 0x00A0, 0x00C0, 0x0000, 0x6243, 0xDCC4, 
    0x4982, 0x4980, 0x51C0, 0x0000, 0x0060, 0x0060, 0x0000, 0x5180, 0x9B44, 0x39C4, 0x00C1, 0x0101, 
    0x0101, 0x0101, 0x0101, 0x0101, 0x0101, 0x0121, 0x0121, 0x0121, 0x0121, 0x0141, 0x0141, 0x0141, 
    0x0161, 0x0161, 0x0161, 0x0161, 0x0141, 0x0141, 0x0141, 0x0141, 0x0141, 0x0141, 0x0141, 0x0141, 
    0x0141, 0x0141, 0x0161, 0x0161, 0x0161, 0x0141, 0x0141, 0x0141, 0x0141, 0x0141, 0x0141, 0x0141, 
    0x0141, 0x0141, 0x0121, 0x0141, 0x0121, 0x0121, 0x0121, 0x0121, 0x0101, 0x0101, 0x0101, 0x0101, 
    0x00E1, 0x00E1, 0x00E1, 0x00E1, 0x00C1, 0x00C1, 0x00C1, 0x00A1, 0x00A1, 0x00C1, 0x0040, 0x3962, 
    0x9B65, 0x5980, 0x0020, 0x0080, 0x0080, 0x0020, 0x7B04, 0x1080, 0xAC05, 0xA3A5, 0x0000, 0x0080, 
    0x00C0, 0x0000, 0x8B65, 0xDD49, 0x0840, 0x8B87, 0x18C1, 0x0060, 0x00A0, 0x00C0, 0x00C0, 0x0080, 
    0x4223, 0x5AA5, 0x0060, 0x0101, 0x00E0, 0x00E0, 0x00E1, 0x00E0, 0x0101, 0x0101, 0x0100, 0x00E0, 
    0x0101, 0x0101, 0x0101, 0x0101, 0x0101, 0x0101, 0x0101, 0x0121, 0x0121, 0x0121, 0x0121, 0x0101, 
    0x0101, 0x0121, 0x0121, 0x0141, 0x0161, 0x0141, 0x0141, 0x0121, 0x0121, 0x0141, 0x0141, 0x0141, 
    0x0141, 0x0141, 0x0141, 0x0161, 0x0161, 0x0161, 0x0161, 0x0161, 0x0161, 0x0181, 0x0181, 0x0161, 
    0x0161, 0x0161, 0x0141, 0x0141, 0x0141, 0x0141, 0x0141, 0x0141, 0x0161, 0x0181, 0x0161, 0x0161, 
    0x0161, 0x0161, 0x0161, 0x0181, 0x0181, 0x0181, 0x0181, 0x01A1, 0x01A1, 0x01A1, 0x01A1, 0x01C2, 
    0x01C2, 0x01C2, 0x01E2, 0x01E2, 0x01E2, 0x01C2, 0x01C2, 0x01C2, 0x01E2, 0x01E2, 0x01E2, 0x01E2, 
    0x01E2, 0x01E2, 0x01E2, 0x01E2, 0x0202, 0x0202, 0x0202, 0x01E2, 0x01E2, 0x01E2, 0x01E2, 0x01E2, 
    0x01C2, 0x01C2, 0x01C2, 0x01E2, 0x0202, 0x0202, 0x0202, 0x01E2, 0x0202, 0x0202, 0x0222, 0x0202, 
    0x0202, 0x0202, 0x0202, 0x0202, 0x0202, 0x0202, 0x0202, 0x0202, 0x0202, 0x0202, 0x0202, 0x01E2, 
    0x01E2, 0x01E2, 0x01E2, 0x01E2, 0x01E2, 0x01E2, 0x01E2, 0x01E2, 0x01E2, 0x01E2, 0x01E2, 0x01E2, 
    0x01C2, 0x01C2, 0x01E2, 0x01E2, 0x01E2, 0x0202, 0x0202, 0x01E2, 0x01E2, 0x01E2, 0x01E2, 0x0202, 
    0x01E2, 0x01E2, 0x01E2, 0x01C2, 0x01C2, 0x01C2, 0x01C2, 0x01C2, 0x01A1, 0x01A1, 0x01A1, 0x01A1, 
    0x01C2, 0x01A1, 0x01A1, 0x01A2, 0x01A2, 0x01A2, 0x01C2, 0x01C2, 0x01A2, 0x01A1, 0x01A1, 0x01A1, 
    0x01A1, 0x01A1, 0x0181, 0x0181, 0x01A1, 0x01A1, 0x01A2, 0x01A1, 0x01A1, 0x0181, 0x0181, 0x0181, 
    0x0181, 0x01A1, 0x01A1, 0x01A2, 0x01C2, 0x01A2, 0x01A1, 0x01C2, 0x01C2, 0x01A1, 0x01A1, 0x01A1, 
    0x0181, 0x0161, 0x0181, 0x0181, 0x0181, 0x0161, 0x0161, 0x0141, 0x0161, 0x0161, 0x0161, 0x0161, 
    0x0141, 0x0141, 0x0141, 0x0141, 0x0141, 0x0141, 0x0121, 0x0121, 0x0121, 0x0121, 0x0121, 0x0080, 
    0x5AA4, 0x39C3, 0x0080, 0x00C0, 0x00C0, 0x0000, 0x6A63, 0xDCA4, 0x4181, 0x4180, 0x51C0, 0x0000, 
    0x0060, 0x0060, 0x0000, 0x59C0, 0x9344, 0x4A25, 0x0081, 0x0101, 0x0101, 0x0101, 0x0101, 0x0101, 
    0x0101, 0x0121, 0x0121, 0x0121, 0x0121, 0x0121, 0x0141, 0x0141, 0x0161, 0x0161, 0x0141, 0x0141, 
    0x0141, 0x0141, 0x0141, 0x0121, 0x0121, 0x0121, 0x0141, 0x0141, 0x0141, 0x0141, 0x0161, 0x0161, 
    0x0161, 0x0141, 0x0141, 0x0141, 0x0141, 0x0141, 0x0141, 0x0141, 0x0141, 0x0141, 0x0141, 0x0141, 
    0x0121, 0x0121, 0x0121, 0x0101, 0x0101, 0x0101, 0x00E1, 0x00E1, 0x00E1, 0x00E1, 0x00E1, 0x00E1, 
    0x00C1, 0x00C1, 0x00C1, 0x00C1, 0x00C1, 0x00C1, 0x0020, 0x49E3, 0x8B04, 0x5160, 0x0020, 0x0080, 
    0x0080, 0x0000, 0x72A4, 0x1060, 0xB425, 0xA3C5, 0x0000, 0x0080, 0x00C0, 0x0000, 0x8324, 0xD4E7, 
    0x0840, 0x8BA7, 0x18C1, 0x0060, 0x00A0, 0x00A0, 0x00C0, 0x00A0, 0x7B66, 0x1101, 0x00C0, 0x00E0, 
    0x00E0, 0x00E0, 0x00E1, 0x00E1, 0x0101, 0x0101, 0x0101, 0x0101, 0x0101, 0x0101, 0x0101, 0x0101, 
    0x0101, 0x0121, 0x0121, 0x0121, 0x0121, 0x0121, 0x0121, 0x0121, 0x0121, 0x0121, 0x0141, 0x0141, 
    0x0161, 0x0161, 0x0141, 0x0141, 0x0141, 0x0141, 0x0161, 0x0161, 0x0161, 0x0161, 0x0161, 0x0161, 
    0x0161, 0x0181, 0x0181, 0x0161, 0x0181, 0x0181, 0x0181, 0x0161, 0x0161, 0x0161, 0x0161, 0x0141, 
    0x0161, 0x0141, 0x0141, 0x0161, 0x0161, 0x0181, 0x0181, 0x0161, 0x0161, 0x0161, 0x0161, 0x0161, 
    0x0161, 0x0181, 0x01A1, 0x01A1, 0x01A1, 0x01A1, 0x01A1, 0x01C2, 0x01C2, 0x01C2, 0x01C2, 0x01C2, 
    0x01E2, 0x01E2, 0x01E2, 0x01E2, 0x01E2, 0x01C2, 0x01E2, 0x01E2, 0x01E2, 0x0202, 0x01E2, 0x0202, 
    0x0202, 0x0202, 0x0202, 0x0202, 0x01E2, 0x01E2, 0x01E2, 0x01E2, 0x01E2, 0x01C2, 0x01C1, 0x01E2, 
    0x0202, 0x0202, 0x0202, 0x0202, 0x0202, 0x0202, 0x0202, 0x01E2, 0x01E2, 0x0202, 0x0222, 0x0222, 
    0x0202, 0x01E2, 0x01E2, 0x01E2, 0x0202, 0x0202, 0x0222, 0x0202, 0x01E2, 0x01E2, 0x01C2, 0x01E2, 
    0x0202, 0x0202, 0x01E2, 0x01E2, 0x01E2, 0x01E2, 0x01E2, 0x01E2, 0x01E2, 0x01C1, 0x01E2, 0x01E2, 
    0x01E2, 0x01E2, 0x01E2, 0x01E2, 0x0202, 0x0202, 0x0202, 0x01E2, 0x01E2, 0x01E2, 0x01E2, 0x01E2, 
    0x01C2, 0x01C2, 0x01A1, 0x01C2, 0x01C2, 0x01C2, 0x01A1, 0x01A1, 0x01A1, 0x01C2, 0x01C1, 0x01C2, 
    0x01C2, 0x01A1, 0x01A1, 0x01A2, 0x01A1, 0x01A1, 0x01C2, 0x01A1, 0x01A1, 0x0181, 0x0181, 0x0181, 
    0x0181, 0x01A1, 0x01A2, 0x01C2, 0x01C2, 0x0181, 0x0181, 0x0181, 0x0181, 0x01A1, 0x01A2, 0x01A2, 
    0x01A1, 0x0181, 0x01A1, 0x01A2, 0x01C2, 0x01C2, 0x01A1, 0x0181, 0x0181, 0x0161, 0x0181, 0x0181, 
    0x0181, 0x0161, 0x0161, 0x0141, 0x0161, 0x0161, 0x0161, 0x0161, 0x0141, 0x0141, 0x0141, 0x0141, 
    0x0141, 0x0141, 0x0121, 0x0121, 0x0121, 0x0101, 0x0101, 0x00E0, 0x1141, 0x7325, 0x0080, 0x00C0, 
    0x00C0, 0x0020, 0x6A83, 0xDC84, 0x4161, 0x4160, 0x49A0, 0x0000, 0x0080, 0x0080, 0x0020, 0x5A01, 
    0x82C2, 0x7B45, 0x5A64, 0x08A1, 0x00C1, 0x00E1, 0x00E1, 0x0101, 0x0101, 0x0121, 0x0121, 0x0121, 
    0x0121, 0x0121, 0x0141, 0x0141, 0x0141, 0x0141, 0x0141, 0x0141, 0x0141, 0x0141, 0x0141, 0x0121, 
    0x0121, 0x0121, 0x0141, 0x0141, 0x0141, 0x0141, 0x0141, 0x0141, 0x0141, 0x0141, 0x0141, 0x0141, 
    0x0141, 0x0141, 0x0141, 0x0141, 0x0141, 0x0141, 0x0141, 0x0121, 0x0121, 0x0121, 0x0101, 0x0101, 
    0x00E1, 0x00E1, 0x0101, 0x00E1, 0x00E1, 0x00E1, 0x00E1, 0x00E1, 0x00C1, 0x00C1, 0x00C1, 0x00C1, 
    0x00C1, 0x0060, 0x4182, 0x6A83, 0x6222, 0x4940, 0x0000, 0x0080, 0x0080, 0x0020, 0x7283, 0x1060, 
    0xB405, 0xA3C5, 0x0000, 0x0060, 0x00C0, 0x0000, 0x7AC3, 0xCC85, 0x0840, 0x8B24, 0x18A0, 0x0060, 
    0x00A0, 0x00A0, 0x0080, 0x29A2, 0x6B26, 0x0060, 0x00E1, 0x00E0, 0x00E0, 0x00E1, 0x00E1, 0x0101, 
    0x0101, 0x0101, 0x0121, 0x0101, 0x0101, 0x0121, 0x0121, 0x0121, 0x0100, 0x0121, 0x0121, 0x0141, 
    0x0141, 0x0141, 0x0121, 0x0121, 0x0121, 0x0121, 0x0121, 0x0141, 0x0141, 0x0141, 0x0161, 0x0161, 
    0x0161, 0x0161, 0x0161, 0x0161, 0x0161, 0x0161, 0x0161, 0x0161, 0x0161, 0x0181, 0x0181, 0x0181, 
    0x0181, 0x0181, 0x0181, 0x0161, 0x0161, 0x0161, 0x0161, 0x0161, 0x0161, 0x0161, 0x0161, 0x0161, 
    0x0161, 0x0181, 0x0161, 0x0161, 0x0161, 0x0161, 0x0161, 0x0161, 0x0161, 0x0181, 0x01A1, 0x01A1, 
    0x01A1, 0x01C2, 0x01C2, 0x01C2, 0x01C2, 0x01C2, 0x01C2, 0x01C2, 0x01C2, 0x01E2, 0x01E2, 0x01E2, 
    0x01E2, 0x01C2, 0x01E2, 0x01E2, 0x01E2, 0x0202, 0x01E2, 0x01E2, 0x01E2, 0x01E2, 0x01E2, 0x0202, 
    0x0202, 0x01E2, 0x01E2, 0x01E2, 0x01E2, 0x01C2, 0x01E2, 0x01E2, 0x01E2, 0x0202, 0x0202, 0x0222, 
    0x0222, 0x0202, 0x01E2, 0x01E2, 0x01E2, 0x0202, 0x0202, 0x0202, 0x0202, 0x0202, 0x01E2, 0x01E2, 
    0x01E2, 0x01E2, 0x01E2, 0x0202, 0x0202, 0x01E2, 0x01E2, 0x0202, 0x0202, 0x01E2, 0x01C2, 0x01C2, 
    0x01C2, 0x01C2, 0x01E2, 0x01E2, 0x01E2, 0x01E2, 0x0202, 0x01E2, 0x01E2, 0x01E2, 0x01E2, 0x0202, 
    0x0222, 0x0202, 0x01E2, 0x01E2, 0x01E2, 0x01E2, 0x01E2, 0x01E2, 0x01E2, 0x01C2, 0x01A1, 0x01C2, 
    0x01C2, 0x01C2, 0x01A2, 0x01A2, 0x01C2, 0x01A1, 0x01A1, 0x01A2, 0x01A2, 0x01A1, 0x01A1, 0x01A1, 
    0x01A1, 0x01A2, 0x01A1, 0x01A1, 0x01A1, 0x01A1, 0x01A1, 0x01A1, 0x01A1, 0x01A2, 0x01A2, 0x01C1, 
    0x01C2, 0x01A1, 0x0181, 0x0181, 0x0181, 0x01A1, 0x01A1, 0x0181, 0x0181, 0x0181, 0x01A1, 0x01A2, 
    0x01A2, 0x01A2, 0x01A1, 0x0181, 0x0181, 0x0181, 0x0181, 0x0181, 0x0161, 0x0161, 0x0161, 0x0161, 
    0x0161, 0x0161, 0x0141, 0x0141, 0x0141, 0x0141, 0x0141, 0x0141, 0x0141, 0x0121, 0x0121, 0x0101, 
    0x0101, 0x0101, 0x0101, 0x0121, 0x00C0, 0x6B04, 0x2141, 0x00A0, 0x00E0, 0x0020, 0x6A63, 0xD463, 
    0x3941, 0x4140, 0x49A0, 0x0000, 0x0080, 0x0080, 0x0020, 0x6241, 0x9302, 0x1981, 0x8466, 0x8305, 
    0x0000, 0x00E1, 0x00E1, 0x0101, 0x0101, 0x0121, 0x0121, 0x0121, 0x0121, 0x0121, 0x0121, 0x0121, 
    0x0121, 0x0141, 0x0141, 0x0141, 0x0141, 0x0141, 0x0141, 0x0141, 0x0141, 0x0141, 0x0141, 0x0141, 
    0x0141, 0x0141, 0x0141, 0x0141, 0x0141, 0x0141, 0x0141, 0x0121, 0x0121, 0x0121, 0x0121, 0x0141, 
    0x0141, 0x0141, 0x0141, 0x0121, 0x0121, 0x0121, 0x0101, 0x0101, 0x0101, 0x0101, 0x0101, 0x00E1, 
    0x00E1, 0x00E1, 0x00E1, 0x00E1, 0x00C1, 0x00C1, 0x00C1, 0x00E1, 0x0020, 0x5A23, 0xAC25, 0x1120, 
    0x6202, 0x4940, 0x0000, 0x0060, 0x0080, 0x0020, 0x6A62, 0x1060, 0xABE5, 0xA3C5, 0x0000, 0x0080, 
    0x00A0, 0x0000, 0x7AA3, 0xC444, 0x0840, 0x7A41, 0x1880, 0x0060, 0x00A0, 0x00C0, 0x0060, 0x5264, 
    0x4204, 0x0080, 0x00E1, 0x00E0, 0x00E0, 0x00E0, 0x0101, 0x0101, 0x0101, 0x0121, 0x0121, 0x0101, 
    0x0101, 0x0121, 0x0121, 0x0121, 0x0121, 0x0121, 0x0141, 0x0141, 0x0141, 0x0141, 0x0141, 0x0141, 
    0x0141, 0x0141, 0x0121, 0x0141, 0x0141, 0x0161, 0x0161, 0x0181, 0x0161, 0x0161, 0x0161, 0x0161, 
    0x0161, 0x0161, 0x0181, 0x0181, 0x0161, 0x0161, 0x0161, 0x0161, 0x0181, 0x0181, 0x0161, 0x0161, 
    0x0181, 0x0161, 0x0161, 0x0161, 0x0161, 0x0181, 0x0181, 0x0181, 0x0161, 0x0161, 0x0161, 0x0161, 
    0x0161, 0x0161, 0x0161, 0x0161, 0x0181, 0x0181, 0x0181, 0x01A1, 0x01C2, 0x01C2, 0x01E2, 0x01C2, 
    0x01C2, 0x01A1, 0x01A2, 0x01C2, 0x01C2, 0x01C2, 0x01C2, 0x01C2, 0x01C2, 0x01C2, 0x01C2, 0x01C2, 
    0x01E2, 0x01E2, 0x01E2, 0x01E2, 0x01E2, 0x0202, 0x0202, 0x0202, 0x01E2, 0x01E2, 0x01E2, 0x01E2, 
    0x01C2, 0x01E2, 0x0202, 0x0202, 0x01E2, 0x0202, 0x01E2, 0x0202, 0x0202, 0x0202, 0x0202, 0x0202, 
    0x0202, 0x0202, 0x01C2, 0x01C2, 0x0202, 0x0202, 0x0202, 0x01E2, 0x01C2, 0x01E2, 0x01E2, 0x0202, 
    0x0222, 0x0222, 0x0222, 0x0202, 0x0202, 0x01E2, 0x01C2, 0x01C2, 0x01E2, 0x01C2, 0x01E2, 0x01E2, 
    0x01E2, 0x01E2, 0x0202, 0x01E2, 0x01E2, 0x01E2, 0x01E2, 0x0202, 0x01E2, 0x0202, 0x0202, 0x0202, 
    0x01E2, 0x01E2, 0x01C2, 0x01C2, 0x01C2, 0x01C2, 0x01C2, 0x01C2, 0x01C2, 0x01C2, 0x01C2, 0x01C2, 
    0x01C2, 0x01A1, 0x01A1, 0x01A1, 0x01A2, 0x01C2, 0x01A2, 0x01A1, 0x01A1, 0x0181, 0x01A1, 0x01A1, 
    0x01A2, 0x01A2, 0x01A2, 0x01A1, 0x01A1, 0x01A2, 0x01A1, 0x01A1, 0x01A2, 0x01A1, 0x01A2, 0x01A1, 
    0x01A1, 0x01A1, 0x0181, 0x0181, 0x0181, 0x0181, 0x01A1, 0x01A1, 0x0181, 0x01A1, 0x0181, 0x0181, 
    0x0181, 0x0181, 0x0181, 0x0161, 0x0161, 0x0161, 0x0161, 0x0161, 0x0161, 0x0161, 0x0141, 0x0141, 
    0x0141, 0x0141, 0x0141, 0x0141, 0x0121, 0x0121, 0x0121, 0x0101, 0x0121, 0x0101, 0x0101, 0x0121, 
    0x00C0, 0x4A84, 0x4A63, 0x0060, 0x00E0, 0x0020, 0x5A22, 0xCC43, 0x4161, 0x4140, 0x49A0, 0x0000, 
    0x0080, 0x0080, 0x0040, 0x51C1, 0xC425, 0x0901, 0x09E1, 0xA447, 0x2922, 0x0040, 0x0101, 0x0101, 
    0x0101, 0x0101, 0x0101, 0x0101, 0x0101, 0x0101, 0x0101, 0x0101, 0x0101, 0x0121, 0x0121, 0x0121, 
    0x0121, 0x0121, 0x0121, 0x0121, 0x0121, 0x0121, 0x0121, 0x0121, 0x0121, 0x0121, 0x0141, 0x0141, 
    0x0121, 0x0121, 0x0121, 0x0101, 0x0101, 0x0101, 0x0101, 0x0101, 0x0121, 0x0121, 0x0121, 0x0101, 
    0x0101, 0x0101, 0x0101, 0x00E1, 0x00E1, 0x00E1, 0x00E1, 0x00C1, 0x00C1, 0x00C1, 0x00C1, 0x00C1, 
    0x00C1, 0x00A1, 0x00A1, 0x0040, 0x2922, 0x93C5, 0x19A0, 0x1121, 0xA384, 0x4920, 0x0000, 0x0060, 
    0x0080, 0x0020, 0x6A20, 0x1040, 0xABE4, 0xA3A5, 0x0000, 0x0060, 0x00A0, 0x0000, 0x7AC3, 0xC464, 
    0x0840, 0x7220, 0x1060, 0x0060, 0x00A0, 0x00C0, 0x0080, 0x6305, 0x2162, 0x00A0, 0x00E1, 0x00E1, 
    0x00E0, 0x0101, 0x0101, 0x0101, 0x0101, 0x0101, 0x0101, 0x0121, 0x0121, 0x0121, 0x0121, 0x0121, 
    0x0121, 0x0141, 0x0121, 0x0121, 0x0141, 0x0141, 0x0141, 0x0141, 0x0141, 0x0141, 0x0121, 0x0141, 
    0x0141, 0x0141, 0x0161, 0x0181, 0x0161, 0x0161, 0x0181, 0x0181, 0x0161, 0x0161, 0x0161, 0x0181, 
    0x0181, 0x0161, 0x0161, 0x0161, 0x0161, 0x0161, 0x0161, 0x0181, 0x0181, 0x0181, 0x0181, 0x0181, 
    0x0181, 0x0181, 0x0181, 0x0181, 0x0181, 0x0161, 0x0161, 0x0181, 0x0161, 0x0161, 0x0161, 0x0181, 
    0x0181, 0x0181, 0x0181, 0x01A1, 0x01A1, 0x01C2, 0x01C2, 0x01C2, 0x01C2, 0x01C2, 0x01C2, 0x01C2, 
    0x01E2, 0x01C2, 0x01E2, 0x01E2, 0x01E2, 0x01E2, 0x01C2, 0x01C2, 0x01C2, 0x01E2, 0x01C2, 0x01E2, 
    0x01E2, 0x01E2, 0x01E2, 0x0202, 0x01E2, 0x01C1, 0x01E2, 0x01E2, 0x01E2, 0x01E2, 0x0202, 0x0202, 
    0x0202, 0x01E2, 0x01E2, 0x01E2, 0x01E2, 0x0202, 0x0202, 0x0202, 0x0202, 0x01E2, 0x01E2, 0x01C2, 
    0x01E2, 0x0202, 0x0222, 0x0202, 0x01E2, 0x01C2, 0x01E2, 0x0202, 0x0223, 0x0223, 0x0223, 0x0202, 
    0x01E2, 0x01C2, 0x01C2, 0x01C2, 0x01E2, 0x01C2, 0x01E2, 0x01E2, 0x01C2, 0x01E2, 0x01E2, 0x01E2, 
    0x0202, 0x0202, 0x0202, 0x0202, 0x01E2, 0x01E2, 0x0202, 0x0202, 0x0202, 0x01E2, 0x01C1, 0x01C1, 
    0x01E2, 0x01E2, 0x01E2, 0x01C2, 0x01A1, 0x01A2, 0x01C1, 0x01C2, 0x01C2, 0x0181, 0x0181, 0x01A1, 
    0x01A2, 0x01A2, 0x01C2, 0x01A1, 0x01A1, 0x01A1, 0x01A1, 0x01A1, 0x01A1, 0x01A2, 0x01A2, 0x01C2, 
    0x01C2, 0x01A2, 0x01A1, 0x0181, 0x01A1, 0x01A1, 0x01A1, 0x01C2, 0x01C2, 0x01A2, 0x01A1, 0x01A1, 
    0x01A2, 0x01A1, 0x01A1, 0x0181, 0x0181, 0x01A1, 0x01A1, 0x01A1, 0x0181, 0x0181, 0x0161, 0x0161, 
    0x0161, 0x0161, 0x0161, 0x0161, 0x0161, 0x0161, 0x0141, 0x0141, 0x0161, 0x0161, 0x0141, 0x0141, 
    0x0141, 0x0121, 0x0121, 0x0121, 0x0121, 0x0121, 0x0101, 0x0101, 0x00C0, 0x2182, 0x5AA4, 0x0040, 
    0x00E0, 0x0020, 0x6222, 0xCC63, 0x4161, 0x4140, 0x49A0, 0x0020, 0x00A0, 0x0080, 0x0080, 0x0020, 
    0x6A41, 0x9364, 0x18A1, 0x41C3, 0x7B46, 0x62C4, 0x1962, 0x0902, 0x0902, 0x08E1, 0x08E1, 0x08E1, 
    0x0902, 0x0902, 0x0901, 0x0901, 0x0902, 0x0922, 0x0901, 0x08E1, 0x08E1, 0x08E1, 0x0901, 0x0921, 
    0x0942, 0x0942, 0x0922, 0x0901, 0x0901, 0x0101, 0x0101, 0x0921, 0x0922, 0x0922, 0x0902, 0x08E1, 
    0x08E1, 0x08E1, 0x0901, 0x0902, 0x0901, 0x0902, 0x0902, 0x0922, 0x0922, 0x0922, 0x0902, 0x08E1, 
    0x08E1, 0x08E1, 0x08E1, 0x08E1, 0x08E1, 0x08E1, 0x08E1, 0x08C1, 0x08E1, 0x08E1, 0x1902, 0x5A23, 
    0x82E4, 0x41A2, 0x10A1, 0x9345, 0x7A41, 0x0840, 0x0060, 0x0080, 0x0080, 0x0000, 0x6A20, 0x1040, 
    0xB405, 0xA3C5, 0x0000, 0x0060, 0x00C0, 0x0000, 0x7AE3, 0xD4C6, 0x0860, 0x7AA2, 0x1080, 0x0060, 
    0x00A0, 0x00C0, 0x00A0, 0x6B45, 0x0921, 0x00C0, 0x00E0, 0x00E0, 0x0101, 0x0101, 0x0101, 0x0101, 
    0x0100, 0x0101, 0x0121, 0x0121, 0x0121, 0x0121, 0x0121, 0x0121, 0x0121, 0x0121, 0x0141, 0x0141, 
    0x0141, 0x0141, 0x0141, 0x0141, 0x0141, 0x0141, 0x0141, 0x0161, 0x0161, 0x0161, 0x0141, 0x0141, 
    0x0161, 0x0181, 0x0161, 0x0161, 0x0141, 0x0141, 0x0141, 0x0161, 0x0161, 0x0161, 0x0161, 0x0161, 
    0x0181, 0x0161, 0x0161, 0x0181, 0x0181, 0x0181, 0x0181, 0x0161, 0x0181, 0x0181, 0x0181, 0x0181, 
    0x0181, 0x0181, 0x0181, 0x0181, 0x0181, 0x0181, 0x0181, 0x0181, 0x0181, 0x0181, 0x01A1, 0x01A2, 
    0x01A1, 0x01C2, 0x01A2, 0x01C2, 0x01E2, 0x01C2, 0x01C2, 0x01C2, 0x01A2, 0x01C2, 0x01C2, 0x01E2, 
    0x01C2, 0x01C2, 0x01C1, 0x01C1, 0x01C2, 0x01E2, 0x01E2, 0x01E2, 0x01E2, 0x01E2, 0x01E2, 0x01E2, 
    0x01E2, 0x01C1, 0x01E2, 0x01E2, 0x01C1, 0x01C2, 0x01E2, 0x0202, 0x0202, 0x0202, 0x01E2, 0x01E2, 
    0x01E2, 0x01E2, 0x0202, 0x0202, 0x0222, 0x0202, 0x01E2, 0x01E2, 0x01E2, 0x0202, 0x0202, 0x0202, 
    0x01E2, 0x01E2, 0x01E2, 0x0202, 0x0202, 0x0202, 0x01E2, 0x0202, 0x0202, 0x01E2, 0x01E2, 0x01C2, 
    0x01E2, 0x01C2, 0x01E2, 0x01E2, 0x01C2, 0x01E2, 0x01E2, 0x01E2, 0x0202, 0x0202, 0x0202, 0x0202, 
    0x0202, 0x01E2, 0x0202, 0x01E2, 0x01E2, 0x01E2, 0x01C2, 0x01E2, 0x01E2, 0x01E2, 0x01C2, 0x01C2, 
    0x01A2, 0x01A1, 0x01A1, 0x01A2, 0x01A2, 0x01A1, 0x01A2, 0x01A1, 0x01A2, 0x01A2, 0x01A2, 0x01A2, 
    0x01A1, 0x01A2, 0x01A1, 0x01A1, 0x01A1, 0x01A2, 0x01A2, 0x01A2, 0x01C1, 0x01A1, 0x01A1, 0x0181, 
    0x01A1, 0x01A1, 0x01A2, 0x01A1, 0x01A2, 0x01A1, 0x01A1, 0x01A1, 0x01A2, 0x01A2, 0x01A1, 0x01A1, 
    0x01A1, 0x0181, 0x01A1, 0x01A1, 0x0181, 0x0181, 0x0181, 0x0181, 0x0161, 0x0161, 0x0161, 0x0161, 
    0x0161, 0x0161, 0x0161, 0x0141, 0x0141, 0x0161, 0x0141, 0x0141, 0x0141, 0x0121, 0x0121, 0x0121, 
    0x0121, 0x0121, 0x0101, 0x0101, 0x00E1, 0x0901, 0x4A22, 0x0080, 0x00C0, 0x0020, 0x6242, 0xD463, 
    0x3961, 0x4160, 0x51C0, 0x0020, 0x00A0, 0x0080, 0x0080, 0x0060, 0x0000, 0x7261, 0xB3E4, 0xA3A3, 
    0xB3C3, 0xD4A5, 0xBC04, 0xABC4, 0xABC4, 0xABC4, 0xABC4, 0xABC4, 0xB405, 0xB405, 0xB405, 0xBC46, 
    0xBC87, 0xBC86, 0xBC66, 0xC487, 0xCCA7, 0xD4E7, 0xD4E8, 0xCCE8, 0xCCC8, 0xCCC8, 0xCCC8, 0xCCE8, 
    0xD529, 0xD54A, 0xD54A, 0xD529, 0xCCE8, 0xCCC8, 0xC487, 0xC466, 0xC466, 0xC486, 0xC486, 0xC486, 
    0xBC25, 0xB405, 0xB405, 0xB425, 0xBC66, 0xBC66, 0xBC46, 0xBC25, 0xB3E5, 0xABC3, 0xB3C3, 0xB3C4, 
    0xB3C4, 0xB3C4, 0xABA3, 0xAB83, 0xA363, 0xA363, 0xABA4, 0xBBE4, 0x9B43, 0x8B03, 0xA384, 0x7241, 
    0x0000, 0x0060, 0x0080, 0x0060, 0x0060, 0x0020, 0x6A20, 0x1040, 0xBC46, 0xA3C5, 0x0000, 0x0080, 
    0x00C0, 0x0000, 0x8304, 0xDD28, 0x0840, 0x82E3, 0x1880, 0x0060, 0x00A0, 0x00C0, 0x00A0, 0x6B26, 
    0x0901, 0x00C0, 0x00E0, 0x0101, 0x0101, 0x0101, 0x0101, 0x0100, 0x0101, 0x0100, 0x0121, 0x0121, 
    0x0121, 0x0121, 0x0121, 0x0141, 0x0141, 0x0121, 0x0121, 0x0141, 0x0141, 0x0141, 0x0141, 0x0141, 
    0x0141, 0x0141, 0x0141, 0x0161, 0x0181, 0x0161, 0x0161, 0x0161, 0x0161, 0x0181, 0x0161, 0x0161, 
    0x0141, 0x0141, 0x0141, 0x0161, 0x0161, 0x0161, 0x0161, 0x0161, 0x0161, 0x0181, 0x0161, 0x0161, 
    0x0181, 0x0181, 0x0181, 0x0181, 0x0181, 0x0181, 0x01A2, 0x01A1, 0x0181, 0x01A1, 0x01A1, 0x0181, 
    0x01A1, 0x01A1, 0x01A1, 0x0181, 0x01A1, 0x0181, 0x0181, 0x0181, 0x01A1, 0x01A1, 0x01C2, 0x01C2, 
    0x01C2, 0x01C2, 0x01C2, 0x01C1, 0x01A1, 0x0181, 0x01A1, 0x01C2, 0x01C1, 0x01C2, 0x01C2, 0x01C2, 
    0x01E2, 0x0202, 0x01E2, 0x01E2, 0x01C2, 0x01E2, 0x01E2, 0x01E2, 0x01E2, 0x01E2, 0x01E2, 0x01E2, 
    0x01C2, 0x01C2, 0x0202, 0x0202, 0x0202, 0x0202, 0x01E2, 0x01E2, 0x01E2, 0x01E2, 0x01E2, 0x01E2, 
    0x0202, 0x0202, 0x01E2, 0x0202, 0x01E2, 0x01C2, 0x01C2, 0x01C2, 0x01C2, 0x01E2, 0x01E2, 0x0202, 
    0x0202, 0x01E2, 0x01E2, 0x01E2, 0x01E2, 0x01C2, 0x01C2, 0x01C2, 0x01C2, 0x01C2, 0x01E2, 0x01E2, 
    0x01E2, 0x01E2, 0x0202, 0x0202, 0x0202, 0x0202, 0x0202, 0x0202, 0x0202, 0x0202, 0x01E2, 0x01E2, 
    0x01E2, 0x01C2, 0x01C2, 0x01C2, 0x01C2, 0x01C2, 0x01C2, 0x01C2, 0x01C2, 0x01A1, 0x01A1, 0x01A1, 
    0x01A2, 0x01A2, 0x01A2, 0x01C2, 0x01C2, 0x01C2, 0x01A1, 0x01A1, 0x01A1, 0x01A1, 0x01C2, 0x01A2, 
    0x01A1, 0x01A1, 0x01A1, 0x01A1, 0x01A2, 0x01A1, 0x01A1, 0x01A1, 0x01A2, 0x01A2, 0x01A2, 0x01A1, 
    0x01A1, 0x01A1, 0x01A1, 0x01C2, 0x01A1, 0x01A1, 0x01A2, 0x01A2, 0x01A1, 0x01A1, 0x0181, 0x0181, 
    0x0181, 0x0181, 0x01A2, 0x0181, 0x0181, 0x0161, 0x0161, 0x0161, 0x0161, 0x0161, 0x0161, 0x0141, 
    0x0141, 0x0141, 0x0141, 0x0141, 0x0141, 0x0121, 0x0121, 0x0121, 0x0121, 0x0121, 0x0101, 0x0101, 
    0x00E1, 0x08E0, 0x5201, 0x00A0, 0x00C0, 0x0020, 0x6222, 0xD463, 0x4161, 0x4980, 0x51C0, 0x0020, 
    0x00A0, 0x00A0, 0x00A0, 0x00A0, 0x0060, 0x0060, 0x3940, 0x4180, 0x3960, 0x3100, 0x3100, 0x3140, 
    0x39A1, 0x3980, 0x3160, 0x3160, 0x3981, 0x39A1, 0x39A1, 0x39C1, 0x39C2, 0x39C1, 0x39C1, 0x41E2, 
    0x4A02, 0x4A22, 0x4222, 0x41E2, 0x39C1, 0x39C1, 0x39E2, 0x4222, 0x4A43, 0x4A63, 0x4A43, 0x4222, 
    0x41E1, 0x39C1, 0x39C1, 0x41C1, 0x41E1, 0x49E2, 0x49E2, 0x49E1, 0x41C1, 0x39A1, 0x41C1, 0x41C1, 
    0x41C1, 0x41C1, 0x41A1, 0x41A1, 0x4181, 0x3960, 0x3960, 0x3960, 0x3940, 0x3140, 0x3120, 0x3140, 
    0x3120, 0x3120, 0x3100, 0x28E0, 0x28C0, 0x28E0, 0x3100, 0x0060, 0x0040, 0x0080, 0x0080, 0x0060, 
    0x0060, 0x0020, 0x6A20, 0x1040, 0xB446, 0xA3C5, 0x0000, 0x0080, 0x00C0, 0x0000, 0x8B45, 0xE569, 
    0x0840, 0x8305, 0x1880, 0x0060, 0x00A0, 0x00C0, 0x00A0, 0x6B05, 0x0901, 0x00C0, 0x00E0, 0x00E1, 
    0x00E1, 0x0100, 0x0101, 0x0100, 0x0101, 0x0101, 0x0121, 0x0121, 0x0121, 0x0121, 0x0121, 0x0141, 
    0x0141, 0x0121, 0x0121, 0x0121, 0x0141, 0x0141, 0x0141, 0x0141, 0x0141, 0x0141, 0x0161, 0x0181, 
    0x0161, 0x0161, 0x0161, 0x0181, 0x0181, 0x0161, 0x0141, 0x0141, 0x0141, 0x0141, 0x0141, 0x0141, 
    0x0141, 0x0161, 0x0161, 0x0161, 0x0161, 0x0161, 0x0161, 0x0161, 0x0181, 0x0161, 0x0161, 0x0181, 
    0x0181, 0x01A2, 0x01A2, 0x01A2, 0x01A2, 0x01A2, 0x01A1, 0x01A1, 0x01A1, 0x01A1, 0x01A1, 0x01A2, 
    0x01A1, 0x01A1, 0x01A1, 0x0181, 0x0181, 0x01A1, 0x01C2, 0x01C1, 0x01C1, 0x01A1, 0x01C2, 0x01C2, 
    0x01A1, 0x01A1, 0x01C1, 0x01A1, 0x01C2, 0x01C2, 0x01A1, 0x01C2, 0x01E2, 0x01E2, 0x01E2, 0x01E2, 
    0x01E2, 0x01E2, 0x01E2, 0x01E2, 0x01E2, 0x01E2, 0x01E2, 0x01E2, 0x01E2, 0x01E2, 0x0202, 0x0202, 
    0x0202, 0x01E2, 0x01E2, 0x01E2, 0x01E2, 0x01E2, 0x0202, 0x01E2, 0x01C2, 0x01E2, 0x01E2, 0x01E2, 
    0x01E2, 0x01C2, 0x01A2, 0x01A1, 0x01A2, 0x01C2, 0x01E2, 0x01E2, 0x01E2, 0x01E2, 0x01E2, 0x0202, 
    0x01E2, 0x01C2, 0x01C2, 0x01E2, 0x01E2, 0x01C2, 0x01C2, 0x01E2, 0x0202, 0x0202, 0x01E2, 0x01E2, 
    0x01E2, 0x01E2, 0x01E2, 0x01E2, 0x0202, 0x01E2, 0x01E2, 0x01E2, 0x01E2, 0x01E2, 0x01C2, 0x01C2, 
    0x01C2, 0x01C2, 0x01C2, 0x01A2, 0x01C2, 0x01A2, 0x01A1, 0x01A2, 0x01A2, 0x01A2, 0x01A2, 0x01C2, 
    0x01A2, 0x01A1, 0x01A1, 0x01C1, 0x01C1, 0x01C2, 0x01C2, 0x01C2, 0x01C2, 0x01C2, 0x01A1, 0x01A1, 
    0x01A2, 0x01A1, 0x01A1, 0x01A1, 0x01A2, 0x01A2, 0x01C2, 0x01C2, 0x01A1, 0x01A1, 0x01A1, 0x01A2, 
    0x01A2, 0x0181, 0x01A1, 0x01A2, 0x01A1, 0x01A1, 0x0181, 0x0181, 0x0161, 0x0181, 0x0181, 0x0161, 
    0x0161, 0x0161, 0x0161, 0x0181, 0x0161, 0x0161, 0x0161, 0x0161, 0x0141, 0x0161, 0x0141, 0x0161, 
    0x0141, 0x0121, 0x0121, 0x0121, 0x0121, 0x0101, 0x0101, 0x0101, 0x00E0, 0x08E0, 0x5A21, 0x00C0, 
    0x00E0, 0x0040, 0x5A02, 0xCC43, 0x3941, 0x4980, 0x51C1, 0x0020, 0x00A0, 0x00A0, 0x00C0, 0x00C1, 
    0x00C0, 0x00C0, 0x0060, 0x0040, 0x0040, 0x0040, 0x0020, 0x0040, 0x0060, 0x0060, 0x0080, 0x0080, 
    0x00A0, 0x00C0, 0x00C1, 0x00C1, 0x00A1, 0x0080, 0x00A0, 0x00A0, 0x00A0, 0x00A0, 0x00C0, 0x00C0, 
    0x00E1, 0x00E1, 0x00E1, 0x00E1, 0x00C0, 0x00C0, 0x00C0, 0x00C0, 0x00C0, 0x00C0, 0x00A1, 0x00A1, 
    0x00A1, 0x00A0, 0x0080, 0x00A0, 0x00C0, 0x00C1, 0x00C1, 0x00A0, 0x0080, 0x0080, 0x0060, 0x0060, 
    0x0060, 0x0060, 0x0060, 0x0060, 0x0060, 0x0060, 0x0060, 0x0060, 0x0060, 0x0040, 0x0040, 0x0020, 
    0x0020, 0x0020, 0x0020, 0x0080, 0x0080, 0x0080, 0x0080, 0x0080, 0x0080, 0x0020, 0x6A41, 0x1040, 
    0xB466, 0xA3C5, 0x0000, 0x0060, 0x00E0, 0x0000, 0x8B66, 0xE58A, 0x0840, 0x8325, 0x18A0, 0x0060, 
    0x00A0, 0x00C0, 0x00A0, 0x6AE5, 0x0901, 0x00C0, 0x00E0, 0x00E1, 0x00E0, 0x00E0, 0x00E0, 0x00E0, 
    0x0101, 0x0121, 0x0121, 0x0121, 0x0121, 0x0121, 0x0141, 0x0121, 0x0121, 0x0121, 0x0121, 0x0121, 
    0x0141, 0x0141, 0x0141, 0x0161, 0x0161, 0x0161, 0x0161, 0x0161, 0x0161, 0x0161, 0x0181, 0x0181, 
    0x0181, 0x0161, 0x0141, 0x0141, 0x0121, 0x0141, 0x0161, 0x0141, 0x0141, 0x0161, 0x0161, 0x0161, 
    0x0161, 0x0161, 0x0161, 0x0161, 0x0181, 0x0161, 0x0181, 0x0181, 0x0181, 0x0181, 0x0181, 0x01A1, 
    0x01A1, 0x01A1, 0x01A2, 0x01A1, 0x01A1, 0x01A1, 0x01A1, 0x01A2, 0x01A2, 0x01A1, 0x0181, 0x01A1, 
    0x0181, 0x0181, 0x01A1, 0x01C1, 0x01C2, 0x01C2, 0x01C2, 0x01A1, 0x01A2, 0x01C2, 0x01C2, 0x01C2, 
    0x01A2, 0x01A2, 0x01A1, 0x01A1, 0x01E2, 0x0202, 0x0202, 0x0202, 0x0202, 0x01C1, 0x01C2, 0x01C2, 
    0x01C2, 0x01C2, 0x01C2, 0x01E2, 0x01E2, 0x01E2, 0x0202, 0x0202, 0x01E2, 0x0202, 0x0202, 0x0202, 
    0x0202, 0x01E2, 0x0202, 0x01E2, 0x01E2, 0x01E2, 0x01E2, 0x01E2, 0x01C2, 0x01E2, 0x01C2, 0x01A1, 
    0x01A2, 0x01C2, 0x01E2, 0x01E2, 0x01E2, 0x0202, 0x0202, 0x01E2, 0x01E2, 0x01C1, 0x01C2, 0x01C2, 
    0x01E2, 0x01E2, 0x01C2, 0x01E2, 0x01E2, 0x01E2, 0x01E2, 0x01C2, 0x01C2, 0x01E2, 0x01E2, 0x01E2, 
    0x01E2, 0x01E2, 0x01E2, 0x01C2, 0x01E2, 0x01E2, 0x01C2, 0x01C2, 0x01C2, 0x01C2, 0x01A2, 0x01A1, 
    0x01A2, 0x01A2, 0x01A1, 0x01C2, 0x01C2, 0x01A2, 0x01A2, 0x01A1, 0x01A1, 0x01A2, 0x01C2, 0x01C2, 
    0x01C2, 0x01C2, 0x01C2, 0x01A2, 0x01A1, 0x01C2, 0x01C2, 0x01A1, 0x01A2, 0x01A2, 0x0181, 0x0181, 
    0x01C2, 0x01C2, 0x01C2, 0x01A1, 0x01A1, 0x01A1, 0x01A1, 0x01A1, 0x01A2, 0x01A1, 0x01A1, 0x01A1, 
    0x01A1, 0x01A1, 0x0181, 0x0181, 0x0181, 0x0181, 0x0161, 0x0161, 0x0181, 0x0181, 0x0181, 0x0181, 
    0x0161, 0x0161, 0x0161, 0x0141, 0x0141, 0x0161, 0x0141, 0x0161, 0x0161, 0x0141, 0x0121, 0x0121, 
    0x0121, 0x0101, 0x0101, 0x0101, 0x00E0, 0x08C0, 0x51E1, 0x00C1, 0x00E0, 0x0040, 0x5A02, 0xCC22, 
    0x3941, 0x4181, 0x49C1, 0x0020, 0x00A0, 0x00A0, 0x00C0, 0x00E1, 0x0101, 0x00A0, 0x0080, 0x00A0, 
    0x00A0, 0x00A0, 0x0060, 0x0060, 0x0080, 0x0080, 0x00A1, 0x00A1, 0x00C1, 0x00C1, 0x00C1, 0x00E1, 
    0x00C1, 0x00A0, 0x00A0, 0x00C0, 0x00C0, 0x00A0, 0x00C0, 0x00C0, 0x0100, 0x0100, 0x00E0, 0x00E0, 
    0x00C0, 0x00A0, 0x00A0, 0x00E0, 0x00E0, 0x00E1, 0x00E1, 0x00A0, 0x00A0, 0x00A1, 0x00A1, 0x00C1, 
    0x00E1, 0x0101, 0x00E1, 0x00E1, 0x00C1, 0x00A1, 0x00C1, 0x00C1, 0x00C1, 0x00C1, 0x00A1, 0x00A1, 
    0x00A1, 0x0081, 0x0081, 0x00A1, 0x0081, 0x0060, 0x0060, 0x0060, 0x0080, 0x0080, 0x0060, 0x0040, 
    0x0080, 0x0080, 0x0080, 0x0080, 0x0080, 0x0020, 0x6A62, 0x1040, 0xBC66, 0xA3C5, 0x0000, 0x0060, 
    0x00E0, 0x0000, 0x8B65, 0xE58A, 0x0860, 0x8B46, 0x1880, 0x0060, 0x00A0, 0x00C0, 0x00A0, 0x6AE5, 
    0x0901, 0x00C0, 0x00E0, 0x00E1, 0x0100, 0x0100, 0x0100, 0x00E0, 0x00E0, 0x0101, 0x0121, 0x0121, 
    0x0121, 0x0121, 0x0141, 0x0141, 0x0121, 0x0101, 0x0100, 0x0120, 0x0141, 0x0141, 0x0141, 0x0161, 
    0x0161, 0x0161, 0x0161, 0x0161, 0x0161, 0x0181, 0x0181, 0x01A1, 0x0181, 0x0161, 0x0141, 0x0141, 
    0x0121, 0x0141, 0x0161, 0x0161, 0x0161, 0x0161, 0x0181, 0x0181, 0x0181, 0x0181, 0x0181, 0x0161, 
    0x0181, 0x0181, 0x0181, 0x0161, 0x0161, 0x0181, 0x0181, 0x01A1, 0x01A1, 0x01A2, 0x01C2, 0x01C2, 
    0x01A2, 0x01A1, 0x01A1, 0x01C2, 0x01C2, 0x0181, 0x01A1, 0x01A1, 0x01A1, 0x0181, 0x01A1, 0x01A1, 
    0x01A1, 0x01C2, 0x01C2, 0x01A1, 0x01A2, 0x01C2, 0x01C1, 0x01C1, 0x01C1, 0x01C2, 0x01A1, 0x01C2, 
    0x0202, 0x0202, 0x0202, 0x01E2, 0x01E2, 0x01A1, 0x01C1, 0x01C2, 0x01C2, 0x01C2, 0x01C2, 0x01C1, 
    0x01C2, 0x01E2, 0x0202, 0x0222, 0x0222, 0x0222, 0x0202, 0x0202, 0x0202, 0x01E2, 0x01E2, 0x01E2, 
    0x0202, 0x01E2, 0x01E2, 0x01E2, 0x01E2, 0x01E2, 0x01C2, 0x01C2, 0x01E2, 0x0202, 0x0202, 0x0202, 
    0x0202, 0x0202, 0x0202, 0x01E2, 0x01C2, 0x01C2, 0x01C2, 0x01C2, 0x01C2, 0x01C2, 0x01E2, 0x01C2, 
    0x01C2, 0x01E2, 0x01E2, 0x01C2, 0x01C2, 0x01E2, 0x01E2, 0x01E2, 0x01C2, 0x01E2, 0x0202, 0x01E2, 
    0x01E2, 0x01E2, 0x01C2, 0x01C2, 0x01C2, 0x01C2, 0x01A1, 0x0181, 0x01A1, 0x01A1, 0x01A2, 0x01C2, 
    0x01C2, 0x01A2, 0x01A2, 0x01C2, 0x01C2, 0x01C2, 0x01C2, 0x01C2, 0x01C2, 0x01C2, 0x01C2, 0x01C2, 
    0x01A1, 0x01A1, 0x01A1, 0x01C2, 0x01C2, 0x01A1, 0x01A1, 0x01A1, 0x01A1, 0x01A1, 0x01A1, 0x0181, 
    0x0181, 0x01A1, 0x01A1, 0x01A1, 0x01A1, 0x01A1, 0x01A2, 0x0181, 0x0181, 0x0181, 0x0181, 0x01A1, 
    0x01A1, 0x0181, 0x0161, 0x0161, 0x0181, 0x0181, 0x0181, 0x0181, 0x0161, 0x0161, 0x0141, 0x0141, 
    0x0121, 0x0141, 0x0141, 0x0161, 0x0141, 0x0141, 0x0141, 0x0121, 0x0121, 0x0121, 0x0121, 0x0101, 
    0x00E1, 0x08E0, 0x49E1, 0x00C1, 0x00E0, 0x0020, 0x59E2, 0xC402, 0x3940, 0x4181, 0x49C1, 0x0020, 
    0x00A0, 0x00A0, 0x00C0, 0x00E0, 0x0020, 0x4A23, 0xB405, 0xA383, 0xA363, 0xA384, 0xABA4, 0xB3C5, 
    0xB3E6, 0xABC5, 0xABA4, 0xABE5, 0xB446, 0xBC87, 0xC4C8, 0xCD09, 0xCD09, 0xCD2A, 0xCD4A, 0xCD6B, 
    0xCD6B, 0xCD6A, 0xCD6B, 0xCD8B, 0xCD8B, 0xC56B, 0xC56B, 0xCD8C, 0xCD8B, 0xCD6B, 0xC54B, 0xCD8B, 
    0xCD6B, 0xCD6B, 0xCD4A, 0xCD09, 0xCD09, 0xCD09, 0xC4E9, 0xC4A8, 0xB447, 0xB426, 0xB426, 0xB446, 
    0xB426, 0xB426, 0xB406, 0xB406, 0xB427, 0xB406, 0xABE5, 0xABC5, 0xABC5, 0xA384, 0xA364, 0xA384, 
    0xA384, 0xA3A5, 0xA3A5, 0x9323, 0x8AE2, 0x9B43, 0xAB84, 0x5203, 0x0000, 0x0080, 0x0080, 0x0080, 
    0x0080, 0x0020, 0x6A83, 0x0860, 0xBC66, 0xA3C5, 0x0000, 0x0060, 0x00C0, 0x0000, 0x8325, 0xDD28, 
    0x0840, 0x82E3, 0x1080, 0x0060, 0x00A0, 0x00C0, 0x00A0, 0x62C4, 0x08E1, 0x00C0, 0x00E0, 0x00E0, 
    0x0101, 0x0101, 0x0100, 0x0100, 0x00E0, 0x0100, 0x0101, 0x0100, 0x0120, 0x0121, 0x0121, 0x0121, 
    0x0121, 0x0100, 0x0100, 0x0101, 0x0121, 0x0141, 0x0141, 0x0161, 0x0161, 0x0161, 0x0181, 0x0161, 
    0x0161, 0x0161, 0x0181, 0x0181, 0x0181, 0x0161, 0x0161, 0x0141, 0x0141, 0x0141, 0x0161, 0x0181, 
    0x0161, 0x0181, 0x0181, 0x0181, 0x0181, 0x0181, 0x0181, 0x0161, 0x0161, 0x0181, 0x0181, 0x0161, 
    0x0181, 0x0181, 0x0181, 0x01A1, 0x01A2, 0x01C2, 0x01C2, 0x01C2, 0x01A2, 0x01A1, 0x01A1, 0x01C2, 
    0x01C2, 0x01A1, 0x01A1, 0x01A1, 0x01A1, 0x01A1, 0x01C2, 0x01C2, 0x01A1, 0x01A2, 0x01C2, 0x01A1, 
    0x01A2, 0x01C2, 0x01C2, 0x01E2, 0x01E2, 0x01E2, 0x01C2, 0x01E2, 0x01E2, 0x01E2, 0x01E2, 0x01C2, 
    0x01E2, 0x01C1, 0x01E2, 0x0202, 0x01E2, 0x01C2, 0x01C2, 0x01A2, 0x01A2, 0x01C2, 0x01E2, 0x0202, 
    0x0222, 0x0202, 0x0222, 0x0202, 0x0202, 0x01E2, 0x01E2, 0x0202, 0x0202, 0x0202, 0x0202, 0x01E2, 
    0x01E2, 0x0202, 0x01E2, 0x01E2, 0x0202, 0x0202, 0x0202, 0x0202, 0x01E2, 0x01E2, 0x01E2, 0x01E2, 
    0x01C2, 0x01A1, 0x01C2, 0x01C2, 0x01E2, 0x01C2, 0x01C2, 0x01C2, 0x01C2, 0x01E2, 0x01E2, 0x01C2, 
    0x01C2, 0x01E2, 0x0222, 0x0202, 0x01E2, 0x0202, 0x0202, 0x0202, 0x01E2, 0x01E2, 0x01C2, 0x01C2, 
    0x01C2, 0x01C2, 0x01A1, 0x01A1, 0x01A1, 0x01A1, 0x01A2, 0x01C2, 0x01A2, 0x01A1, 0x01A1, 0x01A1, 
    0x01A2, 0x01A2, 0x01A2, 0x01C2, 0x01C1, 0x01A1, 0x01A1, 0x01A1, 0x01A2, 0x01C2, 0x01C2, 0x01C2, 
    0x01C2, 0x01A1, 0x01A1, 0x01A1, 0x01A1, 0x01A1, 0x01A1, 0x01A1, 0x01A1, 0x01A1, 0x01A1, 0x0181, 
    0x0181, 0x0181, 0x01A1, 0x0181, 0x0181, 0x0181, 0x0181, 0x0181, 0x0181, 0x01A1, 0x0181, 0x0161, 
    0x0161, 0x0161, 0x0181, 0x0161, 0x0161, 0x0161, 0x0141, 0x0141, 0x0141, 0x0141, 0x0141, 0x0141, 
    0x0141, 0x0141, 0x0141, 0x0121, 0x0121, 0x0121, 0x0121, 0x0101, 0x0101, 0x08E0, 0x49C0, 0x00C0, 
    0x00C0, 0x0020, 0x59E1, 0xC402, 0x3920, 0x49C1, 0x51E1, 0x0020, 0x00A0, 0x00A0, 0x00A0, 0x0020, 
    0x49C3, 0xD4C6, 0x59E1, 0x4980, 0x82C2, 0x9303, 0x59E1, 0x51E1, 0x5201, 0x49C1, 0x4160, 0x4980, 
    0x51C1, 0x5A02, 0x6243, 0x6263, 0x6263, 0x6283, 0x6284, 0x6284, 0x6264, 0x5A44, 0x6284, 0x6284, 
    0x6284, 0x6284, 0x6264, 0x5A44, 0x5A44, 0x5A64, 0x5A64, 0x5A44, 0x6264, 0x6244, 0x5A43, 0x6243, 
    0x6263, 0x5A43, 0x5A02, 0x51C2, 0x49A1, 0x4981, 0x49A1, 0x51C1, 0x51C1, 0x51E1, 0x51E1, 0x51C1, 
    0x51C1, 0x49A1, 0x4980, 0x4980, 0x4960, 0x4140, 0x4140, 0x4140, 0x4980, 0x4981, 0x51A1, 0x7A82, 
    0x8282, 0x59E0, 0x4960, 0xB3C3, 0x5A43, 0x0040, 0x0080, 0x0080, 0x0080, 0x0020, 0x72E4, 0x1060, 
    0xBC67, 0xABE5, 0x0000, 0x0060, 0x00C0, 0x0000, 0x8304, 0xD4E7, 0x0840, 0x7261, 0x1080, 0x0060, 
    0x00A0, 0x00C0, 0x00A0, 0x6283, 0x08E1, 0x00C0, 0x00E0, 0x0100, 0x0101, 0x0101, 0x0101, 0x0101, 
    0x0100, 0x0100, 0x0100, 0x0121, 0x0100, 0x0121, 0x0121, 0x0121, 0x0101, 0x0100, 0x0100, 0x0100, 
    0x0121, 0x0121, 0x0141, 0x0141, 0x0161, 0x0181, 0x0181, 0x0161, 0x0161, 0x0161, 0x0161, 0x0181, 
    0x0181, 0x0181, 0x0161, 0x0161, 0x0161, 0x0161, 0x0161, 0x0161, 0x0181, 0x0181, 0x0181, 0x0161, 
    0x0161, 0x0181, 0x0161, 0x0161, 0x0181, 0x0181, 0x0181, 0x0161, 0x0181, 0x0181, 0x0181, 0x01A1, 
    0x01A2, 0x01A1, 0x01A2, 0x01C2, 0x01A2, 0x01A1, 0x01A1, 0x01C2, 0x01C2, 0x01C2, 0x01A1, 0x01A1, 
    0x01A1, 0x01A1, 0x01C2, 0x01C2, 0x01A2, 0x01C2, 0x01A1, 0x01A1, 0x01A1, 0x01C1, 0x01C2, 0x01E2, 
    0x01E2, 0x01E2, 0x01C2, 0x01E2, 0x01C2, 0x01C2, 0x01E2, 0x01E2, 0x01C2, 0x01E2, 0x01E2, 0x01E2, 
    0x01E2, 0x01E2, 0x01C2, 0x01C2, 0x01C2, 0x01C2, 0x01E2, 0x0202, 0x0202, 0x0202, 0x0202, 0x01E2, 
    0x01E2, 0x01E2, 0x01E2, 0x01C2, 0x01E2, 0x0202, 0x0202, 0x01E2, 0x0222, 0x0222, 0x0202, 0x01E2, 
    0x0202, 0x0202, 0x01E2, 0x01E2, 0x01E2, 0x0202, 0x0202, 0x01E2, 0x01E2, 0x01C2, 0x01C2, 0x01E2, 
    0x01E2, 0x01C2, 0x01C2, 0x01C2, 0x01C2, 0x01C2, 0x01C2, 0x01C2, 0x01C2, 0x01E2, 0x0202, 0x01E2, 
    0x01E2, 0x01E2, 0x0202, 0x0202, 0x0202, 0x0202, 0x01C2, 0x01C2, 0x01C2, 0x01C2, 0x01A2, 0x01A1, 
    0x01A1, 0x0181, 0x0181, 0x01A1, 0x01A1, 0x01A2, 0x0181, 0x0181, 0x01A2, 0x01C2, 0x01A1, 0x01A1, 
    0x01A1, 0x01A1, 0x01A2, 0x01A2, 0x01A2, 0x01C2, 0x01A1, 0x01A1, 0x01C2, 0x01A2, 0x01A1, 0x01A1, 
    0x01A1, 0x01A1, 0x01A1, 0x01A1, 0x01A1, 0x01A1, 0x0181, 0x01A1, 0x0181, 0x01A1, 0x01A1, 0x01A2, 
    0x0181, 0x0161, 0x0161, 0x0181, 0x0181, 0x0181, 0x0181, 0x0181, 0x0161, 0x0181, 0x0181, 0x0161, 
    0x0161, 0x0141, 0x0141, 0x0141, 0x0141, 0x0141, 0x0141, 0x0141, 0x0141, 0x0141, 0x0121, 0x0121, 
    0x0121, 0x0121, 0x0121, 0x0101, 0x00E1, 0x08E0, 0x41A0, 0x00C0, 0x00C0, 0x0040, 0x59E1, 0xC3E2, 
    0x3920, 0x49C1, 0x51E1, 0x0020, 0x00A0, 0x00A0, 0x0020, 0x3942, 0xD4A6, 0x3941, 0x0100, 0x9467, 
    0x7326, 0x10A1, 0x00A1, 0x00A1, 0x00A1, 0x0081, 0x0081, 0x0080, 0x0080, 0x0080, 0x0080, 0x0080, 
    0x0080, 0x0060, 0x0060, 0x0060, 0x0060, 0x0060, 0x0080, 0x0080, 0x0080, 0x0060, 0x0040, 0x0060, 
    0x0060, 0x0060, 0x0060, 0x0060, 0x0060, 0x0060, 0x0060, 0x0080, 0x0080, 0x0080, 0x0080, 0x0080, 
    0x0080, 0x0080, 0x0080, 0x0080, 0x0080, 0x0080, 0x00A0, 0x0080, 0x0080, 0x0080, 0x0080, 0x0060, 
    0x0060, 0x0060, 0x0060, 0x0060, 0x0040, 0x0040, 0x0060, 0x0881, 0x6284, 0xAC04, 0x21A0, 0x2920, 
    0xB3A3, 0x49C2, 0x0020, 0x0080, 0x0080, 0x0020, 0x72E5, 0x1060, 0xBCA8, 0xAC26, 0x0000, 0x0080, 
    0x00E1, 0x0000, 0x8B45, 0xDD28, 0x0840, 0x7A81, 0x1080, 0x0060, 0x00A0, 0x00C0, 0x00A0, 0x5A42, 
    0x08E1, 0x00C0, 0x00E0, 0x00E0, 0x00E0, 0x0101, 0x0101, 0x0101, 0x0101, 0x0100, 0x0101, 0x0101, 
    0x0100, 0x0100, 0x0100, 0x0100, 0x0100, 0x0101, 0x0100, 0x0100, 0x0121, 0x0121, 0x0121, 0x0141, 
    0x0141, 0x0161, 0x0181, 0x0161, 0x0161, 0x0161, 0x0161, 0x0181, 0x0181, 0x0181, 0x0181, 0x0161, 
    0x0161, 0x0161, 0x0161, 0x0181, 0x0181, 0x0181, 0x0181, 0x0161, 0x0161, 0x0161, 0x0161, 0x0161, 
    0x0161, 0x0161, 0x0161, 0x0161, 0x0181, 0x0181, 0x0181, 0x01A1, 0x01A1, 0x01A1, 0x01C2, 0x01C2, 
    0x01C1, 0x01A1, 0x01A1, 0x01C2, 0x01C2, 0x01C2, 0x01C2, 0x01A1, 0x01A1, 0x01A2, 0x01A1, 0x01C1, 
    0x01A1, 0x01A1, 0x01C2, 0x01C2, 0x01C2, 0x01C2, 0x01E2, 0x01C2, 0x01C2, 0x01C2, 0x01A1, 0x01C1, 
    0x01E2, 0x01E2, 0x01E2, 0x01E2, 0x01E2, 0x01E2, 0x01E2, 0x01E2, 0x01C2, 0x01E2, 0x01C2, 0x01C2, 
    0x01C2, 0x01C2, 0x01C2, 0x01E2, 0x01E2, 0x01E2, 0x0202, 0x01E2, 0x01C2, 0x01E2, 0x01E2, 0x01C2, 
    0x01E2, 0x0202, 0x0202, 0x01E2, 0x0222, 0x0202, 0x0202, 0x01E2, 0x01E2, 0x01E2, 0x01E2, 0x01E2, 
    0x01E2, 0x01E2, 0x0202, 0x01E2, 0x01E2, 0x01E2, 0x01C2, 0x01E2, 0x0202, 0x01E2, 0x01C2, 0x01C2, 
    0x01C2, 0x01C2, 0x01A2, 0x01C2, 0x01C2, 0x01C2, 0x01E2, 0x01C2, 0x01C2, 0x01E2, 0x0202, 0x0202, 
    0x0202, 0x0202, 0x01E2, 0x01C2, 0x01E2, 0x01C2, 0x01C2, 0x01A2, 0x01A1, 0x01A1, 0x01A1, 0x01A1, 
    0x01A2, 0x01A1, 0x01A2, 0x01A2, 0x01A2, 0x01C2, 0x01C2, 0x01C2, 0x01A2, 0x01A2, 0x01A2, 0x01A1, 
    0x01A1, 0x01A1, 0x01A1, 0x01A1, 0x01A1, 0x01A1, 0x01A2, 0x01C2, 0x01A2, 0x0181, 0x01A1, 0x0181, 
    0x01A1, 0x01A1, 0x0181, 0x0181, 0x01A1, 0x01A2, 0x01A1, 0x0181, 0x0181, 0x0161, 0x0181, 0x0181, 
    0x0181, 0x0181, 0x0181, 0x0181, 0x0161, 0x0181, 0x0181, 0x0161, 0x0161, 0x0141, 0x0161, 0x0161, 
    0x0141, 0x0141, 0x0141, 0x0141, 0x0121, 0x0121, 0x0121, 0x0121, 0x0121, 0x0121, 0x0121, 0x0121, 
    0x0101, 0x08E0, 0x41A1, 0x00A0, 0x00E0, 0x0040, 0x5A01, 0xC3E2, 0x3920, 0x4960, 0x51A0, 0x0020, 
    0x0080, 0x0080, 0x0000, 0x6A22, 0x9B63, 0x0920, 0x4BC3, 0x9C68, 0x0020, 0x00A0, 0x0101, 0x0101, 
    0x0101, 0x0101, 0x0101, 0x0101, 0x0121, 0x0121, 0x0121, 0x0121, 0x0121, 0x0121, 0x0121, 0x0121, 
    0x0141, 0x0141, 0x0141, 0x0141, 0x0141, 0x0121, 0x0121, 0x0121, 0x0141, 0x0121, 0x0141, 0x0141, 
    0x0141, 0x0141, 0x0141, 0x0141, 0x0141, 0x0141, 0x0121, 0x0121, 0x0121, 0x0121, 0x0101, 0x0101, 
    0x0101, 0x0101, 0x0121, 0x0101, 0x0101, 0x0101, 0x00E1, 0x00E1, 0x00E1, 0x00C1, 0x00C1, 0x00C1, 
    0x00C1, 0x00C1, 0x00C1, 0x00A1, 0x0020, 0x8365, 0x5BC3, 0x00A0, 0x7221, 0x61C0, 0x0000, 0x0080, 
    0x0080, 0x0020, 0x72E5, 0x1060, 0xC4C8, 0xB447, 0x0000, 0x0080, 0x00E0, 0x0000, 0x8B66, 0xE569, 
    0x0860, 0x8324, 0x18A0, 0x0080, 0x00C0, 0x00C0, 0x00C0, 0x5202, 0x00E0, 0x00C0, 0x00E0, 0x00E0, 
    0x00E0, 0x00E0, 0x0100, 0x0100, 0x0101, 0x0100, 0x0100, 0x00E0, 0x00E0, 0x0101, 0x0100, 0x0100, 
    0x0100, 0x0121, 0x0121, 0x0121, 0x0141, 0x0141, 0x0141, 0x0141, 0x0141, 0x0161, 0x0161, 0x0161, 
    0x0161, 0x0161, 0x0181, 0x0181, 0x01A1, 0x01A1, 0x0181, 0x0161, 0x0161, 0x0161, 0x0161, 0x0181, 
    0x0181, 0x01A2, 0x0181, 0x0161, 0x0161, 0x0161, 0x0181, 0x0161, 0x0181, 0x0181, 0x0161, 0x0161, 
    0x0161, 0x0161, 0x0181, 0x0181, 0x0181, 0x0181, 0x01A1, 0x01C2, 0x01E2, 0x01C2, 0x01C2, 0x01C1, 
    0x01C1, 0x01C2, 0x01E2, 0x01C2, 0x01C2, 0x01C2, 0x01C2, 0x01C2, 0x01C2, 0x01C2, 0x01C2, 0x01C2, 
    0x01C2, 0x01C2, 0x01C2, 0x01C1, 0x01C2, 0x01C2, 0x01C2, 0x01C2, 0x01E2, 0x01E2, 0x01E2, 0x01E2, 
    0x0202, 0x0202, 0x0202, 0x0202, 0x01C2, 0x01E2, 0x01C2, 0x01E2, 0x01E2, 0x01C2, 0x01C2, 0x01C2, 
    0x01E2, 0x01C2, 0x01E2, 0x0202, 0x0202, 0x0202, 0x01E2, 0x01E2, 0x01E2, 0x01E2, 0x01E2, 0x01E2, 
    0x01E2, 0x01E2, 0x01E2, 0x01E2, 0x01E2, 0x01E2, 0x01C2, 0x01E2, 0x01E2, 0x01E2, 0x0202, 0x01E2, 
    0x01E2, 0x01E2, 0x01E2, 0x01E2, 0x0202, 0x01C2, 0x01C2, 0x01C2, 0x01C2, 0x01C2, 0x01C2, 0x01C2, 
    0x01C2, 0x01C1, 0x01A1, 0x01C2, 0x01C2, 0x01E2, 0x0202, 0x0202, 0x0202, 0x0202, 0x01C2, 0x01C2, 
    0x01E2, 0x01C2, 0x01C2, 0x01C2, 0x01C2, 0x01C2, 0x01A2, 0x01A1, 0x01A2, 0x01A1, 0x01A2, 0x01A2, 
    0x01C1, 0x01C2, 0x01C2, 0x01C2, 0x01C2, 0x01A1, 0x01A1, 0x01A1, 0x01A1, 0x01A1, 0x01A1, 0x01A2, 
    0x01A1, 0x01A1, 0x01C2, 0x01C1, 0x01A1, 0x01A2, 0x01A1, 0x0181, 0x0181, 0x01A1, 0x01A1, 0x01A1, 
    0x01A1, 0x01A2, 0x01A1, 0x01A1, 0x01A1, 0x0181, 0x0181, 0x0181, 0x0181, 0x0181, 0x0181, 0x0161, 
    0x0161, 0x0161, 0x0161, 0x0161, 0x0161, 0x0161, 0x0161, 0x0141, 0x0141, 0x0141, 0x0141, 0x0121, 
    0x0121, 0x0121, 0x0121, 0x0121, 0x0121, 0x0121, 0x0121, 0x0101, 0x0101, 0x0901, 0x41C1, 0x00C1, 
    0x00E0, 0x0040, 0x5A22, 0xC402, 0x4161, 0x4140, 0x4960, 0x0020, 0x0080, 0x0080, 0x0020, 0x6A41, 
    0x82E3, 0x7304, 0x9C48, 0x3183, 0x00C1, 0x0121, 0x0101, 0x0101, 0x0101, 0x0121, 0x0121, 0x0121, 
    0x0121, 0x0121, 0x0121, 0x0121, 0x0141, 0x0121, 0x0141, 0x0141, 0x0141, 0x0141, 0x0161, 0x0141, 
    0x0141, 0x0141, 0x0141, 0x0141, 0x0141, 0x0141, 0x0161, 0x0161, 0x0161, 0x0141, 0x0141, 0x0141, 
    0x0141, 0x0141, 0x0141, 0x0141, 0x0121, 0x0121, 0x0101, 0x0101, 0x0101, 0x0121, 0x0121, 0x0121, 
    0x0101, 0x0101, 0x0101, 0x00E1, 0x00E1, 0x00E1, 0x00E1, 0x00C1, 0x00C1, 0x00C1, 0x00C1, 0x00E1, 
    0x0080, 0x2943, 0x9BA5, 0x4A01, 0x6A21, 0x59A0, 0x0000, 0x0060, 0x0080, 0x0020, 0x72E4, 0x1060, 
    0xC4C8, 0xB447, 0x0000, 0x0080, 0x00C0, 0x0000, 0x8B86, 0xE589, 0x0840, 0x8B66, 0x18A0, 0x0060, 
    0x00C0, 0x00C0, 0x00C0, 0x5222, 0x08E1, 0x00C0, 0x00E0, 0x00E0, 0x00E0, 0x0100, 0x0100, 0x0100, 
    0x0100, 0x0100, 0x00E0, 0x00E0, 0x0100, 0x0100, 0x0121, 0x0100, 0x0121, 0x0121, 0x0141, 0x0121, 
    0x0141, 0x0141, 0x0141, 0x0141, 0x0161, 0x0161, 0x0161, 0x0161, 0x0161, 0x0161, 0x0161, 0x0181, 
    0x0181, 0x0181, 0x0181, 0x0161, 0x0161, 0x0161, 0x0181, 0x0181, 0x0181, 0x0181, 0x01A1, 0x0161, 
    0x0161, 0x0181, 0x0181, 0x0181, 0x01A1, 0x0181, 0x0181, 0x0181, 0x0181, 0x0181, 0x0181, 0x0181, 
    0x0181, 0x0181, 0x01A1, 0x01C2, 0x01C2, 0x01E2, 0x01C2, 0x01C2, 0x01C2, 0x01C2, 0x01C2, 0x01A1, 
    0x01A1, 0x01A2, 0x01C2, 0x01E2, 0x01E2, 0x01C2, 0x01C2, 0x01C2, 0x01C2, 0x01C2, 0x01C2, 0x01C2, 
    0x01A1, 0x01C2, 0x01C2, 0x01E2, 0x01E2, 0x01E2, 0x01E2, 0x01E2, 0x0202, 0x01E2, 0x01E2, 0x0202, 
    0x01C2, 0x01E2, 0x01E2, 0x01E2, 0x01E2, 0x01C2, 0x01C2, 0x01C2, 0x01C2, 0x01E2, 0x01E2, 0x0202, 
    0x01E2, 0x0202, 0x0202, 0x01E2, 0x01E2, 0x01E2, 0x01E2, 0x0202, 0x0202, 0x01E2, 0x01E2, 0x0202, 
    0x01E2, 0x01E2, 0x0202, 0x0202, 0x0202, 0x0202, 0x0202, 0x0202, 0x01E2, 0x01C2, 0x01C2, 0x01C2, 
    0x01C2, 0x01C2, 0x01C2, 0x01C2, 0x01E2, 0x01C2, 0x01C2, 0x01E2, 0x01E2, 0x01E2, 0x01C2, 0x01C2, 
    0x01C2, 0x01E2, 0x01E2, 0x0202, 0x01E2, 0x01E2, 0x01E2, 0x01E2, 0x01E2, 0x01E2, 0x01E2, 0x01C2, 
    0x01C2, 0x01C2, 0x01C2, 0x01A2, 0x01A1, 0x01C2, 0x01C2, 0x01C2, 0x01E2, 0x01C2, 0x01C2, 0x01C2, 
    0x01C2, 0x01C2, 0x01A1, 0x01A2, 0x01A2, 0x01A1, 0x01A1, 0x01A1, 0x01A1, 0x01A1, 0x01C2, 0x01C1, 
    0x01A1, 0x01A1, 0x01A1, 0x01A1, 0x01A1, 0x01A1, 0x01A1, 0x01A1, 0x01A1, 0x01A1, 0x0181, 0x01A1, 
    0x01A2, 0x0181, 0x0181, 0x0181, 0x0181, 0x0181, 0x0181, 0x0161, 0x0161, 0x0161, 0x0161, 0x0161, 
    0x0161, 0x0161, 0x0161, 0x0121, 0x0141, 0x0141, 0x0121, 0x0121, 0x0121, 0x0121, 0x0121, 0x0121, 
    0x0121, 0x0121, 0x0101, 0x0101, 0x0101, 0x00E0, 0x39A1, 0x00E1, 0x00E0, 0x0040, 0x5A02, 0xC402, 
    0x4161, 0x4980, 0x51A0, 0x0000, 0x0080, 0x0080, 0x0020, 0x6A21, 0x82E3, 0x5A65, 0x10C1, 0x0060, 
    0x0121, 0x0101, 0x0101, 0x0101, 0x0121, 0x0121, 0x0121, 0x0121, 0x0121, 0x0141, 0x0141, 0x0141, 
    0x0141, 0x0141, 0x0141, 0x0141, 0x0161, 0x0161, 0x0161, 0x0161, 0x0161, 0x0161, 0x0161, 0x0161, 
    0x0161, 0x0161, 0x0161, 0x0181, 0x0181, 0x0161, 0x0141, 0x0121, 0x0141, 0x0141, 0x0141, 0x0141, 
    0x0141, 0x0121, 0x0121, 0x0121, 0x0121, 0x0121, 0x0121, 0x0121, 0x0121, 0x0121, 0x0101, 0x00E1, 
    0x00E1, 0x00E1, 0x00E1, 0x00E1, 0x00E1, 0x00C1, 0x00C1, 0x00C1, 0x00C1, 0x0040, 0x0860, 0x6243, 
    0x7AA3, 0x59A0, 0x0000, 0x0060, 0x0080, 0x0000, 0x72A3, 0x1060, 0xC4C8, 0xB447, 0x0000, 0x0060, 
    0x00E0, 0x0000, 0x8B86, 0xE5AA, 0x0840, 0x8346, 0x18A0, 0x0060, 0x00C0, 0x00C0, 0x00C0, 0x49E2, 
    0x00E1, 0x00C0, 0x00E0, 0x00E0, 0x00E0, 0x00E0, 0x0100, 0x0101, 0x0101, 0x0100, 0x0101, 0x0101, 
    0x0101, 0x0121, 0x0121, 0x0121, 0x0121, 0x0121, 0x0121, 0x0120, 0x0121, 0x0141, 0x0141, 0x0141, 
    0x0141, 0x0141, 0x0161, 0x0161, 0x0161, 0x0161, 0x0161, 0x0161, 0x0181, 0x0181, 0x0181, 0x0161, 
    0x0161, 0x0161, 0x0181, 0x01A1, 0x01A1, 0x01A1, 0x01A2, 0x0181, 0x0181, 0x0181, 0x0181, 0x0181, 
    0x0181, 0x0181, 0x0181, 0x0181, 0x0181, 0x0181, 0x0181, 0x0181, 0x0181, 0x01A1, 0x01A1, 0x01C2, 
    0x01C2, 0x01C2, 0x01C2, 0x01C2, 0x01C2, 0x01C2, 0x01C2, 0x01C2, 0x01C2, 0x01C2, 0x01C2, 0x01C2, 
    0x01C2, 0x01C2, 0x01C2, 0x01C2, 0x01A2, 0x01C2, 0x01C2, 0x01C2, 0x01C2, 0x01E2, 0x01C2, 0x01C2, 
    0x01E2, 0x01E2, 0x01C2, 0x01E2, 0x01E2, 0x0202, 0x0202, 0x01E2, 0x01C2, 0x01E2, 0x01E2, 0x01C2, 
    0x01C1, 0x01C1, 0x01A1, 0x01A1, 0x01C2, 0x01C2, 0x01E2, 0x01E2, 0x01E2, 0x01E2, 0x01E2, 0x01E2, 
    0x01E2, 0x01E2, 0x01E2, 0x01E2, 0x01E2, 0x01E2, 0x01E2, 0x01E2, 0x01E2, 0x01E2, 0x01E2, 0x0202, 
    0x0222, 0x0202, 0x0202, 0x0202, 0x01E2, 0x01E2, 0x01E2, 0x01C2, 0x01E2, 0x01E2, 0x01C2, 0x01E2, 
    0x01E2, 0x0202, 0x01E2, 0x01C2, 0x01E2, 0x01E2, 0x01E2, 0x01C2, 0x01C2, 0x01C2, 0x01E2, 0x01E2, 
    0x01C2, 0x01E2, 0x01E2, 0x0202, 0x0202, 0x01E2, 0x01E2, 0x01C2, 0x01C2, 0x01C2, 0x01C2, 0x01A1, 
    0x01A2, 0x01A1, 0x01C1, 0x01C2, 0x01C2, 0x01C2, 0x01E2, 0x01E2, 0x01C2, 0x01A1, 0x01A1, 0x01A1, 
    0x01A1, 0x01A1, 0x01A1, 0x01A1, 0x0181, 0x01A1, 0x01A2, 0x01A1, 0x01A2, 0x01A1, 0x01A1, 0x01A1, 
    0x0181, 0x0181, 0x0181, 0x0181, 0x0181, 0x01A1, 0x0181, 0x0181, 0x01A1, 0x0181, 0x0181, 0x0161, 
    0x0161, 0x0161, 0x0161, 0x0161, 0x0161, 0x0161, 0x0161, 0x0181, 0x0161, 0x0141, 0x0141, 0x0121, 
    0x0121, 0x0121, 0x0121, 0x0121, 0x0121, 0x0121, 0x0121, 0x0101, 0x0121, 0x0121, 0x0101, 0x0101, 
    0x0101, 0x00E0, 0x3181, 0x00E1, 0x00E0, 0x0040, 0x59E2, 0xC402, 0x3941, 0x4180, 0x49A0, 0x0000, 
    0x0080, 0x0080, 0x0020, 0x6221, 0xA3A4, 0x2943, 0x0060, 0x0101, 0x00E1, 0x0101, 0x0101, 0x0101, 
    0x0121, 0x0121, 0x0121, 0x0121, 0x0141, 0x0141, 0x0141, 0x0141, 0x0141, 0x0161, 0x0161, 0x0161, 
    0x0161, 0x0161, 0x0161, 0x0161, 0x0161, 0x0161, 0x0161, 0x0161, 0x0141, 0x0161, 0x0161, 0x0181, 
    0x0161, 0x0161, 0x0141, 0x0141, 0x0141, 0x0141, 0x0141, 0x0141, 0x0141, 0x0141, 0x0121, 0x0121, 
    0x0121, 0x0121, 0x0121, 0x0121, 0x0121, 0x0121, 0x0121, 0x0101, 0x00E1, 0x00E1, 0x00E1, 0x00E1, 
    0x00E1, 0x00C1, 0x00C1, 0x00C1, 0x00C1, 0x00C1, 0x0040, 0x3163, 0x9345, 0x5980, 0x0000, 0x0060, 
    0x0080, 0x0000, 0x6A21, 0x0840, 0xBC87, 0xAC06, 0x0000, 0x0060, 0x00C0, 0x0000, 0x8B86, 0xEDAA, 
    0x0860, 0x8325, 0x18A0, 0x0060, 0x00C0, 0x00C0, 0x00C0, 0x39C2, 0x00E1, 0x00C0, 0x00E0, 0x00E0, 
    0x00E0, 0x00E0, 0x0100, 0x0101, 0x0100, 0x0100, 0x0100, 0x0100, 0x0100, 0x0101, 0x0101, 0x0121, 
    0x0121, 0x0100, 0x0100, 0x0121, 0x0121, 0x0141, 0x0141, 0x0141, 0x0121, 0x0121, 0x0141, 0x0161, 
    0x0161, 0x0161, 0x0161, 0x0161, 0x0181, 0x0181, 0x0181, 0x0161, 0x0181, 0x0181, 0x0181, 0x01A1, 
    0x01A1, 0x01A1, 0x01A2, 0x0181, 0x01A2, 0x0181, 0x01A1, 0x01A1, 0x0181, 0x0161, 0x0181, 0x0181, 
    0x0181, 0x0181, 0x0181, 0x0181, 0x0181, 0x0181, 0x01A1, 0x01C2, 0x01C2, 0x01C2, 0x01C2, 0x01A1, 
    0x01C2, 0x01E2, 0x01C2, 0x01C2, 0x01C2, 0x01E2, 0x01C2, 0x01C2, 0x01C2, 0x01C2, 0x01C2, 0x01A2, 
    0x01A1, 0x01A1, 0x01C2, 0x01C2, 0x01E2, 0x01E2, 0x01C2, 0x01C2, 0x01E2, 0x01E2, 0x01C1, 0x01E2, 
    0x01E2, 0x0202, 0x0202, 0x0202, 0x0202, 0x0202, 0x01E2, 0x01C2, 0x01C2, 0x01C2, 0x01C2, 0x01C2, 
    0x01A1, 0x01A1, 0x01C1, 0x01E2, 0x01E2, 0x01E2, 0x01C2, 0x01E2, 0x0202, 0x0202, 0x0202, 0x0202, 
    0x0202, 0x0202, 0x0202, 0x0202, 0x0202, 0x01E2, 0x01C1, 0x0202, 0x0202, 0x0202, 0x0202, 0x01E2, 
    0x01E2, 0x01E2, 0x01E2, 0x01E2, 0x01E2, 0x01E2, 0x01E2, 0x01E2, 0x0202, 0x01E2, 0x01E2, 0x01E2, 
    0x01E2, 0x01E2, 0x01E2, 0x01E2, 0x01C2, 0x01E2, 0x01E2, 0x01E2, 0x01C2, 0x01C2, 0x01C2, 0x01E2, 
    0x01E2, 0x01E2, 0x01C2, 0x01C2, 0x01C2, 0x01C2, 0x01C2, 0x01C2, 0x01C2, 0x01A1, 0x01A1, 0x01C2, 
    0x01C2, 0x01C2, 0x01E2, 0x01E2, 0x01E2, 0x01C2, 0x01C2, 0x01A1, 0x01A1, 0x01A1, 0x01A1, 0x01A2, 
    0x01A1, 0x01A1, 0x01A1, 0x01C2, 0x01A2, 0x0181, 0x01A1, 0x0181, 0x0181, 0x0181, 0x0181, 0x0181, 
    0x0181, 0x0181, 0x0181, 0x0181, 0x0181, 0x0181, 0x0181, 0x0161, 0x0161, 0x0161, 0x0161, 0x0161, 
    0x0161, 0x0161, 0x0161, 0x0161, 0x0161, 0x0141, 0x0121, 0x0121, 0x0121, 0x0121, 0x0121, 0x0121, 
    0x0121, 0x0101, 0x0121, 0x0121, 0x0121, 0x0101, 0x0121, 0x0101, 0x0101, 0x00E0, 0x31A1, 0x00C1, 
    0x00E0, 0x0040, 0x51E2, 0xC3E2, 0x3941, 0x4160, 0x51A0, 0x0000, 0x0080, 0x0080, 0x0000, 0x59E1, 
    0x9B85, 0x31A4, 0x0080, 0x00E1, 0x0101, 0x0101, 0x0121, 0x0121, 0x0121, 0x0121, 0x0121, 0x0121, 
    0x0141, 0x0141, 0x0141, 0x0141, 0x0161, 0x0161, 0x0161, 0x0161, 0x0161, 0x0161, 0x0161, 0x0161, 
    0x0161, 0x0161, 0x0161, 0x0161, 0x0161, 0x0161, 0x0161, 0x0161, 0x0161, 0x0161, 0x0161, 0x0161, 
    0x0141, 0x0141, 0x0141, 0x0141, 0x0141, 0x0141, 0x0141, 0x0121, 0x0121, 0x0121, 0x0121, 0x0121, 
    0x0121, 0x0121, 0x0101, 0x0101, 0x0101, 0x0101, 0x0101, 0x00E1, 0x00E1, 0x00C1, 0x00C1, 0x00C1, 
    0x00C1, 0x00C1, 0x0060, 0x41A3, 0x9B85, 0x5980, 0x0000, 0x0080, 0x0080, 0x0020, 0x6221, 0x0840, 
    0xBC66, 0xABE5, 0x0000, 0x0060, 0x00C0, 0x0000, 0x8B86, 0xEDAA, 0x0840, 0x8325, 0x18A0, 0x0080, 
    0x00A0, 0x00C0, 0x00C0, 0x31A1, 0x00E1, 0x00C0, 0x00E0, 0x00E0, 0x00E0, 0x00E0, 0x0100, 0x0100, 
    0x0100, 0x0101, 0x0121, 0x0101, 0x0101, 0x0101, 0x0100, 0x0101, 0x0121, 0x0100, 0x0100, 0x0121, 
    0x0121, 0x0141, 0x0141, 0x0141, 0x0121, 0x0121, 0x0121, 0x0141, 0x0141, 0x0141, 0x0141, 0x0141, 
    0x0161, 0x0181, 0x0181, 0x0181, 0x0181, 0x0181, 0x0181, 0x0181, 0x0181, 0x0181, 0x0181, 0x0181, 
    0x0181, 0x01A1, 0x01A1, 0x0181, 0x0181, 0x0181, 0x0181, 0x0181, 0x0181, 0x0181, 0x0181, 0x0181, 
    0x0181, 0x0181, 0x01A1, 0x01A1, 0x01C2, 0x01C2, 0x01C2, 0x01C2, 0x01C2, 0x01C2, 0x01C2, 0x01E2, 
    0x01C2, 0x01E2, 0x01E2, 0x01C2, 0x01A1, 0x01A2, 0x01C2, 0x01C2, 0x01C2, 0x01C1, 0x01C2, 0x01A1, 
    0x01C2, 0x01E2, 0x01C2, 0x01C2, 0x01C2, 0x01C2, 0x01C2, 0x01C2, 0x0202, 0x0202, 0x0202, 0x01E2, 
    0x01E2, 0x01E2, 0x01C2, 0x01C2, 0x01A2, 0x01C2, 0x01C2, 0x01C2, 0x01C2, 0x01A1, 0x01A1, 0x01C2, 
    0x01C2, 0x01E2, 0x01E2, 0x01E2, 0x01E2, 0x0202, 0x0202, 0x0202, 0x0202, 0x0202, 0x0202, 0x0222, 
    0x0202, 0x01E2, 0x01E2, 0x01E2, 0x0202, 0x0202, 0x01E2, 0x01E2, 0x01E2, 0x01E2, 0x0202, 0x01E2, 
    0x01E2, 0x01E2, 0x01E2, 0x01E2, 0x01E2, 0x01E2, 0x01E2, 0x01E2, 0x0202, 0x01E2, 0x01E2, 0x01E2, 
    0x01E2, 0x0202, 0x01E2, 0x01E2, 0x01C2, 0x01C2, 0x01A1, 0x01C2, 0x01E2, 0x01E2, 0x01C2, 0x01C2, 
    0x01C2, 0x01C2, 0x01C2, 0x01C2, 0x01C2, 0x01C2, 0x01C2, 0x01C2, 0x01C2, 0x01C2, 0x01C2, 0x01C2, 
    0x01C2, 0x01C2, 0x01A1, 0x01A1, 0x01A1, 0x01A1, 0x01A2, 0x01A1, 0x01A1, 0x01A1, 0x0181, 0x01A1, 
    0x01A1, 0x01A1, 0x0181, 0x0181, 0x0181, 0x0181, 0x0181, 0x0181, 0x0181, 0x0181, 0x0181, 0x0181, 
    0x0181, 0x0161, 0x0161, 0x0161, 0x0161, 0x0161, 0x0161, 0x0161, 0x0161, 0x0161, 0x0161, 0x0181, 
    0x0161, 0x0141, 0x0141, 0x0141, 0x0141, 0x0141, 0x0141, 0x0121, 0x0101, 0x0101, 0x0101, 0x0101, 
    0x0101, 0x0101, 0x0101, 0x0101, 0x0101, 0x0100, 0x31A1, 0x00C1, 0x00E0, 0x0060, 0x51E1, 0xBBE2, 
    0x3941, 0x4160, 0x49A0, 0x0000, 0x0060, 0x0060, 0x0000, 0x59C1, 0x9364, 0x31A4, 0x00A0, 0x00E1, 
    0x0101, 0x0101, 0x0101, 0x0101, 0x0121, 0x0121, 0x0121, 0x0121, 0x0141, 0x0141, 0x0141, 0x0161, 
    0x0161, 0x0161, 0x0161, 0x0161, 0x0161, 0x0161, 0x0161, 0x0161, 0x0181, 0x0161, 0x0161, 0x0161, 
    0x0161, 0x0161, 0x0161, 0x0161, 0x0161, 0x0161, 0x0161, 0x0161, 0x0141, 0x0141, 0x0141, 0x0161, 
    0x0141, 0x0141, 0x0141, 0x0121, 0x0121, 0x0121, 0x0121, 0x0121, 0x0121, 0x0121, 0x0101, 0x0101, 
    0x0101, 0x0101, 0x0101, 0x00E1, 0x00E1, 0x00C1, 0x00C1, 0x00C1, 0x00C1, 0x00C1, 0x0060, 0x41A3, 
    0x9B85, 0x5980, 0x0000, 0x0080, 0x0080, 0x0020, 0x6A41, 0x1040, 0xB446, 0xABE5, 0x0000, 0x0060, 
    0x00A0, 0x0000, 0x8B66, 0xE5AA, 0x0840, 0x8325, 0x18A0, 0x0060, 0x00A0, 0x00C0, 0x00C0, 0x2981, 
    0x00E0, 0x00C0, 0x00E0, 0x00C0, 0x00E0, 0x00E0, 0x00E0, 0x0100, 0x0100, 0x0101, 0x0121, 0x0100, 
    0x0100, 0x0100, 0x0101, 0x0121, 0x0121, 0x0101, 0x0101, 0x0121, 0x0121, 0x0141, 0x0141, 0x0141, 
    0x0141, 0x0121, 0x0121, 0x0141, 0x0141, 0x0141, 0x0141, 0x0141, 0x0161, 0x0161, 0x0161, 0x0181, 
    0x0181, 0x0181, 0x0181, 0x0181, 0x0181, 0x0181, 0x0181, 0x0161, 0x0181, 0x0181, 0x0181, 0x0181, 
    0x0181, 0x0181, 0x0181, 0x0181, 0x0181, 0x0181, 0x0181, 0x0181, 0x0181, 0x0181, 0x01A1, 0x01A1, 
    0x01A1, 0x01A1, 0x01C2, 0x01C2, 0x01C2, 0x01C2, 0x01C2, 0x01E2, 0x01C2, 0x01C2, 0x01C2, 0x01C2, 
    0x01A2, 0x01A1, 0x01A2, 0x01C2, 0x01C2, 0x01C2, 0x01C2, 0x01C2, 0x01C2, 0x01C1, 0x01C2, 0x01A2, 
    0x01A1, 0x01C1, 0x01C2, 0x01E2, 0x0202, 0x0202, 0x0202, 0x01E2, 0x01C2, 0x01E2, 0x01C2, 0x01C2, 
    0x01C2, 0x01E2, 0x01C2, 0x01C1, 0x01C2, 0x01C2, 0x01C2, 0x01C2, 0x01E2, 0x01E2, 0x01E2, 0x01E2, 
    0x01E2, 0x01E2, 0x01E2, 0x0202, 0x0202, 0x0202, 0x01E2, 0x01E2, 0x01C1, 0x01E2, 0x0202, 0x0202, 
    0x0202, 0x0202, 0x0202, 0x01E2, 0x01E2, 0x01E2, 0x0202, 0x01E2, 0x01C2, 0x01E2, 0x01E2, 0x01E2, 
    0x01E2, 0x01E2, 0x01E2, 0x01E2, 0x0202, 0x0202, 0x01E2, 0x01E2, 0x01E2, 0x01E2, 0x01C1, 0x01C2, 
    0x01C2, 0x01C1, 0x01A1, 0x01C2, 0x01C2, 0x01C2, 0x01C2, 0x01C2, 0x01C2, 0x01C2, 0x01C2, 0x01C2, 
    0x01A1, 0x01A1, 0x01A1, 0x01C2, 0x01C2, 0x01C2, 0x01C2, 0x01C2, 0x01C2, 0x01C2, 0x01C2, 0x01A2, 
    0x01A1, 0x01A1, 0x01A1, 0x0181, 0x0181, 0x01A1, 0x0181, 0x0181, 0x01A1, 0x01A2, 0x01A1, 0x0181, 
    0x0181, 0x0181, 0x0181, 0x0161, 0x0181, 0x0181, 0x0161, 0x0161, 0x0161, 0x0161, 0x0161, 0x0161, 
    0x0161, 0x0161, 0x0161, 0x0161, 0x0161, 0x0161, 0x0181, 0x0161, 0x0141, 0x0141, 0x0141, 0x0141, 
    0x0141, 0x0141, 0x0141, 0x0121, 0x0101, 0x0101, 0x0101, 0x0101, 0x0101, 0x0100, 0x0101, 0x0101, 
    0x00E1, 0x00E0, 0x2961, 0x00C1, 0x00E0, 0x0060, 0x51E2, 0xBBC2, 0x3120, 0x4980, 0x49A0, 0x0000, 
    0x0060, 0x0060, 0x0000, 0x51A0, 0x9344, 0x31A4, 0x00A0, 0x00E1, 0x00E1, 0x0101, 0x0101, 0x0101, 
    0x0121, 0x0121, 0x0121, 0x0121, 0x0121, 0x0141, 0x0141, 0x0161, 0x0161, 0x0161, 0x0141, 0x0161, 
    0x0141, 0x0161, 0x0161, 0x0161, 0x0181, 0x0161, 0x0181, 0x0181, 0x0161, 0x0161, 0x0161, 0x0161, 
    0x0161, 0x0161, 0x0161, 0x0141, 0x0141, 0x0141, 0x0141, 0x0141, 0x0141, 0x0141, 0x0141, 0x0141, 
    0x0121, 0x0121, 0x0121, 0x0121, 0x0121, 0x0101, 0x0101, 0x0101, 0x0101, 0x0101, 0x00E1, 0x00E1, 
    0x00E1, 0x00C1, 0x00C1, 0x00C1, 0x00C1, 0x00C1, 0x0060, 0x3982, 0x9B65, 0x5980, 0x0000, 0x0060, 
    0x0060, 0x0000, 0x6A21, 0x1060, 0xB446, 0xA3C5, 0x0000, 0x0060, 0x00A0, 0x0000, 0x93A7, 0xEDCB, 
    0x0840, 0x8325, 0x18A0, 0x0060, 0x00A0, 0x00C0, 0x00C0, 0x2141, 0x00C0, 0x00C0, 0x00E0, 0x00C0, 
    0x00C0, 0x00E0, 0x0100, 0x00E0, 0x0101, 0x0101, 0x0100, 0x0100, 0x0100, 0x0100, 0x0121, 0x0121, 
    0x0121, 0x0121, 0x0121, 0x0121, 0x0121, 0x0141, 0x0141, 0x0141, 0x0121, 0x0121, 0x0121, 0x0141, 
    0x0141, 0x0161, 0x0161, 0x0161, 0x0161, 0x0161, 0x0161, 0x0181, 0x0181, 0x0181, 0x0181, 0x0161, 
    0x0181, 0x0181, 0x0181, 0x0181, 0x0181, 0x01A1, 0x0181, 0x0161, 0x0181, 0x0181, 0x0181, 0x0181, 
    0x0161, 0x0181, 0x0181, 0x0181, 0x0181, 0x01A1, 0x01A1, 0x01A2, 0x01A2, 0x01C2, 0x01A2, 0x01C2, 
    0x01C2, 0x01C2, 0x01C2, 0x01C2, 0x01C2, 0x01C2, 0x01C2, 0x01C2, 0x01C2, 0x01A1, 0x01A1, 0x01C2, 
    0x01C2, 0x01C2, 0x01C2, 0x01A1, 0x01C2, 0x01C2, 0x01E2, 0x01C2, 0x01C2, 0x01C2, 0x01C2, 0x01E2, 
    0x01E2, 0x01C2, 0x01E2, 0x01E2, 0x01C2, 0x01E2, 0x01C2, 0x01E2, 0x01E2, 0x01E2, 0x01E2, 0x01E2, 
    0x01E2, 0x01C2, 0x01C2, 0x01E2, 0x01C2, 0x01E2, 0x01E2, 0x0202, 0x0202, 0x01E2, 0x01E2, 0x01E2, 
    0x01E2, 0x01E2, 0x01E2, 0x01A1, 0x01E2, 0x0202, 0x0202, 0x0202, 0x0202, 0x0202, 0x0202, 0x0202, 
    0x0202, 0x0202, 0x0202, 0x01E2, 0x01C2, 0x01C2, 0x01E2, 0x01E2, 0x0202, 0x0202, 0x0202, 0x01E2, 
    0x01E2, 0x0202, 0x0202, 0x01E2, 0x01E2, 0x01C2, 0x01C1, 0x01C2, 0x01C2, 0x01C2, 0x01C2, 0x01A1, 
    0x01C2, 0x01C2, 0x01A1, 0x01C2, 0x01C2, 0x01C2, 0x01C2, 0x01C2, 0x01A1, 0x01A1, 0x01A1, 0x01A1, 
    0x01C2, 0x01C2, 0x01C2, 0x01C2, 0x01C2, 0x01C2, 0x01A2, 0x01A1, 0x01A2, 0x01A2, 0x01A1, 0x01A1, 
    0x0181, 0x01A2, 0x0181, 0x01A1, 0x01A1, 0x01A1, 0x01A1, 0x01A1, 0x0181, 0x0181, 0x0181, 0x0161, 
    0x0161, 0x0181, 0x0161, 0x0161, 0x0161, 0x0161, 0x0161, 0x0161, 0x0141, 0x0141, 0x0161, 0x0181, 
    0x0181, 0x0181, 0x0161, 0x0161, 0x0141, 0x0161, 0x0141, 0x0141, 0x0141, 0x0141, 0x0121, 0x0121, 
    0x0121, 0x0101, 0x0121, 0x0101, 0x0100, 0x0101, 0x0101, 0x0101, 0x00E1, 0x00E0, 0x2161, 0x00E1, 
    0x00E0, 0x0060, 0x5A02, 0xBBC1, 0x3100, 0x4980, 0x51A0, 0x0000, 0x0060, 0x0060, 0x0000, 0x5180, 
    0x9343, 0x39C4, 0x0080, 0x00E1, 0x00E1, 0x0101, 0x0101, 0x0101, 0x0121, 0x0121, 0x0121, 0x0121, 
    0x0121, 0x0141, 0x0141, 0x0141, 0x0161, 0x0161, 0x0141, 0x0141, 0x0141, 0x0141, 0x0161, 0x0161, 
    0x0181, 0x0161, 0x0161, 0x0161, 0x0161, 0x0161, 0x0161, 0x0161, 0x0161, 0x0161, 0x0141, 0x0141, 
    0x0141, 0x0141, 0x0141, 0x0141, 0x0141, 0x0141, 0x0141, 0x0121, 0x0121, 0x0121, 0x0121, 0x0121, 
    0x0121, 0x0101, 0x0101, 0x0101, 0x00E1, 0x00E1, 0x00E1, 0x00E1, 0x00E1, 0x00C1, 0x00C1, 0x00C1, 
    0x00C1, 0x00C1, 0x0060, 0x41C3, 0xA3A5, 0x5980, 0x0000, 0x0060, 0x0060, 0x0000, 0x7262, 0x1060, 
    0xB425, 0xA3A4, 0x0000, 0x0060, 0x0080, 0x0000, 0x93C8, 0xEE0C, 0x0840, 0x8326, 0x18A0, 0x0060, 
    0x00A0, 0x00C0, 0x00C0, 0x2141, 0x00C0, 0x00C0, 0x00C0, 0x00C0, 0x00E0, 0x00E0, 0x00E0, 0x00E0, 
    0x00E0, 0x0100, 0x0100, 0x00E0, 0x0100, 0x0100, 0x0121, 0x0121, 0x0121, 0x0121, 0x0121, 0x0121, 
    0x0121, 0x0141, 0x0141, 0x0141, 0x0141, 0x0141, 0x0121, 0x0121, 0x0121, 0x0141, 0x0161, 0x0161, 
    0x0161, 0x0161, 0x0161, 0x0181, 0x0181, 0x0181, 0x0181, 0x0161, 0x0161, 0x0181, 0x0181, 0x0181, 
    0x0181, 0x0181, 0x0161, 0x0181, 0x01A1, 0x0181, 0x0181, 0x0181, 0x0161, 0x0181, 0x0181, 0x0181, 
    0x01A2, 0x01A1, 0x01A1, 0x01A1, 0x01A1, 0x01C2, 0x01A1, 0x01A2, 0x01C2, 0x01C2, 0x01A1, 0x01A1, 
    0x01A1, 0x01C2, 0x01A2, 0x01A1, 0x01A1, 0x01A1, 0x01A2, 0x01C2, 0x01C2, 0x01C2, 0x01C2, 0x01A1, 
    0x01A2, 0x01C2, 0x01E2, 0x01E2, 0x01E2, 0x01E2, 0x01E2, 0x01E2, 0x01E2, 0x01C2, 0x01E2, 0x01E2, 
    0x01C2, 0x01E2, 0x01E2, 0x01E2, 0x01E2, 0x01C2, 0x01C2, 0x01E2, 0x01E2, 0x01E2, 0x01E2, 0x01C2, 
    0x01A1, 0x01C2, 0x01E2, 0x01E2, 0x0202, 0x01E2, 0x01E2, 0x01E2, 0x01E2, 0x0202, 0x01E1, 0x01C1, 
    0x01E2, 0x0202, 0x0202, 0x01E2, 0x01E2, 0x01E2, 0x0202, 0x0202, 0x0202, 0x01E2, 0x0202, 0x01E2, 
    0x01E2, 0x01C2, 0x0202, 0x0202, 0x0202, 0x0202, 0x0202, 0x0202, 0x0202, 0x0202, 0x0202, 0x0202, 
    0x01E2, 0x01E2, 0x01C2, 0x01C2, 0x01C2, 0x01A1, 0x01A1, 0x01A1, 0x01C2, 0x01C2, 0x01A1, 0x01A2, 
    0x01A2, 0x01A1, 0x01A1, 0x01C2, 0x01A1, 0x01C2, 0x01A1, 0x01A1, 0x01A1, 0x01A1, 0x01C2, 0x01C2, 
    0x01A1, 0x01A1, 0x01A1, 0x01A1, 0x01A1, 0x01C2, 0x01C2, 0x01A1, 0x01A1, 0x01A1, 0x0181, 0x0181, 
    0x0181, 0x0181, 0x01A2, 0x01A1, 0x01A1, 0x0181, 0x0181, 0x0181, 0x0181, 0x0161, 0x0161, 0x0161, 
    0x0161, 0x0161, 0x0161, 0x0161, 0x0161, 0x0141, 0x0161, 0x0181, 0x0181, 0x0181, 0x0181, 0x0161, 
    0x0161, 0x0141, 0x0141, 0x0141, 0x0141, 0x0121, 0x0121, 0x0121, 0x0121, 0x0121, 0x0101, 0x0101, 
    0x0101, 0x0101, 0x0101, 0x0101, 0x00E1, 0x0101, 0x2161, 0x00C1, 0x00E0, 0x0060, 0x5A02, 0xB3A1, 
    0x3100, 0x4980, 0x51A0, 0x0000, 0x0060, 0x0060, 0x0000, 0x5180, 0x9323, 0x39C4, 0x0080, 0x00E1, 
    0x00E1, 0x0101, 0x0101, 0x0101, 0x0121, 0x0121, 0x0121, 0x0121, 0x0121, 0x0141, 0x0141, 0x0141, 
    0x0141, 0x0141, 0x0141, 0x0141, 0x0141, 0x0141, 0x0141, 0x0161, 0x0161, 0x0161, 0x0161, 0x0161, 
    0x0161, 0x0161, 0x0161, 0x0161, 0x0141, 0x0141, 0x0141, 0x0141, 0x0121, 0x0121, 0x0121, 0x0121, 
    0x0141, 0x0141, 0x0121, 0x0121, 0x0121, 0x0121, 0x0121, 0x0121, 0x0121, 0x0101, 0x0101, 0x0101, 
    0x00E1, 0x00E1, 0x00E1, 0x00E1, 0x00E1, 0x00C1, 0x00C1, 0x00C1, 0x00C1, 0x00C1, 0x0060, 0x49C3, 
    0xABC5, 0x5980, 0x0000, 0x0060, 0x0060, 0x0020, 0x7282, 0x1060, 0xB425, 0xA3A4, 0x0000, 0x0060, 
    0x00A0, 0x0000, 0x93E8, 0xEE2D, 0x0840, 0x8B88, 0x18C1, 0x0060, 0x00A0, 0x00C0, 0x00C0, 0x2141, 
    0x00C1, 0x00C0, 0x00E0, 0x00C0, 0x00C0, 0x00C0, 0x00C0, 0x00E0, 0x00E0, 0x0100, 0x0100, 0x0101, 
    0x0101, 0x0100, 0x0121, 0x0121, 0x0121, 0x0121, 0x0141, 0x0141, 0x0141, 0x0141, 0x0141, 0x0141, 
    0x0141, 0x0141, 0x0141, 0x0141, 0x0141, 0x0141, 0x0141, 0x0161, 0x0161, 0x0161, 0x0161, 0x0161, 
    0x0181, 0x0181, 0x0181, 0x0181, 0x0181, 0x0161, 0x0181, 0x0161, 0x0161, 0x0181, 0x0161, 0x0181, 
    0x0181, 0x0181, 0x0181, 0x0181, 0x0181, 0x0181, 0x0161, 0x0181, 0x01A2, 0x01A1, 0x01A2, 0x01A1, 
    0x0181, 0x01A1, 0x01A1, 0x01A1, 0x01A1, 0x01A1, 0x01A1, 0x01A1, 0x0181, 0x01A1, 0x01A1, 0x01A1, 
    0x01A2, 0x01A2, 0x01C1, 0x01C1, 0x01C2, 0x01C2, 0x01C2, 0x01C2, 0x01C2, 0x01E2, 0x01E2, 0x01E2, 
    0x01E2, 0x0202, 0x01E2, 0x01E2, 0x01E2, 0x01C2, 0x01C2, 0x01C2, 0x01C2, 0x0202, 0x0202, 0x01E2, 
    0x01C2, 0x01C2, 0x01C2, 0x01E2, 0x01E2, 0x01E2, 0x01E2, 0x01C2, 0x0181, 0x01A1, 0x01E2, 0x01A2, 
    0x01C2, 0x01E2, 0x01E2, 0x01E2, 0x01E2, 0x0202, 0x0202, 0x01E2, 0x01E2, 0x0202, 0x0202, 0x01E2, 
    0x01E2, 0x01E2, 0x01E2, 0x01E2, 0x01C2, 0x01C2, 0x01E2, 0x01E2, 0x0202, 0x0202, 0x0202, 0x0202, 
    0x0202, 0x0202, 0x0202, 0x0202, 0x0202, 0x01E2, 0x01E2, 0x01E2, 0x01E2, 0x01E2, 0x01E2, 0x01E2, 
    0x01C2, 0x01A1, 0x01A1, 0x01A1, 0x01A2, 0x01C2, 0x01C2, 0x01A1, 0x01A2, 0x01A1, 0x01A1, 0x01C2, 
    0x01C2, 0x01C2, 0x01A1, 0x01A1, 0x01A1, 0x01A1, 0x01A1, 0x01A2, 0x01A1, 0x01A2, 0x01A1, 0x01A1, 
    0x01A2, 0x01A2, 0x01A1, 0x01A1, 0x01A1, 0x01A1, 0x01A1, 0x01A1, 0x0181, 0x0181, 0x01A1, 0x0181, 
    0x01A1, 0x01A1, 0x0181, 0x0181, 0x0181, 0x0181, 0x0161, 0x0161, 0x0161, 0x0161, 0x0161, 0x0161, 
    0x0161, 0x0161, 0x0161, 0x0161, 0x0161, 0x0181, 0x0181, 0x0181, 0x0161, 0x0141, 0x0141, 0x0141, 
    0x0121, 0x0121, 0x0121, 0x0121, 0x0121, 0x0121, 0x0121, 0x0101, 0x0101, 0x0101, 0x0101, 0x0101, 
    0x0101, 0x0101, 0x1941, 0x00C1, 0x00C0, 0x0040, 0x51E1, 0xB381, 0x3100, 0x4160, 0x4980, 0x0000, 
    0x0060, 0x0060, 0x0020, 0x51A0, 0x9303, 0x39C4, 0x0080, 0x00E1, 0x00E1, 0x0101, 0x0101, 0x0101, 
    0x0101, 0x0121, 0x0121, 0x0121, 0x0121, 0x0141, 0x0141, 0x0141, 0x0141, 0x0141, 0x0141, 0x0141, 
    0x0141, 0x0141, 0x0141, 0x0161, 0x0161, 0x0161, 0x0161, 0x0161, 0x0141, 0x0161, 0x0141, 0x0141, 
    0x0141, 0x0141, 0x0121, 0x0141, 0x0121, 0x0121, 0x0121, 0x0141, 0x0141, 0x0121, 0x0121, 0x0121, 
    0x0121, 0x0121, 0x0121, 0x0101, 0x0101, 0x0101, 0x0101, 0x0101, 0x00E1, 0x00E1, 0x00E1, 0x00E1, 
    0x00E1, 0x00E1, 0x00E1, 0x00C1, 0x00A1, 0x00C1, 0x0040, 0x41A3, 0xA385, 0x5980, 0x0000, 0x0060, 
    0x0060, 0x0020, 0x7282, 0x1060, 0xB425, 0xA3C5, 0x0000, 0x0060, 0x00C0, 0x0000, 0x93E8, 0xEE2D, 
    0x0840, 0x8BC8, 0x18C1, 0x0060, 0x00A0, 0x00C0, 0x00C0, 0x1941, 0x00E1, 0x00C0, 0x00C0, 0x00C0, 
    0x00C0, 0x00C0, 0x00E0, 0x00E0, 0x00E0, 0x0100, 0x0100, 0x0101, 0x0100, 0x0100, 0x0101, 0x0121, 
    0x0121, 0x0141, 0x0141, 0x0141, 0x0141, 0x0141, 0x0161, 0x0141, 0x0161, 0x0141, 0x0121, 0x0141, 
    0x0161, 0x0141, 0x0141, 0x0161, 0x0161, 0x0161, 0x0161, 0x0161, 0x0161, 0x0161, 0x0181, 0x0181, 
    0x0181, 0x0161, 0x0161, 0x0161, 0x0161, 0x0161, 0x0161, 0x0181, 0x0181, 0x0181, 0x0181, 0x0181, 
    0x0181, 0x0181, 0x0181, 0x0181, 0x0181, 0x0181, 0x01A1, 0x01A1, 0x0181, 0x0181, 0x01A1, 0x01A1, 
    0x01A1, 0x0181, 0x01A1, 0x01A1, 0x0181, 0x0181, 0x0181, 0x01A1, 0x01A1, 0x01A1, 0x01C1, 0x01A1, 
    0x01C2, 0x01C2, 0x01C2, 0x01C2, 0x01C2, 0x01E2, 0x01E2, 0x01E2, 0x01E2, 0x01E2, 0x01C2, 0x01C2, 
    0x01C2, 0x01A1, 0x01C2, 0x01E2, 0x0202, 0x0202, 0x01E2, 0x01E2, 0x01E2, 0x01E2, 0x01E2, 0x01E2, 
    0x01E2, 0x01E2, 0x01E2, 0x01E2, 0x01C2, 0x01C2, 0x01C2, 0x01A1, 0x01C2, 0x01C2, 0x01E2, 0x01E2, 
    0x01E2, 0x01E2, 0x0202, 0x01E2, 0x01E2, 0x01E2, 0x01E2, 0x01E2, 0x01E2, 0x01C2, 0x01C2, 0x01C2, 
    0x01C2, 0x01C2, 0x01C2, 0x01E2, 0x0202, 0x0222, 0x0202, 0x0202, 0x01E2, 0x01E2, 0x01C2, 0x01C2, 
    0x01C2, 0x01E2, 0x01C2, 0x01E2, 0x01E2, 0x01E2, 0x01E2, 0x01E2, 0x01C2, 0x01A1, 0x01A1, 0x01A1, 
    0x01A2, 0x01C2, 0x01C2, 0x01C2, 0x01A1, 0x01A1, 0x01A1, 0x01A2, 0x01A1, 0x01A1, 0x01A1, 0x01A1, 
    0x01A1, 0x01A1, 0x0181, 0x01A2, 0x01A2, 0x01A1, 0x01A2, 0x01C2, 0x01C2, 0x01A1, 0x0181, 0x01A1, 
    0x01A1, 0x01A1, 0x01A1, 0x01A1, 0x0181, 0x0181, 0x01A1, 0x01A1, 0x01A1, 0x0181, 0x0181, 0x01A1, 
    0x01A2, 0x0181, 0x0181, 0x0181, 0x0161, 0x0161, 0x0161, 0x0161, 0x0161, 0x0161, 0x0161, 0x0161, 
    0x0161, 0x0161, 0x0181, 0x0161, 0x0161, 0x0141, 0x0161, 0x0141, 0x0121, 0x0121, 0x0121, 0x0121, 
    0x0121, 0x0121, 0x0121, 0x0101, 0x0101, 0x0101, 0x0101, 0x0101, 0x0101, 0x0101, 0x1121, 0x00C1, 
    0x00C0, 0x0040, 0x51C1, 0xB381, 0x3921, 0x4160, 0x4980, 0x0000, 0x0060, 0x0060, 0x0020, 0x5180, 
    0x9302, 0x39A4, 0x0080, 0x0101, 0x0101, 0x0101, 0x0101, 0x0101, 0x0101, 0x0101, 0x0101, 0x0121, 
    0x0121, 0x0121, 0x0141, 0x0141, 0x0141, 0x0141, 0x0141, 0x0141, 0x0141, 0x0141, 0x0141, 0x0141, 
    0x0141, 0x0141, 0x0161, 0x0161, 0x0141, 0x0141, 0x0141, 0x0141, 0x0141, 0x0121, 0x0121, 0x0121, 
    0x0121, 0x0121, 0x0121, 0x0121, 0x0121, 0x0121, 0x0121, 0x0121, 0x0121, 0x0121, 0x0121, 0x0101, 
    0x0101, 0x0101, 0x00E1, 0x00E1, 0x00E1, 0x00E1, 0x00E1, 0x00E1, 0x00C1, 0x00E1, 0x00C1, 0x00C1, 
    0x00C1, 0x00C1, 0x0040, 0x3962, 0x9345, 0x5160, 0x0000, 0x0060, 0x0060, 0x0020, 0x6A62, 0x0840, 
    0xB446, 0xAC05, 0x0000, 0x0060, 0x00C0, 0x0000, 0x8BA7, 0xEE4D, 0x0840, 0x8BA8, 0x18C1, 0x0080, 
    0x00C0, 0x00C0, 0x00C0, 0x1941, 0x00E1, 0x00C0, 0x00C0, 0x00E0, 0x00E0, 0x00E0, 0x00E0, 0x00E0, 
    0x00E1, 0x0101, 0x0101, 0x00E0, 0x0100, 0x0100, 0x0101, 0x0121, 0x0141, 0x0141, 0x0141, 0x0141, 
    0x0161, 0x0141, 0x0141, 0x0141, 0x0141, 0x0141, 0x0141, 0x0141, 0x0161, 0x0161, 0x0141, 0x0161, 
    0x0141, 0x0141, 0x0141, 0x0141, 0x0141, 0x0161, 0x0161, 0x0161, 0x0181, 0x0181, 0x0181, 0x0181, 
    0x0181, 0x0181, 0x0181, 0x01A1, 0x01A1, 0x0181, 0x01A1, 0x0181, 0x0181, 0x0181, 0x01A1, 0x0181, 
    0x0181, 0x0181, 0x01A1, 0x01A2, 0x0181, 0x0181, 0x01A1, 0x01A1, 0x0181, 0x0181, 0x01A1, 0x01A1, 
    0x0181, 0x0181, 0x0181, 0x01A1, 0x01A1, 0x01A1, 0x01C2, 0x01C2, 0x01C2, 0x01A2, 0x01A2, 0x01C2, 
    0x01C2, 0x01C2, 0x01C2, 0x01E2, 0x01E2, 0x01E2, 0x01C2, 0x01C2, 0x01C1, 0x01C1, 0x01E2, 0x0202, 
    0x0202, 0x01E2, 0x01C1, 0x01E2, 0x0202, 0x0202, 0x0202, 0x01E2, 0x01C2, 0x01E2, 0x01E2, 0x0202, 
    0x0202, 0x01E2, 0x01C2, 0x01E2, 0x01E2, 0x01E2, 0x01E2, 0x01C2, 0x01C2, 0x01E2, 0x01E2, 0x01E2, 
    0x01E2, 0x01E2, 0x01E2, 0x0202, 0x0202, 0x01E2, 0x01C2, 0x01C2, 0x01C2, 0x01A2, 0x01C2, 0x01E2, 
    0x01E2, 0x01E2, 0x0202, 0x0202, 0x01E2, 0x01C2, 0x01C2, 0x01E2, 0x01C1, 0x01E2, 0x01C2, 0x01E2, 
    0x01E2, 0x01C2, 0x01C2, 0x01C2, 0x01C1, 0x01A1, 0x01A1, 0x01A1, 0x01A2, 0x01A1, 0x01C2, 0x01C2, 
    0x01C2, 0x01C2, 0x01A2, 0x01A1, 0x0181, 0x01A1, 0x01A1, 0x01A1, 0x01A1, 0x01A1, 0x01A1, 0x01A1, 
    0x01A2, 0x01A1, 0x01A1, 0x01A1, 0x0181, 0x0181, 0x0181, 0x0181, 0x0181, 0x01A1, 0x01A1, 0x01A1, 
    0x0181, 0x01A1, 0x01A1, 0x01A1, 0x01A1, 0x0181, 0x0181, 0x0181, 0x01A1, 0x0181, 0x0181, 0x0161, 
    0x0161, 0x0181, 0x0161, 0x0181, 0x0181, 0x0161, 0x0161, 0x0161, 0x0161, 0x0161, 0x0161, 0x0161, 
    0x0161, 0x0141, 0x0141, 0x0121, 0x0121, 0x0141, 0x0141, 0x0121, 0x0121, 0x0121, 0x0121, 0x0101, 
    0x0101, 0x0101, 0x0101, 0x0101, 0x0101, 0x00E1, 0x1121, 0x00C1, 0x00C0, 0x0040, 0x51E2, 0xB381, 
    0x3121, 0x49A0, 0x51C0, 0x0000, 0x0080, 0x0060, 0x0020, 0x5180, 0x8281, 0x6AA5, 0x08A1, 0x0060, 
    0x0101, 0x0101, 0x0101, 0x0101, 0x0101, 0x0101, 0x0101, 0x0101, 0x0121, 0x0121, 0x0121, 0x0141, 
    0x0141, 0x0141, 0x0121, 0x0121, 0x0141, 0x0141, 0x0141, 0x0141, 0x0141, 0x0141, 0x0141, 0x0141, 
    0x0141, 0x0141, 0x0141, 0x0121, 0x0121, 0x0121, 0x0121, 0x0121, 0x0121, 0x0121, 0x0121, 0x0121, 
    0x0121, 0x0121, 0x0121, 0x0121, 0x0121, 0x0121, 0x0101, 0x0101, 0x0101, 0x00E1, 0x00E1, 0x00E1, 
    0x00E1, 0x00E1, 0x00E1, 0x00E1, 0x00C1, 0x00C1, 0x00C1, 0x00C1, 0x00C1, 0x0080, 0x0060, 0x6A43, 
    0x7A83, 0x5160, 0x0000, 0x0060, 0x0060, 0x0000, 0x7282, 0x1060, 0xB426, 0xA3E5, 0x0000, 0x0060, 
    0x00C0, 0x0000, 0x93C7, 0xEE2D, 0x0840, 0x8367, 0x18A1, 0x0080, 0x00C0, 0x00C0, 0x00C0, 0x1141, 
    0x00E1, 0x00C0, 0x00C0, 0x00E0, 0x00E0, 0x00E0, 0x00E0, 0x00E0, 0x00E0, 0x0101, 0x00E0, 0x0101, 
    0x0100, 0x0100, 0x0101, 0x0121, 0x0121, 0x0141, 0x0141, 0x0121, 0x0141, 0x0141, 0x0141, 0x0141, 
    0x0161, 0x0161, 0x0161, 0x0161, 0x0161, 0x0161, 0x0161, 0x0161, 0x0141, 0x0141, 0x0141, 0x0141, 
    0x0141, 0x0141, 0x0141, 0x0141, 0x0161, 0x0181, 0x01A2, 0x0181, 0x0181, 0x0181, 0x01A1, 0x01A1, 
    0x0181, 0x0181, 0x0181, 0x0181, 0x0181, 0x0181, 0x01A1, 0x0181, 0x0181, 0x0181, 0x01A1, 0x01A2, 
    0x0181, 0x0181, 0x01A1, 0x01A1, 0x01A1, 0x01A2, 0x01A1, 0x01A1, 0x0181, 0x0181, 0x01A1, 0x01C2, 
    0x01A1, 0x01A1, 0x01C2, 0x01C2, 0x01A1, 0x01A1, 0x01A2, 0x01A1, 0x01C2, 0x01C2, 0x01E2, 0x01E2, 
    0x01E2, 0x01E2, 0x01E2, 0x01E2, 0x01C1, 0x01E2, 0x01E2, 0x01E2, 0x01E2, 0x01E2, 0x01E2, 0x01E2, 
    0x0202, 0x0202, 0x0202, 0x0202, 0x01E2, 0x01E2, 0x0202, 0x0202, 0x0202, 0x0202, 0x0202, 0x01E2, 
    0x01E2, 0x01E2, 0x01C2, 0x01C2, 0x01C2, 0x01E2, 0x0202, 0x0202, 0x0202, 0x0202, 0x0202, 0x0202, 
    0x0202, 0x01E2, 0x01C2, 0x01E2, 0x01C2, 0x01C2, 0x01E2, 0x01C2, 0x01C2, 0x01A2, 0x01E2, 0x01E2, 
    0x01E2, 0x01C2, 0x01C2, 0x01C2, 0x01C1, 0x01C2, 0x01C2, 0x01E2, 0x01E2, 0x01C2, 0x01C1, 0x01C1, 
    0x01C1, 0x01C2, 0x01A1, 0x01A1, 0x01A1, 0x01A1, 0x01C2, 0x01C2, 0x01C2, 0x01C2, 0x01C2, 0x01A1, 
    0x01A1, 0x01A1, 0x01A1, 0x01A1, 0x01A1, 0x01A2, 0x01A1, 0x01A1, 0x01A1, 0x01A1, 0x01A1, 0x01A1, 
    0x01A1, 0x0181, 0x0181, 0x0181, 0x0181, 0x01A1, 0x01A2, 0x01A1, 0x0181, 0x0181, 0x0181, 0x0181, 
    0x0181, 0x0181, 0x0181, 0x0181, 0x0181, 0x0181, 0x0161, 0x0181, 0x0161, 0x0181, 0x0181, 0x0181, 
    0x0161, 0x0141, 0x0161, 0x0161, 0x0141, 0x0141, 0x0141, 0x0141, 0x0161, 0x0141, 0x0141, 0x0141, 
    0x0141, 0x0141, 0x0141, 0x0121, 0x0121, 0x0121, 0x0121, 0x0121, 0x0101, 0x0101, 0x0100, 0x0101, 
    0x0101, 0x0101, 0x0921, 0x00C0, 0x00C0, 0x0040, 0x51C1, 0xB381, 0x3120, 0x49A0, 0x51A0, 0x0000, 
    0x0080, 0x0080, 0x0020, 0x51A0, 0x6A00, 0x5203, 0x93A6, 0x5224, 0x00C1, 0x0121, 0x0101, 0x0101, 
    0x00E1, 0x00E1, 0x00E1, 0x0101, 0x0101, 0x0121, 0x0121, 0x0121, 0x0121, 0x0121, 0x0121, 0x0141, 
    0x0121, 0x0141, 0x0121, 0x0121, 0x0141, 0x0141, 0x0141, 0x0141, 0x0141, 0x0121, 0x0121, 0x0121, 
    0x0121, 0x0121, 0x0121, 0x0101, 0x0101, 0x0121, 0x0101, 0x0101, 0x0121, 0x0121, 0x0121, 0x0121, 
    0x0101, 0x0101, 0x0101, 0x0101, 0x00E1, 0x00E1, 0x00E1, 0x00E1, 0x00C1, 0x00C1, 0x00C1, 0x00C1, 
    0x00C1, 0x00C1, 0x00C1, 0x00C1, 0x0080, 0x3142, 0x9BA6, 0x5A63, 0x6202, 0x5160, 0x0000, 0x0060, 
    0x0060, 0x0000, 0x6A62, 0x1060, 0xAC05, 0x9B84, 0x0000, 0x0060, 0x00C0, 0x0000, 0x93A7, 0xEE0D, 
    0x0840, 0x8346, 0x18A1, 0x0060, 0x00A0, 0x00C0, 0x00C0, 0x0941, 0x00E1, 0x00C0, 0x00C0, 0x00C0, 
    0x00C0, 0x00C0, 0x00E0, 0x00C0, 0x00E0, 0x00E0, 0x00E0, 0x0101, 0x0100, 0x0101, 0x0100, 0x0100, 
    0x0121, 0x0141, 0x0141, 0x0121, 0x0141, 0x0141, 0x0141, 0x0141, 0x0161, 0x0161, 0x0161, 0x0161, 
    0x0141, 0x0141, 0x0161, 0x0141, 0x0141, 0x0141, 0x0141, 0x0141, 0x0141, 0x0141, 0x0141, 0x0141, 
    0x0161, 0x0161, 0x0181, 0x0181, 0x01A1, 0x01A2, 0x01A2, 0x01A2, 0x01A1, 0x0181, 0x0181, 0x0181, 
    0x0181, 0x0181, 0x01A1, 0x0181, 0x0181, 0x0181, 0x0181, 0x0181, 0x01A1, 0x0181, 0x0181, 0x01A1, 
    0x01A1, 0x01A1, 0x0181, 0x0181, 0x01A1, 0x01A1, 0x01A1, 0x01A1, 0x01A1, 0x01C2, 0x01C2, 0x01C2, 
    0x01A2, 0x01A2, 0x01A2, 0x0181, 0x01A1, 0x01E2, 0x01E2, 0x01E2, 0x01E2, 0x01E2, 0x01E2, 0x01C1, 
    0x01C2, 0x01E2, 0x01E2, 0x01E2, 0x01E2, 0x0202, 0x01E2, 0x01E2, 0x0202, 0x0202, 0x0202, 0x0202, 
    0x0202, 0x0202, 0x01E2, 0x0202, 0x0202, 0x0202, 0x0202, 0x01E2, 0x01E2, 0x01E2, 0x01E2, 0x01C2, 
    0x01E2, 0x01E2, 0x0202, 0x01E2, 0x01E2, 0x01E2, 0x01E2, 0x0202, 0x01E2, 0x01E2, 0x01C2, 0x01C2, 
    0x01E2, 0x01C2, 0x01C2, 0x01E2, 0x01A2, 0x0181, 0x01A2, 0x01C2, 0x01E2, 0x01E2, 0x01C2, 0x01C1, 
    0x01C1, 0x01C2, 0x01C2, 0x01C2, 0x01C2, 0x01C2, 0x01C2, 0x01A1, 0x01A1, 0x01A1, 0x01A1, 0x01A1, 
    0x01A2, 0x01A1, 0x01C2, 0x01C1, 0x01C2, 0x01E2, 0x01C2, 0x01C2, 0x01C1, 0x01A1, 0x01A1, 0x01A1, 
    0x01A1, 0x01A1, 0x01A1, 0x01A1, 0x01A1, 0x0181, 0x01A1, 0x01A2, 0x01A1, 0x01A1, 0x01A1, 0x01A1, 
    0x0181, 0x01A1, 0x0181, 0x01A1, 0x0181, 0x01A2, 0x0181, 0x0161, 0x0181, 0x0161, 0x0181, 0x0181, 
    0x0161, 0x0181, 0x0161, 0x0181, 0x0181, 0x0181, 0x0181, 0x0181, 0x0181, 0x0161, 0x0161, 0x0161, 
    0x0161, 0x0161, 0x0141, 0x0141, 0x0141, 0x0141, 0x0141, 0x0141, 0x0141, 0x0141, 0x0141, 0x0121, 
    0x0121, 0x0121, 0x0121, 0x0101, 0x0121, 0x0101, 0x0101, 0x0101, 0x00E1, 0x00E1, 0x0901, 0x00C1, 
    0x00C0, 0x0040, 0x51C1, 0xB381, 0x3120, 0x4980, 0x4980, 0x0000, 0x0080, 0x0080, 0x0020, 0x5180, 
    0x8261, 0x0060, 0x4363, 0xBCA6, 0x08C1, 0x00E1, 0x0121, 0x0101, 0x0101, 0x0101, 0x0101, 0x0101, 
    0x0121, 0x0121, 0x0121, 0x0121, 0x0141, 0x0141, 0x0141, 0x0141, 0x0141, 0x0141, 0x0141, 0x0141, 
    0x0141, 0x0141, 0x0141, 0x0141, 0x0141, 0x0141, 0x0121, 0x0121, 0x0141, 0x0141, 0x0141, 0x0121, 
    0x0121, 0x0121, 0x0121, 0x0121, 0x0121, 0x0121, 0x0121, 0x0121, 0x0101, 0x0101, 0x0101, 0x0101, 
    0x0101, 0x0101, 0x00E1, 0x00E1, 0x00E1, 0x00E1, 0x00E1, 0x00E1, 0x00E1, 0x00E1, 0x00E1, 0x00A0, 
    0x0020, 0x8B25, 0x7BE4, 0x0140, 0x82E4, 0x59A0, 0x0000, 0x0060, 0x0060, 0x0000, 0x6200, 0x1040, 
    0xABE4, 0x9343, 0x0000, 0x0040, 0x00C1, 0x0000, 0x8B87, 0xEDEB, 0x0840, 0x8325, 0x18A1, 0x0060, 
    0x00A0, 0x00C0, 0x00C0, 0x0901, 0x00C0, 0x00C0, 0x00C0, 0x00C0, 0x00C0, 0x00C0, 0x00E0, 0x00E0, 
    0x00E0, 0x00E1, 0x00E1, 0x00E0, 0x00E0, 0x00E0, 0x00E0, 0x00E0, 0x0101, 0x0121, 0x0141, 0x0141, 
    0x0141, 0x0121, 0x0141, 0x0141, 0x0161, 0x0161, 0x0141, 0x0161, 0x0141, 0x0141, 0x0161, 0x0161, 
    0x0141, 0x0141, 0x0141, 0x0141, 0x0161, 0x0161, 0x0161, 0x0161, 0x0161, 0x0161, 0x0161, 0x0181, 
    0x01A1, 0x0181, 0x0181, 0x0181, 0x01A1, 0x0181, 0x0181, 0x0181, 0x0181, 0x0181, 0x0181, 0x01A1, 
    0x0181, 0x01A1, 0x0181, 0x0181, 0x01A1, 0x0181, 0x0181, 0x0181, 0x0181, 0x0181, 0x0181, 0x0181, 
    0x0181, 0x0181, 0x01A1, 0x01A1, 0x01A1, 0x01A1, 0x01A1, 0x01A1, 0x01A1, 0x01A2, 0x01A2, 0x01A1, 
    0x01C2, 0x01C2, 0x01C1, 0x01E2, 0x01E2, 0x01E2, 0x01E2, 0x01C2, 0x01C1, 0x01C2, 0x01E2, 0x01E2, 
    0x01E2, 0x01E2, 0x01E2, 0x01E2, 0x01E2, 0x01E2, 0x0202, 0x01E2, 0x01E2, 0x01E2, 0x01E2, 0x01E2, 
    0x01E2, 0x01E2, 0x01E2, 0x0202, 0x0202, 0x01C2, 0x01C2, 0x01C2, 0x01E2, 0x01E2, 0x01E2, 0x01E2, 
    0x01E2, 0x0202, 0x01E2, 0x0202, 0x01E2, 0x01C2, 0x01C2, 0x01E2, 0x01E2, 0x01C2, 0x01C2, 0x01E2, 
    0x01C2, 0x0181, 0x01C2, 0x01E2, 0x01E2, 0x01E2, 0x01C2, 0x01C1, 0x01C1, 0x01C2, 0x01C2, 0x01C2, 
    0x01C2, 0x01C2, 0x01C2, 0x01C2, 0x01C2, 0x01A1, 0x01A1, 0x01A1, 0x01A1, 0x01A2, 0x01C2, 0x01C2, 
    0x01E2, 0x01E2, 0x01C2, 0x01A2, 0x01C2, 0x01A1, 0x01A1, 0x0181, 0x0181, 0x0181, 0x01A1, 0x01A2, 
    0x01A2, 0x01A1, 0x01A2, 0x01A1, 0x01A1, 0x01A1, 0x01A1, 0x0181, 0x0181, 0x01A1, 0x0181, 0x0181, 
    0x0181, 0x01A2, 0x0181, 0x0161, 0x0181, 0x0161, 0x0161, 0x0161, 0x0161, 0x0161, 0x0181, 0x0181, 
    0x0181, 0x0181, 0x0181, 0x0161, 0x0161, 0x0161, 0x0161, 0x0141, 0x0141, 0x0141, 0x0141, 0x0141, 
    0x0121, 0x0141, 0x0141, 0x0141, 0x0141, 0x0141, 0x0141, 0x0141, 0x0121, 0x0121, 0x0121, 0x0101, 
    0x0121, 0x0101, 0x0101, 0x0101, 0x00E1, 0x00E0, 0x0901, 0x00C1, 0x00C0, 0x0040, 0x51C1, 0xAB60, 
    0x3100, 0x4960, 0x4960, 0x0000, 0x0080, 0x0080, 0x0060, 0x20A0, 0xAB22, 0x5262, 0x0161, 0x8363, 
    0x6AA4, 0x10C1, 0x0080, 0x0060, 0x0080, 0x0080, 0x0080, 0x0080, 0x0080, 0x0080, 0x00A0, 0x00A0, 
    0x00A0, 0x0080, 0x0080, 0x0080, 0x0080, 0x0080, 0x00A0, 0x00C0, 0x00A0, 0x00A0, 0x00A0, 0x00A0, 
    0x00A0, 0x00A0, 0x0080, 0x0080, 0x0080, 0x0080, 0x0080, 0x00A0, 0x00A0, 0x00A0, 0x00A0, 0x0080, 
    0x0080, 0x0080, 0x0080, 0x0080, 0x0080, 0x0060, 0x0060, 0x0080, 0x0080, 0x0080, 0x0080, 0x0060, 
    0x0060, 0x0060, 0x0060, 0x0080, 0x0060, 0x0060, 0x0060, 0x0880, 0x5223, 0x8324, 0x1141, 0x5283, 
    0xAB83, 0x28E0, 0x0040, 0x0080, 0x0060, 0x0020, 0x59E0, 0x0840, 0xA3A4, 0x9323, 0x0000, 0x0040, 
    0x00E1, 0x0000, 0x8B86, 0xEDAB, 0x0840, 0x8B66, 0x18A1, 0x0060, 0x00A0, 0x00C0, 0x00C0, 0x00E1, 
    0x00C0, 0x00C0, 0x00C0, 0x00E0, 0x00E0, 0x00E0, 0x00E0, 0x00E0, 0x00E0, 0x00E0, 0x00E0, 0x00E0, 
    0x00E0, 0x00E0, 0x00E0, 0x00E0, 0x00E0, 0x0100, 0x0101, 0x0121, 0x0121, 0x0121, 0x0141, 0x0141, 
    0x0161, 0x0161, 0x0161, 0x0161, 0x0141, 0x0141, 0x0161, 0x0161, 0x0161, 0x0161, 0x0161, 0x0161, 
    0x0161, 0x0161, 0x0161, 0x0161, 0x0161, 0x0161, 0x0181, 0x0181, 0x01A1, 0x0181, 0x0181, 0x0181, 
    0x0181, 0x0181, 0x0181, 0x0181, 0x0181, 0x0181, 0x01A1, 0x01A1, 0x01A1, 0x01A1, 0x01A1, 0x0181, 
    0x01A1, 0x01A1, 0x01A1, 0x01A2, 0x0181, 0x0161, 0x0161, 0x0181, 0x0161, 0x0181, 0x0181, 0x01A1, 
    0x01A2, 0x01A1, 0x01A1, 0x01A1, 0x01C2, 0x01C2, 0x01C2, 0x01A1, 0x01A1, 0x01C2, 0x01C2, 0x01C2, 
    0x01C2, 0x01E2, 0x01E2, 0x0202, 0x0202, 0x0202, 0x0202, 0x01E2, 0x01C2, 0x01E2, 0x01E2, 0x01E2, 
    0x01C2, 0x01C1, 0x01C2, 0x01C2, 0x01E2, 0x01E2, 0x01E2, 0x0202, 0x01E2, 0x01C2, 0x01C2, 0x01E2, 
    0x01E2, 0x01E2, 0x01C2, 0x01C2, 0x01E2, 0x01E2, 0x01E2, 0x01E2, 0x0202, 0x01E2, 0x0202, 0x0202, 
    0x01E2, 0x01E2, 0x01E2, 0x01C2, 0x01C2, 0x01C2, 0x01C2, 0x01E2, 0x01E2, 0x01C2, 0x01E2, 0x01E2, 
    0x01E2, 0x01E2, 0x01C2, 0x01C2, 0x01C2, 0x01A2, 0x01A1, 0x01A2, 0x01A1, 0x01C2, 0x01C1, 0x01C2, 
    0x01A1, 0x01A1, 0x01A1, 0x01A1, 0x01A1, 0x01A1, 0x01A1, 0x01C2, 0x01E2, 0x01C2, 0x01C2, 0x01C2, 
    0x01C2, 0x01A1, 0x01A1, 0x0181, 0x0181, 0x0181, 0x01A2, 0x01A1, 0x01A1, 0x01A1, 0x01A1, 0x01C2, 
    0x01A2, 0x01A2, 0x01A1, 0x0181, 0x0181, 0x0181, 0x0181, 0x0181, 0x0181, 0x0181, 0x0181, 0x0161, 
    0x0161, 0x0181, 0x0181, 0x0161, 0x0161, 0x0161, 0x0161, 0x0181, 0x0181, 0x0161, 0x0161, 0x0161, 
    0x0161, 0x0161, 0x0161, 0x0141, 0x0141, 0x0121, 0x0121, 0x0121, 0x0121, 0x0141, 0x0141, 0x0141, 
    0x0141, 0x0141, 0x0141, 0x0141, 0x0141, 0x0121, 0x0121, 0x0121, 0x0121, 0x0100, 0x0101, 0x0101, 
    0x0101, 0x00E1, 0x0101, 0x00E1, 0x00E0, 0x0040, 0x51C1, 0xAB60, 0x28E0, 0x4160, 0x4960, 0x0000, 
    0x0080, 0x00A0, 0x00C0, 0x0040, 0x20A0, 0xBC04, 0x8325, 0x5A42, 0x8324, 0x9B85, 0x6A63, 0x6284, 
    0x62A4, 0x6284, 0x6284, 0x6284, 0x6AA4, 0x62C4, 0x62C4, 0x6AE4, 0x6AE5, 0x6AE5, 0x6AE5, 0x7346, 
    0x7346, 0x7325, 0x7366, 0x7366, 0x7346, 0x6B05, 0x6B05, 0x6B05, 0x6AE4, 0x6B25, 0x7366, 0x7387, 
    0x7387, 0x7366, 0x7366, 0x7346, 0x6B25, 0x6AE5, 0x6AE5, 0x7325, 0x7346, 0x7325, 0x6B05, 0x7305, 
    0x7305, 0x6AE5, 0x6AE5, 0x6AE5, 0x6AE5, 0x6AA4, 0x6284, 0x6284, 0x6263, 0x6263, 0x6243, 0x5A43, 
    0x5A23, 0x5A03, 0x6A63, 0x9B64, 0x9324, 0x6242, 0x6AA4, 0xB3A3, 0x28C0, 0x0000, 0x0080, 0x0060, 
    0x0060, 0x0020, 0x59C0, 0x0840, 0xA383, 0x9323, 0x0000, 0x0040, 0x00E1, 0x0000, 0x8B66, 0xEDAA, 
    0x0840, 0x8BA8, 0x18A1, 0x0060, 0x00A0, 0x00A0, 0x00C0, 0x00E0, 0x00C0, 0x00C0, 0x00C0, 0x00E0, 
    0x00E0, 0x00E0, 0x00E0, 0x00E0, 0x00E0, 0x00E0, 0x00E0, 0x00E0, 0x00E0, 0x00E0, 0x00E0, 0x00E0, 
    0x00E0, 0x0101, 0x0101, 0x0121, 0x0121, 0x0121, 0x0121, 0x0121, 0x0141, 0x0161, 0x0161, 0x0141, 
    0x0141, 0x0141, 0x0141, 0x0161, 0x0161, 0x0161, 0x0161, 0x0161, 0x0161, 0x0161, 0x0161, 0x0161, 
    0x0161, 0x0161, 0x0161, 0x0181, 0x01A1, 0x01A1, 0x01A1, 0x0181, 0x0181, 0x0181, 0x0181, 0x0181, 
    0x0181, 0x0181, 0x0181, 0x01A1, 0x01A2, 0x01A2, 0x01C2, 0x01A2, 0x0181, 0x01A1, 0x01A1, 0x0181, 
    0x0181, 0x0181, 0x0161, 0x0161, 0x0161, 0x0181, 0x0181, 0x01A1, 0x01A1, 0x0181, 0x0181, 0x01A1, 
    0x01A1, 0x01C2, 0x01C2, 0x01A1, 0x01A1, 0x01C2, 0x01A1, 0x01A1, 0x01C2, 0x01E2, 0x01E2, 0x0202, 
    0x0202, 0x01E2, 0x0202, 0x0202, 0x01E2, 0x01E2, 0x01E2, 0x01E2, 0x01C2, 0x01A1, 0x01A1, 0x01C2, 
    0x01C2, 0x01E2, 0x01E2, 0x01E2, 0x01E2, 0x01C2, 0x01A1, 0x01A2, 0x01C2, 0x01E2, 0x01E2, 0x01E2, 
    0x01E2, 0x01C2, 0x01E2, 0x01E2, 0x01E2, 0x01E2, 0x01E2, 0x01E2, 0x01E2, 0x01C2, 0x01C2, 0x01C2, 
    0x01A1, 0x01A1, 0x01C2, 0x01E2, 0x0202, 0x01E2, 0x01C2, 0x01C2, 0x01C2, 0x01C2, 0x01E2, 0x01E2, 
    0x01C2, 0x01C1, 0x01A1, 0x01A1, 0x01A2, 0x01C2, 0x01A1, 0x01A1, 0x01C2, 0x01A1, 0x01A2, 0x01C2, 
    0x01C1, 0x01A1, 0x01A1, 0x01A1, 0x01A1, 0x01C2, 0x01C2, 0x01C2, 0x01A1, 0x01A1, 0x01A1, 0x0181, 
    0x01A1, 0x0181, 0x0181, 0x0181, 0x0181, 0x01A1, 0x01C2, 0x01C2, 0x01A1, 0x01A1, 0x01A1, 0x0181, 
    0x0181, 0x0181, 0x0181, 0x0181, 0x0181, 0x0181, 0x0161, 0x0161, 0x0161, 0x0161, 0x0161, 0x0161, 
    0x0161, 0x0161, 0x0161, 0x0181, 0x0161, 0x0161, 0x0161, 0x0181, 0x0161, 0x0161, 0x0161, 0x0141, 
    0x0141, 0x0141, 0x0141, 0x0141, 0x0121, 0x0141, 0x0141, 0x0141, 0x0141, 0x0141, 0x0141, 0x0141, 
    0x0121, 0x0141, 0x0121, 0x0121, 0x0121, 0x0121, 0x0101, 0x0100, 0x00E0, 0x00E0, 0x0101, 0x00E1, 
    0x00E0, 0x0040, 0x51C1, 0xA340, 0x28E0, 0x4160, 0x4960, 0x0000, 0x00A0, 0x00C1, 0x00E1, 0x00E0, 
    0x0060, 0x3941, 0x92E2, 0x8AA1, 0x7A41, 0x7A61, 0x9322, 0x9B42, 0x9B42, 0x9302, 0x8AC1, 0x92E1, 
    0x9302, 0x9B43, 0xA363, 0xA384, 0xABA4, 0xABA4, 0xB405, 0xBC87, 0xC4A7, 0xC4C7, 0xC4A7, 0xBC67, 
    0xBC66, 0xBC45, 0xB425, 0xB426, 0xB425, 0xBC66, 0xC4C8, 0xC4E9, 0xC4E9, 0xBCA8, 0xBC67, 0xB425, 
    0xABE4, 0xABC4, 0xABE4, 0xBC45, 0xBC46, 0xB426, 0xB3E5, 0xABE4, 0xABC4, 0xABA4, 0xA383, 0xA363, 
    0x9B43, 0x9B22, 0x9B22, 0x9B43, 0x9B43, 0x9322, 0x8AE1, 0x8AA1, 0x8281, 0x8261, 0x8261, 0x7220, 
    0x7A41, 0x8AC1, 0x92C1, 0x3900, 0x0000, 0x0060, 0x0080, 0x0060, 0x0060, 0x0020, 0x59E0, 0x0840, 
    0xA3C4, 0x9343, 0x0000, 0x0060, 0x00E1, 0x0000, 0x8B66, 0xE58A, 0x0840, 0x8BA8, 0x18A1, 0x0060, 
    0x00A0, 0x00A0, 0x00A0, 0x00C0, 0x00C0, 0x00C0, 0x00E0, 0x00E0, 0x00E1, 0x00E0, 0x00E0, 0x00E0, 
    0x00E0, 0x00E0, 0x00E0, 0x0101, 0x00E0, 0x00E0, 0x00E0, 0x00E0, 0x00E0, 0x0100, 0x0121, 0x0121, 
    0x0121, 0x0141, 0x0121, 0x0121, 0x0121, 0x0141, 0x0161, 0x0141, 0x0141, 0x0141, 0x0141, 0x0141, 
    0x0141, 0x0161, 0x0181, 0x0181, 0x0181, 0x0161, 0x0161, 0x0161, 0x0161, 0x0181, 0x0161, 0x0161, 
    0x0181, 0x01A1, 0x01A1, 0x0161, 0x0181, 0x0181, 0x0181, 0x0181, 0x01A1, 0x01A1, 0x0181, 0x0181, 
    0x0181, 0x0181, 0x0181, 0x01A1, 0x0181, 0x0181, 0x0181, 0x0181, 0x0181, 0x0181, 0x0161, 0x0161, 
    0x0161, 0x0181, 0x0181, 0x01A1, 0x01A1, 0x01A1, 0x01A1, 0x0181, 0x01A1, 0x01C2, 0x01C2, 0x01A1, 
    0x01A2, 0x01C2, 0x01A1, 0x01A1, 0x01C2, 0x01E2, 0x01E2, 0x01E2, 0x01E2, 0x01E2, 0x01E2, 0x0202, 
    0x0202, 0x01E2, 0x01E2, 0x01E2, 0x01C2, 0x01C2, 0x01C2, 0x01A1, 0x01C1, 0x01E2, 0x01E2, 0x01E2, 
    0x01E2, 0x01E2, 0x01A1, 0x01A1, 0x01C2, 0x01E2, 0x01E2, 0x01E2, 0x01E2, 0x01C2, 0x01C2, 0x01E2, 
    0x01E2, 0x01C2, 0x01C2, 0x01C2, 0x01C2, 0x01C2, 0x01C1, 0x01C1, 0x01A1, 0x01A1, 0x01C2, 0x01E2, 
    0x01E2, 0x01E2, 0x01E2, 0x01C2, 0x01E2, 0x01E2, 0x01E2, 0x01C2, 0x01C2, 0x01C2, 0x01C2, 0x01C2, 
    0x01A2, 0x01A1, 0x01C2, 0x01C2, 0x01C2, 0x01C2, 0x01A2, 0x01C2, 0x01C1, 0x01C1, 0x01A1, 0x01A1, 
    0x01A1, 0x01C2, 0x01C1, 0x01A1, 0x01A1, 0x0181, 0x0181, 0x0181, 0x01A1, 0x0181, 0x0181, 0x0181, 
    0x0181, 0x01A1, 0x01C2, 0x01C2, 0x01C2, 0x01A2, 0x0181, 0x0181, 0x0181, 0x0181, 0x0181, 0x0181, 
    0x0181, 0x0161, 0x0161, 0x0161, 0x0161, 0x0161, 0x0161, 0x0161, 0x0161, 0x0161, 0x0161, 0x0181, 
    0x0181, 0x0161, 0x0181, 0x0181, 0x0161, 0x0161, 0x0141, 0x0141, 0x0141, 0x0141, 0x0141, 0x0141, 
    0x0121, 0x0121, 0x0121, 0x0121, 0x0121, 0x0141, 0x0141, 0x0141, 0x0121, 0x0121, 0x0101, 0x0121, 
    0x0121, 0x0121, 0x0101, 0x0101, 0x0101, 0x00E0, 0x00E0, 0x00E0, 0x00E0, 0x0040, 0x51C1, 0xA340, 
    0x28E0, 0x4960, 0x4980, 0x0020, 0x00A0, 0x00A0, 0x00C1, 0x00E1, 0x00E1, 0x0080, 0x0020, 0x0020, 
    0x0020, 0x0040, 0x0080, 0x0080, 0x0040, 0x0020, 0x0020, 0x0020, 0x0020, 0x0040, 0x0040, 0x0020, 
    0x0020, 0x0020, 0x0020, 0x0020, 0x0020, 0x0020, 0x0020, 0x0020, 0x0020, 0x0040, 0x0040, 0x0040, 
    0x0060, 0x0040, 0x0020, 0x0020, 0x0020, 0x0020, 0x0020, 0x0000, 0x0020, 0x0020, 0x0040, 0x0040, 
    0x0020, 0x0000, 0x0000, 0x0000, 0x0020, 0x0000, 0x0000, 0x0000, 0x0000, 0x0000, 0x0020, 0x0060, 
    0x0060, 0x0060, 0x0040, 0x0040, 0x0040, 0x0020, 0x0020, 0x0020, 0x0020, 0x0020, 0x0020, 0x0040, 
    0x0060, 0x0080, 0x0080, 0x0080, 0x0080, 0x0000, 0x6A82, 0x1060, 0xABE5, 0x9343, 0x0000, 0x0060, 
    0x00C0, 0x0000, 0x8345, 0xE549, 0x0840, 0x8387, 0x18A1, 0x0060, 0x0080, 0x00A0, 0x00A0, 0x00C0, 
    0x00C0, 0x00C0, 0x00C0, 0x00E0, 0x00E0, 0x00E0, 0x00E0, 0x00E0, 0x00E0, 0x00C0, 0x00E0, 0x0101, 
    0x0101, 0x00E0, 0x00E0, 0x00E0, 0x00E0, 0x0101, 0x0101, 0x0121, 0x0121, 0x0141, 0x0141, 0x0141, 
    0x0141, 0x0141, 0x0141, 0x0141, 0x0141, 0x0141, 0x0141, 0x0161, 0x0141, 0x0161, 0x0161, 0x0181, 
    0x0181, 0x0181, 0x0181, 0x0181, 0x0181, 0x0181, 0x0181, 0x0181, 0x0181, 0x0181, 0x0181, 0x0161, 
    0x0181, 0x0181, 0x0181, 0x0181, 0x01A1, 0x01A1, 0x0181, 0x0181, 0x0181, 0x0161, 0x0181, 0x0181, 
    0x0181, 0x01A2, 0x0181, 0x0181, 0x0181, 0x0181, 0x0181, 0x0181, 0x0181, 0x0181, 0x01A2, 0x01A1, 
    0x01A1, 0x01C2, 0x01C2, 0x01A2, 0x01C2, 0x01C2, 0x01E2, 0x01C2, 0x01C2, 0x01C2, 0x01A1, 0x01A2, 
    0x01C2, 0x01C2, 0x01E2, 0x01E2, 0x01E2, 0x01E2, 0x01E2, 0x0202, 0x01E2, 0x01E2, 0x01E2, 0x01C2, 
    0x01C2, 0x01C2, 0x01E2, 0x01E2, 0x01C2, 0x01C2, 0x01C2, 0x01E2, 0x01E2, 0x01E2, 0x01C2, 0x01C2, 
    0x01E2, 0x01E2, 0x01E2, 0x01E2, 0x01C2, 0x01E2, 0x01E2, 0x01E2, 0x01C2, 0x01C2, 0x01C2, 0x01C2, 
    0x01C2, 0x01C2, 0x01C2, 0x01C2, 0x01A1, 0x01A1, 0x01A1, 0x01C1, 0x01E2, 0x01C2, 0x01C2, 0x01E2, 
    0x01E2, 0x01E2, 0x01E2, 0x01C2, 0x01A1, 0x01E2, 0x01E2, 0x01C2, 0x01A2, 0x01A2, 0x01C2, 0x01E2, 
    0x01E2, 0x01E2, 0x01C2, 0x01C2, 0x01A1, 0x01A1, 0x01C1, 0x01C2, 0x01C2, 0x01C2, 0x01A1, 0x01A2, 
    0x01A2, 0x0181, 0x0181, 0x0161, 0x0181, 0x0161, 0x0181, 0x0181, 0x01C2, 0x01A1, 0x01A1, 0x01C2, 
    0x01A2, 0x01A1, 0x0181, 0x0161, 0x0161, 0x0181, 0x0181, 0x0181, 0x0181, 0x0181, 0x0161, 0x0161, 
    0x0161, 0x0161, 0x0181, 0x0161, 0x0161, 0x0161, 0x0181, 0x0181, 0x0181, 0x0181, 0x0181, 0x0161, 
    0x0161, 0x0161, 0x0141, 0x0141, 0x0141, 0x0121, 0x0121, 0x0121, 0x0121, 0x0121, 0x0121, 0x0121, 
    0x0121, 0x0141, 0x0121, 0x0141, 0x0141, 0x0121, 0x0121, 0x0100, 0x0100, 0x0101, 0x0101, 0x0101, 
    0x0101, 0x0101, 0x0101, 0x00E1, 0x00E0, 0x0040, 0x4981, 0x9B20, 0x28E0, 0x4180, 0x49A0, 0x0020, 
    0x00A0, 0x00A0, 0x00C1, 0x00C1, 0x00E1, 0x00E1, 0x00C0, 0x00C0, 0x00A0, 0x00A0, 0x00C0, 0x00C0, 
    0x00A0, 0x00A0, 0x00A0, 0x00A0, 0x00A0, 0x00C0, 0x00C1, 0x00A1, 0x00A1, 0x00A0, 0x00A0, 0x00A0, 
    0x00A1, 0x00A0, 0x00A0, 0x00A0, 0x00A0, 0x00A0, 0x00C1, 0x00C1, 0x00C1, 0x00E1, 0x00C1, 0x00A1, 
    0x00A1, 0x00A1, 0x00A1, 0x00A1, 0x00C0, 0x00C0, 0x00C0, 0x00C0, 0x00A0, 0x00A0, 0x00A0, 0x0080, 
    0x0080, 0x0080, 0x0080, 0x0080, 0x0080, 0x0080, 0x00A0, 0x00C1, 0x00A1, 0x00C1, 0x00C0, 0x00A0, 
    0x00A0, 0x0080, 0x0080, 0x0080, 0x0080, 0x0080, 0x0080, 0x0080, 0x0080, 0x0080, 0x0080, 0x0080, 
    0x0080, 0x0020, 0x72C4, 0x1080, 0xABE4, 0x9343, 0x0000, 0x0060, 0x00C0, 0x0000, 0x8B45, 0xE549, 
    0x0840, 0x8367, 0x18A1, 0x0060, 0x0080, 0x00A0, 0x00A0, 0x00A0, 0x00C0, 0x00C0, 0x00E0, 0x00E0, 
    0x00E0, 0x00E0, 0x00E1, 0x00E0, 0x00C0, 0x00C0, 0x00E0, 0x0101, 0x0101, 0x00E1, 0x00E0, 0x00E0, 
    0x00E0, 0x00E0, 0x0100, 0x0101, 0x0121, 0x0141, 0x0141, 0x0121, 0x0141, 0x0141, 0x0141, 0x0141, 
    0x0141, 0x0141, 0x0161, 0x0161, 0x0161, 0x0161, 0x0161, 0x0161, 0x0181, 0x0181, 0x0181, 0x0181, 
    0x01A1, 0x01A1, 0x01A1, 0x0181, 0x0181, 0x01A2, 0x0181, 0x0181, 0x0181, 0x0181, 0x0181, 0x01A1, 
    0x01A1, 0x01A2, 0x01A1, 0x0181, 0x0161, 0x0161, 0x0181, 0x0181, 0x0181, 0x0181, 0x0181, 0x0181, 
    0x0181, 0x0181, 0x0181, 0x01A1, 0x01A2, 0x01A2, 0x01A1, 0x01A2, 0x01A1, 0x01C2, 0x01C2, 0x01C2, 
    0x01C2, 0x01E2, 0x01C2, 0x01E2, 0x01C2, 0x01C2, 0x01A2, 0x01A1, 0x01C2, 0x01C2, 0x01C2, 0x01C2, 
    0x01E2, 0x01E2, 0x01E2, 0x01E2, 0x01E2, 0x01E2, 0x01C2, 0x01E2, 0x01E2, 0x01E2, 0x01E2, 0x01E2, 
    0x01C2, 0x01C2, 0x01C2, 0x01E2, 0x01E2, 0x01C2, 0x01C2, 0x01C2, 0x01C2, 0x01C2, 0x01E2, 0x01E2, 
    0x01C2, 0x01C2, 0x01C2, 0x01E2, 0x01C2, 0x01C2, 0x01A1, 0x01C2, 0x01C2, 0x01C2, 0x01C2, 0x01C2, 
    0x01C2, 0x01A1, 0x01A1, 0x01A1, 0x01C2, 0x01C2, 0x01E2, 0x01E2, 0x01E2, 0x01C2, 0x01C2, 0x01E2, 
    0x01C2, 0x01E2, 0x01E2, 0x01E2, 0x01C2, 0x01C2, 0x01E2, 0x01E2, 0x01E2, 0x0202, 0x01E2, 0x01C2, 
    0x01C2, 0x01A1, 0x01A1, 0x01C2, 0x01C2, 0x01C2, 0x01C2, 0x01A1, 0x01A1, 0x01A1, 0x0161, 0x0161, 
    0x0161, 0x0161, 0x01A1, 0x01A2, 0x01A1, 0x01C2, 0x01A1, 0x01A1, 0x01A2, 0x0181, 0x0181, 0x0161, 
    0x0161, 0x0181, 0x0181, 0x0181, 0x0181, 0x0161, 0x0161, 0x0161, 0x0161, 0x0161, 0x0181, 0x0161, 
    0x0161, 0x0161, 0x0161, 0x0181, 0x0181, 0x0181, 0x0181, 0x0161, 0x0141, 0x0161, 0x0141, 0x0141, 
    0x0141, 0x0141, 0x0141, 0x0121, 0x0121, 0x0121, 0x0121, 0x0121, 0x0121, 0x0121, 0x0121, 0x0121, 
    0x0121, 0x0121, 0x0121, 0x0101, 0x0101, 0x0101, 0x0101, 0x0101, 0x0101, 0x00E0, 0x00E0, 0x00E1, 
    0x00E0, 0x0040, 0x4981, 0x9B20, 0x28E0, 0x49A1, 0x49C1, 0x0000, 0x00A0, 0x00C0, 0x00C1, 0x00C1, 
    0x00E1, 0x00E1, 0x00E1, 0x00C0, 0x00C1, 0x00C1, 0x00E1, 0x00E1, 0x00E1, 0x00E1, 0x00C1, 0x00C1, 
    0x00C1, 0x00C1, 0x00C1, 0x00C1, 0x00C1, 0x00C1, 0x00C1, 0x00C1, 0x00E1, 0x00C1, 0x00A0, 0x00A0, 
    0x00C0, 0x00C0, 0x00C0, 0x00E1, 0x00E1, 0x00E0, 0x00C1, 0x00A1, 0x00C1, 0x00C1, 0x00C1, 0x00C1, 
    0x00E1, 0x00E1, 0x00E1, 0x00E0, 0x00C0, 0x00C0, 0x00E0, 0x00A0, 0x00A1, 0x00A0, 0x00A0, 0x00A0, 
    0x0080, 0x0080, 0x0080, 0x00C1, 0x00C1, 0x00C1, 0x00C1, 0x00C0, 0x00C0, 0x00A0, 0x00A0, 0x00A0, 
    0x00A0, 0x00A0, 0x00A0, 0x00A0, 0x00A0, 0x00A0, 0x0080, 0x0080, 0x0080, 0x0020, 0x72C4, 0x1060, 
    0xABE5, 0x9363, 0x0000, 0x0060, 0x00C0, 0x0000, 0x8B45, 0xE569, 0x0840, 0x8346, 0x18A1, 0x0040, 
    0x0080, 0x00A0, 0x00A0, 0x00A0, 0x00C0, 0x00C0, 0x00C0, 0x00E0, 0x00E0, 0x00E0, 0x00E0, 0x00E0, 
    0x00E0, 0x00E0, 0x00E0, 0x00E0, 0x00E0, 0x00E0, 0x00E0, 0x00C0, 0x00E0, 0x00E0, 0x0100, 0x0101, 
    0x0121, 0x0121, 0x0121, 0x0121, 0x0121, 0x0141, 0x0141, 0x0141, 0x0141, 0x0141, 0x0141, 0x0161, 
    0x0161, 0x0161, 0x0181, 0x0161, 0x0161, 0x0181, 0x0181, 0x0181, 0x0181, 0x01A2, 0x0181, 0x0181, 
    0x0181, 0x0181, 0x0181, 0x01A1, 0x01A1, 0x01A1, 0x0181, 0x0181, 0x0181, 0x01A1, 0x0181, 0x0181, 
    0x0161, 0x0181, 0x0181, 0x0181, 0x0181, 0x0181, 0x0181, 0x0181, 0x0181, 0x01A2, 0x01A1, 0x01A1, 
    0x01A1, 0x01A2, 0x01A1, 0x01C2, 0x01A1, 0x01C2, 0x01C1, 0x01C2, 0x01C2, 0x01C2, 0x01C2, 0x01C2, 
    0x01A2, 0x01A1, 0x01A1, 0x01A1, 0x01A1, 0x01A1, 0x0181, 0x01A1, 0x01C2, 0x01A1, 0x01C2, 0x01E2, 
    0x01E2, 0x01C2, 0x01C2, 0x01E2, 0x01E2, 0x01E2, 0x01E2, 0x01C2, 0x01C2, 0x01C1, 0x01A1, 0x01A1, 
    0x01C2, 0x01C2, 0x01C2, 0x01A1, 0x01C2, 0x01E2, 0x01E2, 0x01E2, 0x01E2, 0x0202, 0x01E2, 0x01E2, 
    0x01C2, 0x01C2, 0x01C1, 0x01A1, 0x01C2, 0x01A1, 0x01A1, 0x01C2, 0x01C1, 0x01A1, 0x01A1, 0x01C2, 
    0x01C2, 0x01C2, 0x01E2, 0x01E2, 0x01C2, 0x01C2, 0x01C2, 0x01E2, 0x01C2, 0x01E2, 0x01E2, 0x01E2, 
    0x01C2, 0x01E2, 0x01E2, 0x01C2, 0x01C2, 0x01E2, 0x01E2, 0x01C2, 0x01A1, 0x01A1, 0x01A1, 0x01C2, 
    0x01A1, 0x01A1, 0x01A1, 0x01A1, 0x0181, 0x0181, 0x0161, 0x0161, 0x0161, 0x0161, 0x01A2, 0x01A1, 
    0x0181, 0x01A1, 0x01A1, 0x01A2, 0x01A2, 0x0181, 0x0161, 0x0161, 0x0161, 0x0181, 0x0181, 0x0181, 
    0x0181, 0x0181, 0x0181, 0x0181, 0x0181, 0x0161, 0x0161, 0x0161, 0x0161, 0x0141, 0x0161, 0x0161, 
    0x0161, 0x0161, 0x0161, 0x0161, 0x0161, 0x0161, 0x0141, 0x0141, 0x0121, 0x0121, 0x0121, 0x0121, 
    0x0121, 0x0121, 0x0121, 0x0121, 0x0121, 0x0121, 0x0121, 0x0121, 0x0101, 0x0101, 0x0101, 0x0101, 
    0x0101, 0x0101, 0x0101, 0x0101, 0x0101, 0x00E1, 0x00E0, 0x00E1, 0x00E0, 0x0040, 0x49A1, 0xA341, 
    0x3100, 0x49C1, 0x51E1, 0x0000, 0x00C0, 0x00C1, 0x00C1, 0x00C1, 0x00C1, 0x00C1, 0x00C1, 0x00C1, 
    0x00C1, 0x00E1, 0x00E1, 0x00E1, 0x0101, 0x0101, 0x0101, 0x0101, 0x00C1, 0x00C1, 0x00C1, 0x00C1, 
    0x00E1, 0x00E1, 0x00E1, 0x00C1, 0x00C1, 0x00E1, 0x00E1, 0x00E1, 0x00E1, 0x00E1, 0x00E1, 0x00E1, 
    0x00E1, 0x00E1, 0x00E0, 0x00C1, 0x00C1, 0x00C1, 0x00E1, 0x00E1, 0x00E1, 0x00E1, 0x00E1, 0x00E1, 
    0x00E1, 0x00C1, 0x00C1, 0x00A1, 0x00C1, 0x00C0, 0x00C0, 0x00A0, 0x00A1, 0x00A0, 0x00A0, 0x00C1, 
    0x00C1, 0x00C1, 0x00C0, 0x00C0, 0x00C0, 0x00C0, 0x00A0, 0x00A0, 0x00C0, 0x00A1, 0x00C0, 0x00A0, 
    0x0080, 0x0080, 0x0080, 0x0080, 0x0080, 0x0000, 0x7AE5, 0x1081, 0xABE5, 0x9343, 0x0000, 0x0060, 
    0x00C0, 0x0000, 0x8B45, 0xE569, 0x0840, 0x8325, 0x1080, 0x0040, 0x0080, 0x0080, 0x00A0, 0x00A0, 
    0x00C0, 0x00C0, 0x00C0, 0x00E0, 0x00E0, 0x00E0, 0x00E0, 0x00E0, 0x00E0, 0x00E0, 0x0101, 0x0101, 
    0x00E0, 0x00E0, 0x00E0, 0x00E0, 0x00E0, 0x0101, 0x0101, 0x0100, 0x0121, 0x0121, 0x0121, 0x0121, 
    0x0121, 0x0121, 0x0141, 0x0141, 0x0141, 0x0141, 0x0141, 0x0141, 0x0161, 0x0161, 0x0161, 0x0161, 
    0x0161, 0x0161, 0x0181, 0x0181, 0x0181, 0x0181, 0x01A1, 0x0181, 0x0181, 0x01A1, 0x01A1, 0x0181, 
    0x01A1, 0x01A1, 0x01A1, 0x01A1, 0x01A1, 0x0181, 0x0181, 0x0181, 0x0161, 0x0181, 0x0181, 0x0181, 
    0x0181, 0x0181, 0x0181, 0x0181, 0x0181, 0x01A1, 0x01A1, 0x01A1, 0x01A1, 0x01A1, 0x01A1, 0x01C2, 
    0x01C2, 0x01C2, 0x01C2, 0x01C2, 0x01C2, 0x01C2, 0x01A1, 0x01A1, 0x01A1, 0x01A1, 0x01A1, 0x01A1, 
    0x0181, 0x0181, 0x0181, 0x0181, 0x01A1, 0x01A1, 0x01A1, 0x01C2, 0x01E2, 0x01E2, 0x01E2, 0x01E2, 
    0x01E2, 0x01E2, 0x01C2, 0x01C1, 0x01C2, 0x01A1, 0x01C1, 0x01C1, 0x01C2, 0x01C2, 0x01C2, 0x01C2, 
    0x01C2, 0x01E2, 0x01E2, 0x0202, 0x0202, 0x0202, 0x01C2, 0x01C2, 0x01C2, 0x01A2, 0x01A1, 0x01A1, 
    0x01C2, 0x01A1, 0x01C2, 0x01E2, 0x01E2, 0x01C2, 0x01A1, 0x01C2, 0x01E2, 0x01E2, 0x01C2, 0x01C2, 
    0x01C2, 0x01C1, 0x01C2, 0x01C2, 0x01E2, 0x01E2, 0x01E2, 0x01E2, 0x01C2, 0x01E2, 0x01E2, 0x01C2, 
    0x01E2, 0x01E2, 0x01E2, 0x01E2, 0x01C2, 0x01A1, 0x01A1, 0x01A1, 0x01A1, 0x0181, 0x0181, 0x01A2, 
    0x0181, 0x0181, 0x0181, 0x0181, 0x0181, 0x0181, 0x01A1, 0x0181, 0x0181, 0x0181, 0x0181, 0x0181, 
    0x0181, 0x0181, 0x0181, 0x0161, 0x0161, 0x0181, 0x0181, 0x0161, 0x0181, 0x0181, 0x0161, 0x0161, 
    0x0161, 0x0161, 0x0161, 0x0161, 0x0161, 0x0141, 0x0161, 0x0161, 0x0161, 0x0161, 0x0141, 0x0161, 
    0x0161, 0x0141, 0x0141, 0x0141, 0x0141, 0x0141, 0x0141, 0x0121, 0x0121, 0x0121, 0x0121, 0x0121, 
    0x0121, 0x0121, 0x0121, 0x0101, 0x0101, 0x0100, 0x0100, 0x0101, 0x0101, 0x0101, 0x0101, 0x0101, 
    0x0101, 0x00E0, 0x00E0, 0x00C0, 0x00C0, 0x0040, 0x51A1, 0xA320, 0x30E0, 0x49C1, 0x51E1, 0x0000, 
    0x00A0, 0x00C0, 0x00E1, 0x00C1, 0x00C1, 0x00C1, 0x00C1, 0x00C1, 0x00E1, 0x0101, 0x0101, 0x00E1, 
    0x00E1, 0x00E1, 0x0101, 0x00E1, 0x00E1, 0x00C1, 0x00C1, 0x00C1, 0x00E1, 0x0101, 0x0101, 0x00E1, 
    0x00C1, 0x00E1, 0x00E1, 0x00E1, 0x00E1, 0x00E1, 0x00E1, 0x00E1, 0x00E1, 0x00E1, 0x00C1, 0x00C1, 
    0x00C1, 0x00E1, 0x00E1, 0x0101, 0x00E1, 0x00E1, 0x00E1, 0x00E1, 0x00E1, 0x00C1, 0x00C1, 0x00C1, 
    0x00E1, 0x00E1, 0x00C0, 0x00C1, 0x00A1, 0x00A1, 0x00C0, 0x00E0, 0x00E1, 0x00C0, 0x00A0, 0x00A0, 
    0x00C1, 0x00C1, 0x00C1, 0x00A1, 0x00A1, 0x00A1, 0x00C1, 0x00A1, 0x0080, 0x0080, 0x0060, 0x0060, 
    0x0060, 0x0000, 0x72E4, 0x1080, 0xABE5, 0x9343, 0x0000, 0x0060, 0x00C1, 0x0000, 0x8B45, 0xE569, 
    0x0840, 0x8325, 0x1080, 0x0040, 0x0080, 0x0080, 0x00A0, 0x00A0, 0x00C0, 0x00C0, 0x00C0, 0x00C0, 
    0x00E0, 0x00E0, 0x00E0, 0x00E0, 0x00E1, 0x0101, 0x0101, 0x0101, 0x00E0, 0x00E0, 0x00E0, 0x00C0, 
    0x00E0, 0x0100, 0x0100, 0x0101, 0x0121, 0x0121, 0x0121, 0x0141, 0x0141, 0x0121, 0x0121, 0x0141, 
    0x0141, 0x0141, 0x0141, 0x0141, 0x0161, 0x0161, 0x0161, 0x0161, 0x0141, 0x0161, 0x0161, 0x0181, 
    0x0181, 0x0181, 0x0181, 0x0181, 0x0181, 0x0181, 0x0181, 0x0181, 0x01A1, 0x01A1, 0x0181, 0x0181, 
    0x01A1, 0x01A1, 0x0181, 0x0181, 0x0161, 0x0161, 0x0181, 0x0181, 0x0181, 0x0181, 0x0181, 0x0181, 
    0x01A2, 0x01A1, 0x01A1, 0x01A1, 0x01A1, 0x01A1, 0x0181, 0x01A1, 0x01A1, 0x01C2, 0x01C2, 0x01C2, 
    0x01A1, 0x01A1, 0x01A1, 0x01A1, 0x01A1, 0x01A1, 0x01A1, 0x01A1, 0x01A1, 0x0181, 0x0181, 0x0181, 
    0x01A1, 0x0181, 0x0181, 0x01C2, 0x01E2, 0x01E2, 0x01E2, 0x01E2, 0x01C2, 0x01A1, 0x01C2, 0x01A1, 
    0x01C2, 0x01C1, 0x01C2, 0x01A1, 0x01A1, 0x01C2, 0x01E2, 0x01E2, 0x01E2, 0x01E2, 0x01E2, 0x0202, 
    0x0202, 0x01E2, 0x01A1, 0x01A2, 0x01A1, 0x01A1, 0x01A1, 0x01C2, 0x01C1, 0x01A1, 0x01C2, 0x01E2, 
    0x01E2, 0x01C2, 0x01C2, 0x01C2, 0x01E2, 0x01E2, 0x01C2, 0x01E2, 0x01C2, 0x01A1, 0x01A1, 0x01A1, 
    0x01E2, 0x01E2, 0x01C2, 0x01C2, 0x01C2, 0x01C2, 0x01E2, 0x01C1, 0x01C2, 0x01E2, 0x01E2, 0x01C2, 
    0x01C2, 0x01C2, 0x01A1, 0x01A1, 0x01A1, 0x0181, 0x01A1, 0x0181, 0x0181, 0x01A1, 0x0181, 0x0181, 
    0x0181, 0x0181, 0x01A1, 0x01A1, 0x01A1, 0x0181, 0x0161, 0x0181, 0x0181, 0x0181, 0x0181, 0x0181, 
    0x0181, 0x0181, 0x0181, 0x0161, 0x0161, 0x0161, 0x0161, 0x0161, 0x0161, 0x0161, 0x0161, 0x0161, 
    0x0161, 0x0161, 0x0161, 0x0141, 0x0141, 0x0141, 0x0141, 0x0141, 0x0141, 0x0141, 0x0141, 0x0141, 
    0x0141, 0x0141, 0x0141, 0x0121, 0x0121, 0x0121, 0x0141, 0x0121, 0x0141, 0x0121, 0x0101, 0x0101, 
    0x0101, 0x0101, 0x0101, 0x0101, 0x0100, 0x00E0, 0x00E0, 0x0101, 0x0100, 0x00E0, 0x00E0, 0x00E0, 
    0x00C0, 0x0040, 0x51C1, 0xA340, 0x28E0, 0x4160, 0x4980, 0x0020, 0x00A0, 0x00A1, 0x00C1, 0x00C1, 
    0x00E1, 0x00E1, 0x00E1, 0x0101, 0x00E1, 0x0101, 0x0101, 0x00E1, 0x00C1, 0x00E1, 0x00E1, 0x0101, 
    0x0101, 0x00E1, 0x00C1, 0x00C1, 0x00C1, 0x0101, 0x0101, 0x0101, 0x00E1, 0x00E1, 0x00E1, 0x0101, 
    0x00E1, 0x00E1, 0x0101, 0x00E1, 0x00E1, 0x00E1, 0x00C1, 0x00E1, 0x00E1, 0x00E1, 0x0101, 0x0101, 
    0x0101, 0x00E1, 0x00E1, 0x00E1, 0x00C1, 0x00C1, 0x00C1, 0x00E1, 0x00E1, 0x00E1, 0x00C1, 0x00C1, 
    0x00C1, 0x00C1, 0x00E1, 0x00C1, 0x00C0, 0x00A0, 0x00A0, 0x00A0, 0x00C1, 0x00C0, 0x00C0, 0x00C0, 
    0x00A0, 0x00A1, 0x00A1, 0x00A0, 0x00A0, 0x0080, 0x0060, 0x0060, 0x0060, 0x0000, 0x72C4, 0x1060, 
    0xABE4, 0x9343, 0x0000, 0x0060, 0x00C1, 0x0000, 0x8B45, 0xE569, 0x0840, 0x8346, 0x1080, 0x0040, 
    0x0060, 0x0080, 0x0080, 0x00A0, 0x00A0, 0x00A0, 0x00C0, 0x00C0, 0x00C0, 0x00E0, 0x00E0, 0x00E0, 
    0x00E0, 0x00E1, 0x0101, 0x0101, 0x00E1, 0x00E0, 0x00E0, 0x00E0, 0x00E0, 0x0101, 0x0101, 0x0121, 
    0x0121, 0x0121, 0x0121, 0x0141, 0x0141, 0x0121, 0x0121, 0x0121, 0x0121, 0x0121, 0x0121, 0x0141, 
    0x0141, 0x0141, 0x0161, 0x0161, 0x0161, 0x0161, 0x0161, 0x0161, 0x0161, 0x0161, 0x0161, 0x0161, 
    0x0161, 0x0161, 0x0181, 0x0181, 0x0181, 0x0181, 0x01A2, 0x0181, 0x01A1, 0x01A1, 0x01A2, 0x01A1, 
    0x0181, 0x0181, 0x0181, 0x0181, 0x0181, 0x0181, 0x0181, 0x0181, 0x01C2, 0x01A1, 0x01A1, 0x01A2, 
    0x01A1, 0x01A1, 0x0181, 0x0181, 0x0181, 0x01A1, 0x01A1, 0x01C2, 0x01C2, 0x01C1, 0x01C2, 0x01A1, 
    0x01A1, 0x01A1, 0x01A1, 0x01A1, 0x01A1, 0x0181, 0x0181, 0x01A2, 0x01A1, 0x0181, 0x0181, 0x01A1, 
    0x01C2, 0x01E2, 0x01E2, 0x01E2, 0x01C2, 0x01A1, 0x01C2, 0x01A2, 0x01C2, 0x01C2, 0x01C2, 0x01A1, 
    0x01C2, 0x01C2, 0x01C2, 0x01E2, 0x01E2, 0x01E2, 0x01E2, 0x01E2, 0x01E2, 0x01C2, 0x01A1, 0x01A1, 
    0x01A1, 0x01A1, 0x01A2, 0x01C2, 0x01C2, 0x01C2, 0x01C2, 0x01E2, 0x01C2, 0x01C2, 0x01C2, 0x01C2, 
    0x01E2, 0x01E2, 0x01E2, 0x01C2, 0x01C2, 0x01A1, 0x01A2, 0x01A1, 0x01A1, 0x01C2, 0x01C2, 0x01C2, 
    0x01C2, 0x01C2, 0x01C2, 0x01A1, 0x01A1, 0x01C1, 0x01C2, 0x01A2, 0x01A1, 0x01A2, 0x01A2, 0x01A1, 
    0x01A1, 0x01A1, 0x01A1, 0x0181, 0x0181, 0x0181, 0x0181, 0x0181, 0x0181, 0x0181, 0x01A1, 0x01A1, 
    0x01A1, 0x01A2, 0x0161, 0x0181, 0x0161, 0x0161, 0x0161, 0x0181, 0x0181, 0x0161, 0x0161, 0x0161, 
    0x0161, 0x0161, 0x0161, 0x0161, 0x0161, 0x0141, 0x0141, 0x0161, 0x0141, 0x0161, 0x0141, 0x0141, 
    0x0161, 0x0141, 0x0141, 0x0141, 0x0141, 0x0141, 0x0141, 0x0141, 0x0141, 0x0121, 0x0121, 0x0121, 
    0x0121, 0x0121, 0x0121, 0x0141, 0x0141, 0x0121, 0x0101, 0x0101, 0x0100, 0x0100, 0x0100, 0x00E0, 
    0x00E0, 0x00E0, 0x00E0, 0x00E0, 0x00E1, 0x00E0, 0x00E0, 0x00E0, 0x00C0, 0x0040, 0x51E1, 0xA320, 
    0x28E0, 0x4140, 0x4140, 0x0020, 0x00A0, 0x00C1, 0x00C1, 0x0101, 0x0101, 0x0101, 0x00E1, 0x0101, 
    0x0101, 0x0101, 0x0101, 0x00C1, 0x00C1, 0x00C1, 0x00C1, 0x00C1, 0x00E1, 0x0101, 0x00E1, 0x00C1, 
    0x00C1, 0x0101, 0x0101, 0x0101, 0x00E1, 0x00E1, 0x00E1, 0x00E1, 0x0101, 0x00E1, 0x00E1, 0x00E1, 
    0x00E1, 0x00E1, 0x00C1, 0x00E1, 0x00A0, 0x00E1, 0x00E1, 0x0101, 0x00E1, 0x00E1, 0x00E1, 0x00C1, 
    0x00C1, 0x00C1, 0x00C1, 0x00C1, 0x00E1, 0x00C1, 0x00C1, 0x00C1, 0x00C1, 0x00E1, 0x00C1, 0x00A0, 
    0x00A0, 0x00A0, 0x00A0, 0x00A0, 0x00C0, 0x00A0, 0x00C0, 0x00C0, 0x00C0, 0x00C0, 0x00C0, 0x00A0, 
    0x00A0, 0x00A0, 0x0080, 0x0060, 0x0060, 0x0000, 0x72C4, 0x1060, 0xABE5, 0x9B64, 0x0000, 0x0060, 
    0x00C1, 0x0000, 0x8B65, 0xE569, 0x0840, 0x8366, 0x18A0, 0x0040, 0x0080, 0x0080, 0x0080, 0x00A0, 
    0x00A0, 0x00A0, 0x00A0, 0x00C0, 0x00C0, 0x00E0, 0x00E0, 0x00E0, 0x00E1, 0x00E0, 0x00E1, 0x0101, 
    0x00E0, 0x00E0, 0x00E0, 0x0101, 0x0100, 0x0100, 0x0100, 0x0121, 0x0121, 0x0121, 0x0121, 0x0121, 
    0x0141, 0x0121, 0x0121, 0x0121, 0x0121, 0x0121, 0x0121, 0x0101, 0x0121, 0x0141, 0x0141, 0x0141, 
    0x0141, 0x0141, 0x0161, 0x0161, 0x0161, 0x0161, 0x0161, 0x0161, 0x0161, 0x0161, 0x0161, 0x0181, 
    0x0181, 0x0181, 0x01A1, 0x01A2, 0x01A2, 0x01A1, 0x01A1, 0x01A1, 0x0181, 0x0181, 0x0181, 0x0181, 
    0x0161, 0x0161, 0x0181, 0x01A2, 0x01C2, 0x01C2, 0x01A1, 0x01A1, 0x01A1, 0x01A1, 0x0181, 0x0161, 
    0x0161, 0x0181, 0x01A1, 0x01C2, 0x01C2, 0x01C1, 0x01C2, 0x01A1, 0x01A1, 0x01A1, 0x01A1, 0x01A1, 
    0x01A1, 0x0181, 0x0181, 0x01A2, 0x01A2, 0x01A1, 0x0181, 0x01A1, 0x01A1, 0x01C2, 0x01C2, 0x01C2, 
    0x01A1, 0x0181, 0x01A2, 0x01A2, 0x01C2, 0x01C2, 0x01A1, 0x01A1, 0x01C2, 0x01C2, 0x01C2, 0x01C2, 
    0x01C2, 0x01E2, 0x01C2, 0x01C2, 0x01C2, 0x01C2, 0x01A2, 0x01A1, 0x01A2, 0x01A1, 0x01C2, 0x01C2, 
    0x01C2, 0x01A1, 0x01A2, 0x01C2, 0x01C2, 0x01C2, 0x01C2, 0x01C2, 0x01E2, 0x01E2, 0x01C2, 0x01C2, 
    0x01C2, 0x01A1, 0x01A2, 0x01C2, 0x01C2, 0x01C2, 0x01E2, 0x01E2, 0x01C2, 0x01C2, 0x01A1, 0x01A1, 
    0x01A1, 0x01A2, 0x01A2, 0x01A2, 0x01A1, 0x01A1, 0x0181, 0x01A2, 0x01A1, 0x0181, 0x0181, 0x0161, 
    0x0181, 0x0181, 0x0181, 0x01A1, 0x0181, 0x0181, 0x01A1, 0x01A1, 0x01C2, 0x01A1, 0x0161, 0x0161, 
    0x0161, 0x0161, 0x0161, 0x0161, 0x0161, 0x0161, 0x0161, 0x0161, 0x0161, 0x0161, 0x0161, 0x0161, 
    0x0161, 0x0141, 0x0141, 0x0141, 0x0141, 0x0141, 0x0141, 0x0141, 0x0141, 0x0141, 0x0141, 0x0141, 
    0x0121, 0x0121, 0x0141, 0x0141, 0x0141, 0x0121, 0x0121, 0x0121, 0x0121, 0x0121, 0x0121, 0x0121, 
    0x0121, 0x0121, 0x0121, 0x0101, 0x0100, 0x0101, 0x0100, 0x0100, 0x00E0, 0x00E0, 0x00E0, 0x00E0, 
    0x00E0, 0x00E0, 0x00E0, 0x00C0, 0x00C0, 0x0040, 0x51C1, 0xA320, 0x28E0, 0x4140, 0x4140, 0x0020, 
    0x00A0, 0x00C1, 0x00E1, 0x0101, 0x0101, 0x0101, 0x00E1, 0x00E1, 0x00E1, 0x00E1, 0x00C1, 0x00C1, 
    0x00C1, 0x00C1, 0x00C1, 0x00C1, 0x00C1, 0x00C1, 0x00E1, 0x0101, 0x0101, 0x0101, 0x00E1, 0x00E1, 
    0x00E1, 0x00E1, 0x00E1, 0x00E1, 0x00E1, 0x00E1, 0x00E1, 0x00C1, 0x00C1, 0x00C1, 0x00E1, 0x00C1, 
    0x2982, 0x00C1, 0x00E1, 0x00E1, 0x00E1, 0x00E1, 0x00C1, 0x00C1, 0x00C1, 0x00C1, 0x00C1, 0x00C1, 
    0x00E1, 0x00C1, 0x00C1, 0x00C1, 0x00C1, 0x00C0, 0x00A0, 0x00A0, 0x00A0, 0x0080, 0x0080, 0x00A0, 
    0x00A0, 0x0080, 0x00A0, 0x00A0, 0x00A0, 0x00C0, 0x00C0, 0x00C0, 0x00A0, 0x00A0, 0x0080, 0x0060, 
    0x0060, 0x0000, 0x72C4, 0x1060, 0xAC05, 0x9B84, 0x0000, 0x0060, 0x00E1, 0x0000, 0x8B65, 0xDD49, 
    0x0860, 0x8366, 0x10A0, 0x0040, 0x0080, 0x0080, 0x0080, 0x00A0, 0x00A0, 0x00C0, 0x00C0, 0x00C0, 
    0x00C0, 0x00C0, 0x00C0, 0x00C0, 0x00E0, 0x00E0, 0x0100, 0x0101, 0x0100, 0x00E0, 0x0101, 0x00E0, 
    0x0101, 0x0101, 0x0101, 0x0121, 0x0121, 0x0121, 0x0121, 0x0121, 0x0121, 0x0121, 0x0121, 0x0141, 
    0x0121, 0x0100, 0x0100, 0x0100, 0x0121, 0x0121, 0x0141, 0x0141, 0x0141, 0x0141, 0x0141, 0x0161, 
    0x0161, 0x0161, 0x0161, 0x0161, 0x0141, 0x0141, 0x0161, 0x0161, 0x0161, 0x0181, 0x0181, 0x0181, 
    0x01A1, 0x0181, 0x0181, 0x0181, 0x0181, 0x0181, 0x0181, 0x0161, 0x0161, 0x0161, 0x0181, 0x01A1, 
    0x01C2, 0x01A1, 0x01A1, 0x01A1, 0x01A1, 0x01A1, 0x01A1, 0x0181, 0x0181, 0x0181, 0x01A2, 0x01C2, 
    0x01C2, 0x01C2, 0x01C2, 0x01A1, 0x0181, 0x01A1, 0x01A1, 0x01A1, 0x01A2, 0x01A2, 0x01A1, 0x01A1, 
    0x01A1, 0x01A1, 0x0181, 0x01A2, 0x01A1, 0x01A1, 0x01A1, 0x01C2, 0x01A2, 0x01A1, 0x01C2, 0x01C2, 
    0x01C2, 0x01C2, 0x01C2, 0x01A1, 0x01C2, 0x01C2, 0x01C2, 0x01C1, 0x01C2, 0x01E2, 0x01C2, 0x01C2, 
    0x01C2, 0x01C2, 0x01A2, 0x01A1, 0x0181, 0x01A1, 0x01A1, 0x01C2, 0x01C2, 0x01A1, 0x01C2, 0x01C2, 
    0x01C2, 0x01C2, 0x01C2, 0x01C2, 0x01C2, 0x01C2, 0x01C2, 0x01C2, 0x01C2, 0x01A1, 0x01A2, 0x01C2, 
    0x01C1, 0x01C1, 0x01E2, 0x01E2, 0x01C2, 0x01C2, 0x01A1, 0x01A1, 0x01A1, 0x01A1, 0x01A1, 0x01C2, 
    0x01A2, 0x01A2, 0x0181, 0x0181, 0x01A1, 0x0181, 0x0181, 0x0181, 0x01A1, 0x01A1, 0x0181, 0x01A1, 
    0x0181, 0x01A1, 0x01A1, 0x01A1, 0x01A2, 0x01A1, 0x0181, 0x0161, 0x0161, 0x0161, 0x0161, 0x0161, 
    0x0161, 0x0161, 0x0161, 0x0141, 0x0161, 0x0161, 0x0161, 0x0161, 0x0161, 0x0141, 0x0141, 0x0141, 
    0x0141, 0x0141, 0x0141, 0x0161, 0x0141, 0x0141, 0x0121, 0x0141, 0x0121, 0x0121, 0x0121, 0x0121, 
    0x0121, 0x0141, 0x0121, 0x0141, 0x0121, 0x0141, 0x0121, 0x0121, 0x0121, 0x0101, 0x0101, 0x0101, 
    0x0101, 0x0101, 0x0100, 0x0100, 0x0100, 0x00E0, 0x00E0, 0x00E0, 0x00E0, 0x00E0, 0x00E0, 0x00C0, 
    0x00C0, 0x0040, 0x49A1, 0x9B00, 0x20C0, 0x49A0, 0x49C0, 0x0020, 0x00C0, 0x00E1, 0x00E1, 0x0101, 
    0x0121, 0x0121, 0x0101, 0x00C1, 0x00C1, 0x00C1, 0x00C1, 0x00C1, 0x00C1, 0x00E1, 0x00E1, 0x00E1, 
    0x00E1, 0x00C1, 0x00E1, 0x0101, 0x00E1, 0x00E1, 0x00C1, 0x00C1, 0x00E1, 0x00E1, 0x00E1, 0x00E1, 
    0x00E1, 0x00E1, 0x00E1, 0x00E1, 0x00C1, 0x00C1, 0x0080, 0x2141, 0xB446, 0x2982, 0x00A0, 0x00E1, 
    0x00E1, 0x00E1, 0x00C1, 0x00C1, 0x00C1, 0x00C1, 0x00A1, 0x00A1, 0x00A1, 0x00C1, 0x00A0, 0x00A0, 
    0x00A1, 0x00A0, 0x0080, 0x00A0, 0x00A0, 0x00A0, 0x00A0, 0x00A0, 0x00C0, 0x00A0, 0x0080, 0x0080, 
    0x0080, 0x00A0, 0x00A0, 0x00C0, 0x00A0, 0x00A0, 0x0080, 0x0060, 0x0060, 0x0000, 0x6A62, 0x1060, 
    0xABE5, 0x9364, 0x0000, 0x0060, 0x00C0, 0x0000, 0x8B45, 0xDD28, 0x0860, 0x8366, 0x1880, 0x0040, 
    0x0080, 0x0080, 0x00A0, 0x00A0, 0x00A0, 0x00C0, 0x00C0, 0x00C0, 0x00C0, 0x00C0, 0x00C0, 0x00C0, 
    0x00E0, 0x00E0, 0x0100, 0x0101, 0x0100, 0x0101, 0x0101, 0x0101, 0x0101, 0x0101, 0x0101, 0x0101, 
    0x0121, 0x0121, 0x0121, 0x0121, 0x0121, 0x0121, 0x0121, 0x0141, 0x0121, 0x0121, 0x0101, 0x0101, 
    0x0101, 0x0121, 0x0141, 0x0141, 0x0141, 0x0141, 0x0141, 0x0141, 0x0161, 0x0161, 0x0161, 0x0141, 
    0x0141, 0x0121, 0x0121, 0x0141, 0x0161, 0x0161, 0x0181, 0x0181, 0x0181, 0x0181, 0x0161, 0x0181, 
    0x0181, 0x0181, 0x0161, 0x0161, 0x0161, 0x0161, 0x0161, 0x0181, 0x01A1, 0x01A2, 0x01A1, 0x0181, 
    0x0181, 0x0181, 0x01A1, 0x0181, 0x0181, 0x01A1, 0x01A1, 0x01C2, 0x01C2, 0x01A1, 0x01A1, 0x01A1, 
    0x0181, 0x01A1, 0x01A1, 0x01A1, 0x01C2, 0x01C1, 0x01A1, 0x01A1, 0x01A1, 0x01A1, 0x01A1, 0x01A1, 
    0x01A1, 0x01A1, 0x01A1, 0x01A1, 0x01A2, 0x01A2, 0x01C2, 0x01C2, 0x01C2, 0x01A2, 0x01A1, 0x01A1, 
    0x01A2, 0x01C2, 0x01E2, 0x01E2, 0x01E2, 0x0202, 0x01C2, 0x01C2, 0x01C2, 0x01C2, 0x01A2, 0x0181, 
    0x0181, 0x01A1, 0x01A1, 0x01C2, 0x01C2, 0x01C2, 0x01C2, 0x01C2, 0x01C2, 0x01A1, 0x01C2, 0x01C2, 
    0x01C2, 0x01C1, 0x01A2, 0x01A1, 0x01C1, 0x01C2, 0x01C2, 0x01C2, 0x01A2, 0x01C2, 0x01E2, 0x01E2, 
    0x01E2, 0x01C2, 0x01A1, 0x01A1, 0x01C2, 0x01A2, 0x01C2, 0x01C2, 0x01A2, 0x01A2, 0x0181, 0x0181, 
    0x01A1, 0x01A1, 0x01A1, 0x01A1, 0x01A1, 0x01A1, 0x01A1, 0x01A1, 0x0181, 0x0181, 0x01A1, 0x01A1, 
    0x0181, 0x01A1, 0x0181, 0x0161, 0x0181, 0x0181, 0x0181, 0x0181, 0x0181, 0x0161, 0x0161, 0x0161, 
    0x0161, 0x0161, 0x0161, 0x0161, 0x0161, 0x0141, 0x0141, 0x0141, 0x0141, 0x0161, 0x0161, 0x0161, 
    0x0161, 0x0141, 0x0141, 0x0121, 0x0121, 0x0100, 0x0121, 0x0121, 0x0121, 0x0121, 0x0141, 0x0141, 
    0x0121, 0x0121, 0x0121, 0x0141, 0x0121, 0x0121, 0x0121, 0x0101, 0x0101, 0x0101, 0x0101, 0x0101, 
    0x0101, 0x0100, 0x00E0, 0x00E0, 0x00E0, 0x00E0, 0x00C0, 0x00C0, 0x00C0, 0x0040, 0x49A1, 0x9B00, 
    0x20C0, 0x49A1, 0x51C1, 0x0020, 0x00C0, 0x00C0, 0x00E1, 0x0101, 0x0121, 0x0101, 0x00E1, 0x00C1, 
    0x00A1, 0x00A1, 0x00A1, 0x00C1, 0x00E1, 0x00E1, 0x00E1, 0x00C1, 0x00C1, 0x00A1, 0x00A1, 0x00A0, 
    0x00A0, 0x00A0, 0x00A0, 0x00A0, 0x00A0, 0x00C1, 0x00A1, 0x00A0, 0x00A1, 0x00C1, 0x00C1, 0x00C1, 
    0x00C1, 0x00C1, 0x08C0, 0x7B45, 0x2962, 0x7B04, 0x08C1, 0x00C1, 0x00A0, 0x00A0, 0x00A0, 0x00A0, 
    0x0080, 0x0080, 0x0080, 0x0080, 0x0080, 0x0080, 0x00A0, 0x0080, 0x0080, 0x0080, 0x0080, 0x0080, 
    0x00A0, 0x00A0, 0x0080, 0x00A0, 0x00C0, 0x00A0, 0x00A0, 0x0080, 0x0080, 0x0080, 0x0080, 0x00A0, 
    0x00A0, 0x00A0, 0x0080, 0x0080, 0x0060, 0x0000, 0x6A21, 0x1040, 0xA3E4, 0x9343, 0x0000, 0x0060, 
    0x00A0, 0x0000, 0x8304, 0xD4C7, 0x0860, 0x8367, 0x18A1, 0x0040, 0x0080, 0x0080, 0x00A0, 0x00A0, 
    0x00C0, 0x00C0, 0x00C0, 0x00C0, 0x00C0, 0x00C0, 0x00C0, 0x00C0, 0x00C0, 0x00E0, 0x00E0, 0x0100, 
    0x0100, 0x0101, 0x0100, 0x00E0, 0x0100, 0x0100, 0x00E0, 0x0100, 0x0121, 0x0121, 0x0121, 0x0121, 
    0x0121, 0x0121, 0x0121, 0x0121, 0x0121, 0x0121, 0x0121, 0x0121, 0x0121, 0x0121, 0x0141, 0x0141, 
    0x0141, 0x0141, 0x0141, 0x0141, 0x0141, 0x0161, 0x0141, 0x0141, 0x0141, 0x0141, 0x0141, 0x0141, 
    0x0161, 0x0161, 0x0161, 0x0181, 0x0161, 0x0181, 0x0161, 0x0141, 0x0161, 0x0181, 0x0181, 0x0181, 
    0x0181, 0x0161, 0x0161, 0x0181, 0x0181, 0x0181, 0x0181, 0x01A1, 0x0181, 0x0181, 0x01A1, 0x0181, 
    0x0181, 0x01A1, 0x01A2, 0x01C2, 0x01C2, 0x01A2, 0x01A1, 0x01A1, 0x01A1, 0x01A2, 0x01A1, 0x01C2, 
    0x01C2, 0x01C2, 0x01A1, 0x01A1, 0x01A1, 0x01A1, 0x01A1, 0x01A1, 0x01A1, 0x0181, 0x01A1, 0x01A2, 
    0x01A1, 0x01A1, 0x01C2, 0x01C2, 0x01C2, 0x01A1, 0x0181, 0x0181, 0x01A1, 0x01C2, 0x01C2, 0x01E2, 
    0x01E2, 0x01E2, 0x01C2, 0x01C2, 0x01C2, 0x01C2, 0x01C2, 0x0181, 0x0181, 0x01A1, 0x01A1, 0x01A1, 
    0x01C2, 0x01E2, 0x01C2, 0x01C2, 0x01C2, 0x01A1, 0x01A1, 0x01A1, 0x01A1, 0x01A1, 0x01A2, 0x01A1, 
    0x01C1, 0x01C2, 0x01C2, 0x01C2, 0x01C2, 0x01C2, 0x01C2, 0x01C2, 0x01E2, 0x01C2, 0x01A1, 0x01A1, 
    0x01A1, 0x01A2, 0x01C2, 0x01C2, 0x01C2, 0x01C2, 0x01A1, 0x0181, 0x01A1, 0x0181, 0x0181, 0x01A1, 
    0x01A1, 0x01A1, 0x01A1, 0x0181, 0x0181, 0x0181, 0x0181, 0x0181, 0x0181, 0x0181, 0x0181, 0x0161, 
    0x0161, 0x0181, 0x0181, 0x0181, 0x0181, 0x0161, 0x0161, 0x0161, 0x0161, 0x0161, 0x0161, 0x0161, 
    0x0161, 0x0141, 0x0141, 0x0141, 0x0161, 0x0161, 0x0161, 0x0161, 0x0161, 0x0141, 0x0141, 0x0141, 
    0x0121, 0x0100, 0x0121, 0x0121, 0x0121, 0x0141, 0x0141, 0x0121, 0x0101, 0x0121, 0x0121, 0x0121, 
    0x0121, 0x0101, 0x0101, 0x0101, 0x0101, 0x0101, 0x0101, 0x0101, 0x0101, 0x0101, 0x00E0, 0x00E1, 
    0x00E0, 0x00E0, 0x00C0, 0x00C0, 0x00C0, 0x0040, 0x51C1, 0x9B20, 0x28E0, 0x4980, 0x4980, 0x0020, 
    0x00A0, 0x00A0, 0x00E1, 0x0101, 0x00E1, 0x00C1, 0x00C1, 0x00C1, 0x3981, 0x5A01, 0x5A21, 0x5A22, 
    0x5A22, 0x5A42, 0x6262, 0x6262, 0x6263, 0x6A63, 0x6A63, 0x6A83, 0x6A63, 0x6A83, 0x6AA3, 0x6AA3, 
    0x6AA3, 0x6AC4, 0x6AC4, 0x6AC4, 0x72E4, 0x7325, 0x7325, 0x7B66, 0x9C88, 0x00C1, 0x5283, 0x5A84, 
    0x0000, 0x49E3, 0x62C4, 0x0060, 0x7B86, 0x83A7, 0x7366, 0x7B66, 0x7346, 0x7305, 0x72C4, 0x6AA4, 
    0x6A83, 0x6A83, 0x6A83, 0x6A83, 0x6A63, 0x6A63, 0x6A63, 0x6243, 0x6242, 0x6222, 0x6202, 0x59E1, 
    0x5A01, 0x59E1, 0x49C0, 0x4980, 0x3940, 0x0080, 0x0080, 0x0080, 0x0080, 0x0080, 0x0060, 0x0060, 
    0x0060, 0x0000, 0x6A21, 0x1060, 0xA3C5, 0x9364, 0x0000, 0x0060, 0x00A0, 0x0000, 0x7AC3, 0xCC85, 
    0x0860, 0x8B66, 0x18A1, 0x0040, 0x0080, 0x0080, 0x00A0, 0x00A0, 0x00A0, 0x00C0, 0x00C0, 0x00C0, 
    0x00C0, 0x00C0, 0x00C0, 0x00C0, 0x00C0, 0x00E0, 0x00E0, 0x00E0, 0x0101, 0x0101, 0x00E0, 0x00E0, 
    0x0100, 0x0101, 0x0100, 0x0100, 0x0101, 0x0101, 0x0121, 0x0121, 0x0121, 0x0121, 0x0121, 0x0121, 
    0x0121, 0x0121, 0x0141, 0x0161, 0x0141, 0x0141, 0x0141, 0x0141, 0x0141, 0x0141, 0x0161, 0x0161, 
    0x0141, 0x0161, 0x0161, 0x0141, 0x0161, 0x0141, 0x0141, 0x0141, 0x0141, 0x0161, 0x0161, 0x0161, 
    0x0161, 0x0161, 0x0161, 0x0161, 0x0161, 0x0161, 0x0161, 0x0161, 0x0161, 0x0161, 0x0161, 0x0161, 
    0x0181, 0x0181, 0x0181, 0x0181, 0x01A1, 0x01A1, 0x01A1, 0x0181, 0x0181, 0x01A1, 0x01A1, 0x01A1, 
    0x01A1, 0x01A2, 0x01A2, 0x01A1, 0x01A1, 0x01A2, 0x01A1, 0x01A1, 0x01C1, 0x01C2, 0x01A2, 0x01A1, 
    0x0181, 0x0181, 0x0181, 0x01A1, 0x01A1, 0x01A1, 0x01A1, 0x01C2, 0x01A1, 0x01A1, 0x01A2, 0x01A1, 
    0x01A1, 0x01A1, 0x01A1, 0x01A1, 0x01A1, 0x01A1, 0x01C2, 0x01C2, 0x01C2, 0x01E2, 0x01C2, 0x01E2, 
    0x01C2, 0x01C2, 0x01C2, 0x01A1, 0x01A1, 0x01A1, 0x01A1, 0x01A2, 0x01C2, 0x01C2, 0x01C2, 0x01A1, 
    0x01A1, 0x01A1, 0x01A2, 0x01C2, 0x01A1, 0x01A1, 0x01A1, 0x01A1, 0x01A1, 0x01A1, 0x01A1, 0x01C2, 
    0x01C2, 0x01C2, 0x01C2, 0x01C1, 0x01C2, 0x01A2, 0x0181, 0x0181, 0x01A1, 0x01A1, 0x01A1, 0x01A1, 
    0x01A1, 0x01A1, 0x01A1, 0x0181, 0x0181, 0x0181, 0x0181, 0x0181, 0x0181, 0x0181, 0x0181, 0x0181, 
    0x0181, 0x0181, 0x0181, 0x0181, 0x0181, 0x0181, 0x0181, 0x0181, 0x0161, 0x0181, 0x0181, 0x0181, 
    0x0181, 0x0181, 0x0141, 0x0141, 0x0141, 0x0161, 0x0161, 0x0161, 0x0161, 0x0161, 0x0141, 0x0141, 
    0x0141, 0x0141, 0x0141, 0x0141, 0x0141, 0x0121, 0x0121, 0x0121, 0x0121, 0x0121, 0x0121, 0x0121, 
    0x0121, 0x0121, 0x0121, 0x0121, 0x0100, 0x0100, 0x0121, 0x0121, 0x0121, 0x0101, 0x0101, 0x0101, 
    0x0101, 0x0101, 0x0101, 0x00E0, 0x00E0, 0x0101, 0x00E0, 0x00E0, 0x00E0, 0x00E0, 0x00C0, 0x00C0, 
    0x00C0, 0x0040, 0x51C1, 0x9B20, 0x28C0, 0x49A0, 0x51A0, 0x0000, 0x0080, 0x00A0, 0x00C1, 0x00C1, 
    0x00E1, 0x0101, 0x0101, 0x0101, 0x0901, 0x0901, 0x0921, 0x0921, 0x0921, 0x0901, 0x08E1, 0x08C1, 
    0x08C1, 0x08C1, 0x08E1, 0x08E1, 0x08E1, 0x08E1, 0x08E1, 0x08E1, 0x08E1, 0x08C1, 0x08C1, 0x08C1, 
    0x08C1, 0x08C1, 0x08E1, 0x1101, 0x1962, 0x00E1, 0x1101, 0x7304, 0x10A1, 0x6AE4, 0x2142, 0x00A0, 
    0x1121, 0x1101, 0x10E1, 0x10E1, 0x10C1, 0x10C1, 0x08C1, 0x08A1, 0x08A1, 0x08A1, 0x08C1, 0x08C1, 
    0x08C1, 0x08A1, 0x08C1, 0x08C1, 0x08C1, 0x08A1, 0x08A1, 0x08C1, 0x08C0, 0x08C0, 0x08C0, 0x00C0, 
    0x00A0, 0x00A0, 0x00A0, 0x00A0, 0x0080, 0x0080, 0x0060, 0x0060, 0x0060, 0x0000, 0x72A3, 0x1060, 
    0xA3C5, 0x9364, 0x0000, 0x0060, 0x00A0, 0x0020, 0x72A3, 0xC465, 0x1060, 0x8346, 0x18A1, 0x0040, 
    0x0080, 0x00A0, 0x00A0, 0x00A0, 0x00C0, 0x00C0, 0x00C0, 0x00C0, 0x00C0, 0x00C0, 0x00C0, 0x00C0, 
    0x00C0, 0x00E0, 0x00E0, 0x00E0, 0x00E0, 0x00E0, 0x00E0, 0x00E0, 0x00E0, 0x0101, 0x0101, 0x0100, 
    0x0100, 0x0121, 0x0121, 0x0121, 0x0121, 0x0121, 0x0121, 0x0121, 0x0121, 0x0141, 0x0141, 0x0161, 
    0x0161, 0x0141, 0x0141, 0x0141, 0x0141, 0x0161, 0x0161, 0x0161, 0x0161, 0x0161, 0x0161, 0x0161, 
    0x0161, 0x0141, 0x0121, 0x0121, 0x0141, 0x0141, 0x0141, 0x0141, 0x0141, 0x0141, 0x0161, 0x0161, 
    0x0161, 0x0161, 0x0161, 0x0161, 0x0161, 0x0161, 0x0161, 0x0181, 0x0181, 0x0181, 0x0181, 0x0181, 
    0x0181, 0x0181, 0x01A1, 0x0181, 0x0181, 0x01A2, 0x01A2, 0x01A1, 0x01A1, 0x01A1, 0x01A1, 0x01A1, 
    0x01A2, 0x01C2, 0x01C2, 0x01C2, 0x01C1, 0x01A1, 0x01A1, 0x0181, 0x0181, 0x0181, 0x0161, 0x01A1, 
    0x01A1, 0x01A1, 0x01A1, 0x01C2, 0x01C2, 0x01A1, 0x01A1, 0x01A2, 0x01A1, 0x01C1, 0x01A1, 0x01A1, 
    0x01A1, 0x01A1, 0x01A1, 0x01A2, 0x01C2, 0x01E2, 0x01C2, 0x01C2, 0x01C2, 0x01C2, 0x01C2, 0x01A1, 
    0x01A1, 0x01A2, 0x01C1, 0x01C2, 0x01C2, 0x01C2, 0x01C2, 0x01A1, 0x01A1, 0x01A1, 0x01A2, 0x01C2, 
    0x01A1, 0x01A1, 0x01A1, 0x01A1, 0x01A1, 0x01A1, 0x01A2, 0x01A1, 0x01A1, 0x01A1, 0x01A1, 0x01A1, 
    0x01A1, 0x01A1, 0x01A1, 0x01A1, 0x01A1, 0x01A1, 0x0181, 0x01A1, 0x01A2, 0x01C2, 0x01A1, 0x0181, 
    0x0181, 0x0181, 0x0181, 0x01A1, 0x0181, 0x0181, 0x0181, 0x0181, 0x0181, 0x0181, 0x0181, 0x0181, 
    0x0181, 0x0181, 0x0181, 0x0181, 0x0161, 0x0161, 0x0181, 0x0181, 0x0181, 0x0181, 0x0141, 0x0141, 
    0x0141, 0x0141, 0x0141, 0x0161, 0x0161, 0x0161, 0x0141, 0x0141, 0x0141, 0x0141, 0x0141, 0x0121, 
    0x0121, 0x0121, 0x0121, 0x0121, 0x0121, 0x0121, 0x0141, 0x0141, 0x0121, 0x0121, 0x0121, 0x0121, 
    0x0101, 0x0101, 0x0121, 0x0101, 0x0101, 0x0100, 0x0100, 0x0101, 0x0101, 0x0101, 0x0101, 0x00E0, 
    0x00E0, 0x00E0, 0x00E0, 0x0101, 0x0101, 0x00E0, 0x00E0, 0x00C0, 0x00C0, 0x0020, 0x49A1, 0x9B20, 
    0x28E0, 0x4940, 0x4940, 0x0020, 0x0080, 0x00C1, 0x00C1, 0x00E1, 0x0121, 0x0121, 0x0121, 0x0121, 
    0x0121, 0x0121, 0x0101, 0x0101, 0x0101, 0x0101, 0x0101, 0x0101, 0x00E1, 0x00E1, 0x00E1, 0x00E1, 
    0x00E1, 0x00E1, 0x00C1, 0x00C1, 0x00C1, 0x00C1, 0x00C1, 0x00C1, 0x00C1, 0x00C1, 0x00C1, 0x00C1, 
    0x00A1, 0x00C1, 0x0080, 0x3181, 0xA3E5, 0x41E2, 0x0040, 0x00E1, 0x00A0, 0x00C1, 0x00C1, 0x00A0, 
    0x00A1, 0x00A1, 0x00A1, 0x00A1, 0x00A1, 0x00C1, 0x00C1, 0x00C1, 0x00A0, 0x00A0, 0x00A1, 0x00C0, 
    0x00C0, 0x00E1, 0x00C1, 0x00C1, 0x00C1, 0x00C1, 0x00C0, 0x00C0, 0x00C0, 0x00A0, 0x00A0, 0x00C0, 
    0x00A0, 0x0080, 0x0060, 0x0060, 0x0060, 0x0000, 0x7AC4, 0x1080, 0xA3C5, 0x9B84, 0x0000, 0x0060, 
    0x00A0, 0x0020, 0x7282, 0xC444, 0x1060, 0x8B66, 0x18A1, 0x0040, 0x0080, 0x00A0, 0x00A0, 0x00C0, 
    0x00C0, 0x00C0, 0x00C0, 0x00C0, 0x00C0, 0x00C0, 0x00C0, 0x00C0, 0x00C0, 0x00C0, 0x00C0, 0x00E0, 
    0x00E0, 0x00E0, 0x00E0, 0x0101, 0x00E0, 0x0100, 0x0101, 0x0100, 0x0100, 0x0100, 0x0121, 0x0101, 
    0x0100, 0x0121, 0x0121, 0x0121, 0x0121, 0x0121, 0x0141, 0x0141, 0x0161, 0x0141, 0x0141, 0x0161, 
    0x0161, 0x0161, 0x0161, 0x0141, 0x0161, 0x0161, 0x0161, 0x0161, 0x0161, 0x0141, 0x0141, 0x0141, 
    0x0141, 0x0141, 0x0141, 0x0161, 0x0141, 0x0141, 0x0141, 0x0141, 0x0141, 0x0161, 0x0161, 0x0161, 
    0x0181, 0x0181, 0x0161, 0x0181, 0x0161, 0x0161, 0x0181, 0x0181, 0x0181, 0x0181, 0x0181, 0x0181, 
    0x0181, 0x01A2, 0x01A1, 0x01A1, 0x01A1, 0x01A1, 0x01A1, 0x01A1, 0x01A1, 0x01A1, 0x01C1, 0x01C2, 
    0x01C2, 0x01C2, 0x01A1, 0x01A1, 0x0181, 0x0161, 0x0161, 0x01A1, 0x01A1, 0x01A1, 0x01A1, 0x01A1, 
    0x0181, 0x0181, 0x01A1, 0x01C2, 0x01A1, 0x01C2, 0x01C2, 0x01C2, 0x01C2, 0x01A1, 0x01A2, 0x01C2, 
    0x01C2, 0x01C2, 0x01C2, 0x01A2, 0x01A1, 0x01A1, 0x01A1, 0x01A1, 0x01C2, 0x01A2, 0x01C2, 0x01C2, 
    0x01C2, 0x01C1, 0x01A1, 0x01A1, 0x0181, 0x0181, 0x01A1, 0x01C2, 0x01C2, 0x01C2, 0x01C2, 0x01A1, 
    0x01C1, 0x01C2, 0x01A1, 0x01A1, 0x0181, 0x0181, 0x0181, 0x0181, 0x01A1, 0x01A2, 0x01A1, 0x01A1, 
    0x01A1, 0x01A1, 0x01A1, 0x0181, 0x01A1, 0x01A1, 0x01A1, 0x0181, 0x0181, 0x0181, 0x0181, 0x01A1, 
    0x01A1, 0x0181, 0x0181, 0x0181, 0x0181, 0x0181, 0x0181, 0x0181, 0x0181, 0x0181, 0x0181, 0x0161, 
    0x0161, 0x0161, 0x0161, 0x0161, 0x0181, 0x0161, 0x0161, 0x0141, 0x0141, 0x0141, 0x0141, 0x0141, 
    0x0161, 0x0141, 0x0121, 0x0121, 0x0141, 0x0161, 0x0141, 0x0121, 0x0121, 0x0121, 0x0121, 0x0121, 
    0x0121, 0x0121, 0x0121, 0x0141, 0x0121, 0x0121, 0x0121, 0x0121, 0x0101, 0x0100, 0x0101, 0x0100, 
    0x0100, 0x0100, 0x0100, 0x0101, 0x0101, 0x0101, 0x0101, 0x00E0, 0x00E0, 0x00E0, 0x00E0, 0x00E1, 
    0x0101, 0x00E0, 0x00E0, 0x00C0, 0x00C0, 0x0020, 0x49A1, 0x9B20, 0x28E0, 0x4100, 0x4120, 0x0020, 
    0x0080, 0x00A0, 0x00C1, 0x0101, 0x0121, 0x0121, 0x0121, 0x0121, 0x0101, 0x0121, 0x0121, 0x0101, 
    0x0101, 0x0121, 0x0101, 0x0101, 0x0121, 0x0101, 0x00E1, 0x00E1, 0x00E1, 0x00E1, 0x00E1, 0x00E1, 
    0x00E1, 0x00E1, 0x00C1, 0x00E1, 0x00E1, 0x00C1, 0x00C1, 0x00C1, 0x00C1, 0x00C1, 0x00E1, 0x00A1, 
    0x41C2, 0x00C1, 0x00C1, 0x00E1, 0x00E1, 0x00C1, 0x00E1, 0x00E1, 0x00C1, 0x00C1, 0x00C1, 0x00C1, 
    0x00E1, 0x00E1, 0x00E1, 0x00E1, 0x00A1, 0x00C1, 0x00C1, 0x00E1, 0x0101, 0x0101, 0x00E1, 0x00E1, 
    0x00E1, 0x00C1, 0x00C1, 0x00A0, 0x00C0, 0x00C1, 0x00C0, 0x00A0, 0x00A0, 0x0080, 0x0060, 0x0060, 
    0x0060, 0x0000, 0x72A3, 0x1060, 0xABE5, 0x9B84, 0x0000, 0x0060, 0x00A0, 0x0020, 0x6A62, 0xBC04, 
    0x1060, 0x8B66, 0x18A0, 0x0040, 0x0080, 0x0080, 0x0080, 0x00A0, 0x00C0, 0x00C0, 0x00C0, 0x00C0, 
    0x00C0, 0x00C0, 0x00C0, 0x00C0, 0x00C0, 0x00C0, 0x00C0, 0x00E0, 0x00E0, 0x00C0, 0x00E0, 0x00C0, 
    0x00E0, 0x00E0, 0x00E0, 0x00E0, 0x0100, 0x0101, 0x0100, 0x0101, 0x0121, 0x0121, 0x0121, 0x0121, 
    0x0121, 0x0121, 0x0141, 0x0141, 0x0141, 0x0141, 0x0161, 0x0161, 0x0141, 0x0141, 0x0141, 0x0141, 
    0x0161, 0x0161, 0x0161, 0x0161, 0x0141, 0x0141, 0x0141, 0x0141, 0x0141, 0x0141, 0x0141, 0x0141, 
    0x0141, 0x0121, 0x0121, 0x0141, 0x0141, 0x0141, 0x0161, 0x0161, 0x0181, 0x0181, 0x0161, 0x0161, 
    0x0161, 0x0161, 0x0161, 0x0161, 0x0161, 0x0161, 0x0181, 0x0181, 0x0181, 0x01A1, 0x01A2, 0x01A1, 
    0x01A2, 0x01A1, 0x01A1, 0x01A2, 0x01A1, 0x01A1, 0x01A1, 0x01A1, 0x01A1, 0x01A1, 0x01A1, 0x01A1, 
    0x0181, 0x0181, 0x0181, 0x01A1, 0x01A1, 0x01A1, 0x01A1, 0x01A1, 0x0181, 0x0161, 0x0181, 0x01A1, 
    0x01A1, 0x01A1, 0x01A1, 0x01A1, 0x01C2, 0x01C2, 0x01E2, 0x01C2, 0x01C2, 0x01C2, 0x01A2, 0x01C2, 
    0x01C2, 0x01C2, 0x01C2, 0x01A2, 0x01A2, 0x01A1, 0x01A1, 0x01C1, 0x01C2, 0x01A1, 0x01A1, 0x0181, 
    0x0181, 0x0181, 0x0181, 0x01A1, 0x01C2, 0x01C2, 0x01C2, 0x01C2, 0x01A1, 0x01A1, 0x01A1, 0x01A1, 
    0x01A1, 0x01A1, 0x01A1, 0x0181, 0x01A1, 0x0181, 0x01A1, 0x01A2, 0x0181, 0x01A1, 0x01A2, 0x01A1, 
    0x01A1, 0x0181, 0x0181, 0x0181, 0x0181, 0x0181, 0x0181, 0x0181, 0x0181, 0x0181, 0x0181, 0x01A1, 
    0x0181, 0x0181, 0x0181, 0x0181, 0x0181, 0x0181, 0x0161, 0x0161, 0x0161, 0x0161, 0x0161, 0x0141, 
    0x0161, 0x0161, 0x0161, 0x0141, 0x0161, 0x0161, 0x0141, 0x0121, 0x0141, 0x0141, 0x0141, 0x0141, 
    0x0141, 0x0121, 0x0121, 0x0121, 0x0101, 0x0121, 0x0121, 0x0121, 0x0121, 0x0121, 0x0121, 0x0121, 
    0x0121, 0x0121, 0x0101, 0x0121, 0x0101, 0x0100, 0x0101, 0x0101, 0x0101, 0x0101, 0x0101, 0x00E0, 
    0x00E0, 0x0100, 0x0101, 0x00E0, 0x00E0, 0x00E0, 0x00E0, 0x00E0, 0x0101, 0x00E0, 0x00E0, 0x00C0, 
    0x00C0, 0x0040, 0x51C1, 0x9B00, 0x28C0, 0x4120, 0x4140, 0x0020, 0x00A0, 0x00A0, 0x00E1, 0x0121, 
    0x0101, 0x0101, 0x0121, 0x0101, 0x00E1, 0x00E1, 0x0101, 0x0101, 0x00E1, 0x0121, 0x0121, 0x00E1, 
    0x0101, 0x0121, 0x0101, 0x00E1, 0x00E1, 0x0101, 0x0121, 0x0101, 0x0101, 0x0101, 0x00E1, 0x00E1, 
    0x00E1, 0x00E1, 0x00E1, 0x00E1, 0x00E1, 0x00C1, 0x00C1, 0x00C1, 0x0080, 0x00C1, 0x00E1, 0x0101, 
    0x0101, 0x00E1, 0x00E1, 0x00C1, 0x00C1, 0x0101, 0x0101, 0x00E1, 0x0101, 0x0101, 0x00E1, 0x00E1, 
    0x00C1, 0x00E1, 0x00E1, 0x00E1, 0x00E1, 0x00C1, 0x00C1, 0x00E1, 0x00C0, 0x00A0, 0x00A0, 0x00A1, 
    0x00A0, 0x00A0, 0x00C0, 0x00C0, 0x00A0, 0x0080, 0x0080, 0x0080, 0x0060, 0x0000, 0x6221, 0x0840, 
    0xAC05, 0x9B84, 0x0000, 0x0080, 0x00C0, 0x0020, 0x7AA3, 0xC445, 0x1060, 0x82E4, 0x1080, 0x0040, 
    0x0080, 0x0080, 0x00A0, 0x00A0, 0x00A0, 0x00A0, 0x00A0, 0x00C0, 0x00C0, 0x00A0, 0x00C0, 0x00A0, 
    0x00C0, 0x00C0, 0x00C0, 0x00C0, 0x00C0, 0x00C0, 0x00C0, 0x00C0, 0x00E0, 0x00E0, 0x00E0, 0x00E0, 
    0x0101, 0x0101, 0x0101, 0x0101, 0x0121, 0x0121, 0x0121, 0x0121, 0x0121, 0x0121, 0x0121, 0x0141, 
    0x0141, 0x0141, 0x0141, 0x0141, 0x0141, 0x0141, 0x0161, 0x0161, 0x0141, 0x0141, 0x0141, 0x0161, 
    0x0161, 0x0141, 0x0121, 0x0141, 0x0121, 0x0141, 0x0141, 0x0141, 0x0141, 0x0121, 0x0101, 0x0121, 
    0x0141, 0x0141, 0x0161, 0x0161, 0x0181, 0x0181, 0x0161, 0x0161, 0x0181, 0x0181, 0x0181, 0x0161, 
    0x0161, 0x0181, 0x0161, 0x0181, 0x0181, 0x01A1, 0x01A1, 0x01A1, 0x01A1, 0x01C2, 0x01A1, 0x01A1, 
    0x01A1, 0x01A2, 0x01A1, 0x01A1, 0x01A1, 0x01A1, 0x0181, 0x01A1, 0x0181, 0x01A1, 0x0181, 0x01A1, 
    0x01A1, 0x01A1, 0x01A1, 0x01A1, 0x0181, 0x0181, 0x0181, 0x01A2, 0x01A1, 0x01A1, 0x0181, 0x01A1, 
    0x01A1, 0x01E2, 0x01E2, 0x01C2, 0x01C2, 0x01A2, 0x01C2, 0x01C2, 0x01C2, 0x01C2, 0x01C2, 0x01A1, 
    0x01A2, 0x01A2, 0x01A2, 0x01A1, 0x01A2, 0x01A1, 0x01A1, 0x0181, 0x0181, 0x0161, 0x0161, 0x01A1, 
    0x01A2, 0x01A1, 0x01C2, 0x01A1, 0x01A1, 0x01A1, 0x01A1, 0x01A1, 0x01A1, 0x01A1, 0x01A1, 0x0181, 
    0x0161, 0x0181, 0x01A1, 0x0181, 0x0181, 0x01A1, 0x01A2, 0x0181, 0x0181, 0x0181, 0x0161, 0x0181, 
    0x0181, 0x0181, 0x0181, 0x0181, 0x0181, 0x0181, 0x0181, 0x0181, 0x0181, 0x0161, 0x0161, 0x0161, 
    0x0161, 0x0161, 0x0181, 0x0161, 0x0161, 0x0161, 0x0161, 0x0141, 0x0141, 0x0141, 0x0141, 0x0141, 
    0x0161, 0x0161, 0x0141, 0x0141, 0x0141, 0x0141, 0x0141, 0x0141, 0x0121, 0x0121, 0x0121, 0x0121, 
    0x0121, 0x0121, 0x0121, 0x0121, 0x0121, 0x0121, 0x0121, 0x0101, 0x0101, 0x0101, 0x0101, 0x0121, 
    0x0101, 0x0101, 0x0101, 0x0100, 0x0100, 0x0101, 0x0101, 0x0100, 0x0100, 0x0101, 0x0101, 0x0100, 
    0x00E0, 0x00E0, 0x00E0, 0x00E0, 0x0100, 0x00E0, 0x00E0, 0x00C0, 0x00C0, 0x0040, 0x49A1, 0x92E0, 
    0x28C0, 0x4160, 0x4980, 0x0020, 0x00C0, 0x00C1, 0x00E1, 0x0101, 0x00E1, 0x0101, 0x00E1, 0x00E1, 
    0x00E1, 0x00E1, 0x0101, 0x00E1, 0x0101, 0x0121, 0x0101, 0x00E1, 0x00E1, 0x0101, 0x0121, 0x00E1, 
    0x00E1, 0x0101, 0x0121, 0x0121, 0x0121, 0x0101, 0x00E1, 0x0101, 0x0101, 0x0101, 0x0101, 0x0101, 
    0x00E1, 0x00E1, 0x00C1, 0x00C1, 0x00C1, 0x00C1, 0x0101, 0x0121, 0x0101, 0x0101, 0x00E1, 0x00E1, 
    0x00C1, 0x00E1, 0x0121, 0x0101, 0x00E1, 0x00E1, 0x00E1, 0x00E1, 0x00C1, 0x00E1, 0x00C1, 0x00C1, 
    0x00C1, 0x00C1, 0x00A1, 0x00C1, 0x00C1, 0x00C1, 0x00A1, 0x00A0, 0x00A1, 0x00A0, 0x00A0, 0x00A0, 
    0x00A0, 0x0080, 0x0080, 0x0080, 0x0060, 0x0020, 0x6200, 0x0840, 0xB425, 0x9B84, 0x0000, 0x0080, 
    0x00C0, 0x0000, 0x8304, 0xCCA6, 0x1060, 0x82C3, 0x1080, 0x0040, 0x0080, 0x0080, 0x0080, 0x00A0, 
    0x00A0, 0x00A0, 0x00A0, 0x00A0, 0x00A0, 0x00A0, 0x00C0, 0x00C0, 0x00C0, 0x00C0, 0x00C0, 0x00C0, 
    0x00E0, 0x00C0, 0x00C0, 0x00E0, 0x00E0, 0x00E0, 0x00E0, 0x00E1, 0x0101, 0x0101, 0x0101, 0x0121, 
    0x0121, 0x0121, 0x0121, 0x0121, 0x0121, 0x0121, 0x0121, 0x0121, 0x0121, 0x0141, 0x0141, 0x0141, 
    0x0141, 0x0141, 0x0161, 0x0161, 0x0141, 0x0141, 0x0141, 0x0141, 0x0141, 0x0141, 0x0141, 0x0141, 
    0x0121, 0x0121, 0x0141, 0x0141, 0x0141, 0x0121, 0x0121, 0x0121, 0x0141, 0x0141, 0x0161, 0x0161, 
    0x0161, 0x0161, 0x0161, 0x0181, 0x0181, 0x0181, 0x0181, 0x0161, 0x0161, 0x0181, 0x0181, 0x0181, 
    0x0181, 0x0181, 0x01A1, 0x01A1, 0x01A1, 0x01A1, 0x01A1, 0x01A1, 0x01A1, 0x01A1, 0x0181, 0x0181, 
    0x01A1, 0x0181, 0x0181, 0x0181, 0x0161, 0x0181, 0x0181, 0x01A1, 0x01A2, 0x01A2, 0x01A1, 0x01A2, 
    0x01A1, 0x01A1, 0x01A1, 0x01A1, 0x01A1, 0x01A1, 0x01A1, 0x01A1, 0x01A1, 0x01A2, 0x01A2, 0x01A1, 
    0x01A1, 0x01A1, 0x01A1, 0x01A2, 0x01A2, 0x01A2, 0x01A2, 0x01A1, 0x01C2, 0x01C2, 0x01A1, 0x01A1, 
    0x01A1, 0x0181, 0x0181, 0x0181, 0x0181, 0x0181, 0x0181, 0x0181, 0x0181, 0x01A1, 0x01A1, 0x01A2, 
    0x01A1, 0x01A1, 0x01A1, 0x0181, 0x0181, 0x01A1, 0x01A1, 0x0161, 0x0161, 0x0161, 0x0181, 0x0181, 
    0x0181, 0x0181, 0x0181, 0x0181, 0x01A1, 0x01A1, 0x0181, 0x0181, 0x0181, 0x0181, 0x0181, 0x0181, 
    0x0181, 0x0181, 0x0161, 0x0181, 0x0181, 0x0161, 0x0161, 0x0161, 0x0141, 0x0141, 0x0161, 0x0161, 
    0x0161, 0x0161, 0x0161, 0x0161, 0x0161, 0x0141, 0x0141, 0x0161, 0x0141, 0x0141, 0x0141, 0x0141, 
    0x0161, 0x0161, 0x0141, 0x0141, 0x0121, 0x0121, 0x0121, 0x0121, 0x0100, 0x0100, 0x0101, 0x0121, 
    0x0121, 0x0121, 0x0121, 0x0100, 0x0100, 0x0101, 0x0101, 0x0121, 0x0101, 0x0101, 0x0121, 0x0121, 
    0x0101, 0x0101, 0x0101, 0x0101, 0x0101, 0x0121, 0x0101, 0x0101, 0x0101, 0x0100, 0x00E0, 0x00E0, 
    0x00E0, 0x00E0, 0x00C0, 0x00C0, 0x00A0, 0x0020, 0x4981, 0x8AC0, 0x20A0, 0x49E1, 0x5222, 0x0020, 
    0x00C1, 0x00C1, 0x00E1, 0x0101, 0x00E1, 0x00E1, 0x00C1, 0x00E1, 0x00E1, 0x00E1, 0x0101, 0x0141, 
    0x0121, 0x0101, 0x00E1, 0x00E1, 0x00E1, 0x00E1, 0x0101, 0x00E1, 0x00E1, 0x0101, 0x0101, 0x0101, 
    0x0121, 0x0101, 0x0101, 0x0101, 0x0101, 0x00E1, 0x00E1, 0x00E1, 0x00E1, 0x00E1, 0x0101, 0x00C1, 
    0x00C1, 0x00E1, 0x0101, 0x0121, 0x0101, 0x0101, 0x0101, 0x0101, 0x0101, 0x00E1, 0x00E1, 0x0101, 
    0x0101, 0x00C1, 0x00E1, 0x00E1, 0x00C1, 0x00C1, 0x00A1, 0x00C1, 0x00C1, 0x00E1, 0x00E1, 0x00C1, 
    0x00C1, 0x00E1, 0x00C1, 0x00A0, 0x00A0, 0x00A0, 0x00A0, 0x00A0, 0x00A0, 0x0080, 0x0080, 0x0080, 
    0x0080, 0x0000, 0x7262, 0x1060, 0xB446, 0x9B84, 0x0000, 0x0080, 0x00C0, 0x0000, 0x8304, 0xD4C6, 
    0x1060, 0x8304, 0x1880, 0x0040, 0x0080, 0x0080, 0x0080, 0x00A0, 0x00A0, 0x00A0, 0x00A0, 0x00A0, 
    0x00A0, 0x00C0, 0x00C0, 0x00C0, 0x00C0, 0x00C0, 0x00C0, 0x00C0, 0x00C0, 0x00E0, 0x00C0, 0x00E0, 
    0x00E0, 0x00E0, 0x00E0, 0x00E0, 0x00E0, 0x0100, 0x0100, 0x0101, 0x0121, 0x0101, 0x0121, 0x0121, 
    0x0141, 0x0141, 0x0121, 0x0121, 0x0121, 0x0121, 0x0121, 0x0141, 0x0141, 0x0141, 0x0141, 0x0141, 
    0x0141, 0x0141, 0x0141, 0x0121, 0x0141, 0x0141, 0x0141, 0x0141, 0x0121, 0x0141, 0x0121, 0x0141, 
    0x0141, 0x0141, 0x0141, 0x0161, 0x0161, 0x0161, 0x0161, 0x0161, 0x0161, 0x0161, 0x0141, 0x0181, 
    0x0181, 0x0181, 0x0181, 0x0161, 0x0181, 0x0181, 0x01A2, 0x0181, 0x0181, 0x0181, 0x01A1, 0x01A1, 
    0x01A1, 0x0181, 0x0181, 0x0181, 0x01A1, 0x0181, 0x0181, 0x01A1, 0x0181, 0x0181, 0x01A1, 0x0181, 
    0x0181, 0x0181, 0x0181, 0x01A2, 0x01C2, 0x01A2, 0x0181, 0x01A1, 0x01A1, 0x01A1, 0x01A1, 0x01A2, 
    0x01A1, 0x01A2, 0x01A2, 0x01A2, 0x01A1, 0x0181, 0x0181, 0x01A1, 0x01A1, 0x01A1, 0x01A1, 0x0181, 
    0x0181, 0x0181, 0x01A1, 0x01A1, 0x01C2, 0x01A2, 0x01A1, 0x01A1, 0x0181, 0x0181, 0x0181, 0x0181, 
    0x0181, 0x0161, 0x0161, 0x0161, 0x0181, 0x0181, 0x0181, 0x01A2, 0x01A2, 0x01A2, 0x01A2, 0x0181, 
    0x0161, 0x0161, 0x0161, 0x0161, 0x0141, 0x0161, 0x0181, 0x0181, 0x0181, 0x0161, 0x0161, 0x0161, 
    0x0181, 0x0181, 0x0181, 0x0181, 0x0181, 0x0181, 0x0161, 0x0181, 0x0181, 0x0181, 0x0181, 0x0181, 
    0x0181, 0x0181, 0x0161, 0x0161, 0x0161, 0x0161, 0x0161, 0x0161, 0x0161, 0x0141, 0x0161, 0x0161, 
    0x0161, 0x0161, 0x0161, 0x0141, 0x0141, 0x0141, 0x0141, 0x0141, 0x0161, 0x0141, 0x0141, 0x0141, 
    0x0141, 0x0121, 0x0121, 0x0101, 0x0100, 0x0100, 0x0100, 0x0121, 0x0121, 0x0121, 0x0121, 0x0121, 
    0x0101, 0x0101, 0x0101, 0x0121, 0x0101, 0x0101, 0x0121, 0x0121, 0x0121, 0x0121, 0x0101, 0x0100, 
    0x0101, 0x0101, 0x0100, 0x0100, 0x0101, 0x0100, 0x00E0, 0x00E0, 0x00E0, 0x00E0, 0x00C0, 0x00A0, 
    0x00A0, 0x0020, 0x4160, 0x8AC0, 0x28C0, 0x4981, 0x51C1, 0x0020, 0x00C1, 0x00C1, 0x00E1, 0x00E1, 
    0x00C1, 0x00E1, 0x0101, 0x0101, 0x00E1, 0x00E1, 0x0101, 0x0121, 0x0121, 0x0101, 0x0101, 0x00E1, 
    0x00E1, 0x00E1, 0x00E1, 0x00E1, 0x00E1, 0x0101, 0x0101, 0x0101, 0x0121, 0x0101, 0x0101, 0x0101, 
    0x0101, 0x00E1, 0x00C1, 0x00E1, 0x00E1, 0x00E1, 0x0101, 0x00E1, 0x00C1, 0x0101, 0x0101, 0x0101, 
    0x00E1, 0x00E1, 0x00C1, 0x00C1, 0x00E1, 0x00E1, 0x00C1, 0x00E1, 0x0121, 0x0101, 0x00E1, 0x00C1, 
    0x00A1, 0x00A1, 0x00A1, 0x00C1, 0x00C1, 0x00C1, 0x00E0, 0x00C1, 0x00C1, 0x00E0, 0x00C0, 0x00A1, 
    0x00A0, 0x00C0, 0x00A0, 0x00A0, 0x00A0, 0x0080, 0x0060, 0x0060, 0x0060, 0x0000, 0x72A3, 0x1080, 
    0xB426, 0x9B64, 0x0000, 0x0080, 0x00A0, 0x0000, 0x8304, 0xCCC6, 0x0860, 0x8B46, 0x18A0, 0x0040, 
    0x0080, 0x0080, 0x0080, 0x0080, 0x00A0, 0x00A0, 0x00A0, 0x00A0, 0x00A0, 0x00C0, 0x00C0, 0x00C0, 
    0x00C0, 0x00C0, 0x00C0, 0x00C0, 0x00C0, 0x00E0, 0x00E0, 0x00E0, 0x00E0, 0x00E0, 0x00E0, 0x00E0, 
    0x00E0, 0x00E0, 0x00E0, 0x0100, 0x0101, 0x0101, 0x0101, 0x0121, 0x0121, 0x0121, 0x0121, 0x0121, 
    0x0121, 0x0121, 0x0121, 0x0141, 0x0141, 0x0141, 0x0141, 0x0141, 0x0141, 0x0141, 0x0141, 0x0141, 
    0x0141, 0x0141, 0x0121, 0x0121, 0x0121, 0x0141, 0x0141, 0x0141, 0x0141, 0x0141, 0x0141, 0x0161, 
    0x0161, 0x0161, 0x0161, 0x0161, 0x0161, 0x0161, 0x0161, 0x0181, 0x0181, 0x0181, 0x01A1, 0x0181, 
    0x0181, 0x0181, 0x01A1, 0x01A1, 0x01A1, 0x01A2, 0x0181, 0x01A1, 0x01A1, 0x0181, 0x0181, 0x0181, 
    0x0181, 0x0161, 0x0181, 0x0181, 0x0181, 0x0181, 0x0181, 0x0181, 0x0181, 0x0181, 0x01A1, 0x01A2, 
    0x01A2, 0x01A2, 0x0181, 0x0181, 0x0181, 0x0181, 0x01A2, 0x01C2, 0x01A2, 0x01A2, 0x01A2, 0x01A2, 
    0x0181, 0x0161, 0x0181, 0x01A1, 0x01A1, 0x01A1, 0x01A1, 0x0181, 0x0161, 0x0181, 0x01A1, 0x01A1, 
    0x01C2, 0x01A2, 0x01A1, 0x01A1, 0x01A1, 0x01A1, 0x0181, 0x0181, 0x0181, 0x0161, 0x0161, 0x0161, 
    0x0181, 0x0181, 0x0181, 0x01A1, 0x01A1, 0x01A1, 0x01A2, 0x0181, 0x0161, 0x0161, 0x0141, 0x0141, 
    0x0141, 0x0161, 0x0181, 0x0181, 0x0181, 0x0181, 0x0181, 0x0181, 0x0181, 0x0181, 0x0181, 0x0181, 
    0x0181, 0x0161, 0x0161, 0x0181, 0x0181, 0x0181, 0x0181, 0x0181, 0x0181, 0x0161, 0x0161, 0x0161, 
    0x0161, 0x0161, 0x0141, 0x0141, 0x0141, 0x0141, 0x0161, 0x0161, 0x0161, 0x0161, 0x0141, 0x0141, 
    0x0141, 0x0141, 0x0141, 0x0161, 0x0161, 0x0141, 0x0141, 0x0141, 0x0141, 0x0141, 0x0141, 0x0121, 
    0x0121, 0x0121, 0x0121, 0x0121, 0x0121, 0x0121, 0x0121, 0x0121, 0x0121, 0x0101, 0x0101, 0x0101, 
    0x0121, 0x0121, 0x0101, 0x0100, 0x0101, 0x0101, 0x0101, 0x0101, 0x0101, 0x0101, 0x0100, 0x0101, 
    0x0100, 0x00E0, 0x00E0, 0x00E0, 0x00E0, 0x00E0, 0x00C0, 0x00A0, 0x00A0, 0x0020, 0x4960, 0x92C0, 
    0x28C0, 0x4960, 0x49A0, 0x0040, 0x00C0, 0x00E1, 0x00E1, 0x00C1, 0x00C1, 0x00E1, 0x0101, 0x0101, 
    0x00E1, 0x00E1, 0x0101, 0x0101, 0x0121, 0x0121, 0x0121, 0x0101, 0x00E1, 0x00E1, 0x00E1, 0x00E1, 
    0x00E1, 0x00E1, 0x00E1, 0x0141, 0x0101, 0x00C1, 0x00E1, 0x0101, 0x0101, 0x0101, 0x0101, 0x0101, 
    0x0101, 0x0101, 0x0101, 0x00E1, 0x00C1, 0x0101, 0x00E1, 0x00C1, 0x00C1, 0x00E1, 0x00E1, 0x00C1, 
    0x00C1, 0x00C1, 0x00C1, 0x00C1, 0x00E1, 0x00E1, 0x00C1, 0x00C1, 0x00A1, 0x00A1, 0x00A1, 0x00C1, 
    0x00E1, 0x00E1, 0x00E1, 0x00C1, 0x00A1, 0x00A0, 0x00A0, 0x00A0, 0x00A0, 0x00C0, 0x00A0, 0x0080, 
    0x0080, 0x0080, 0x0080, 0x0060, 0x0060, 0x0000, 0x72C4, 0x1080, 0xAC25, 0x9B84, 0x0000, 0x0080, 
    0x00A0, 0x0000, 0x8325, 0xD4C7, 0x1060, 0x8326, 0x1080, 0x0040, 0x0080, 0x0080, 0x0080, 0x0080, 
    0x0080, 0x00A0, 0x00A0, 0x00A0, 0x00C0, 0x00C0, 0x00C0, 0x00C0, 0x00C0, 0x00C0, 0x00C0, 0x00C0, 
    0x00C0, 0x00C0, 0x00E0, 0x00E0, 0x00E0, 0x00E0, 0x00E0, 0x00E0, 0x0101, 0x0101, 0x0100, 0x0101, 
    0x0100, 0x0121, 0x0121, 0x0101, 0x0101, 0x0101, 0x0121, 0x0121, 0x0121, 0x0141, 0x0141, 0x0141, 
    0x0141, 0x0141, 0x0141, 0x0121, 0x0121, 0x0141, 0x0141, 0x0141, 0x0121, 0x0141, 0x0141, 0x0141, 
    0x0121, 0x0141, 0x0141, 0x0141, 0x0141, 0x0141, 0x0161, 0x0161, 0x0161, 0x0161, 0x0161, 0x0141, 
    0x0141, 0x0141, 0x0161, 0x0181, 0x0181, 0x01A1, 0x0181, 0x0181, 0x0181, 0x0181, 0x0181, 0x0181, 
    0x0181, 0x01A1, 0x01A1, 0x01A1, 0x01A1, 0x01A1, 0x01A1, 0x0181, 0x0181, 0x0181, 0x0181, 0x0181, 
    0x0181, 0x0181, 0x0181, 0x0181, 0x0181, 0x0181, 0x01A1, 0x01A1, 0x01A1, 0x01A1, 0x0181, 0x01A1, 
    0x0181, 0x0181, 0x01A2, 0x01A1, 0x01A2, 0x01A2, 0x01A1, 0x0181, 0x01A1, 0x0181, 0x0181, 0x01A1, 
    0x01A2, 0x01A1, 0x01A1, 0x01A2, 0x0181, 0x01A1, 0x01A1, 0x01A2, 0x01A2, 0x01A2, 0x01A1, 0x01C1, 
    0x01C2, 0x01C2, 0x01A2, 0x01A2, 0x0181, 0x0181, 0x0161, 0x0181, 0x0181, 0x0181, 0x0181, 0x0181, 
    0x0181, 0x0181, 0x01A2, 0x01A1, 0x0181, 0x0161, 0x0141, 0x0141, 0x0141, 0x0161, 0x0161, 0x0161, 
    0x0181, 0x0181, 0x0181, 0x0181, 0x0181, 0x0181, 0x0181, 0x0181, 0x0181, 0x0181, 0x0181, 0x0181, 
    0x0161, 0x0181, 0x0181, 0x0181, 0x0161, 0x0161, 0x0141, 0x0161, 0x0161, 0x0161, 0x0141, 0x0141, 
    0x0141, 0x0141, 0x0141, 0x0161, 0x0141, 0x0161, 0x0141, 0x0141, 0x0141, 0x0141, 0x0161, 0x0161, 
    0x0141, 0x0141, 0x0141, 0x0141, 0x0141, 0x0141, 0x0121, 0x0121, 0x0121, 0x0121, 0x0121, 0x0121, 
    0x0101, 0x0101, 0x0101, 0x0101, 0x0101, 0x0101, 0x0101, 0x0121, 0x0121, 0x0121, 0x0101, 0x0101, 
    0x0100, 0x0101, 0x0101, 0x0101, 0x0101, 0x0101, 0x00E0, 0x0101, 0x0101, 0x00E0, 0x00E0, 0x00E0, 
    0x00E0, 0x00E0, 0x00C0, 0x00A0, 0x00A0, 0x0000, 0x4980, 0x92C0, 0x20A0, 0x4960, 0x49A0, 0x0040, 
    0x00C0, 0x00C1, 0x00E1, 0x00C1, 0x00C1, 0x00E1, 0x0121, 0x0101, 0x0101, 0x0101, 0x00E1, 0x0101, 
    0x0121, 0x0921, 0x0121, 0x0101, 0x00E1, 0x00E1, 0x00E1, 0x00E1, 0x00E1, 0x00E1, 0x0101, 0x0121, 
    0x00E1, 0x00E1, 0x00E1, 0x00E1, 0x00E1, 0x00E1, 0x0101, 0x0101, 0x0101, 0x00E1, 0x00E1, 0x00E1, 
    0x00C0, 0x00E1, 0x00C1, 0x00E1, 0x00E1, 0x00E1, 0x00E1, 0x00E1, 0x00C1, 0x00C1, 0x00C1, 0x00C1, 
    0x00C1, 0x00E1, 0x00C1, 0x00C1, 0x00C1, 0x00A0, 0x00A1, 0x00C1, 0x00E1, 0x00E1, 0x00E1, 0x00C1, 
    0x00C1, 0x00A1, 0x00C0, 0x00A0, 0x00A0, 0x00C0, 0x00A0, 0x0080, 0x0080, 0x0080, 0x0080, 0x0080, 
    0x0080, 0x0000, 0x72E4, 0x1080, 0xAC25, 0x9B84, 0x0000, 0x0060, 0x00A0, 0x0000, 0x8305, 0xCCC7, 
    0x1060, 0x8325, 0x1080, 0x0040, 0x0060, 0x0080, 0x0080, 0x0080, 0x0080, 0x00A0, 0x00A0, 0x00A0, 
    0x00A0, 0x00C0, 0x00C0, 0x00C0, 0x00C0, 0x00C0, 0x00C0, 0x00C0, 0x00C0, 0x00C0, 0x00E0, 0x00E0, 
    0x00E0, 0x00E0, 0x00E0, 0x00E0, 0x0101, 0x0101, 0x0100, 0x0101, 0x0100, 0x0101, 0x0101, 0x0101, 
    0x0100, 0x0101, 0x0121, 0x0121, 0x0121, 0x0121, 0x0141, 0x0141, 0x0141, 0x0141, 0x0141, 0x0121, 
    0x0121, 0x0141, 0x0141, 0x0121, 0x0121, 0x0141, 0x0141, 0x0141, 0x0121, 0x0141, 0x0141, 0x0141, 
    0x0141, 0x0141, 0x0161, 0x0161, 0x0141, 0x0161, 0x0141, 0x0161, 0x0141, 0x0161, 0x0161, 0x0161, 
    0x0181, 0x0181, 0x0181, 0x0181, 0x0181, 0x0161, 0x0161, 0x0161, 0x0161, 0x01A1, 0x01C2, 0x01A1, 
    0x01A1, 0x0181, 0x0181, 0x0181, 0x0181, 0x0181, 0x0181, 0x0181, 0x0181, 0x0181, 0x0181, 0x0181, 
    0x0181, 0x0181, 0x0181, 0x0181, 0x0181, 0x0181, 0x0181, 0x01A1, 0x0181, 0x0181, 0x01A2, 0x01A1, 
    0x01A1, 0x01A2, 0x01A1, 0x0181, 0x0181, 0x01A1, 0x01A1, 0x0181, 0x0181, 0x01A1, 0x01A2, 0x01A2, 
    0x01A1, 0x01A1, 0x0181, 0x01A1, 0x01A2, 0x01C2, 0x01A2, 0x01C2, 0x01C2, 0x01A2, 0x01A1, 0x01A1, 
    0x01A2, 0x0181, 0x01A1, 0x0181, 0x0181, 0x0181, 0x0181, 0x0181, 0x0161, 0x0161, 0x0181, 0x0181, 
    0x0181, 0x0181, 0x0161, 0x0161, 0x0161, 0x0181, 0x0181, 0x0181, 0x0181, 0x0181, 0x0181, 0x0181, 
    0x01A1, 0x01A1, 0x0181, 0x0181, 0x0181, 0x0181, 0x0161, 0x0181, 0x0161, 0x0161, 0x0161, 0x0161, 
    0x0161, 0x0141, 0x0141, 0x0141, 0x0141, 0x0161, 0x0161, 0x0161, 0x0141, 0x0141, 0x0141, 0x0141, 
    0x0141, 0x0141, 0x0141, 0x0141, 0x0141, 0x0141, 0x0141, 0x0141, 0x0141, 0x0141, 0x0141, 0x0141, 
    0x0141, 0x0141, 0x0121, 0x0121, 0x0121, 0x0121, 0x0121, 0x0121, 0x0121, 0x0121, 0x0121, 0x0101, 
    0x0100, 0x0100, 0x0121, 0x0121, 0x0101, 0x0101, 0x0101, 0x0100, 0x0101, 0x0100, 0x0101, 0x0101, 
    0x0100, 0x0101, 0x00E0, 0x00E0, 0x0101, 0x0101, 0x00E1, 0x00E0, 0x00C0, 0x00C0, 0x00C0, 0x00A0, 
    0x00A0, 0x0000, 0x4981, 0x92E0, 0x20C0, 0x4160, 0x4980, 0x0040, 0x00C0, 0x00C1, 0x0101, 0x00E1, 
    0x00E1, 0x0121, 0x0921, 0x0121, 0x0101, 0x0121, 0x0101, 0x0101, 0x0921, 0x0921, 0x0921, 0x0121, 
    0x00E1, 0x00E1, 0x00E1, 0x00E1, 0x00E1, 0x00E1, 0x00E1, 0x00E1, 0x0101, 0x0101, 0x00E1, 0x00C1, 
    0x00C1, 0x00C1, 0x00E1, 0x0101, 0x0101, 0x00E1, 0x00E1, 0x00C0, 0x00A0, 0x00C0, 0x00E1, 0x00E1, 
    0x00E1, 0x00E1, 0x00C1, 0x00C1, 0x00C1, 0x00C1, 0x00C1, 0x00E1, 0x00E1, 0x00C1, 0x00C1, 0x00C1, 
    0x00C1, 0x00C1, 0x00A1, 0x00A1, 0x00C0, 0x00C0, 0x00C0, 0x00C1, 0x00C1, 0x00C1, 0x00E1, 0x00A0, 
    0x00A0, 0x00C0, 0x00C0, 0x00A0, 0x0080, 0x0080, 0x0080, 0x0060, 0x0060, 0x0000, 0x72E4, 0x1080, 
    0xABE5, 0x9344, 0x0000, 0x0060, 0x00A0, 0x0000, 0x7AE4, 0xCC86, 0x0860, 0x82E4, 0x1080, 0x0040, 
    0x0060, 0x0060, 0x0080, 0x0080, 0x0080, 0x0080, 0x00A0, 0x00A0, 0x00A0, 0x00A0, 0x00C0, 0x00A0, 
    0x00A0, 0x00C0, 0x00C0, 0x00C0, 0x00C0, 0x00C0, 0x00C0, 0x00C0, 0x00E0, 0x00E0, 0x00E0, 0x00E0, 
    0x00E1, 0x00E0, 0x00E0, 0x00E0, 0x00E0, 0x00E0, 0x0100, 0x0101, 0x0100, 0x0101, 0x0101, 0x0121, 
    0x0121, 0x0121, 0x0121, 0x0121, 0x0141, 0x0141, 0x0141, 0x0141, 0x0141, 0x0141, 0x0141, 0x0141, 
    0x0121, 0x0121, 0x0141, 0x0141, 0x0141, 0x0141, 0x0121, 0x0121, 0x0141, 0x0141, 0x0141, 0x0141, 
    0x0141, 0x0141, 0x0141, 0x0161, 0x0161, 0x0161, 0x0161, 0x0161, 0x0181, 0x0181, 0x0181, 0x0161, 
    0x0161, 0x0161, 0x0161, 0x0161, 0x0161, 0x0181, 0x01A1, 0x01A1, 0x01A1, 0x0181, 0x0181, 0x0161, 
    0x0181, 0x0181, 0x01A1, 0x01A1, 0x01A1, 0x0181, 0x0181, 0x0181, 0x01A1, 0x0181, 0x0181, 0x0181, 
    0x0181, 0x0181, 0x0181, 0x0181, 0x01A1, 0x01A2, 0x01A2, 0x01A1, 0x01A1, 0x01A1, 0x0161, 0x0181, 
    0x0181, 0x01A1, 0x01A1, 0x0181, 0x0181, 0x01A1, 0x01C2, 0x01A1, 0x01A1, 0x0181, 0x0181, 0x0181, 
    0x01A2, 0x01A2, 0x01A1, 0x01A1, 0x01A2, 0x01A1, 0x01A1, 0x01A2, 0x01A2, 0x01A2, 0x01A2, 0x0181, 
    0x0181, 0x0161, 0x0161, 0x0161, 0x0161, 0x0161, 0x0161, 0x0161, 0x0161, 0x0161, 0x0161, 0x0161, 
    0x0161, 0x0181, 0x0181, 0x01A2, 0x0181, 0x01A1, 0x01A1, 0x01A1, 0x01A1, 0x01A1, 0x0181, 0x0181, 
    0x0181, 0x0161, 0x0161, 0x0181, 0x0161, 0x0161, 0x0161, 0x0141, 0x0141, 0x0141, 0x0141, 0x0141, 
    0x0141, 0x0141, 0x0161, 0x0161, 0x0161, 0x0161, 0x0161, 0x0161, 0x0141, 0x0141, 0x0141, 0x0141, 
    0x0141, 0x0141, 0x0141, 0x0121, 0x0141, 0x0161, 0x0141, 0x0141, 0x0121, 0x0121, 0x0121, 0x0141, 
    0x0121, 0x0121, 0x0121, 0x0121, 0x0121, 0x0121, 0x0121, 0x0101, 0x0100, 0x0100, 0x0101, 0x0101, 
    0x0100, 0x0101, 0x0101, 0x0100, 0x00E0, 0x00E0, 0x00E0, 0x00E1, 0x0101, 0x0101, 0x00E0, 0x00E0, 
    0x00E0, 0x00E0, 0x00E0, 0x00E1, 0x00C0, 0x00C0, 0x00C0, 0x00A0, 0x00A0, 0x0020, 0x4160, 0x92E0, 
    0x28E0, 0x4160, 0x4960, 0x0020, 0x00C0, 0x00C1, 0x00E1, 0x00E1, 0x00E1, 0x0921, 0x0121, 0x0121, 
    0x0101, 0x0121, 0x0101, 0x0101, 0x0921, 0x0101, 0x00E1, 0x00E1, 0x00E1, 0x00E1, 0x00E1, 0x0121, 
    0x00E1, 0x00C1, 0x00C1, 0x00E1, 0x0121, 0x0101, 0x00C1, 0x00E1, 0x00C1, 0x00C1, 0x00C1, 0x0101, 
    0x00E1, 0x00E1, 0x00A0, 0x00A0, 0x0080, 0x00A0, 0x00C0, 0x00C0, 0x00C0, 0x00C1, 0x00A1, 0x00C1, 
    0x00E1, 0x00E1, 0x00C1, 0x00E1, 0x00E1, 0x00C1, 0x00C1, 0x00C1, 0x00E1, 0x00E1, 0x00C1, 0x00A0, 
    0x00A0, 0x00C0, 0x00C0, 0x00C0, 0x00C0, 0x00C1, 0x00A1, 0x00A0, 0x00A0, 0x00C0, 0x00C0, 0x00A0, 
    0x0080, 0x0060, 0x0080, 0x0060, 0x0060, 0x0000, 0x6A62, 0x1060, 0xA3A4, 0x8B03, 0x0000, 0x0060, 
    0x0080, 0x0000, 0x7AC4, 0xC445, 0x0860, 0x7A83, 0x1060, 0x0040, 0x0060, 0x0060, 0x0080, 0x0080, 
    0x0080, 0x0080, 0x0080, 0x00A0, 0x00A0, 0x00A0, 0x00A0, 0x00A0, 0x00A0, 0x00C0, 0x00C0, 0x00C0, 
    0x00C0, 0x00C0, 0x00C0, 0x00C0, 0x00C0, 0x00E0, 0x00E0, 0x00E0, 0x00E0, 0x00E0, 0x00E0, 0x0101, 
    0x0101, 0x00E0, 0x0101, 0x0101, 0x0101, 0x0121, 0x0121, 0x0121, 0x0121, 0x0121, 0x0121, 0x0121, 
    0x0121, 0x0141, 0x0141, 0x0141, 0x0141, 0x0121, 0x0121, 0x0121, 0x0121, 0x0121, 0x0121, 0x0121, 
    0x0141, 0x0141, 0x0121, 0x0121, 0x0121, 0x0121, 0x0141, 0x0141, 0x0161, 0x0141, 0x0141, 0x0161, 
    0x0161, 0x0161, 0x0161, 0x0161, 0x0161, 0x0161, 0x0161, 0x0161, 0x0161, 0x0181, 0x0161, 0x0161, 
    0x0161, 0x0181, 0x01A1, 0x01A1, 0x01A1, 0x0181, 0x0181, 0x0161, 0x0181, 0x0181, 0x01A1, 0x0181, 
    0x0181, 0x0181, 0x0181, 0x0181, 0x01A1, 0x01A2, 0x01A1, 0x01A1, 0x0181, 0x0181, 0x0181, 0x0181, 
    0x01A1, 0x01A1, 0x01C2, 0x01A1, 0x0181, 0x01A2, 0x0181, 0x01A1, 0x0181, 0x0181, 0x0181, 0x0181, 
    0x01A1, 0x01A1, 0x01C2, 0x01C2, 0x01A1, 0x01A1, 0x0161, 0x0181, 0x01A1, 0x01A2, 0x01A1, 0x01A1, 
    0x01A2, 0x01A1, 0x01A2, 0x01A2, 0x01A2, 0x01A2, 0x01A1, 0x0181, 0x0161, 0x0181, 0x0181, 0x0161, 
    0x0181, 0x0181, 0x0161, 0x0161, 0x0161, 0x0181, 0x0181, 0x0181, 0x0161, 0x0181, 0x0181, 0x01A1, 
    0x01A1, 0x01A2, 0x01A1, 0x01A1, 0x0181, 0x0181, 0x0181, 0x0181, 0x0161, 0x0161, 0x0161, 0x0161, 
    0x0161, 0x0161, 0x0161, 0x0141, 0x0141, 0x0141, 0x0161, 0x0161, 0x0141, 0x0141, 0x0141, 0x0161, 
    0x0161, 0x0161, 0x0161, 0x0141, 0x0141, 0x0141, 0x0141, 0x0141, 0x0141, 0x0141, 0x0121, 0x0121, 
    0x0121, 0x0141, 0x0141, 0x0141, 0x0121, 0x0121, 0x0141, 0x0141, 0x0141, 0x0141, 0x0141, 0x0121, 
    0x0121, 0x0121, 0x0121, 0x0121, 0x0101, 0x0101, 0x0101, 0x0101, 0x0100, 0x0100, 0x0100, 0x00E0, 
    0x00E0, 0x00E0, 0x00E0, 0x0101, 0x00E1, 0x00E1, 0x00E0, 0x00E0, 0x00E0, 0x00C0, 0x00C0, 0x00E0, 
    0x00C0, 0x00C0, 0x00C0, 0x00A0, 0x00A0, 0x0020, 0x4960, 0x92E0, 0x28E0, 0x4140, 0x4160, 0x0000, 
    0x00C0, 0x00E0, 0x00E1, 0x00E1, 0x00E1, 0x0121, 0x0121, 0x0101, 0x0101, 0x0101, 0x00E1, 0x00C1, 
    0x00E1, 0x00E1, 0x0101, 0x0101, 0x00E1, 0x0121, 0x0101, 0x00C1, 0x00C1, 0x00C1, 0x00E1, 0x00E1, 
    0x0101, 0x0101, 0x00E1, 0x0101, 0x00E1, 0x00C1, 0x00C1, 0x00C1, 0x00E1, 0x00A0, 0x0060, 0x0000, 
    0x0060, 0x0020, 0x0080, 0x00C0, 0x00C0, 0x00A0, 0x00A0, 0x00C0, 0x00E1, 0x00E1, 0x00C1, 0x00E1, 
    0x0101, 0x00E1, 0x00C1, 0x00C1, 0x00C1, 0x00E1, 0x00C1, 0x00A1, 0x00A1, 0x00A0, 0x00C0, 0x00C0, 
    0x00C0, 0x00A1, 0x00A0, 0x0080, 0x00C0, 0x00C0, 0x00C0, 0x00A0, 0x0080, 0x0080, 0x0080, 0x0060, 
    0x0060, 0x0000, 0x6200, 0x1040, 0x9B83, 0x8B03, 0x0000, 0x0060, 0x00A0, 0x0000, 0x72C3, 0xC445, 
    0x1060, 0x7AA3, 0x1060, 0x0040, 0x0060, 0x0060, 0x0080, 0x0080, 0x0080, 0x0080, 0x0080, 0x00A0, 
    0x00A0, 0x00A0, 0x00A0, 0x00A0, 0x00A0, 0x00C0, 0x00C0, 0x00C0, 0x00C0, 0x00C0, 0x00C0, 0x00C0, 
    0x00C0, 0x00C0, 0x00C0, 0x00C0, 0x00C0, 0x00C0, 0x00E0, 0x00E0, 0x0101, 0x0101, 0x0100, 0x0101, 
    0x0121, 0x0121, 0x0121, 0x0121, 0x0121, 0x0121, 0x0121, 0x0121, 0x0121, 0x0121, 0x0141, 0x0141, 
    0x0141, 0x0141, 0x0141, 0x0141, 0x0141, 0x0141, 0x0141, 0x0141, 0x0141, 0x0121, 0x0121, 0x0121, 
    0x0121, 0x0141, 0x0141, 0x0141, 0x0161, 0x0161, 0x0141, 0x0141, 0x0161, 0x0161, 0x0161, 0x0181, 
    0x0181, 0x0161, 0x0161, 0x0161, 0x0181, 0x0181, 0x0181, 0x0181, 0x0161, 0x0181, 0x0181, 0x0181, 
    0x01A1, 0x0181, 0x0181, 0x0181, 0x01A1, 0x01A1, 0x0181, 0x01A1, 0x01A1, 0x01A1, 0x01A1, 0x01A1, 
    0x0182, 0x01A2, 0x01C2, 0x01C2, 0x01A2, 0x01A1, 0x0181, 0x0181, 0x01A1, 0x01C2, 0x01C2, 0x01A2, 
    0x01A1, 0x01A1, 0x01A2, 0x01A1, 0x0181, 0x0181, 0x0181, 0x0181, 0x01A2, 0x01A2, 0x01A1, 0x01C2, 
    0x01A1, 0x01A1, 0x0181, 0x0181, 0x01A2, 0x01A1, 0x01A1, 0x01A2, 0x01A2, 0x01A2, 0x01A1, 0x01A1, 
    0x0181, 0x0181, 0x0181, 0x0161, 0x0161, 0x0161, 0x0181, 0x0181, 0x0181, 0x0181, 0x0181, 0x0181, 
    0x0161, 0x0181, 0x01A1, 0x01A1, 0x0181, 0x0181, 0x0181, 0x0181, 0x01A1, 0x0181, 0x0181, 0x0181, 
    0x0181, 0x0181, 0x01A1, 0x0181, 0x0161, 0x0161, 0x0141, 0x0161, 0x0181, 0x0161, 0x0161, 0x0161, 
    0x0141, 0x0161, 0x0141, 0x0141, 0x0141, 0x0161, 0x0161, 0x0161, 0x0161, 0x0161, 0x0141, 0x0141, 
    0x0141, 0x0141, 0x0141, 0x0141, 0x0121, 0x0121, 0x0121, 0x0121, 0x0121, 0x0141, 0x0141, 0x0141, 
    0x0141, 0x0141, 0x0141, 0x0141, 0x0141, 0x0141, 0x0141, 0x0141, 0x0121, 0x0121, 0x0121, 0x0121, 
    0x0121, 0x0101, 0x0101, 0x0101, 0x0100, 0x00E0, 0x00E0, 0x00E0, 0x00E0, 0x00E0, 0x00E0, 0x00E0, 
    0x00E0, 0x00E0, 0x00E0, 0x00E0, 0x00E0, 0x00E0, 0x00C0, 0x00C0, 0x00C0, 0x00C0, 0x00C0, 0x00A0, 
    0x00A0, 0x0020, 0x4980, 0x92E0, 0x28E0, 0x4180, 0x4980, 0x0000, 0x00A0, 0x00C1, 0x0101, 0x00E1, 
    0x00E1, 0x0101, 0x0121, 0x0101, 0x00E1, 0x00E1, 0x00E1, 0x00E1, 0x0101, 0x0101, 0x00E1, 0x0101, 
    0x0101, 0x0121, 0x00E1, 0x00C1, 0x00C1, 0x00E1, 0x00E1, 0x00E1, 0x00E1, 0x0101, 0x00E1, 0x0101, 
    0x00E1, 0x00C1, 0x00C1, 0x00A1, 0x00A1, 0x0080, 0x0881, 0x8B87, 0xC4E8, 0x9BE7, 0x10C1, 0x0080, 
    0x00A0, 0x00A0, 0x00C1, 0x00E1, 0x00E1, 0x00E1, 0x00E1, 0x00C1, 0x00E1, 0x00E1, 0x00C1, 0x00C1, 
    0x00C1, 0x00C1, 0x00C1, 0x00A1, 0x00A1, 0x00C1, 0x00C0, 0x00C0, 0x00A0, 0x0080, 0x0080, 0x00A0, 
    0x00C0, 0x00C0, 0x00C0, 0x00A0, 0x0080, 0x0080, 0x0080, 0x0060, 0x0060, 0x0000, 0x6200, 0x1040, 
    0x9B84, 0x9303, 0x0000, 0x0060, 0x0080, 0x0000, 0x7AE4, 0xBC25, 0x0860, 0x7AA3, 0x1060, 0x0040, 
    0x0060, 0x0060, 0x0080, 0x0080, 0x0080, 0x0080, 0x0080, 0x00A0, 0x00A0, 0x00A0, 0x00A0, 0x00A0, 
    0x00A0, 0x00C0, 0x00C0, 0x00C0, 0x00C0, 0x00C0, 0x00C0, 0x00C0, 0x00C0, 0x00C0, 0x00C0, 0x00C0, 
    0x00C0, 0x00C0, 0x00E0, 0x00E0, 0x0100, 0x0101, 0x0100, 0x0101, 0x0101, 0x0121, 0x0101, 0x0101, 
    0x0100, 0x0121, 0x0121, 0x0121, 0x0121, 0x0121, 0x0141, 0x0141, 0x0141, 0x0141, 0x0121, 0x0141, 
    0x0141, 0x0141, 0x0141, 0x0141, 0x0141, 0x0121, 0x0121, 0x0121, 0x0141, 0x0141, 0x0141, 0x0141, 
    0x0141, 0x0141, 0x0141, 0x0141, 0x0141, 0x0161, 0x0161, 0x0181, 0x0181, 0x0161, 0x0181, 0x0181, 
    0x01A2, 0x0181, 0x0181, 0x0181, 0x0161, 0x0161, 0x0181, 0x0181, 0x0181, 0x0181, 0x0181, 0x0181, 
    0x01A1, 0x0181, 0x0181, 0x01A1, 0x01A1, 0x01A1, 0x01A1, 0x0181, 0x01A2, 0x01A1, 0x01C2, 0x01C2, 
    0x01C2, 0x01A1, 0x01A1, 0x01A1, 0x01A1, 0x01A1, 0x01A1, 0x01C2, 0x01A1, 0x01A1, 0x01A1, 0x0181, 
    0x0181, 0x0181, 0x0181, 0x0181, 0x01A1, 0x01A1, 0x01A1, 0x01C2, 0x01A2, 0x01A2, 0x0181, 0x0181, 
    0x0181, 0x01A1, 0x0181, 0x01A1, 0x01A1, 0x01A1, 0x01A1, 0x01A2, 0x0181, 0x0161, 0x0181, 0x0181, 
    0x0161, 0x0161, 0x0181, 0x0181, 0x0181, 0x0181, 0x0181, 0x0181, 0x0181, 0x0181, 0x0181, 0x0181, 
    0x0181, 0x0181, 0x0181, 0x0181, 0x0181, 0x0181, 0x0161, 0x0181, 0x0161, 0x0181, 0x0181, 0x0181, 
    0x0161, 0x0161, 0x0141, 0x0161, 0x0161, 0x0161, 0x0161, 0x0141, 0x0141, 0x0161, 0x0141, 0x0141, 
    0x0141, 0x0161, 0x0141, 0x0141, 0x0141, 0x0161, 0x0141, 0x0161, 0x0141, 0x0141, 0x0141, 0x0121, 
    0x0121, 0x0121, 0x0121, 0x0121, 0x0141, 0x0121, 0x0121, 0x0141, 0x0121, 0x0121, 0x0121, 0x0141, 
    0x0141, 0x0141, 0x0141, 0x0141, 0x0121, 0x0121, 0x0121, 0x0121, 0x0121, 0x0121, 0x0101, 0x0101, 
    0x0101, 0x00E0, 0x00E0, 0x00E0, 0x00E0, 0x0100, 0x0100, 0x0100, 0x00E0, 0x00E0, 0x00E0, 0x00E0, 
    0x00E0, 0x00C0, 0x00C0, 0x00C0, 0x00E0, 0x00C0, 0x00C0, 0x00A0, 0x00A0, 0x0020, 0x4981, 0x92E0, 
    0x28C0, 0x49A0, 0x49A0, 0x0000, 0x0080, 0x00A0, 0x00E1, 0x0101, 0x00E1, 0x00E1, 0x0121, 0x0101, 
    0x00E1, 0x00E1, 0x00C1, 0x00E1, 0x0101, 0x0101, 0x00C1, 0x00C1, 0x0101, 0x0101, 0x00E1, 0x00C1, 
    0x00C1, 0x00E1, 0x00E1, 0x0101, 0x0101, 0x00E1, 0x00E1, 0x00E1, 0x0101, 0x0101, 0x00E1, 0x00A0, 
    0x00C1, 0x0000, 0x72C5, 0xF5EA, 0xDD28, 0xFE0B, 0x8B66, 0x0000, 0x00A0, 0x00A0, 0x00E0, 0x00E1, 
    0x00E1, 0x00E1, 0x00E1, 0x00A1, 0x00C1, 0x00E1, 0x00C1, 0x00C1, 0x00C1, 0x00C1, 0x00C1, 0x00A1, 
    0x00A1, 0x00A1, 0x00C1, 0x00C0, 0x00A0, 0x0080, 0x00A0, 0x00A0, 0x00A0, 0x00A0, 0x00A0, 0x00A0, 
    0x0080, 0x0080, 0x0080, 0x0060, 0x0060, 0x0000, 0x6200, 0x1040, 0x9B84, 0x9323, 0x0000, 0x0060, 
    0x0080, 0x0000, 0x7AC3, 0xBC04, 0x0860, 0x7262, 0x1060, 0x0040, 0x0060, 0x0080, 0x0080, 0x0080, 
    0x0080, 0x0080, 0x0080, 0x00A0, 0x00A0, 0x00A0, 0x00A0, 0x00A0, 0x00A0, 0x00A0, 0x00C0, 0x00C0, 
    0x00C0, 0x00E0, 0x00E0, 0x00E0, 0x00C0, 0x00C0, 0x00C0, 0x00C0, 0x00C0, 0x00C0, 0x00E0, 0x00E0, 
    0x00E0, 0x0100, 0x0100, 0x0101, 0x0101, 0x0101, 0x0100, 0x0100, 0x0100, 0x0101, 0x0121, 0x0121, 
    0x0121, 0x0141, 0x0121, 0x0141, 0x0141, 0x0141, 0x0121, 0x0121, 0x0141, 0x0141, 0x0141, 0x0141, 
    0x0141, 0x0121, 0x0141, 0x0141, 0x0141, 0x0121, 0x0121, 0x0121, 0x0141, 0x0141, 0x0141, 0x0141, 
    0x0161, 0x0161, 0x0161, 0x0181, 0x0161, 0x0161, 0x0181, 0x0181, 0x0181, 0x0181, 0x0181, 0x0181, 
    0x0161, 0x0161, 0x0181, 0x0181, 0x0181, 0x0161, 0x0161, 0x0161, 0x0181, 0x0181, 0x0181, 0x0181, 
    0x0181, 0x0181, 0x0181, 0x0181, 0x01A1, 0x01A1, 0x01A1, 0x01C2, 0x01A1, 0x01C2, 0x01A1, 0x0181, 
    0x0181, 0x0181, 0x0181, 0x01A1, 0x01A1, 0x0181, 0x01A1, 0x0181, 0x0181, 0x0181, 0x0181, 0x0181, 
    0x0181, 0x0181, 0x0181, 0x01A1, 0x01A1, 0x01A1, 0x0181, 0x0181, 0x0181, 0x0181, 0x0181, 0x01A1, 
    0x01A1, 0x01A1, 0x01A1, 0x0181, 0x0181, 0x0181, 0x0181, 0x0181, 0x0181, 0x0181, 0x0181, 0x0181, 
    0x0181, 0x0181, 0x0181, 0x0181, 0x0181, 0x0181, 0x0181, 0x0181, 0x0181, 0x0181, 0x0181, 0x0181, 
    0x0181, 0x0161, 0x0161, 0x0161, 0x0181, 0x0181, 0x0181, 0x0161, 0x0161, 0x0161, 0x0161, 0x0161, 
    0x0161, 0x0161, 0x0161, 0x0141, 0x0141, 0x0161, 0x0161, 0x0141, 0x0141, 0x0141, 0x0141, 0x0141, 
    0x0141, 0x0141, 0x0161, 0x0161, 0x0141, 0x0141, 0x0141, 0x0120, 0x0121, 0x0121, 0x0121, 0x0121, 
    0x0141, 0x0121, 0x0121, 0x0121, 0x0121, 0x0121, 0x0101, 0x0121, 0x0141, 0x0121, 0x0121, 0x0121, 
    0x0121, 0x0121, 0x0101, 0x0101, 0x0100, 0x0101, 0x0100, 0x0101, 0x0101, 0x00E1, 0x00E0, 0x00E0, 
    0x00E0, 0x0100, 0x0100, 0x0101, 0x00E0, 0x00E0, 0x00E0, 0x00E0, 0x00E0, 0x00C0, 0x00C0, 0x00C0, 
    0x00C0, 0x00C0, 0x00C0, 0x00C0, 0x00A0, 0x0020, 0x51A1, 0x9300, 0x28E0, 0x49C1, 0x49A0, 0x0000, 
    0x00A0, 0x00C0, 0x00C1, 0x00E1, 0x0101, 0x00E1, 0x0121, 0x0101, 0x00E1, 0x00E1, 0x00E1, 0x00E1, 
    0x00E1, 0x00C1, 0x00C1, 0x00C1, 0x00C1, 0x00C1, 0x00C1, 0x00C1, 0x00C1, 0x00E1, 0x00E1, 0x00E1, 
    0x00E1, 0x00E1, 0x00C1, 0x00C0, 0x00E1, 0x00E1, 0x00C1, 0x00C1, 0x00A0, 0x0000, 0x9324, 0xE549, 
    0xCCE8, 0xE549, 0xABE5, 0x0000, 0x00A0, 0x00C0, 0x00C0, 0x00E1, 0x00E1, 0x00E1, 0x00C1, 0x00A1, 
    0x00A0, 0x00E1, 0x00C1, 0x00C1, 0x00C1, 0x00C1, 0x00A1, 0x00A1, 0x00C1, 0x00A1, 0x00A0, 0x00A0, 
    0x00A0, 0x00A0, 0x00A0, 0x00A0, 0x00A0, 0x00A0, 0x0080, 0x0080, 0x0080, 0x0080, 0x00A0, 0x0080, 
    0x0060, 0x0000, 0x6A62, 0x1060, 0x9B84, 0x9323, 0x0000, 0x0060, 0x00A0, 0x0000, 0x7AA3, 0xBC04, 
    0x1060, 0x7261, 0x1060, 0x0040, 0x0060, 0x0080, 0x0080, 0x0080, 0x0080, 0x0080, 0x0080, 0x00A0, 
    0x00A0, 0x00A0, 0x00A0, 0x00A0, 0x00A0, 0x00A0, 0x00A0, 0x00C0, 0x00C0, 0x00E0, 0x00E0, 0x00E0, 
    0x00E0, 0x00C0, 0x00C0, 0x00C0, 0x00E0, 0x00E0, 0x00E0, 0x00E0, 0x00E0, 0x0101, 0x00E0, 0x0100, 
    0x0101, 0x0100, 0x0101, 0x0101, 0x0101, 0x0101, 0x0101, 0x0121, 0x0121, 0x0141, 0x0121, 0x0141, 
    0x0141, 0x0141, 0x0121, 0x0121, 0x0121, 0x0141, 0x0121, 0x0141, 0x0121, 0x0121, 0x0121, 0x0121, 
    0x0121, 0x0121, 0x0121, 0x0121, 0x0121, 0x0141, 0x0141, 0x0141, 0x0161, 0x0161, 0x0161, 0x0161, 
    0x0161, 0x0161, 0x0161, 0x0161, 0x0181, 0x0181, 0x0181, 0x0181, 0x0161, 0x0141, 0x0161, 0x0161, 
    0x0161, 0x0161, 0x0141, 0x0141, 0x0161, 0x0181, 0x0181, 0x0181, 0x0181, 0x0181, 0x0181, 0x0181, 
    0x0181, 0x0181, 0x01A1, 0x01A2, 0x01A1, 0x01A1, 0x01A1, 0x0181, 0x0181, 0x0181, 0x0181, 0x0181, 
    0x01A1, 0x0181, 0x0181, 0x0181, 0x0181, 0x0181, 0x0181, 0x0161, 0x0181, 0x01A2, 0x01A1, 0x01A1, 
    0x0181, 0x0181, 0x0181, 0x0181, 0x0181, 0x01A1, 0x01A1, 0x01A1, 0x01A1, 0x01A2, 0x01A2, 0x0181, 
    0x0181, 0x0161, 0x0181, 0x0181, 0x0181, 0x0181, 0x01A2, 0x0181, 0x0181, 0x0181, 0x0181, 0x0181, 
    0x0161, 0x0161, 0x0161, 0x0161, 0x0181, 0x0181, 0x0181, 0x0181, 0x0181, 0x0161, 0x0161, 0x0161, 
    0x0181, 0x0181, 0x0181, 0x0181, 0x0161, 0x0161, 0x0161, 0x0161, 0x0161, 0x0161, 0x0161, 0x0161, 
    0x0141, 0x0141, 0x0161, 0x0141, 0x0121, 0x0141, 0x0141, 0x0141, 0x0141, 0x0161, 0x0161, 0x0161, 
    0x0161, 0x0141, 0x0141, 0x0141, 0x0141, 0x0141, 0x0121, 0x0121, 0x0121, 0x0121, 0x0121, 0x0141, 
    0x0121, 0x0121, 0x0101, 0x0121, 0x0121, 0x0121, 0x0121, 0x0121, 0x0121, 0x0121, 0x0121, 0x0101, 
    0x0101, 0x0101, 0x0101, 0x0100, 0x0101, 0x00E0, 0x00E0, 0x00E0, 0x00E0, 0x00E0, 0x0101, 0x00E0, 
    0x00E0, 0x00E0, 0x00E0, 0x00E0, 0x00C0, 0x00C0, 0x00C0, 0x00C0, 0x00C0, 0x00C0, 0x00C0, 0x00A0, 
    0x00A0, 0x0020, 0x51A1, 0x92E0, 0x28E0, 0x4980, 0x4980, 0x0000, 0x0080, 0x00A0, 0x00E1, 0x00E1, 
    0x0101, 0x00E1, 0x0101, 0x0101, 0x00E1, 0x0921, 0x0101, 0x0101, 0x00E1, 0x00C1, 0x00C1, 0x00E1, 
    0x00E1, 0x00C1, 0x00C1, 0x00C1, 0x00C1, 0x00C1, 0x00C1, 0x00C1, 0x00E1, 0x00E0, 0x00C1, 0x00C1, 
    0x00C1, 0x00C1, 0x00C1, 0x0080, 0x0080, 0x2923, 0x72A4, 0xDD07, 0xCCC7, 0xDD07, 0x7B05, 0x3163, 
    0x08C1, 0x00A0, 0x00E1, 0x00C0, 0x00E1, 0x00E1, 0x00C1, 0x00A1, 0x00A1, 0x00C0, 0x00C1, 0x00C1, 
    0x00C1, 0x00C0, 0x00A1, 0x00C1, 0x00E1, 0x00C0, 0x00C0, 0x00A0, 0x00C0, 0x00C0, 0x00C0, 0x00A0, 
    0x00A0, 0x00A0, 0x0080, 0x0080, 0x00A0, 0x00A0, 0x0080, 0x0060, 0x0040, 0x0000, 0x7283, 0x1080, 
    0x9BA4, 0x9323, 0x0000, 0x0060, 0x00A0, 0x0000, 0x7AA3, 0xBBE4, 0x1060, 0x7220, 0x1040, 0x0040, 
    0x0060, 0x0080, 0x0080, 0x0080, 0x0080, 0x0080, 0x0080, 0x00A0, 0x00A0, 0x00A0, 0x00A0, 0x00A0, 
    0x00A0, 0x00A0, 0x00A0, 0x00A0, 0x00C0, 0x00C0, 0x00C0, 0x00C0, 0x00C0, 0x00E0, 0x00C0, 0x00E0, 
    0x00E0, 0x00E0, 0x00E0, 0x00E0, 0x00E0, 0x0100, 0x00E0, 0x00E0, 0x0101, 0x0101, 0x0101, 0x0101, 
    0x0101, 0x0101, 0x0101, 0x0121, 0x0121, 0x0141, 0x0141, 0x0141, 0x0121, 0x0121, 0x0121, 0x0121, 
    0x0121, 0x0121, 0x0121, 0x0141, 0x0121, 0x0121, 0x0121, 0x0121, 0x0141, 0x0121, 0x0121, 0x0121, 
    0x0141, 0x0141, 0x0141, 0x0141, 0x0141, 0x0161, 0x0161, 0x0161, 0x0161, 0x0161, 0x0161, 0x0141, 
    0x0161, 0x0161, 0x0181, 0x0181, 0x0161, 0x0141, 0x0161, 0x0161, 0x0161, 0x0141, 0x0161, 0x0141, 
    0x0161, 0x0181, 0x0181, 0x0181, 0x0181, 0x0181, 0x0181, 0x0181, 0x0181, 0x0181, 0x0181, 0x0181, 
    0x0181, 0x0181, 0x0181, 0x0181, 0x0181, 0x0181, 0x0181, 0x0181, 0x01A1, 0x01A2, 0x0181, 0x0181, 
    0x0181, 0x0181, 0x0181, 0x0181, 0x0161, 0x0181, 0x0181, 0x0181, 0x01A1, 0x01A1, 0x0181, 0x0161, 
    0x0181, 0x01A1, 0x01A1, 0x01A1, 0x01A2, 0x01A2, 0x0181, 0x0181, 0x0181, 0x0181, 0x0181, 0x0181, 
    0x0181, 0x0181, 0x01A2, 0x01A1, 0x01A1, 0x01A1, 0x0181, 0x0181, 0x0161, 0x0161, 0x0161, 0x0161, 
    0x0161, 0x0161, 0x0181, 0x0181, 0x0181, 0x0161, 0x0161, 0x0161, 0x0181, 0x0161, 0x0161, 0x0161, 
    0x0161, 0x0161, 0x0141, 0x0161, 0x0161, 0x0161, 0x0161, 0x0161, 0x0161, 0x0141, 0x0141, 0x0141, 
    0x0141, 0x0141, 0x0141, 0x0161, 0x0161, 0x0161, 0x0161, 0x0161, 0x0161, 0x0161, 0x0141, 0x0161, 
    0x0161, 0x0121, 0x0121, 0x0141, 0x0121, 0x0121, 0x0121, 0x0121, 0x0121, 0x0101, 0x0101, 0x0121, 
    0x0121, 0x0121, 0x0121, 0x0121, 0x0121, 0x0121, 0x0121, 0x0101, 0x0101, 0x0101, 0x0101, 0x0101, 
    0x0100, 0x00E0, 0x0101, 0x0101, 0x0101, 0x0101, 0x0101, 0x00E0, 0x00E0, 0x00E0, 0x00E1, 0x00E0, 
    0x00C0, 0x00C0, 0x00C0, 0x00C0, 0x00C0, 0x00C0, 0x00C0, 0x00A0, 0x00A0, 0x0020, 0x51A1, 0x92E0, 
    0x28E0, 0x4140, 0x4140, 0x0000, 0x0080, 0x00A0, 0x00C1, 0x00E1, 0x00E1, 0x00E1, 0x00E1, 0x0101, 
    0x00E1, 0x00C1, 0x0101, 0x0101, 0x00C0, 0x00E1, 0x0101, 0x00E1, 0x00C1, 0x00C1, 0x00E1, 0x00E1, 
    0x00E1, 0x00E1, 0x00C1, 0x00C1, 0x00C0, 0x00C0, 0x00C1, 0x00C1, 0x00C0, 0x00C0, 0x00A0, 0x0860, 
    0x9BC7, 0xDD49, 0xCCA8, 0xCC87, 0xCCA6, 0xCCA7, 0xC4C9, 0xDD49, 0xAC27, 0x10C1, 0x00A0, 0x00E0, 
    0x00E1, 0x00E1, 0x00C1, 0x00A1, 0x00A1, 0x00C1, 0x00C1, 0x00C1, 0x00C1, 0x00A1, 0x00A1, 0x00C0, 
    0x00C0, 0x00C0, 0x00C1, 0x00A0, 0x0060, 0x00A0, 0x0060, 0x0040, 0x0080, 0x0080, 0x0080, 0x00A0, 
    0x0080, 0x0080, 0x0060, 0x0040, 0x0040, 0x0000, 0x72C4, 0x1080, 0x9BA4, 0x9323, 0x0000, 0x0060, 
    0x0080, 0x0000, 0x7AA3, 0xB3C3, 0x0860, 0x7200, 0x1040, 0x0040, 0x0060, 0x0060, 0x0080, 0x0080, 
    0x0080, 0x0080, 0x0080, 0x0080, 0x00A0, 0x00A0, 0x00A0, 0x00A0, 0x00A0, 0x00A0, 0x00A0, 0x00A0, 
    0x00A0, 0x00C0, 0x00C0, 0x00C0, 0x00C0, 0x00E0, 0x00C0, 0x00E0, 0x00E0, 0x00E1, 0x00E0, 0x00E0, 
    0x00E0, 0x00E0, 0x00E0, 0x00E0, 0x0101, 0x0101, 0x0100, 0x0101, 0x0101, 0x0101, 0x0101, 0x0121, 
    0x0121, 0x0121, 0x0141, 0x0141, 0x0121, 0x0121, 0x0121, 0x0100, 0x0121, 0x0121, 0x0141, 0x0141, 
    0x0141, 0x0141, 0x0141, 0x0141, 0x0121, 0x0121, 0x0121, 0x0141, 0x0161, 0x0161, 0x0161, 0x0161, 
    0x0141, 0x0161, 0x0161, 0x0161, 0x0161, 0x0161, 0x0161, 0x0141, 0x0141, 0x0141, 0x0161, 0x0161, 
    0x0161, 0x0141, 0x0161, 0x0161, 0x0161, 0x0141, 0x0141, 0x0141, 0x0161, 0x0181, 0x0181, 0x0181, 
    0x0181, 0x0181, 0x0181, 0x0181, 0x0181, 0x0181, 0x0161, 0x0161, 0x0161, 0x0161, 0x0181, 0x0181, 
    0x0181, 0x0181, 0x01A1, 0x0181, 0x0181, 0x0181, 0x0181, 0x0181, 0x0181, 0x0181, 0x0161, 0x0161, 
    0x0181, 0x0181, 0x0161, 0x0181, 0x01A1, 0x01A2, 0x0181, 0x0161, 0x0181, 0x01A1, 0x0181, 0x01A1, 
    0x01A2, 0x01A2, 0x01A1, 0x0181, 0x0181, 0x0181, 0x0181, 0x01A2, 0x01A2, 0x0181, 0x0181, 0x0181, 
    0x0182, 0x0181, 0x0181, 0x0181, 0x0181, 0x0181, 0x0161, 0x0161, 0x0161, 0x0161, 0x0161, 0x0161, 
    0x0161, 0x0161, 0x0161, 0x0161, 0x0161, 0x0161, 0x0141, 0x0141, 0x0141, 0x0141, 0x0141, 0x0161, 
    0x0161, 0x0161, 0x0161, 0x0161, 0x0161, 0x0141, 0x0141, 0x0141, 0x0141, 0x0161, 0x0161, 0x0161, 
    0x0141, 0x0141, 0x0141, 0x0161, 0x0141, 0x0141, 0x0141, 0x0161, 0x0161, 0x0141, 0x0121, 0x0121, 
    0x0121, 0x0121, 0x0121, 0x0121, 0x0121, 0x0101, 0x0101, 0x0121, 0x0121, 0x0121, 0x0121, 0x0121, 
    0x0121, 0x0121, 0x0121, 0x0101, 0x0101, 0x0101, 0x0100, 0x0101, 0x0101, 0x00E0, 0x00E0, 0x0100, 
    0x0100, 0x00E0, 0x00E0, 0x00E1, 0x00E0, 0x00E1, 0x00E0, 0x00E0, 0x00C0, 0x00C0, 0x00C0, 0x00C0, 
    0x00C0, 0x00C0, 0x00A0, 0x00A0, 0x00A0, 0x0020, 0x51C1, 0x9B00, 0x30E0, 0x4180, 0x4980, 0x0000, 
    0x00A0, 0x00C1, 0x0101, 0x0101, 0x0101, 0x00E1, 0x00E1, 0x00C1, 0x21A2, 0x4A42, 0x2981, 0x08C0, 
    0x39A2, 0x1101, 0x00A0, 0x00C1, 0x00C1, 0x00E1, 0x00C1, 0x00C1, 0x0080, 0x0060, 0x00A0, 0x00C1, 
    0x00C1, 0x00C1, 0x00C1, 0x00C1, 0x00C0, 0x00C0, 0x0060, 0x41C2, 0xDCE7, 0xC446, 0xCC86, 0xCC86, 
    0xCC86, 0xCC86, 0xCC86, 0xC445, 0xDCE7, 0x51E3, 0x0040, 0x00C1, 0x00C1, 0x00C1, 0x00A0, 0x00A0, 
    0x00A0, 0x00A0, 0x0080, 0x0040, 0x0080, 0x00A1, 0x00A0, 0x00A0, 0x00C0, 0x00E1, 0x0080, 0x1101, 
    0x41E2, 0x0080, 0x2921, 0x51E2, 0x3141, 0x0040, 0x00A0, 0x00A0, 0x00A0, 0x0080, 0x0060, 0x0060, 
    0x0040, 0x0000, 0x7AE4, 0x10A1, 0x9BA4, 0x8B02, 0x0000, 0x0060, 0x00A0, 0x0000, 0x7AA3, 0xABA3, 
    0x0840, 0x7240, 0x1060, 0x0060, 0x0080, 0x0080, 0x0080, 0x0080, 0x0080, 0x0080, 0x0080, 0x0080, 
    0x0080, 0x00A0, 0x00A0, 0x00A0, 0x00A0, 0x00A0, 0x00A0, 0x00A0, 0x00A0, 0x00C0, 0x00C0, 0x00C0, 
    0x00C0, 0x00C0, 0x00C0, 0x00E0, 0x00E0, 0x00E0, 0x00E0, 0x00E0, 0x00E0, 0x00E0, 0x00E0, 0x00E0, 
    0x0101, 0x0101, 0x0101, 0x0100, 0x0100, 0x0100, 0x0101, 0x0101, 0x0121, 0x0121, 0x0121, 0x0121, 
    0x0121, 0x0121, 0x0101, 0x0100, 0x0121, 0x0121, 0x0141, 0x0141, 0x0141, 0x0141, 0x0141, 0x0141, 
    0x0141, 0x0121, 0x0121, 0x0141, 0x0161, 0x0161, 0x0161, 0x0161, 0x0161, 0x0141, 0x0141, 0x0161, 
    0x0161, 0x0161, 0x0161, 0x0141, 0x0141, 0x0161, 0x0141, 0x0161, 0x0161, 0x0161, 0x0161, 0x0141, 
    0x0141, 0x0161, 0x0161, 0x0161, 0x0161, 0x0161, 0x0161, 0x0181, 0x0181, 0x0181, 0x0161, 0x0181, 
    0x0161, 0x0161, 0x0161, 0x0161, 0x0161, 0x0161, 0x0161, 0x0181, 0x01A1, 0x01A1, 0x01A1, 0x01A1, 
    0x0181, 0x0181, 0x01A1, 0x0181, 0x0181, 0x01A2, 0x0161, 0x0161, 0x0161, 0x0181, 0x0181, 0x0181, 
    0x0181, 0x0181, 0x0181, 0x0161, 0x0181, 0x01A1, 0x0181, 0x01A1, 0x01A1, 0x01A1, 0x01A1, 0x0181, 
    0x0181, 0x0161, 0x0181, 0x01A1, 0x0181, 0x0181, 0x0182, 0x0181, 0x0181, 0x0181, 0x0181, 0x0181, 
    0x0181, 0x0161, 0x0161, 0x0161, 0x0161, 0x0161, 0x0161, 0x0161, 0x0161, 0x0161, 0x0161, 0x0141, 
    0x0141, 0x0141, 0x0141, 0x0141, 0x0161, 0x0141, 0x0141, 0x0141, 0x0161, 0x0161, 0x0141, 0x0141, 
    0x0141, 0x0141, 0x0141, 0x0141, 0x0161, 0x0161, 0x0161, 0x0161, 0x0141, 0x0161, 0x0161, 0x0161, 
    0x0141, 0x0141, 0x0141, 0x0141, 0x0141, 0x0121, 0x0121, 0x0121, 0x0121, 0x0121, 0x0121, 0x0121, 
    0x0121, 0x0101, 0x0101, 0x0121, 0x0121, 0x0121, 0x0121, 0x0121, 0x0121, 0x0121, 0x0121, 0x0101, 
    0x0101, 0x00E0, 0x0100, 0x0101, 0x0101, 0x00E0, 0x00E0, 0x00E0, 0x0101, 0x0101, 0x0101, 0x0101, 
    0x00E0, 0x00E0, 0x00E0, 0x00E0, 0x00C0, 0x00C0, 0x00C0, 0x00C0, 0x00C0, 0x00C0, 0x00A0, 0x00A0, 
    0x00A0, 0x0020, 0x51C1, 0x92C0, 0x28C0, 0x4980, 0x4980, 0x0020, 0x00C0, 0x00C1, 0x0101, 0x0101, 
    0x0101, 0x00E1, 0x00E1, 0x00E1, 0x08C1, 0x9BA5, 0x49C2, 0x4181, 0x6242, 0x7303, 0x0901, 0x0101, 
    0x0121, 0x0101, 0x00C0, 0x0040, 0x2941, 0x62C4, 0x1922, 0x0080, 0x00C1, 0x00C0, 0x00A0, 0x00A1, 
    0x00C1, 0x00C1, 0x0060, 0x41A1, 0xD486, 0xBC26, 0xBC46, 0xCCA6, 0xD4A6, 0xCC85, 0xBC45, 0xB405, 
    0xCC65, 0x5202, 0x0040, 0x00C0, 0x00A0, 0x00A0, 0x00A0, 0x00A0, 0x00A0, 0x0060, 0x10A1, 0x6AE4, 
    0x31A2, 0x0040, 0x00A0, 0x00A0, 0x00A0, 0x00A0, 0x10C1, 0x72E4, 0x5A43, 0x51E2, 0x5223, 0xB425, 
    0x1040, 0x0080, 0x00A0, 0x00A0, 0x0080, 0x0080, 0x0060, 0x0060, 0x0060, 0x0000, 0x72C3, 0x1080, 
    0x9B84, 0x8AE2, 0x0000, 0x0060, 0x00A0, 0x0000, 0x7AA3, 0xAB82, 0x0840, 0x7A81, 0x1060, 0x0060, 
    0x0080, 0x0080, 0x0080, 0x0080, 0x0080, 0x0080, 0x0080, 0x0080, 0x0080, 0x0080, 0x00A0, 0x00A0, 
    0x00A0, 0x00A0, 0x00A0, 0x00A0, 0x00C0, 0x00C0, 0x00C0, 0x00C0, 0x00C0, 0x00C0, 0x00E0, 0x00E0, 
    0x00E1, 0x00E0, 0x0100, 0x0101, 0x0101, 0x00E0, 0x00E0, 0x0101, 0x00E0, 0x0101, 0x0101, 0x0101, 
    0x00E0, 0x0101, 0x0101, 0x0101, 0x0121, 0x0121, 0x0121, 0x0121, 0x0121, 0x0100, 0x0121, 0x0101, 
    0x0101, 0x0121, 0x0121, 0x0141, 0x0121, 0x0141, 0x0141, 0x0141, 0x0141, 0x0141, 0x0141, 0x0141, 
    0x0161, 0x0141, 0x0161, 0x0161, 0x0161, 0x0141, 0x0141, 0x0141, 0x0161, 0x0141, 0x0141, 0x0141, 
    0x0141, 0x0141, 0x0141, 0x0161, 0x0141, 0x0161, 0x0161, 0x0141, 0x0161, 0x0141, 0x0161, 0x0161, 
    0x0161, 0x0161, 0x0161, 0x0181, 0x0181, 0x0161, 0x0161, 0x0161, 0x0181, 0x0181, 0x0161, 0x0181, 
    0x0181, 0x0161, 0x0161, 0x0181, 0x01A1, 0x01C2, 0x01A2, 0x01A1, 0x0181, 0x0181, 0x0181, 0x0181, 
    0x0181, 0x01A1, 0x0181, 0x0181, 0x0181, 0x0181, 0x0181, 0x0181, 0x0181, 0x0181, 0x0181, 0x01A1, 
    0x0181, 0x01A1, 0x01A1, 0x01A1, 0x01A1, 0x0181, 0x0181, 0x0161, 0x0161, 0x0161, 0x0161, 0x0181, 
    0x0181, 0x0161, 0x0181, 0x0181, 0x0181, 0x0181, 0x0161, 0x0161, 0x0161, 0x0161, 0x0141, 0x0141, 
    0x0141, 0x0161, 0x0161, 0x0181, 0x0181, 0x0161, 0x0161, 0x0161, 0x0141, 0x0141, 0x0141, 0x0141, 
    0x0141, 0x0141, 0x0141, 0x0161, 0x0161, 0x0141, 0x0141, 0x0141, 0x0141, 0x0141, 0x0141, 0x0161, 
    0x0161, 0x0141, 0x0141, 0x0141, 0x0141, 0x0161, 0x0161, 0x0141, 0x0141, 0x0141, 0x0141, 0x0161, 
    0x0141, 0x0121, 0x0141, 0x0141, 0x0121, 0x0121, 0x0121, 0x0121, 0x0121, 0x0121, 0x0101, 0x0101, 
    0x0121, 0x0121, 0x0121, 0x0121, 0x0121, 0x0101, 0x0101, 0x0101, 0x0100, 0x00E0, 0x00E0, 0x0101, 
    0x0101, 0x0101, 0x0101, 0x00E0, 0x00E1, 0x0101, 0x0100, 0x00E1, 0x00E1, 0x00E0, 0x00E1, 0x00E0, 
    0x00C0, 0x00C0, 0x00C0, 0x00C0, 0x00C0, 0x00C0, 0x00A0, 0x00A0, 0x00A0, 0x0020, 0x51C1, 0x8A80, 
    0x20A0, 0x3900, 0x3900, 0x0020, 0x00A0, 0x00C0, 0x00E1, 0x0101, 0x00E1, 0x00E1, 0x00C1, 0x00E1, 
    0x0080, 0x18C1, 0x5A63, 0x6A21, 0x1901, 0x6B63, 0x0981, 0x0141, 0x0101, 0x00E1, 0x00A0, 0x18E1, 
    0x72C3, 0x3982, 0x6AC4, 0x0000, 0x00A0, 0x08A0, 0x0880, 0x0060, 0x0040, 0x0060, 0x00A0, 0x0880, 
    0x9B43, 0xD485, 0xD486, 0x9B64, 0xA384, 0x9B64, 0xCC65, 0xC424, 0xA363, 0x1880, 0x0040, 0x0060, 
    0x0060, 0x0060, 0x0080, 0x08A0, 0x0080, 0x0000, 0x41A1, 0x3162, 0x8BA6, 0x2121, 0x00A0, 0x00C0, 
    0x00A0, 0x0080, 0x08A0, 0x4A02, 0x0000, 0x6242, 0x7345, 0x2921, 0x0020, 0x00A0, 0x00A0, 0x00A0, 
    0x0080, 0x0080, 0x0080, 0x0060, 0x0060, 0x0000, 0x6A22, 0x1060, 0x9343, 0x82C2, 0x0000, 0x0060, 
    0x0080, 0x0000, 0x72A3, 0xAB62, 0x0840, 0x7A81, 0x1060, 0x0060, 0x0080, 0x0080, 0x0080, 0x00A0, 
    0x0080, 0x0080, 0x0080, 0x0080, 0x0080, 0x0080, 0x0080, 0x00A0, 0x00A0, 0x00A0, 0x00A0, 0x00A0, 
    0x00C0, 0x00C0, 0x00C0, 0x00C0, 0x00C0, 0x00C0, 0x00C0, 0x00E0, 0x00E0, 0x00E0, 0x00E0, 0x0100, 
    0x0101, 0x0101, 0x0101, 0x0101, 0x0100, 0x0101, 0x0101, 0x0101, 0x00E0, 0x0101, 0x0100, 0x0101, 
    0x0101, 0x0121, 0x0121, 0x0121, 0x0121, 0x0100, 0x0121, 0x0121, 0x0121, 0x0121, 0x0121, 0x0121, 
    0x0141, 0x0141, 0x0141, 0x0141, 0x0141, 0x0121, 0x0121, 0x0141, 0x0141, 0x0141, 0x0141, 0x0141, 
    0x0141, 0x0141, 0x0141, 0x0141, 0x0141, 0x0161, 0x0141, 0x0141, 0x0141, 0x0141, 0x0141, 0x0141, 
    0x0141, 0x0141, 0x0161, 0x0141, 0x0141, 0x0161, 0x0161, 0x0161, 0x0161, 0x0161, 0x0161, 0x0181, 
    0x0181, 0x0161, 0x0161, 0x0161, 0x0181, 0x0181, 0x0181, 0x0181, 0x0181, 0x0181, 0x0181, 0x0181, 
    0x0181, 0x0181, 0x01A1, 0x0181, 0x0181, 0x0181, 0x0161, 0x0161, 0x0161, 0x0181, 0x01A1, 0x01A1, 
    0x01A1, 0x0181, 0x0181, 0x0181, 0x0161, 0x0181, 0x0181, 0x01C2, 0x01A2, 0x01A1, 0x0181, 0x01A1, 
    0x01A1, 0x0181, 0x0181, 0x0181, 0x0181, 0x0161, 0x0141, 0x0161, 0x0161, 0x0161, 0x0161, 0x0181, 
    0x0161, 0x0181, 0x0161, 0x0161, 0x0161, 0x0161, 0x0141, 0x0141, 0x0141, 0x0141, 0x0141, 0x0161, 
    0x0141, 0x0141, 0x0141, 0x0161, 0x0141, 0x0141, 0x0141, 0x0141, 0x0141, 0x0141, 0x0141, 0x0161, 
    0x0141, 0x0161, 0x0161, 0x0141, 0x0161, 0x0141, 0x0141, 0x0141, 0x0141, 0x0141, 0x0141, 0x0141, 
    0x0121, 0x0121, 0x0141, 0x0121, 0x0121, 0x0121, 0x0141, 0x0161, 0x0141, 0x0141, 0x0141, 0x0141, 
    0x0141, 0x0121, 0x0121, 0x0121, 0x0121, 0x0100, 0x0101, 0x0121, 0x0121, 0x0100, 0x0121, 0x0101, 
    0x0101, 0x0100, 0x0101, 0x0101, 0x0100, 0x0101, 0x0101, 0x0101, 0x0101, 0x0101, 0x0101, 0x00E0, 
    0x00E0, 0x00E0, 0x00E0, 0x00E0, 0x00E1, 0x00E0, 0x00E0, 0x00E0, 0x00C0, 0x00C0, 0x00C0, 0x00C0, 
    0x00C0, 0x00A0, 0x00A0, 0x00A0, 0x00A0, 0x0020, 0x51C1, 0x8A80, 0x20A0, 0x4140, 0x4140, 0x0020, 
    0x00A0, 0x00C1, 0x00E1, 0x00E1, 0x0101, 0x00E1, 0x00C1, 0x00C1, 0x00A0, 0x0020, 0x20E1, 0x92E2, 
    0x41E1, 0x00A1, 0x00E1, 0x00E1, 0x00C0, 0x00A0, 0x0080, 0x0060, 0x6A62, 0x3141, 0x49A1, 0x51E2, 
    0x51E2, 0x5A22, 0x6282, 0x6AA3, 0x5A23, 0x41C2, 0x00C1, 0x0080, 0x08C0, 0x51E1, 0x4141, 0x3942, 
    0xBC04, 0x3101, 0x51A1, 0x6221, 0x18A0, 0x0000, 0x0020, 0x3162, 0x5A63, 0x6A83, 0x6A63, 0x5A22, 
    0x5202, 0x5A02, 0x3981, 0x3961, 0x7B04, 0x00E1, 0x00C0, 0x00C0, 0x00A0, 0x0080, 0x0060, 0x0000, 
    0x4181, 0x82A3, 0x2901, 0x0000, 0x00A0, 0x00A0, 0x00A0, 0x00A0, 0x0080, 0x00A0, 0x0080, 0x0060, 
    0x0060, 0x0000, 0x6201, 0x1060, 0x8B23, 0x82A1, 0x0000, 0x0060, 0x0080, 0x0000, 0x7283, 0xA342, 
    0x0840, 0x7200, 0x0820, 0x0000, 0x0040, 0x0040, 0x0040, 0x0040, 0x0080, 0x00A0, 0x0080, 0x0080, 
    0x0080, 0x0080, 0x0080, 0x00A0, 0x00A0, 0x00A0, 0x00A0, 0x00A0, 0x00C0, 0x00C0, 0x00C0, 0x00C0, 
    0x00C0, 0x00C0, 0x00C0, 0x00E0, 0x00E0, 0x00E0, 0x00E0, 0x00E0, 0x00E0, 0x00E0, 0x0101, 0x00E0, 
    0x00E0, 0x0100, 0x0100, 0x00E0, 0x00E0, 0x0100, 0x0100, 0x0121, 0x0121, 0x0121, 0x0101, 0x0121, 
    0x0121, 0x0121, 0x0121, 0x0100, 0x0121, 0x0121, 0x0101, 0x0121, 0x0121, 0x0141, 0x0121, 0x0121, 
    0x0141, 0x0121, 0x0121, 0x0121, 0x0141, 0x0141, 0x0141, 0x0141, 0x0141, 0x0141, 0x0141, 0x0141, 
    0x0161, 0x0141, 0x0141, 0x0141, 0x0141, 0x0141, 0x0141, 0x0141, 0x0141, 0x0141, 0x0141, 0x0141, 
    0x0141, 0x0141, 0x0141, 0x0141, 0x0161, 0x0161, 0x0161, 0x0161, 0x0161, 0x0161, 0x0161, 0x0161, 
    0x0161, 0x0181, 0x0181, 0x0181, 0x0181, 0x0181, 0x0181, 0x0181, 0x0181, 0x0161, 0x0181, 0x0181, 
    0x0181, 0x0181, 0x0161, 0x0141, 0x0141, 0x0181, 0x0181, 0x0181, 0x0181, 0x0181, 0x0181, 0x0181, 
    0x0181, 0x01A1, 0x01A1, 0x01A1, 0x01A2, 0x0181, 0x0181, 0x0181, 0x0181, 0x0181, 0x0181, 0x0161, 
    0x0181, 0x0161, 0x0141, 0x0141, 0x0141, 0x0141, 0x0141, 0x0161, 0x0161, 0x0161, 0x0161, 0x0161, 
    0x0161, 0x0141, 0x0121, 0x0141, 0x0141, 0x0141, 0x0141, 0x0141, 0x0141, 0x0141, 0x0141, 0x0141, 
    0x0141, 0x0141, 0x0141, 0x0141, 0x0141, 0x0141, 0x0141, 0x0141, 0x0141, 0x0161, 0x0161, 0x0141, 
    0x0141, 0x0141, 0x0121, 0x0121, 0x0121, 0x0121, 0x0141, 0x0141, 0x0121, 0x0121, 0x0121, 0x0121, 
    0x0121, 0x0121, 0x0121, 0x0141, 0x0141, 0x0141, 0x0141, 0x0141, 0x0141, 0x0141, 0x0121, 0x0121, 
    0x0121, 0x0121, 0x0121, 0x0121, 0x0101, 0x0100, 0x0101, 0x0101, 0x0101, 0x0121, 0x0121, 0x0101, 
    0x0101, 0x0121, 0x0101, 0x0101, 0x0101, 0x0101, 0x0101, 0x00E0, 0x00E0, 0x00E0, 0x00E0, 0x00E0, 
    0x00E1, 0x00E1, 0x00E0, 0x00E0, 0x00C0, 0x00C0, 0x00C0, 0x00C0, 0x00C0, 0x00C0, 0x00A0, 0x00A0, 
    0x00A0, 0x0020, 0x51A1, 0x8AC0, 0x20A0, 0x49A0, 0x49A0, 0x0000, 0x00A0, 0x00C1, 0x00E1, 0x00E1, 
    0x0121, 0x00E1, 0x00E1, 0x00C1, 0x00A1, 0x00A1, 0x0040, 0x0060, 0x6242, 0x6A62, 0x3161, 0x1900, 
    0x08A0, 0x0880, 0x2101, 0x41A2, 0x8B44, 0xA3E5, 0x6A42, 0x49A1, 0x6241, 0x4A01, 0x0860, 0x0860, 
    0x49E2, 0x5A43, 0x7B64, 0x2141, 0x0040, 0x0000, 0x1060, 0x9B43, 0xAB62, 0x82E2, 0x0020, 0x0020, 
    0x0040, 0x10A1, 0x7B25, 0x72A4, 0x5A42, 0x0880, 0x2101, 0x72A2, 0x6A82, 0x5A22, 0x8B64, 0xBCA6, 
    0x8304, 0x3161, 0x18E1, 0x08C0, 0x08E1, 0x18E0, 0x3161, 0x6A61, 0x6A21, 0x0020, 0x0000, 0x0060, 
    0x0080, 0x0080, 0x00A0, 0x00A0, 0x0060, 0x0040, 0x0020, 0x0020, 0x0020, 0x0000, 0x6201, 0x1060, 
    0x9343, 0x82C2, 0x0000, 0x0060, 0x00A0, 0x0000, 0x7263, 0xA342, 0x0840, 0x69E0, 0x4140, 0x51A0, 
    0x59C0, 0x51A0, 0x49A0, 0x4181, 0x08A0, 0x0020, 0x0080, 0x0080, 0x0080, 0x0080, 0x0080, 0x00A0, 
    0x00A0, 0x00A0, 0x00A0, 0x00A0, 0x00C0, 0x00C0, 0x00C0, 0x00C0, 0x00C0, 0x00C0, 0x00C0, 0x00C0, 
    0x00E0, 0x00E0, 0x00E0, 0x00E0, 0x00E0, 0x00E0, 0x00E1, 0x0101, 0x00E0, 0x00E0, 0x00E0, 0x0100, 
    0x0101, 0x0101, 0x0101, 0x0101, 0x0101, 0x0101, 0x0101, 0x0121, 0x0121, 0x0121, 0x0121, 0x0121, 
    0x0121, 0x0101, 0x0121, 0x0121, 0x0121, 0x0121, 0x0121, 0x0141, 0x0141, 0x0141, 0x0141, 0x0121, 
    0x0141, 0x0141, 0x0141, 0x0121, 0x0141, 0x0161, 0x0141, 0x0141, 0x0141, 0x0141, 0x0141, 0x0141, 
    0x0141, 0x0141, 0x0141, 0x0141, 0x0141, 0x0141, 0x0141, 0x0141, 0x0141, 0x0141, 0x0121, 0x0141, 
    0x0141, 0x0141, 0x0161, 0x0161, 0x0161, 0x0161, 0x0161, 0x0181, 0x0181, 0x0181, 0x01A1, 0x0181, 
    0x0181, 0x0181, 0x0181, 0x0181, 0x0181, 0x0161, 0x0161, 0x0181, 0x0181, 0x0161, 0x0181, 0x0161, 
    0x0161, 0x0181, 0x0181, 0x0181, 0x0181, 0x0181, 0x0161, 0x0161, 0x0181, 0x01A2, 0x01A1, 0x01A1, 
    0x01A1, 0x0181, 0x0181, 0x0181, 0x0181, 0x0181, 0x0161, 0x0161, 0x0161, 0x0141, 0x0141, 0x0141, 
    0x0141, 0x0141, 0x0141, 0x0161, 0x0161, 0x0161, 0x0161, 0x0161, 0x0161, 0x0141, 0x0141, 0x0121, 
    0x0141, 0x0141, 0x0141, 0x0141, 0x0141, 0x0121, 0x0121, 0x0121, 0x0141, 0x0121, 0x0121, 0x0121, 
    0x0121, 0x0141, 0x0141, 0x0141, 0x0141, 0x0141, 0x0141, 0x0141, 0x0141, 0x0121, 0x0121, 0x0121, 
    0x0121, 0x0121, 0x0141, 0x0121, 0x0121, 0x0141, 0x0141, 0x0141, 0x0141, 0x0141, 0x0121, 0x0121, 
    0x0141, 0x0141, 0x0141, 0x0141, 0x0141, 0x0141, 0x0141, 0x0121, 0x0141, 0x0141, 0x0121, 0x0121, 
    0x0121, 0x0101, 0x0101, 0x0101, 0x0121, 0x0121, 0x0101, 0x0101, 0x0101, 0x0101, 0x0101, 0x0101, 
    0x0100, 0x0101, 0x0101, 0x00E0, 0x00E0, 0x00E0, 0x00E0, 0x00E1, 0x00E0, 0x00E1, 0x00E0, 0x00E0, 
    0x00C0, 0x00C0, 0x00C0, 0x00C0, 0x00C0, 0x00C0, 0x00A0, 0x00A0, 0x00A0, 0x0000, 0x4980, 0x8AA0, 
    0x28A0, 0x4160, 0x4140, 0x0000, 0x00A0, 0x00A0, 0x00C1, 0x00E1, 0x0121, 0x0121, 0x0101, 0x00E1, 
    0x00C1, 0x00A1, 0x00A1, 0x00A0, 0x0080, 0x2921, 0x51C1, 0x59E1, 0x51A0, 0x51C1, 0x5A22, 0x5242, 
    0x2981, 0x0080, 0x0040, 0x1080, 0x51C0, 0x20C0, 0x0020, 0x3120, 0x3141, 0x49E1, 0x2941, 0xA426, 
    0x0840, 0x0020, 0x0860, 0x1040, 0x51A1, 0x18A0, 0x08C0, 0x00A0, 0x0020, 0x93C6, 0x3982, 0x2900, 
    0x20E1, 0x41E2, 0x0080, 0x5A01, 0x6221, 0x1080, 0x0020, 0x0080, 0x3181, 0x49A2, 0x59C1, 0x51A1, 
    0x6221, 0x5A01, 0x51A1, 0x2900, 0x0020, 0x0060, 0x0080, 0x0080, 0x0080, 0x0080, 0x0060, 0x0040, 
    0x2921, 0x49C1, 0x4980, 0x4980, 0x4980, 0x28C0, 0x6A20, 0x1060, 0x9323, 0x82C2, 0x0000, 0x0060, 
    0x0080, 0x0020, 0x7283, 0xAB62, 0x0840, 0x61A0, 0x4960, 0x28E0, 0x1080, 0x1060, 0x20A0, 0x4961, 
    0x7A82, 0x51C2, 0x0020, 0x0060, 0x0080, 0x0080, 0x0080, 0x0080, 0x00A0, 0x00A0, 0x00A0, 0x00A0, 
    0x00C0, 0x00C0, 0x00A0, 0x00A0, 0x00C0, 0x00C0, 0x00C0, 0x00C0, 0x00C0, 0x00E0, 0x00E0, 0x00E0, 
    0x00E0, 0x00E0, 0x00E0, 0x00E0, 0x00E0, 0x0100, 0x0101, 0x0100, 0x0101, 0x0101, 0x0101, 0x00E0, 
    0x00E0, 0x0101, 0x0101, 0x0101, 0x0101, 0x0101, 0x0121, 0x0121, 0x0121, 0x0121, 0x0101, 0x0101, 
    0x0121, 0x0121, 0x0121, 0x0121, 0x0121, 0x0121, 0x0121, 0x0121, 0x0141, 0x0121, 0x0121, 0x0121, 
    0x0121, 0x0161, 0x0141, 0x0141, 0x0121, 0x0121, 0x0121, 0x0141, 0x0141, 0x0141, 0x0141, 0x0141, 
    0x0141, 0x0141, 0x0141, 0x0141, 0x0141, 0x0141, 0x0141, 0x0141, 0x0141, 0x0141, 0x0141, 0x0141, 
    0x0161, 0x0161, 0x0181, 0x0181, 0x0181, 0x0181, 0x0181, 0x01A1, 0x0181, 0x0181, 0x0181, 0x0181, 
    0x0161, 0x0161, 0x0161, 0x0181, 0x0181, 0x0161, 0x0161, 0x0161, 0x0161, 0x0161, 0x0181, 0x0181, 
    0x0181, 0x0161, 0x0161, 0x0181, 0x0181, 0x0181, 0x0181, 0x01A1, 0x0181, 0x0181, 0x01A1, 0x01A1, 
    0x0181, 0x0161, 0x0141, 0x0141, 0x0141, 0x0141, 0x0141, 0x0141, 0x0141, 0x0141, 0x0141, 0x0141, 
    0x0141, 0x0141, 0x0161, 0x0161, 0x0141, 0x0141, 0x0141, 0x0141, 0x0141, 0x0141, 0x0141, 0x0121, 
    0x0141, 0x0141, 0x0141, 0x0921, 0x00E1, 0x0941, 0x0121, 0x0121, 0x0121, 0x0121, 0x0141, 0x0141, 
    0x0141, 0x0121, 0x0121, 0x0141, 0x0141, 0x0141, 0x0121, 0x0121, 0x0121, 0x0121, 0x0141, 0x0121, 
    0x0121, 0x0121, 0x0121, 0x0121, 0x0141, 0x0141, 0x0121, 0x0121, 0x0141, 0x0141, 0x0141, 0x0141, 
    0x0141, 0x0141, 0x0141, 0x0141, 0x0141, 0x0141, 0x0121, 0x0121, 0x0121, 0x0101, 0x0101, 0x0101, 
    0x0121, 0x0101, 0x0101, 0x0101, 0x0101, 0x0101, 0x0101, 0x0101, 0x0100, 0x00E0, 0x00E0, 0x00E0, 
    0x00E0, 0x00E0, 0x00E0, 0x00E0, 0x00E0, 0x00E0, 0x00E0, 0x00E0, 0x00C0, 0x00C0, 0x00A0, 0x00C0, 
    0x00C0, 0x00C0, 0x00A0, 0x00A0, 0x0080, 0x0000, 0x4960, 0x92A0, 0x28C0, 0x3100, 0x4120, 0x0000, 
    0x0080, 0x00A0, 0x00C1, 0x00C1, 0x00C1, 0x0101, 0x0101, 0x0101, 0x00E1, 0x00C1, 0x00C1, 0x00C1, 
    0x00C0, 0x0060, 0x0040, 0x0040, 0x0060, 0x0080, 0x0080, 0x0080, 0x0080, 0x00A0, 0x0080, 0x0060, 
    0x0000, 0x0000, 0x59E1, 0x6A61, 0x5201, 0x6A41, 0x0020, 0xABE5, 0x82E3, 0x0000, 0x2901, 0x82E3, 
    0xC403, 0x9B84, 0x5242, 0x0040, 0x4A23, 0xB467, 0x0000, 0x49C0, 0x51C2, 0x8303, 0x5202, 0x0000, 
    0x0020, 0x0040, 0x0080, 0x0080, 0x0060, 0x0020, 0x0020, 0x0020, 0x0020, 0x0020, 0x0000, 0x0040, 
    0x0080, 0x0080, 0x00A0, 0x0080, 0x0080, 0x0040, 0x18C0, 0x6A82, 0x6222, 0x3100, 0x1880, 0x1080, 
    0x2900, 0x3920, 0x6A00, 0x1060, 0x9322, 0x82A1, 0x0000, 0x0060, 0x0080, 0x0020, 0x7283, 0xA362, 
    0x0840, 0x0020, 0x0000, 0x0000, 0x0020, 0x0000, 0x0000, 0x0040, 0x0000, 0x5A02, 0x6242, 0x0020, 
    0x0060, 0x0080, 0x0080, 0x0080, 0x00A0, 0x00A0, 0x00A0, 0x00C0, 0x00A0, 0x00A0, 0x00C0, 0x00C0, 
    0x00C0, 0x00C0, 0x00C0, 0x00C0, 0x00C0, 0x00E0, 0x00E0, 0x00E0, 0x00E0, 0x00E0, 0x00E0, 0x00E0, 
    0x00E0, 0x00E0, 0x0100, 0x00E0, 0x00E0, 0x00E0, 0x00E0, 0x00E0, 0x00E0, 0x00E1, 0x0101, 0x0101, 
    0x0101, 0x0101, 0x0121, 0x0121, 0x0121, 0x0101, 0x0101, 0x0101, 0x0101, 0x0121, 0x0121, 0x0121, 
    0x0141, 0x0141, 0x0121, 0x0121, 0x0121, 0x0141, 0x0121, 0x0121, 0x0141, 0x0141, 0x0141, 0x0121, 
    0x0121, 0x0121, 0x0121, 0x0121, 0x0121, 0x0141, 0x0141, 0x0141, 0x0141, 0x0141, 0x0141, 0x0141, 
    0x0141, 0x0141, 0x0141, 0x0141, 0x0121, 0x0121, 0x0121, 0x0121, 0x0141, 0x0161, 0x0161, 0x0161, 
    0x0161, 0x0161, 0x0181, 0x0161, 0x0161, 0x0161, 0x0161, 0x0181, 0x0161, 0x0181, 0x0161, 0x0161, 
    0x0161, 0x0161, 0x0161, 0x0161, 0x0141, 0x0161, 0x0181, 0x0181, 0x0181, 0x0161, 0x0161, 0x0181, 
    0x0181, 0x0181, 0x0181, 0x01A1, 0x0181, 0x0181, 0x01A1, 0x0181, 0x0181, 0x0161, 0x0161, 0x0141, 
    0x0141, 0x0141, 0x0141, 0x0141, 0x0141, 0x0141, 0x0141, 0x0141, 0x0141, 0x0141, 0x0161, 0x0161, 
    0x0141, 0x0141, 0x0141, 0x0141, 0x0141, 0x0141, 0x0121, 0x0121, 0x0121, 0x00A0, 0x0040, 0x8BA6, 
    0xBCE8, 0x18E0, 0x0080, 0x0121, 0x0141, 0x0121, 0x0141, 0x0141, 0x0141, 0x0121, 0x0121, 0x0141, 
    0x0141, 0x0141, 0x0141, 0x0121, 0x0121, 0x0121, 0x0141, 0x0141, 0x0121, 0x0121, 0x0121, 0x0121, 
    0x0121, 0x0121, 0x0141, 0x0121, 0x0121, 0x0141, 0x0141, 0x0141, 0x0141, 0x0141, 0x0141, 0x0141, 
    0x0141, 0x0141, 0x0121, 0x0121, 0x0121, 0x0101, 0x0101, 0x0100, 0x0100, 0x0101, 0x0101, 0x0100, 
    0x0100, 0x0100, 0x0101, 0x0101, 0x0101, 0x00E0, 0x00E0, 0x00E0, 0x00E0, 0x00E0, 0x00E0, 0x00E0, 
    0x00E0, 0x00E0, 0x00E0, 0x00C0, 0x00C0, 0x00C0, 0x00A0, 0x00C0, 0x00C0, 0x00A0, 0x00A0, 0x00A0, 
    0x0080, 0x0000, 0x4980, 0x9AC0, 0x3100, 0x20E0, 0x5180, 0x0000, 0x0080, 0x00A0, 0x00C1, 0x00C1, 
    0x00C1, 0x00E1, 0x0101, 0x0101, 0x00E1, 0x00C1, 0x00E1, 0x00E1, 0x00C1, 0x00A0, 0x0080, 0x0080, 
    0x00C0, 0x00C0, 0x00C1, 0x00C1, 0x00A0, 0x00A0, 0x00A0, 0x00A0, 0x00A0, 0x0020, 0x6A21, 0x1080, 
    0x2921, 0x7282, 0x18A0, 0x9344, 0x1880, 0x0020, 0x1080, 0x82A2, 0xECC3, 0x8B23, 0x10E1, 0x00A0, 
    0x10C1, 0xABE5, 0x18A0, 0x4160, 0x1040, 0x3961, 0x6242, 0x0000, 0x00A0, 0x00A0, 0x0080, 0x0080, 
    0x0080, 0x00A0, 0x0080, 0x0040, 0x0060, 0x0080, 0x00A0, 0x00A0, 0x00A0, 0x00A0, 0x00A0, 0x00A0, 
    0x0020, 0x2900, 0x7282, 0x20C0, 0x0000, 0x0000, 0x0000, 0x0000, 0x0000, 0x0020, 0x0040, 0x0020, 
    0x8B02, 0x82A1, 0x0000, 0x0060, 0x00A0, 0x0020, 0x72A3, 0xA362, 0x0840, 0x0020, 0x0020, 0x5A03, 
    0xBC26, 0xBC46, 0x20E1, 0x7B05, 0x8345, 0x0000, 0x51C1, 0x51C1, 0x0000, 0x0080, 0x0080, 0x0080, 
    0x00A0, 0x00A0, 0x00A0, 0x00A0, 0x00A0, 0x00C0, 0x00C0, 0x00C0, 0x00C0, 0x00C0, 0x00C0, 0x00C0, 
    0x00C0, 0x00C0, 0x00C0, 0x00C0, 0x00C0, 0x00C0, 0x00E0, 0x00E0, 0x00E0, 0x00E0, 0x00E0, 0x00E0, 
    0x00E0, 0x00E0, 0x00E0, 0x00E1, 0x00E0, 0x00E1, 0x00E1, 0x0101, 0x0101, 0x0101, 0x0121, 0x0101, 
    0x0101, 0x0101, 0x0101, 0x0101, 0x0101, 0x0101, 0x0100, 0x0121, 0x0121, 0x0121, 0x0121, 0x0121, 
    0x0121, 0x0121, 0x0121, 0x0121, 0x0141, 0x0141, 0x0141, 0x0141, 0x0141, 0x0141, 0x0121, 0x0121, 
    0x0121, 0x0121, 0x0141, 0x0141, 0x0141, 0x0141, 0x0141, 0x0141, 0x0141, 0x0141, 0x0141, 0x0141, 
    0x0121, 0x0121, 0x0121, 0x0141, 0x0161, 0x0161, 0x0141, 0x0161, 0x0161, 0x0161, 0x0161, 0x0161, 
    0x0161, 0x0161, 0x0161, 0x0161, 0x0161, 0x0161, 0x0161, 0x0181, 0x0181, 0x0161, 0x0161, 0x0161, 
    0x0141, 0x0161, 0x0161, 0x0161, 0x0161, 0x0161, 0x0161, 0x0181, 0x0161, 0x0161, 0x0161, 0x0161, 
    0x0181, 0x0181, 0x0181, 0x0181, 0x0181, 0x0181, 0x0161, 0x0161, 0x0161, 0x0141, 0x0141, 0x0141, 
    0x0141, 0x0141, 0x0141, 0x0141, 0x0141, 0x0141, 0x0161, 0x0141, 0x0141, 0x0141, 0x0141, 0x0141, 
    0x0141, 0x0141, 0x0121, 0x0121, 0x00A0, 0x4A44, 0x7B46, 0x7B25, 0x8345, 0x62A5, 0x62E5, 0x00E1, 
    0x0101, 0x0121, 0x0121, 0x0121, 0x0121, 0x0121, 0x0121, 0x0141, 0x0141, 0x0141, 0x0141, 0x0141, 
    0x0121, 0x0121, 0x0121, 0x0121, 0x0121, 0x0121, 0x0101, 0x0101, 0x0121, 0x0121, 0x0121, 0x0141, 
    0x0141, 0x0141, 0x0141, 0x0141, 0x0141, 0x0141, 0x0141, 0x0121, 0x0121, 0x0121, 0x0121, 0x0121, 
    0x0101, 0x0101, 0x0101, 0x0100, 0x0100, 0x0101, 0x0101, 0x00E0, 0x00E1, 0x0101, 0x0101, 0x0100, 
    0x00E0, 0x00E0, 0x00E0, 0x00E0, 0x00E0, 0x00E0, 0x00C0, 0x00E0, 0x00E0, 0x00E0, 0x00E0, 0x00C0, 
    0x00C0, 0x00C0, 0x00C0, 0x00C0, 0x00A0, 0x00A0, 0x00A0, 0x0080, 0x0080, 0x0000, 0x51A1, 0xA320, 
    0x3940, 0x0840, 0x61C0, 0x0000, 0x0060, 0x00A0, 0x00C1, 0x00E1, 0x00C1, 0x00C1, 0x0101, 0x00E1, 
    0x0101, 0x0101, 0x00E1, 0x00E1, 0x00C1, 0x00A0, 0x00A0, 0x00C0, 0x00E1, 0x00C1, 0x00C1, 0x00C1, 
    0x00A1, 0x00A0, 0x00C0, 0x00C0, 0x00C0, 0x0060, 0x18C0, 0x6221, 0x59C1, 0x4981, 0x6A62, 0x3941, 
    0x0000, 0x00A0, 0x0080, 0x10C0, 0xAB62, 0x1900, 0x0080, 0x00E0, 0x0080, 0x3161, 0x7262, 0x4160, 
    0x51C1, 0x6262, 0x0880, 0x0080, 0x00A0, 0x00C0, 0x00A0, 0x00A0, 0x0080, 0x00A0, 0x00A0, 0x0060, 
    0x0080, 0x0080, 0x00C0, 0x00C0, 0x00C0, 0x00C0, 0x00A0, 0x0080, 0x18A0, 0x6A20, 0x0000, 0x0000, 
    0x9385, 0x72A3, 0x41E3, 0xC487, 0x9385, 0x18C0, 0x0040, 0x0020, 0x8B02, 0x82A1, 0x0020, 0x0060, 
    0x00C0, 0x0040, 0x72C3, 0xAB82, 0x1060, 0x0000, 0x3121, 0xCC45, 0xC445, 0xE527, 0xAC07, 0xB406, 
    0xF588, 0x41A2, 0x0000, 0x6201, 0x20A0, 0x0040, 0x0080, 0x0080, 0x0080, 0x00A0, 0x00A0, 0x00A0, 
    0x00A0, 0x00A0, 0x00A0, 0x00A0, 0x00C0, 0x00C0, 0x00C0, 0x00C0, 0x00C0, 0x00C0, 0x00C0, 0x00C0, 
    0x00C0, 0x00C0, 0x00C0, 0x00E0, 0x00E0, 0x00E0, 0x00E0, 0x00E0, 0x00E0, 0x00E0, 0x00E0, 0x00E0, 
    0x00E0, 0x00E0, 0x00E1, 0x0101, 0x0101, 0x0101, 0x0101, 0x00E0, 0x00E1, 0x0101, 0x0101, 0x0101, 
    0x0100, 0x0101, 0x0100, 0x0101, 0x0101, 0x0121, 0x0121, 0x0121, 0x0121, 0x0121, 0x0141, 0x0121, 
    0x0141, 0x0141, 0x0141, 0x0121, 0x0141, 0x0121, 0x0121, 0x0121, 0x0121, 0x0121, 0x0121, 0x0121, 
    0x0121, 0x0141, 0x0141, 0x0141, 0x0141, 0x0141, 0x0141, 0x0121, 0x0121, 0x0121, 0x0121, 0x0141, 
    0x0141, 0x0141, 0x0141, 0x0161, 0x0161, 0x0161, 0x0161, 0x0161, 0x0181, 0x0161, 0x0161, 0x0161, 
    0x0161, 0x0161, 0x0161, 0x0161, 0x0161, 0x0161, 0x0161, 0x0141, 0x0141, 0x0141, 0x0161, 0x0161, 
    0x0161, 0x0181, 0x0181, 0x0161, 0x0161, 0x0161, 0x0161, 0x0161, 0x0161, 0x0181, 0x0181, 0x0161, 
    0x0161, 0x0161, 0x0181, 0x0181, 0x0161, 0x0161, 0x0161, 0x0161, 0x0161, 0x0161, 0x0141, 0x0141, 
    0x0141, 0x0141, 0x0141, 0x0141, 0x0141, 0x0141, 0x0141, 0x0141, 0x0141, 0x0141, 0x0141, 0x00A0, 
    0x5243, 0xF5EA, 0xF5EA, 0xE5AA, 0xD52A, 0xF60B, 0xFE0A, 0x8325, 0x0080, 0x0121, 0x0101, 0x0121, 
    0x0121, 0x0121, 0x0121, 0x0121, 0x0141, 0x0141, 0x0141, 0x0141, 0x0141, 0x0121, 0x0121, 0x0121, 
    0x0121, 0x0121, 0x0121, 0x0121, 0x0121, 0x0141, 0x0141, 0x0141, 0x0121, 0x0121, 0x0121, 0x0121, 
    0x0121, 0x0121, 0x0121, 0x0121, 0x0121, 0x0101, 0x0101, 0x0121, 0x0101, 0x0100, 0x00E0, 0x00E0, 
    0x00E0, 0x00E0, 0x00E0, 0x00E0, 0x00E1, 0x00E1, 0x00E1, 0x0101, 0x00E0, 0x00E0, 0x00E0, 0x00E0, 
    0x00E0, 0x00E0, 0x00E0, 0x00E0, 0x00E0, 0x00E0, 0x00E0, 0x00C0, 0x00C0, 0x00C0, 0x00C0, 0x00C0, 
    0x00A0, 0x00A0, 0x00A0, 0x0080, 0x0080, 0x0000, 0x51C1, 0xA340, 0x4140, 0x0020, 0x7241, 0x1080, 
    0x0040, 0x00A0, 0x00E1, 0x00E1, 0x00C1, 0x00A1, 0x00C1, 0x00C1, 0x00E1, 0x0101, 0x00E1, 0x00C1, 
    0x00A1, 0x00A0, 0x00C1, 0x00C1, 0x00C1, 0x00C1, 0x00C1, 0x00C1, 0x00C1, 0x00E1, 0x00E1, 0x00C0, 
    0x00C0, 0x00C0, 0x0060, 0x0040, 0x0860, 0x18A0, 0x0860, 0x0020, 0x00A0, 0x00A0, 0x00C0, 0x00A0, 
    0x0060, 0x00A0, 0x00C0, 0x00C0, 0x00C0, 0x0060, 0x0060, 0x10A0, 0x10A0, 0x0040, 0x0080, 0x00A0, 
    0x00A0, 0x00C0, 0x00C0, 0x00C0, 0x00A0, 0x00A0, 0x00C0, 0x0080, 0x00A0, 0x00C0, 0x00A0, 0x00A0, 
    0x00A0, 0x00A0, 0x00A0, 0x0040, 0x6A20, 0x1060, 0x3962, 0x7AE4, 0xBC46, 0xE527, 0xD508, 0xD4E7, 
    0xDD06, 0x9344, 0x0000, 0x0000, 0x8B03, 0x82E2, 0x0020, 0x0080, 0x00C0, 0x0080, 0x72C3, 0xABA3, 
    0x1080, 0x0000, 0x59C1, 0xBBE4, 0xBC25, 0xCC86, 0xD4C7, 0xD4C6, 0x7AE4, 0x20E1, 0x0000, 0x20A0, 
    0x4980, 0x0000, 0x0080, 0x0080, 0x0080, 0x0080, 0x00A0, 0x00A0, 0x0080, 0x00A0, 0x00A0, 0x00A0, 
    0x00C0, 0x00C0, 0x00C0, 0x00C0, 0x00C0, 0x00C0, 0x00C0, 0x00C0, 0x00C0, 0x00C0, 0x00C0, 0x00C0, 
    0x00C0, 0x00E0, 0x00E0, 0x00E1, 0x00E0, 0x00E0, 0x00E0, 0x00C0, 0x00E0, 0x00E0, 0x00E0, 0x00E0, 
    0x00E0, 0x00E1, 0x00E0, 0x00E0, 0x00E0, 0x0101, 0x0101, 0x0101, 0x0101, 0x0101, 0x0121, 0x0101, 
    0x0100, 0x0100, 0x0121, 0x0121, 0x0121, 0x0121, 0x0121, 0x0121, 0x0121, 0x0141, 0x0141, 0x0141, 
    0x0141, 0x0121, 0x0121, 0x0101, 0x0101, 0x0121, 0x0121, 0x0121, 0x0121, 0x0121, 0x0141, 0x0141, 
    0x0121, 0x0141, 0x0141, 0x0141, 0x0121, 0x0121, 0x0121, 0x0121, 0x0141, 0x0141, 0x0141, 0x0141, 
    0x0141, 0x0161, 0x0161, 0x0161, 0x0161, 0x0161, 0x0161, 0x0161, 0x0161, 0x0161, 0x0141, 0x0141, 
    0x0141, 0x0161, 0x0161, 0x0161, 0x0141, 0x0161, 0x0141, 0x0141, 0x0141, 0x0161, 0x0161, 0x0161, 
    0x0161, 0x0161, 0x0161, 0x0161, 0x0161, 0x0181, 0x0161, 0x0161, 0x0141, 0x0101, 0x0101, 0x0101, 
    0x00E1, 0x00E0, 0x00C0, 0x00C0, 0x0100, 0x0141, 0x0161, 0x0161, 0x0161, 0x0161, 0x0161, 0x0141, 
    0x0141, 0x0101, 0x0121, 0x0121, 0x0121, 0x0121, 0x0141, 0x00A0, 0x9385, 0xED68, 0xD508, 0xE569, 
    0xEDAA, 0xDD49, 0xE569, 0xCCC8, 0x0901, 0x0121, 0x00E0, 0x00E1, 0x00E1, 0x0101, 0x00E0, 0x0121, 
    0x0121, 0x0121, 0x0141, 0x0121, 0x0141, 0x0141, 0x0121, 0x00E0, 0x00A0, 0x00A0, 0x00A0, 0x00A0, 
    0x00C0, 0x00C0, 0x00E0, 0x0121, 0x0141, 0x0141, 0x0121, 0x0121, 0x0121, 0x0101, 0x0100, 0x0101, 
    0x0101, 0x0101, 0x0101, 0x0101, 0x0101, 0x0101, 0x0101, 0x00E0, 0x00E0, 0x00E0, 0x00E0, 0x00E0, 
    0x00E0, 0x00E0, 0x00E0, 0x00E0, 0x00E0, 0x00E0, 0x00E0, 0x00E0, 0x00E0, 0x00E0, 0x00E0, 0x00E0, 
    0x00C0, 0x00C0, 0x00C0, 0x00C0, 0x00C0, 0x00C0, 0x00C0, 0x00A0, 0x00A0, 0x00A0, 0x00A0, 0x0080, 
    0x0080, 0x0000, 0x59E2, 0xAB60, 0x3920, 0x28E1, 0x51C1, 0x49A1, 0x0000, 0x00C0, 0x00C1, 0x00E1, 
    0x00E1, 0x00C1, 0x00A0, 0x00A0, 0x00C1, 0x00C1, 0x00C1, 0x00C1, 0x00C1, 0x00C1, 0x00C1, 0x00C1, 
    0x00C1, 0x00C1, 0x00C1, 0x00C1, 0x00E1, 0x00E1, 0x00E1, 0x00C0, 0x00C0, 0x00A0, 0x00A0, 0x0080, 
    0x0080, 0x0080, 0x00A0, 0x00C0, 0x00C0, 0x00C0, 0x00C0, 0x00C0, 0x00C0, 0x00C0, 0x00C0, 0x00C0, 
    0x00A0, 0x00A0, 0x0080, 0x0060, 0x0080, 0x00C0, 0x00C0, 0x00A0, 0x00C1, 0x00C0, 0x00C0, 0x00C0, 
    0x00A0, 0x00A0, 0x00A0, 0x00A0, 0x00A0, 0x00A0, 0x00A0, 0x0080, 0x0080, 0x0080, 0x0040, 0x28E0, 
    0x59C0, 0x0000, 0x3141, 0x8B44, 0xD4E7, 0xDD07, 0xCCA7, 0xC486, 0xC466, 0xB404, 0x0840, 0x0000, 
    0x9343, 0x7AA2, 0x0020, 0x0080, 0x00E0, 0x0080, 0x41A1, 0xB3A2, 0x28E0, 0x0000, 0x3941, 0xC403, 
    0xBC24, 0xC465, 0xC486, 0xCC86, 0xD4C8, 0x8B45, 0x0020, 0x0020, 0x51A0, 0x0060, 0x0080, 0x0080, 
    0x0080, 0x0080, 0x0080, 0x00A0, 0x00A0, 0x00A0, 0x00A0, 0x00A0, 0x00C0, 0x00C0, 0x00C0, 0x00C0, 
    0x00C0, 0x00C0, 0x00C0, 0x00C0, 0x00C0, 0x00C0, 0x00C0, 0x00E0, 0x00E0, 0x00E0, 0x00E0, 0x00E0, 
    0x00E0, 0x00E0, 0x00E0, 0x00C0, 0x00C0, 0x00E0, 0x00E0, 0x00E0, 0x00E0, 0x00E0, 0x00E0, 0x00E0, 
    0x00E0, 0x00E0, 0x0100, 0x0101, 0x0101, 0x0101, 0x0101, 0x0101, 0x0100, 0x0101, 0x0101, 0x0101, 
    0x0121, 0x0121, 0x0121, 0x0121, 0x0121, 0x0121, 0x0141, 0x0121, 0x0121, 0x0121, 0x0121, 0x0101, 
    0x0101, 0x0101, 0x0121, 0x0121, 0x0121, 0x0121, 0x0121, 0x0141, 0x0121, 0x0121, 0x0121, 0x0141, 
    0x0141, 0x0141, 0x0141, 0x0121, 0x0121, 0x0121, 0x0141, 0x0161, 0x0161, 0x0141, 0x0141, 0x0141, 
    0x0141, 0x0141, 0x0141, 0x0141, 0x0141, 0x0161, 0x0141, 0x0141, 0x0141, 0x0141, 0x0141, 0x0161, 
    0x0161, 0x0141, 0x0141, 0x0121, 0x0141, 0x0141, 0x0161, 0x0141, 0x0141, 0x0141, 0x0161, 0x0141, 
    0x0141, 0x0161, 0x0141, 0x00E1, 0x0121, 0x4263, 0x7B65, 0x8BE7, 0x8BE6, 0x8BC6, 0x8C08, 0x7BC8, 
    0x4AE6, 0x19C3, 0x0101, 0x00E0, 0x0121, 0x0141, 0x0161, 0x0141, 0x00C0, 0x2182, 0x62C4, 0x6B24, 
    0x2202, 0x3243, 0x3A02, 0x0040, 0x6A63, 0xE547, 0xD508, 0xDD28, 0xDD28, 0xDD28, 0xE589, 0xB426, 
    0x00A0, 0x0921, 0x2961, 0x1101, 0x5263, 0x6284, 0x2982, 0x00C0, 0x0101, 0x0101, 0x0121, 0x0101, 
    0x00A0, 0x00A0, 0x0921, 0x4284, 0x73A7, 0x8BE7, 0x93E7, 0x9BC6, 0x93C6, 0x83A6, 0x6B04, 0x21C2, 
    0x00E1, 0x0121, 0x0121, 0x0121, 0x0121, 0x0101, 0x0100, 0x0100, 0x0100, 0x0100, 0x00E0, 0x00E0, 
    0x00E0, 0x0101, 0x0100, 0x00E0, 0x00E0, 0x00E0, 0x00E0, 0x00E0, 0x00E0, 0x00E0, 0x00E0, 0x00E0, 
    0x00E0, 0x00E0, 0x00E0, 0x00C0, 0x00C0, 0x00C0, 0x00C0, 0x00C0, 0x00C0, 0x00C0, 0x00C0, 0x00C0, 
    0x00C0, 0x00C0, 0x00A0, 0x00A0, 0x00A0, 0x0080, 0x0080, 0x0060, 0x0060, 0x0000, 0x5A02, 0xA320, 
    0x28C0, 0x59C1, 0x4960, 0x7261, 0x1880, 0x0040, 0x00A0, 0x00C0, 0x00C1, 0x00C1, 0x00E1, 0x00E1, 
    0x00E1, 0x00E1, 0x00C1, 0x00C1, 0x00E1, 0x0101, 0x00E1, 0x00C1, 0x00C1, 0x00A1, 0x00C1, 0x00C1, 
    0x00E1, 0x00E1, 0x00E0, 0x00C1, 0x00A0, 0x00A0, 0x00A0, 0x00A0, 0x00A0, 0x00C0, 0x00C0, 0x00C0, 
    0x00C0, 0x00C0, 0x00C0, 0x00C0, 0x00C0, 0x00C0, 0x00C0, 0x00C0, 0x00A0, 0x00A0, 0x00A0, 0x00A0, 
    0x00A0, 0x00C0, 0x00C0, 0x00A0, 0x00A0, 0x00C0, 0x00A0, 0x00A0, 0x00A0, 0x0080, 0x0080, 0x00A0, 
    0x00A0, 0x00A0, 0x00A0, 0x00A0, 0x0080, 0x0080, 0x0020, 0x4160, 0x28C0, 0x0000, 0x39A4, 0xC4EA, 
    0xDD08, 0xD4E7, 0xCCA6, 0xBC46, 0xC465, 0x82C3, 0x0000, 0x1880, 0xABA3, 0x51C1, 0x0000, 0x0080, 
    0x00C0, 0x0080, 0x0880, 0x9B22, 0x6202, 0x0000, 0x0000, 0x4981, 0xA363, 0xBC05, 0xBC25, 0xC445, 
    0xC445, 0xCC86, 0x3101, 0x0000, 0x51A0, 0x1080, 0x0060, 0x0080, 0x0080, 0x0080, 0x00A0, 0x00A0, 
    0x00A0, 0x00A0, 0x00A0, 0x00A0, 0x00A0, 0x00C0, 0x00C0, 0x00C0, 0x00C0, 0x00C0, 0x00C0, 0x00C0, 
    0x00C0, 0x00C0, 0x00C0, 0x00E0, 0x00E0, 0x00E0, 0x00C0, 0x00E0, 0x00E0, 0x00E0, 0x00E0, 0x00E0, 
    0x00E0, 0x00E0, 0x00E0, 0x00E0, 0x00E0, 0x00E0, 0x00E0, 0x00E0, 0x00E0, 0x00E0, 0x00E0, 0x00E1, 
    0x0101, 0x0101, 0x0100, 0x0100, 0x0101, 0x0101, 0x0101, 0x0101, 0x0101, 0x0101, 0x0101, 0x0121, 
    0x0121, 0x0121, 0x0121, 0x0121, 0x0121, 0x0121, 0x0121, 0x0121, 0x0101, 0x0101, 0x0121, 0x0121, 
    0x0121, 0x0121, 0x0121, 0x0121, 0x0121, 0x0141, 0x0141, 0x0141, 0x0141, 0x0141, 0x0141, 0x0121, 
    0x0121, 0x0121, 0x0141, 0x0161, 0x0161, 0x0141, 0x0141, 0x0141, 0x0141, 0x0141, 0x0141, 0x0141, 
    0x0141, 0x0141, 0x0141, 0x0141, 0x0141, 0x0141, 0x0141, 0x0141, 0x0141, 0x0141, 0x0121, 0x0121, 
    0x0141, 0x0141, 0x0141, 0x0121, 0x0141, 0x0141, 0x0141, 0x0121, 0x0121, 0x0121, 0x00C1, 0x39E2, 
    0x7AC3, 0x7283, 0x49E2, 0x3161, 0x2921, 0x3161, 0x4A22, 0x7345, 0x9C08, 0xACA9, 0x9C69, 0x6326, 
    0x19A2, 0x0080, 0x00A0, 0x0101, 0x00C0, 0xA3E5, 0x39A2, 0x1921, 0x6AC3, 0x6AA4, 0x2141, 0x0060, 
    0x1060, 0xBC46, 0xDD28, 0xD4E7, 0xD4E7, 0xD4E7, 0xE527, 0x49C2, 0x0080, 0x00E0, 0x2941, 0x5223, 
    0x2141, 0x39E2, 0xAC06, 0x1101, 0x00E1, 0x00A0, 0x0060, 0x08E1, 0x4244, 0x83A7, 0x9C07, 0x8B86, 
    0x6AA4, 0x41C2, 0x3161, 0x2920, 0x2920, 0x3961, 0x5A02, 0x8AE3, 0x72C3, 0x08E1, 0x00E0, 0x0101, 
    0x0101, 0x0101, 0x0101, 0x0101, 0x0101, 0x0101, 0x00E0, 0x00E0, 0x00E0, 0x00E0, 0x00E0, 0x00E1, 
    0x00E0, 0x00E1, 0x00E0, 0x00E0, 0x00E0, 0x00E0, 0x00E0, 0x00E0, 0x00C0, 0x00E0, 0x00C0, 0x00C0, 
    0x00C0, 0x00C0, 0x00C0, 0x00C0, 0x00C0, 0x00C0, 0x00C0, 0x00C0, 0x00A0, 0x00A0, 0x00A0, 0x00A0, 
    0x0080, 0x0080, 0x0060, 0x0060, 0x0060, 0x0000, 0x51C1, 0x9B00, 0x28E0, 0x4140, 0xA342, 0x3100, 
    0x82A1, 0x0820, 0x0040, 0x00A0, 0x00C0, 0x00C0, 0x00E1, 0x00C1, 0x00C1, 0x00C1, 0x00C1, 0x00E1, 
    0x0101, 0x00E1, 0x00C1, 0x00C1, 0x00A1, 0x00A1, 0x00A1, 0x00C1, 0x00E1, 0x00E0, 0x00E1, 0x00C1, 
    0x00C0, 0x00A0, 0x00A0, 0x00A0, 0x00A0, 0x00C0, 0x00C0, 0x00C0, 0x00C0, 0x00C0, 0x00C0, 0x00C0, 
    0x00A0, 0x00C0, 0x00A0, 0x00A0, 0x00A0, 0x00C0, 0x00A0, 0x0080, 0x00A0, 0x00A0, 0x0080, 0x00C0, 
    0x00C0, 0x00A0, 0x00C0, 0x00A0, 0x0080, 0x0080, 0x0080, 0x0080, 0x0080, 0x0080, 0x0080, 0x0080, 
    0x0060, 0x0060, 0x0020, 0x3900, 0x1040, 0x0000, 0xAC07, 0xE528, 0xCCC7, 0xCCA6, 0xC465, 0xBC25, 
    0x7262, 0x1040, 0x0000, 0x49C3, 0xABA2, 0x18A0, 0x0020, 0x0080, 0x00A0, 0x00A0, 0x0000, 0x59E1, 
    0xABA3, 0x1081, 0x3121, 0x7AA3, 0xA364, 0xABA3, 0xABC4, 0xABC4, 0xABC4, 0xABC3, 0x20C0, 0x0000, 
    0x5180, 0x1080, 0x0060, 0x0080, 0x0080, 0x00A0, 0x00A0, 0x00A0, 0x00A0, 0x00A0, 0x00C0, 0x00A0, 
    0x00C0, 0x00C0, 0x00C0, 0x00C0, 0x00C0, 0x00C0, 0x00E0, 0x00C0, 0x00E0, 0x00E0, 0x00E0, 0x00E0, 
    0x00E0, 0x00E0, 0x00E0, 0x00E0, 0x00E0, 0x00E0, 0x00E1, 0x00E1, 0x00E0, 0x00E0, 0x00E1, 0x00E0, 
    0x00E0, 0x00E0, 0x00E0, 0x00E0, 0x00E0, 0x00E1, 0x0101, 0x00E0, 0x0101, 0x0101, 0x00E0, 0x0101, 
    0x0101, 0x0101, 0x0101, 0x0101, 0x0101, 0x0101, 0x0101, 0x0121, 0x0121, 0x0121, 0x0121, 0x0121, 
    0x0121, 0x0121, 0x0121, 0x0121, 0x0121, 0x0121, 0x0121, 0x0121, 0x0121, 0x0121, 0x0121, 0x0121, 
    0x0121, 0x0141, 0x0141, 0x0141, 0x0141, 0x0141, 0x0121, 0x0141, 0x0141, 0x0141, 0x0141, 0x0161, 
    0x0161, 0x0141, 0x0141, 0x0141, 0x0141, 0x0141, 0x0141, 0x0141, 0x0141, 0x0141, 0x0141, 0x0141, 
    0x0141, 0x0141, 0x0141, 0x0141, 0x0141, 0x0141, 0x0141, 0x0141, 0x0141, 0x0141, 0x0141, 0x0141, 
    0x0141, 0x0141, 0x0141, 0x0121, 0x0101, 0x0060, 0x6A62, 0x8AC2, 0x10C0, 0x0080, 0x0080, 0x00A0, 
    0x00C0, 0x00E0, 0x00E0, 0x00E0, 0x00A0, 0x00C0, 0x39C2, 0x7B25, 0xA427, 0x93A6, 0x5264, 0x1162, 
    0x00A0, 0x62A2, 0x31A1, 0x0020, 0x5A43, 0x0040, 0x00E1, 0x0121, 0x00A0, 0x2101, 0xBC46, 0xD4E7, 
    0xCCA6, 0xDCC6, 0x5A02, 0x0040, 0x0141, 0x0121, 0x00A0, 0x5222, 0x10E0, 0x2941, 0x7AE3, 0x0080, 
    0x00E1, 0x3182, 0x72C4, 0x93A6, 0x8345, 0x49E2, 0x08A0, 0x0020, 0x0040, 0x0080, 0x00C0, 0x00A0, 
    0x00A0, 0x0080, 0x0020, 0x0000, 0x51C1, 0x9B64, 0x08C1, 0x00E0, 0x0121, 0x0101, 0x0121, 0x0121, 
    0x0101, 0x0101, 0x00E0, 0x0101, 0x00E1, 0x00E0, 0x00E0, 0x00E1, 0x00E1, 0x00E1, 0x00E1, 0x00E0, 
    0x00E0, 0x00E0, 0x00E0, 0x00E0, 0x00E0, 0x00C0, 0x00C0, 0x00C0, 0x00C0, 0x00C0, 0x00C0, 0x00C0, 
    0x00C0, 0x00C0, 0x00C0, 0x00C0, 0x00A0, 0x00A0, 0x00A0, 0x0080, 0x0080, 0x0060, 0x0060, 0x0060, 
    0x0040, 0x0000, 0x51C1, 0xA341, 0x3100, 0x3940, 0x8AC2, 0x7283, 0x4140, 0x7A82, 0x20C1, 0x0020, 
    0x0080, 0x00C0, 0x00C0, 0x00C0, 0x00E1, 0x00E1, 0x00C1, 0x00E1, 0x00E1, 0x00C1, 0x00A1, 0x00C1, 
    0x00C1, 0x00C1, 0x00C0, 0x00E1, 0x00E1, 0x00E1, 0x00C0, 0x00C0, 0x00C0, 0x00A0, 0x00C0, 0x00C1, 
    0x00C0, 0x00C0, 0x00C1, 0x00E0, 0x00C0, 0x00C0, 0x00C0, 0x00C0, 0x00C0, 0x00A0, 0x00A0, 0x00A0, 
    0x00A0, 0x00A0, 0x00A0, 0x0080, 0x0080, 0x0080, 0x00A0, 0x00C0, 0x00E0, 0x00C0, 0x00C0, 0x00A0, 
    0x0080, 0x00A0, 0x00A0, 0x00A0, 0x00A0, 0x00A0, 0x00A0, 0x0080, 0x0060, 0x0040, 0x0020, 0x30C0, 
    0x1060, 0x0000, 0xA384, 0xD4C6, 0xBC46, 0xBC45, 0xBC24, 0xBC04, 0x7262, 0x0000, 0x0041, 0x9BA5, 
    0x7260, 0x0000, 0x0060, 0x00A0, 0x00A0, 0x00A0, 0x0040, 0x1880, 0x9B22, 0x8B03, 0x18A0, 0xA321, 
    0xA342, 0xA363, 0x8AE3, 0x9B22, 0xA363, 0x59E1, 0x0000, 0x0060, 0x4960, 0x0020, 0x0040, 0x0040, 
    0x0040, 0x0060, 0x0060, 0x0060, 0x0060, 0x0080, 0x0080, 0x0060, 0x0080, 0x0080, 0x0080, 0x0080, 
    0x0080, 0x0080, 0x00A0, 0x00A0, 0x00A0, 0x00A0, 0x00A0, 0x00A0, 0x00A0, 0x00A0, 0x00A0, 0x00A0, 
    0x00A0, 0x00A0, 0x00A0, 0x0080, 0x0080, 0x0080, 0x00A0, 0x00A0, 0x00A0, 0x00A0, 0x00A0, 0x00A0, 
    0x0080, 0x00A0, 0x00A0, 0x00A0, 0x00A0, 0x00A0, 0x00A0, 0x00A0, 0x00A0, 0x00A0, 0x00A0, 0x00A0, 
    0x00A0, 0x00A0, 0x00C0, 0x00C0, 0x00C0, 0x00C0, 0x00C0, 0x00C0, 0x00C0, 0x00C0, 0x00C0, 0x00C0, 
    0x00C0, 0x00C0, 0x00C0, 0x00C0, 0x00C0, 0x00E0, 0x00C0, 0x00C0, 0x00E0, 0x00E0, 0x00E0, 0x00E0, 
    0x00C0, 0x00C0, 0x00C0, 0x00C0, 0x00C0, 0x00C0, 0x00C0, 0x00C0, 0x00E0, 0x00E0, 0x00E0, 0x00C0, 
    0x00E0, 0x00E0, 0x00C0, 0x00C0, 0x00C0, 0x00C0, 0x00C0, 0x00E0, 0x00E0, 0x00E0, 0x00E0, 0x00E0, 
    0x00E0, 0x00E0, 0x00C0, 0x00C0, 0x00C0, 0x00C0, 0x00C0, 0x00C0, 0x00E0, 0x0100, 0x00E0, 0x00C0, 
    0x0020, 0x4181, 0xB382, 0x0040, 0x00C0, 0x0161, 0x0161, 0x0141, 0x0141, 0x0141, 0x0161, 0x0161, 
    0x0141, 0x0121, 0x00C0, 0x0060, 0x0060, 0x39A2, 0x7B45, 0x9C07, 0x8365, 0x5243, 0x4A03, 0x72C4, 
    0x3941, 0x00A0, 0x0141, 0x0141, 0x0141, 0x00A0, 0x2101, 0xC444, 0xDCC5, 0x6242, 0x0020, 0x0101, 
    0x0121, 0x0141, 0x0121, 0x1941, 0x6A83, 0x49A2, 0x4181, 0x6262, 0x8304, 0x7AE4, 0x49C2, 0x10A0, 
    0x0040, 0x0080, 0x00E1, 0x0101, 0x0101, 0x0101, 0x0121, 0x0101, 0x0101, 0x0101, 0x00E1, 0x00C0, 
    0x0000, 0x6A41, 0x9343, 0x0060, 0x00A0, 0x00C0, 0x00E0, 0x00C0, 0x00C0, 0x00A0, 0x00A0, 0x00A0, 
    0x00A0, 0x00A0, 0x00A0, 0x00A0, 0x00A0, 0x0080, 0x0080, 0x0080, 0x0080, 0x0080, 0x0080, 0x0080, 
    0x0080, 0x0080, 0x0080, 0x0080, 0x0080, 0x0080, 0x0080, 0x0080, 0x0080, 0x0080, 0x0080, 0x0080, 
    0x0060, 0x0040, 0x0040, 0x0040, 0x0020, 0x0020, 0x0020, 0x0000, 0x0000, 0x0000, 0x51C1, 0xBBC1, 
    0x3960, 0x4181, 0x7241, 0x51A1, 0x6A42, 0x3941, 0x7A82, 0x5A02, 0x18E1, 0x0080, 0x0060, 0x0080, 
    0x0080, 0x0080, 0x0080, 0x0080, 0x0080, 0x0060, 0x0060, 0x0060, 0x0060, 0x0060, 0x0080, 0x00A0, 
    0x00A0, 0x0080, 0x0080, 0x0080, 0x0080, 0x0080, 0x0080, 0x0080, 0x0080, 0x0080, 0x0080, 0x0080, 
    0x0080, 0x0080, 0x0060, 0x0060, 0x0060, 0x0060, 0x0060, 0x0060, 0x0060, 0x0060, 0x0040, 0x0040, 
    0x0040, 0x0040, 0x0040, 0x0060, 0x0080, 0x0080, 0x0060, 0x0040, 0x0040, 0x0040, 0x0040, 0x0060, 
    0x0060, 0x0040, 0x0040, 0x0040, 0x0020, 0x0000, 0x0000, 0x20A0, 0x18A0, 0x0020, 0x3121, 0xABA4, 
    0xBBE4, 0xABA4, 0x7AA2, 0xAB83, 0x8AC1, 0x0000, 0x72E5, 0xA342, 0x20A0, 0x0020, 0x0080, 0x00A0, 
    0x00C0, 0x00A0, 0x0080, 0x0020, 0x3920, 0xA362, 0x82E3, 0x20C0, 0x1060, 0x20C0, 0x0860, 0x20C0, 
    0x20C0, 0x0020, 0x0020, 0x20C0, 0x7A40, 0x4140, 0x4140, 0x3920, 0x3920, 0x4140, 0x4140, 0x4180, 
    0x49A1, 0x4180, 0x4140, 0x4140, 0x4160, 0x4180, 0x49A0, 0x49A0, 0x4180, 0x4160, 0x4180, 0x4181, 
    0x4181, 0x49A1, 0x49C1, 0x49E2, 0x49C1, 0x49E1, 0x49C1, 0x41A1, 0x49C1, 0x49C1, 0x4180, 0x4180, 
    0x49C1, 0x49E1, 0x49E2, 0x49E2, 0x4A02, 0x49C1, 0x49C1, 0x49A0, 0x49C1, 0x5A23, 0x5A43, 0x5222, 
    0x5202, 0x5222, 0x5222, 0x5223, 0x5222, 0x5202, 0x5202, 0x5222, 0x5222, 0x5202, 0x5202, 0x5222, 
    0x5242, 0x5A63, 0x5A43, 0x5A43, 0x5242, 0x5242, 0x5A42, 0x5A42, 0x5A63, 0x5A83, 0x5A84, 0x5A63, 
    0x5222, 0x5222, 0x5A42, 0x5242, 0x5263, 0x5A63, 0x5A63, 0x5A63, 0x5AA3, 0x5AC4, 0x6305, 0x62E4, 
    0x62C4, 0x5A83, 0x5A63, 0x5A63, 0x5A63, 0x5A83, 0x5A83, 0x5A83, 0x5AA4, 0x5AA4, 0x5AA4, 0x5AA4, 
    0x5AA4, 0x5A84, 0x5A63, 0x5A83, 0x5AA3, 0x5AA3, 0x5AA3, 0x5AA3, 0x5AC4, 0x5AC4, 0x5AA4, 0x5A63, 
    0x5A63, 0x5AA4, 0x5AA4, 0x5AC4, 0x62E4, 0x5AC4, 0x5AA3, 0x5AA4, 0x7304, 0xB3E5, 0x9B43, 0x8B24, 
    0x6AA3, 0x2182, 0x0141, 0x0161, 0x0161, 0x0161, 0x0141, 0x0141, 0x0121, 0x0141, 0x0141, 0x0161, 
    0x0121, 0x00E1, 0x00A0, 0x00E0, 0x2141, 0x3982, 0x3982, 0x18E1, 0x00A0, 0x0121, 0x0141, 0x0161, 
    0x0161, 0x0961, 0x0080, 0x5A01, 0x92E2, 0x0040, 0x0141, 0x0141, 0x0141, 0x0121, 0x0121, 0x0101, 
    0x08E0, 0x3141, 0x3121, 0x20E0, 0x08A0, 0x0080, 0x00C0, 0x0101, 0x0121, 0x0101, 0x0101, 0x0101, 
    0x0101, 0x0101, 0x0121, 0x0121, 0x0121, 0x0101, 0x1921, 0x6221, 0x82E2, 0x7261, 0xAB42, 0x8AC2, 
    0x5202, 0x5222, 0x5242, 0x5242, 0x5222, 0x5222, 0x5222, 0x5222, 0x5201, 0x51E1, 0x49C1, 0x49A1, 
    0x49A1, 0x49A1, 0x51E2, 0x5202, 0x49C1, 0x49C1, 0x51E2, 0x5202, 0x5202, 0x51E2, 0x51E1, 0x51C1, 
    0x51E1, 0x51E1, 0x49C1, 0x49A0, 0x49A0, 0x4180, 0x4160, 0x4160, 0x4180, 0x4160, 0x4980, 0x4980, 
    0x4960, 0x4960, 0x4960, 0x4960, 0x4980, 0x4961, 0x7A82, 0xBBA0, 0x49A0, 0x59E1, 0xAB81, 0x49A1, 
    0x6A21, 0x9B01, 0x61E0, 0x7241, 0x7A82, 0x7241, 0x51C0, 0x4980, 0x49C1, 0x49E1, 0x49C1, 0x49A1, 
    0x49C1, 0x51E2, 0x51E2, 0x51E2, 0x51C2, 0x51C1, 0x49A1, 0x49C1, 0x49C1, 0x49C1, 0x49A1, 0x4180, 
    0x4160, 0x4160, 0x4980, 0x49C1, 0x49E2, 0x49E2, 0x49C1, 0x49C1, 0x51E1, 0x51E2, 0x51E2, 0x49E2, 
    0x49C1, 0x51C2, 0x51E2, 0x51E2, 0x51C2, 0x49C1, 0x49A1, 0x49A1, 0x51C1, 0x51C2, 0x51C1, 0x51C1, 
    0x51E2, 0x51C1, 0x49C1, 0x49A1, 0x49C1, 0x51E2, 0x51E2, 0x49C1, 0x4181, 0x4160, 0x3940, 0x3920, 
    0x4160, 0x4960, 0x4140, 0x59C0, 0x4180, 0x0040, 0x0020, 0x0840, 0x2900, 0x20C0, 0x0000, 0x0820, 
    0x20C1, 0x7305, 0xAB62, 0x3900, 0x0000, 0x0060, 0x0080, 0x00A0, 0x00C1, 0x00A0, 0x0080, 0x0080, 
    0x0040, 0x3920, 0x92E1, 0x9343, 0x49C3, 0x0861, 0x0000, 0x0000, 0x0000, 0x0020, 0x0000, 0x0840, 
    0x20A0, 0x28C0, 0x28C0, 0x20A0, 0x20A0, 0x20A0, 0x20A0, 0x20C0, 0x28C0, 0x28C0, 0x20A0, 0x2080, 
    0x20A0, 0x20A0, 0x20C0, 0x28E0, 0x20C0, 0x20A0, 0x20A0, 0x28C0, 0x20C0, 0x20C0, 0x28C0, 0x20C0, 
    0x20C0, 0x20C0, 0x20C0, 0x20C0, 0x28C0, 0x28C0, 0x20A0, 0x20A0, 0x28C0, 0x28E0, 0x28E0, 0x2900, 
    0x2900, 0x20C0, 0x20C0, 0x28E0, 0x2900, 0x2921, 0x3121, 0x2900, 0x28E0, 0x28E0, 0x28E0, 0x28E1, 
    0x28E0, 0x28E0, 0x28E0, 0x2900, 0x2900, 0x20E0, 0x20E0, 0x28E0, 0x28E0, 0x2900, 0x3121, 0x3121, 
    0x3120, 0x2920, 0x3100, 0x2900, 0x3121, 0x3161, 0x3161, 0x3141, 0x28E0, 0x28E0, 0x2900, 0x2900, 
    0x2921, 0x2921, 0x2901, 0x2921, 0x3141, 0x3142, 0x3162, 0x3162, 0x3141, 0x2921, 0x2921, 0x2921, 
    0x2921, 0x2941, 0x2941, 0x2941, 0x2921, 0x2901, 0x2921, 0x2942, 0x2961, 0x2961, 0x2921, 0x2900, 
    0x3120, 0x3121, 0x3121, 0x2921, 0x2921, 0x2941, 0x3121, 0x2900, 0x2900, 0x3121, 0x3141, 0x3161, 
    0x3141, 0x2921, 0x28E0, 0x2920, 0x3181, 0x2940, 0x2900, 0x28C0, 0x28A0, 0x0020, 0x0080, 0x00E0, 
    0x00C0, 0x00C0, 0x00A0, 0x0080, 0x0060, 0x0060, 0x0080, 0x0080, 0x00A0, 0x00C0, 0x00C0, 0x00A0, 
    0x0060, 0x0000, 0x0000, 0x0040, 0x00A0, 0x00A0, 0x00A0, 0x00C0, 0x00E0, 0x0101, 0x00C0, 0x0040, 
    0x0000, 0x0020, 0x00C0, 0x00C0, 0x00A0, 0x0080, 0x00A0, 0x00C0, 0x00A0, 0x0020, 0x0000, 0x0020, 
    0x0080, 0x00C0, 0x00C0, 0x00A0, 0x0080, 0x0080, 0x0080, 0x0080, 0x0060, 0x0080, 0x00A0, 0x00A0, 
    0x00A0, 0x0080, 0x0040, 0x28A0, 0x20A0, 0x28E0, 0x18A0, 0x28C0, 0x28E0, 0x28E0, 0x2900, 0x2900, 
    0x2900, 0x2920, 0x2900, 0x2900, 0x28E0, 0x28C0, 0x20C0, 0x20A0, 0x20A0, 0x20C0, 0x28E0, 0x2900, 
    0x20C0, 0x20A0, 0x28E0, 0x2900, 0x2900, 0x2900, 0x3100, 0x28E0, 0x28E0, 0x3100, 0x28E0, 0x20C0, 
    0x20C0, 0x20A0, 0x20A0, 0x20A0, 0x20C0, 0x20C0, 0x20C0, 0x28C0, 0x28C0, 0x20A0, 0x20A0, 0x28C0, 
    0x28E0, 0x20C0, 0x2080, 0x20A0, 0x0840, 0x18C0, 0x20C0, 0x20E0, 0x20C0, 0x20A0, 0x28C0, 0x1880, 
    0x0020, 0x0840, 0x20A0, 0x20C0, 0x28E0, 0x28E0, 0x20C0, 0x20A0, 0x20C0, 0x2900, 0x28E0, 0x28E0, 
    0x28E0, 0x28E0, 0x20C0, 0x20C0, 0x20E0, 0x20E0, 0x20E0, 0x20C0, 0x20A0, 0x20A0, 0x20C0, 0x28E0, 
    0x2900, 0x2900, 0x20C0, 0x20C0, 0x28E0, 0x28E0, 0x20E0, 0x20C0, 0x20C0, 0x28E0, 0x28E0, 0x28E0, 
    0x28E0, 0x20C0, 0x20C0, 0x20A0, 0x28C0, 0x28E0, 0x28E0, 0x28E0, 0x28E0, 0x20C0, 0x20C0, 0x28E0, 
    0x2900, 0x2920, 0x2900, 0x28C0, 0x20A0, 0x20A0, 0x1880, 0x1880, 0x20C0, 0x20E0, 0x20C0, 0x20A0, 
    0x0860, 0x0000, 0x0020, 0x0000, 0x0000, 0x0040, 0x08A1, 0x39A3, 0x93A6, 0xA382, 0x4100, 0x0000, 
    0x0040, 0x0080, 0x00A0, 0x00C0, 0x00C0, 0x00C0, 0x00A0, 0x00A0, 0x0080, 0x0020, 0x1880, 0x69E0, 
    0xA322, 0xA343, 0x7A82, 0x6223, 0x6223, 0x6A43, 0x6A43, 0x6223, 0x5A02, 0x5A02, 0x5A02, 0x5A02, 
    0x5A02, 0x6223, 0x6223, 0x5A03, 0x5A03, 0x5A23, 0x5A02, 0x5A02, 0x6243, 0x6243, 0x6243, 0x6243, 
    0x6223, 0x6243, 0x6243, 0x6243, 0x6243, 0x6A63, 0x6243, 0x6243, 0x6223, 0x6223, 0x5A22, 0x5A02, 
    0x5A02, 0x5A22, 0x6222, 0x6222, 0x6222, 0x6243, 0x6243, 0x6A63, 0x6A83, 0x6263, 0x6243, 0x6243, 
    0x6A84, 0x6A84, 0x6263, 0x5A23, 0x6223, 0x6243, 0x6A63, 0x6A63, 0x6A63, 0x6A83, 0x72A4, 0x72A4, 
    0x6A63, 0x6243, 0x6243, 0x6243, 0x6243, 0x6A84, 0x6A84, 0x6A84, 0x72C4, 0x72C4, 0x72A4, 0x6A84, 
    0x6A84, 0x72A4, 0x72E5, 0x72C4, 0x6A83, 0x6A83, 0x72A4, 0x72C4, 0x72C4, 0x72E4, 0x72C4, 0x72C4, 
    0x72C4, 0x72C4, 0x72E4, 0x72E5, 0x72C4, 0x7AE5, 0x7B05, 0x7B05, 0x7B26, 0x7B46, 0x8366, 0x8366, 
    0x7B66, 0x7B46, 0x7B06, 0x7306, 0x7B46, 0x8367, 0x8367, 0x7B26, 0x7B25, 0x8346, 0x8366, 0x8366, 
    0x7B46, 0x8346, 0x8367, 0x7B67, 0x7B67, 0x8367, 0x8388, 0x8388, 0x7B67, 0x7B27, 0x7B47, 0x7B68, 
    0x7B88, 0x7BA7, 0x8387, 0x7B67, 0x7B26, 0x8367, 0x8BC7, 0x8BE8, 0x8BE8, 0x83C7, 0x83C7, 0x83A7, 
    0x8BC8, 0x8BC8, 0x8BC8, 0x8BE8, 0x8C28, 0x8C49, 0x8C28, 0x8C08, 0x8BE7, 0x8BA7, 0x8387, 0x83A7, 
    0x83C7, 0x83A7, 0x8386, 0x8386, 0x83C6, 0x8BC6, 0x8B86, 0x8365, 0x8345, 0x8365, 0x8385, 0x83A6, 
    0x8BE7, 0x8C08, 0x8C08, 0x8BE7, 0x83A6, 0x8BA6, 0x8BC7, 0x8BE8, 0x8BE7, 0x8BC7, 0x83A6, 0x8386, 
    0x83A7, 0x8386, 0x8366, 0x8366, 0x8365, 0x8345, 0x7B45, 0x7B25, 0x7B05, 0x7AE4, 0x72A4, 0x6A83, 
    0x72A3, 0x7283, 0x6A83, 0x6A83, 0x6A84, 0x72C4, 0x72E5, 0x72E4, 0x72C4, 0x72A4, 0x72C4, 0x72A4, 
    0x6A84, 0x6A63, 0x6A83, 0x6A84, 0x6A84, 0x6A84, 0x6A63, 0x6A83, 0x72A4, 0x6A84, 0x6A84, 0x6A83, 
    0x6A83, 0x6A63, 0x6A63, 0x6243, 0x6243, 0x6A63, 0x6A63, 0x6243, 0x6243, 0x6243, 0x6243, 0x6243, 
    0x6A63, 0x6A83, 0x6A83, 0x6A83, 0x6263, 0x6223, 0x6222, 0x6223, 0x6243, 0x6222, 0x6202, 0x6202, 
    0x6A43, 0x6243, 0x6A62, 0x6A63, 0x6A63, 0x6243, 0x6223, 0x6A43, 0x6A63, 0x6A63, 0x6243, 0x6223, 
    0x6223, 0x6223, 0x6223, 0x5A02, 0x6223, 0x6243, 0x6243, 0x6243, 0x6243, 0x6243, 0x6243, 0x6A63, 
    0x6A63, 0x6A63, 0x6A63, 0x6A83, 0x6A83, 0x6A84, 0x6243, 0x6223, 0x6263, 0x6A84, 0x6A64, 0x6243, 
    0x6243, 0x6243, 0x6263, 0x6243, 0x5A22, 0x5A03, 0x5A22, 0x5A02, 0x5A02, 0x5A02, 0x5A02, 0x5A02, 
    0x6223, 0x6243, 0x6243, 0x6243, 0x6223, 0x5A02, 0x5A02, 0x5A02, 0x6223, 0x6243, 0x5A22, 0x59E2, 
    0x59E2, 0x5A02, 0x6223, 0x6A43, 0x6A63, 0x6243, 0x6223, 0x6223, 0x6223, 0x6223, 0x6223, 0x6A63, 
    0x7284, 0x8B24, 0xABE5, 0xBC04, 0x82A1, 0x28C0, 0x0000, 0x0040, 0x0060, 0x00A0, 0x00A0, 0x00A0, 
    0x00E0, 0x00E1, 0x00C0, 0x00C0, 0x00A0, 0x0080, 0x0020, 0x0000, 0x20A0, 0x4960, 0x6A20, 0x7A61, 
    0x7A81, 0x7A81, 0x7A81, 0x8281, 0x7A61, 0x7A40, 0x7220, 0x7220, 0x7220, 0x7241, 0x7A61, 0x7A61, 
    0x7A81, 0x7A81, 0x7A81, 0x7A61, 0x7A61, 0x7261, 0x7AA2, 0x82C2, 0x7AA2, 0x82A2, 0x82C1, 0x82A1, 
    0x82A1, 0x82A2, 0x7AA2, 0x82A2, 0x82A2, 0x8281, 0x7A81, 0x7261, 0x7A61, 0x7A61, 0x7A81, 0x82A1, 
    0x82C1, 0x82C2, 0x7A81, 0x7A81, 0x82C2, 0x8AE2, 0x8AE2, 0x82C2, 0x82C2, 0x82C2, 0x82C2, 0x8AE2, 
    0x8AE2, 0x9323, 0x9343, 0x9323, 0x8B02, 0x9323, 0x9B64, 0x9323, 0x8B03, 0x8B02, 0x9322, 0x9B43, 
    0x9B63, 0x9B84, 0x9B44, 0x8B02, 0x9323, 0x9B84, 0x9B63, 0x9323, 0x9B43, 0x9B84, 0x9B84, 0x9B84, 
    0x9B63, 0x9B63, 0x9B63, 0x9B83, 0x9B84, 0x9B84, 0x9B84, 0xA3A4, 0xABC5, 0xAC05, 0xB446, 0xBC46, 
    0xB446, 0xB426, 0xB446, 0xBC87, 0xC4A8, 0xC4E9, 0xC4E9, 0xBCA8, 0xBCA8, 0xCCE9, 0xCD09, 0xC4C8, 
    0xC4C8, 0xCCE9, 0xCCE9, 0xC4E9, 0xC4C8, 0xC4A8, 0xBC87, 0xC4C8, 0xC509, 0xCD2A, 0xD56B, 0xCD4A, 
    0xCD4A, 0xCD2A, 0xCD4B, 0xCD6C, 0xCD6C, 0xCD4C, 0xCD6C, 0xD56C, 0xCD4C, 0xCD2A, 0xCD0A, 0xCD09, 
    0xCD09, 0xCD09, 0xCD4B, 0xCD4B, 0xCD2B, 0xCD4A, 0xCD2A, 0xCD2A, 0xCD4A, 0xD54B, 0xD54A, 0xCD4B, 
    0xCD6C, 0xCD4B, 0xC52B, 0xC50A, 0xCD2A, 0xCD4A, 0xD58C, 0xD58B, 0xCD2A, 0xCD09, 0xC4E9, 0xC4A8, 
    0xBC87, 0xBC67, 0xB446, 0xB425, 0xB425, 0xB445, 0xB446, 0xBC66, 0xC4A7, 0xC4E9, 0xCD09, 0xCD09, 
    0xCD08, 0xCD29, 0xCD2A, 0xC509, 0xC4E9, 0xC4C8, 0xBC87, 0xC4A8, 0xC4A8, 0xBC87, 0xB446, 0xB446, 
    0xB425, 0xABE5, 0xA3C5, 0xA3C5, 0xA3A5, 0x9B64, 0x9B43, 0xA383, 0xA3A3, 0xA383, 0xA384, 0xA3A4, 
    0xABE5, 0xABE5, 0xA3C5, 0x9B84, 0x9B84, 0x9B84, 0x9343, 0x9323, 0x9303, 0x8B02, 0x9323, 0x9B64, 
    0x9B84, 0x9B43, 0x9323, 0x9323, 0x9B43, 0x9343, 0x9322, 0x8B02, 0x8B02, 0x8AE2, 0x82A1, 0x82A1, 
    0x7AA1, 0x7A81, 0x7AA1, 0x82C1, 0x82C2, 0x8AE2, 0x8AE2, 0x82E2, 0x82C2, 0x82A1, 0x82A1, 0x8AC2, 
    0x8AE2, 0x8AC2, 0x82A1, 0x82A1, 0x82A1, 0x82A1, 0x8281, 0x82A1, 0x8AA1, 0x82A1, 0x8AC1, 0x8AC1, 
    0x8AC1, 0x8AC1, 0x8281, 0x82A1, 0x82A1, 0x7A81, 0x7A81, 0x7A81, 0x7A81, 0x7A61, 0x7A61, 0x7260, 
    0x7A61, 0x7A81, 0x7A81, 0x82A1, 0x7AA1, 0x7A81, 0x7A81, 0x7A81, 0x7A82, 0x82C2, 0x82A2, 0x7A61, 
    0x7A61, 0x8281, 0x82A1, 0x82A1, 0x82A1, 0x8AE2, 0x8AE2, 0x82C1, 0x82A1, 0x82C2, 0x8AE2, 0x82C2, 
    0x7A81, 0x7A81, 0x7A81, 0x8281, 0x7A61, 0x7240, 0x7A61, 0x7A61, 0x7A61, 0x7A81, 0x7AA1, 0x7A81, 
    0x7241, 0x6A20, 0x7220, 0x7A60, 0x7A61, 0x7A61, 0x7A61, 0x7A61, 0x7A61, 0x82A1, 0x8AC2, 0x8AC2, 
    0x8AC1, 0x82A1, 0x7A60, 0x7A40, 0x7A40, 0x7A61, 0x7A81, 0x82E2, 0x8B03, 0x7AC2, 0x59C1, 0x28C0, 
    0x0000, 0x0000, 0x0060, 0x0060, 0x0080, 0x00A0, 0x00C0, 0x00C0, 0x0101, 0x0101, 0x00E1, 0x00E1, 
    0x00C0, 0x00A0, 0x0060, 0x0040, 0x0020, 0x0000, 0x0000, 0x0020, 0x0020, 0x0020, 0x0020, 0x0020, 
    0x0020, 0x0020, 0x0020, 0x0020, 0x0020, 0x0020, 0x0020, 0x0020, 0x0020, 0x0020, 0x0020, 0x0020, 
    0x0020, 0x0020, 0x0020, 0x0020, 0x0020, 0x0020, 0x0040, 0x0020, 0x0020, 0x0020, 0x0020, 0x0020, 
    0x0020, 0x0020, 0x0020, 0x0020, 0x0020, 0x0020, 0x0020, 0x0020, 0x0020, 0x0020, 0x0020, 0x0020, 
    0x0020, 0x0020, 0x0020, 0x0020, 0x0020, 0x0020, 0x0020, 0x0040, 0x0040, 0x0040, 0x0040, 0x0040, 
    0x0020, 0x0020, 0x0020, 0x0020, 0x0020, 0x0020, 0x0020, 0x0020, 0x0040, 0x0040, 0x0040, 0x0020, 
    0x0020, 0x0040, 0x0040, 0x0040, 0x0040, 0x0040, 0x0040, 0x0040, 0x0040, 0x0040, 0x0020, 0x0020, 
    0x0020, 0x0020, 0x0020, 0x0020, 0x0020, 0x0040, 0x0040, 0x0040, 0x0040, 0x0020, 0x0020, 0x0040, 
    0x0040, 0x0040, 0x0040, 0x0020, 0x0020, 0x0040, 0x0060, 0x0060, 0x0040, 0x0040, 0x0020, 0x0020, 
    0x0020, 0x0020, 0x0000, 0x0000, 0x0020, 0x0020, 0x0040, 0x0020, 0x0020, 0x0020, 0x0000, 0x0000, 
    0x0020, 0x0040, 0x0020, 0x0020, 0x0020, 0x0020, 0x0020, 0x0020, 0x0020, 0x0020, 0x0020, 0x0020, 
    0x0000, 0x0000, 0x0020, 0x0040, 0x0040, 0x0040, 0x0040, 0x0020, 0x0020, 0x0020, 0x0020, 0x0020, 
    0x0040, 0x0060, 0x0060, 0x0060, 0x0040, 0x0040, 0x0040, 0x0040, 0x0040, 0x0040, 0x0040, 0x0040, 
    0x0040, 0x0040, 0x0020, 0x0020, 0x0020, 0x0020, 0x0020, 0x0040, 0x0040, 0x0040, 0x0020, 0x0000, 
    0x0000, 0x0020, 0x0020, 0x0020, 0x0040, 0x0040, 0x0060, 0x0060, 0x0040, 0x0020, 0x0020, 0x0020, 
    0x0040, 0x0020, 0x0040, 0x0060, 0x0060, 0x0060, 0x0040, 0x0040, 0x0040, 0x0040, 0x0020, 0x0020, 
    0x0020, 0x0020, 0x0020, 0x0020, 0x0020, 0x0020, 0x0040, 0x0040, 0x0060, 0x0040, 0x0020, 0x0020, 
    0x0020, 0x0020, 0x0040, 0x0040, 0x0040, 0x0020, 0x0020, 0x0040, 0x0040, 0x0040, 0x0020, 0x0040, 
    0x0040, 0x0040, 0x0040, 0x0040, 0x0040, 0x0020, 0x0020, 0x0020, 0x0020, 0x0020, 0x0020, 0x0040, 
    0x0040, 0x0040, 0x0040, 0x0040, 0x0040, 0x0040, 0x0020, 0x0020, 0x0040, 0x0040, 0x0020, 0x0020, 
    0x0020, 0x0040, 0x0020, 0x0020, 0x0020, 0x0020, 0x0020, 0x0020, 0x0020, 0x0040, 0x0040, 0x0020, 
    0x0040, 0x0040, 0x0020, 0x0020, 0x0020, 0x0020, 0x0000, 0x0000, 0x0000, 0x0000, 0x0020, 0x0020, 
    0x0020, 0x0020, 0x0040, 0x0020, 0x0020, 0x0020, 0x0020, 0x0020, 0x0020, 0x0000, 0x0020, 0x0020, 
    0x0040, 0x0020, 0x0020, 0x0020, 0x0020, 0x0020, 0x0020, 0x0020, 0x0020, 0x0000, 0x0000, 0x0020, 
    0x0000, 0x0000, 0x0000, 0x0020, 0x0020, 0x0020, 0x0020, 0x0020, 0x0020, 0x0000, 0x0000, 0x0000, 
    0x0020, 0x0020, 0x0040, 0x0040, 0x0040, 0x0000, 0x0000, 0x0000, 0x0040, 0x0060, 0x0080, 0x0080, 
    0x00A0, 0x00C0, 0x00C0, 0x00A0, 0x0101, 0x0100, 0x00E1, 0x00E0, 0x00C0, 0x00C0, 0x00A0, 0x0080, 
    0x0060, 0x0060, 0x0040, 0x0040, 0x0040, 0x0040, 0x0040, 0x0040, 0x0040, 0x0040, 0x0040, 0x0040, 
    0x0040, 0x0060, 0x0060, 0x0060, 0x0060, 0x0040, 0x0040, 0x0040, 0x0060, 0x0060, 0x0060, 0x0060, 
    0x0060, 0x0060, 0x0060, 0x0060, 0x0060, 0x0060, 0x0060, 0x0060, 0x0060, 0x0060, 0x0060, 0x0060, 
    0x0060, 0x0060, 0x0060, 0x0060, 0x0060, 0x0080, 0x0080, 0x0080, 0x0080, 0x0080, 0x0080, 0x0080, 
    0x0080, 0x0080, 0x0080, 0x0080, 0x0080, 0x0080, 0x0080, 0x0080, 0x0080, 0x0060, 0x0080, 0x0080, 
    0x0080, 0x0080, 0x0080, 0x00A0, 0x00A0, 0x00A0, 0x00A0, 0x0080, 0x0080, 0x0080, 0x00A0, 0x00A0, 
    0x00A0, 0x00A0, 0x00C0, 0x00C0, 0x00C0, 0x00A0, 0x0080, 0x0080, 0x00A0, 0x00A0, 0x00A0, 0x00A0, 
    0x00A0, 0x00A0, 0x00A0, 0x00A0, 0x00A0, 0x00A0, 0x00A0, 0x00A0, 0x00C0, 0x00C0, 0x00C0, 0x00C0, 
    0x00C1, 0x00C0, 0x00C0, 0x00C0, 0x00C0, 0x00A0, 0x00A0, 0x00A0, 0x00A0, 0x00A0, 0x00A0, 0x00A0, 
    0x00A0, 0x00C0, 0x00C0, 0x00A0, 0x00A0, 0x0080, 0x0080, 0x0080, 0x00A0, 0x00A0, 0x00A0, 0x00A0, 
    0x00A0, 0x00A0, 0x00C0, 0x00A0, 0x00A0, 0x0080, 0x0080, 0x00A0, 0x00A0, 0x00A0, 0x00A0, 0x00A0, 
    0x00C1, 0x00C0, 0x00A0, 0x0080, 0x00A0, 0x00A0, 0x00C0, 0x00C1, 0x00C0, 0x00C1, 0x00C1, 0x00C1, 
    0x00C1, 0x00C0, 0x00A0, 0x00A0, 0x00A0, 0x00A0, 0x00A0, 0x00A0, 0x00A0, 0x00A0, 0x00A0, 0x00A0, 
    0x00A0, 0x00A0, 0x00A0, 0x00A0, 0x00A0, 0x00A0, 0x00A0, 0x00A0, 0x00A0, 0x00A0, 0x0080, 0x00A0, 
    0x00A0, 0x00C0, 0x00C0, 0x00A0, 0x00A0, 0x00A0, 0x00A0, 0x00A0, 0x00A0, 0x00A0, 0x00A0, 0x00A0, 
    0x00A0, 0x00A0, 0x0080, 0x0080, 0x0080, 0x0080, 0x0080, 0x0080, 0x0080, 0x0080, 0x0080, 0x0080, 
    0x00A0, 0x00C0, 0x00A0, 0x00A0, 0x00A0, 0x00A0, 0x0080, 0x0080, 0x0080, 0x0080, 0x00A0, 0x00A0, 
    0x00A0, 0x00A0, 0x0080, 0x0080, 0x0080, 0x0080, 0x0080, 0x0080, 0x0080, 0x00A0, 0x00A0, 0x00A0, 
    0x0080, 0x0080, 0x0060, 0x0060, 0x0080, 0x0080, 0x0080, 0x0080, 0x00A0, 0x00A0, 0x00A0, 0x0080, 
    0x0080, 0x0080, 0x0080, 0x0080, 0x0080, 0x0080, 0x0060, 0x0060, 0x0080, 0x0080, 0x0080, 0x0080, 
    0x0080, 0x0060, 0x0080, 0x0080, 0x0080, 0x0080, 0x0080, 0x0080, 0x0080, 0x0080, 0x0080, 0x0080, 
    0x0080, 0x0060, 0x0060, 0x0060, 0x0040, 0x0040, 0x0060, 0x0060, 0x0060, 0x0080, 0x0080, 0x0080, 
    0x0080, 0x0060, 0x0060, 0x0060, 0x0060, 0x0060, 0x0080, 0x0080, 0x0080, 0x0080, 0x0060, 0x0060, 
    0x0060, 0x0060, 0x0060, 0x0060, 0x0060, 0x0060, 0x0060, 0x0040, 0x0040, 0x0040, 0x0040, 0x0040, 
    0x0060, 0x0060, 0x0060, 0x0040, 0x0040, 0x0040, 0x0040, 0x0040, 0x0040, 0x0040, 0x0040, 0x0060, 
    0x0060, 0x0040, 0x0060, 0x0060, 0x0060, 0x0080, 0x0080, 0x00A0, 0x00C0, 0x00C0, 0x00C0, 0x00A0, 
    0x00E0, 0x0101, 0x00E0, 0x00E0, 0x00E0, 0x00C0, 0x00C0, 0x00A0, 0x00A0, 0x00A0, 0x0080, 0x0080, 
    0x0080, 0x0060, 0x0060, 0x0080, 0x0080, 0x0080, 0x0080, 0x0080, 0x0080, 0x0080, 0x0080, 0x00A0, 
    0x0080, 0x0080, 0x0080, 0x0080, 0x0080, 0x00A0, 0x00A0, 0x00A0, 0x00A0, 0x00A0, 0x00A0, 0x00A0, 
    0x00A0, 0x00A0, 0x00A0, 0x00A0, 0x00A0, 0x00A0, 0x00A0, 0x00A0, 0x00A0, 0x00A0, 0x00A0, 0x00A0, 
    0x00A0, 0x00C0, 0x00A0, 0x00A0, 0x00A0, 0x00C0, 0x00C0, 0x00C0, 0x00A0, 0x00C0, 0x00C0, 0x00C0, 
    0x00C0, 0x00C0, 0x00C0, 0x00A0, 0x00A0, 0x00A0, 0x00A0, 0x00C0, 0x00C0, 0x00C0, 0x00C0, 0x00C0, 
    0x00C0, 0x00E0, 0x00C0, 0x00C0, 0x00E0, 0x00E0, 0x00E0, 0x00E0, 0x00E0, 0x0101, 0x0101, 0x00E0, 
    0x00E0, 0x00E1, 0x00C0, 0x00C0, 0x00C0, 0x00E0, 0x00E0, 0x00E0, 0x00E0, 0x00E0, 0x00E0, 0x00E0, 
    0x00E0, 0x00E0, 0x00E1, 0x00E1, 0x0101, 0x0121, 0x0101, 0x0101, 0x00E1, 0x0101, 0x0101, 0x0101, 
    0x0101, 0x00E0, 0x00E0, 0x00E1, 0x00E0, 0x00E0, 0x00C0, 0x00C0, 0x00E0, 0x00E1, 0x0101, 0x00E0, 
    0x00C0, 0x00C0, 0x00A0, 0x00C0, 0x00C0, 0x00C0, 0x00C0, 0x00E1, 0x00E0, 0x00E1, 0x00E1, 0x00E0, 
    0x00C0, 0x00C0, 0x00C0, 0x00C0, 0x00C0, 0x00C0, 0x00C0, 0x00E1, 0x00E1, 0x00E1, 0x00E1, 0x00C0, 
    0x00C0, 0x00E1, 0x00E0, 0x00E0, 0x00E1, 0x00E1, 0x00E1, 0x00E1, 0x00E1, 0x00E1, 0x00E1, 0x00E1, 
    0x00E0, 0x00E0, 0x00E1, 0x00E0, 0x00E1, 0x00E0, 0x00E0, 0x00E0, 0x00C0, 0x00C0, 0x00E0, 0x00E0, 
    0x00C0, 0x00C0, 0x00C0, 0x00C0, 0x00C0, 0x00C0, 0x00C0, 0x00C0, 0x00E0, 0x00E0, 0x00C0, 0x00C0, 
    0x00E0, 0x00E0, 0x00C0, 0x00E1, 0x00E0, 0x00E0, 0x00E1, 0x00C0, 0x00E0, 0x00C0, 0x00C0, 0x00C0, 
    0x00C0, 0x00C0, 0x00C0, 0x00C0, 0x00C0, 0x00C0, 0x00C0, 0x00C0, 0x00E0, 0x00C0, 0x00E0, 0x00E0, 
    0x00C0, 0x00C0, 0x00C0, 0x00C0, 0x00C0, 0x00C0, 0x00E0, 0x00E0, 0x00E0, 0x00E0, 0x00C0, 0x00C0, 
    0x00C0, 0x00C0, 0x00C0, 0x00A0, 0x00C0, 0x00C0, 0x00E0, 0x00C0, 0x00C0, 0x00A0, 0x00A0, 0x00A0, 
    0x00C0, 0x00C0, 0x00C0, 0x00C0, 0x00E0, 0x00E0, 0x00C0, 0x00C0, 0x00C0, 0x00C0, 0x00C0, 0x00C0, 
    0x00C0, 0x00A0, 0x00A0, 0x00A0, 0x00C0, 0x00C0, 0x00C0, 0x00C0, 0x00A0, 0x00A0, 0x00A0, 0x00A0, 
    0x00A0, 0x00A0, 0x00A0, 0x00A0, 0x00C0, 0x00C0, 0x00C0, 0x00C0, 0x00C0, 0x00A0, 0x00A0, 0x0080, 
    0x0080, 0x0080, 0x00A0, 0x00A0, 0x00A0, 0x00A0, 0x00A0, 0x00C0, 0x00A0, 0x0080, 0x0080, 0x0080, 
    0x0080, 0x00A0, 0x00A0, 0x00C0, 0x00A0, 0x00A0, 0x00A0, 0x00A0, 0x0080, 0x0080, 0x0080, 0x0080, 
    0x00A0, 0x00A0, 0x00A0, 0x0080, 0x0060, 0x0060, 0x0060, 0x0080, 0x00A0, 0x00A0, 0x0080, 0x0080, 
    0x0080, 0x0080, 0x0060, 0x0080, 0x0060, 0x0060, 0x0080, 0x0080, 0x0080, 0x0060, 0x0080, 0x0080, 
    0x0080, 0x0080, 0x00A0, 0x00A0, 0x00A0, 0x00C0, 0x00A0, 0x00A0, 0x00C0, 0x00E0, 0x00E0, 0x00E1, 
    0x00E0, 0x00C0, 0x00C0, 0x00C0, 0x00C0, 0x00A0, 0x00C0, 0x00A0, 0x00A0, 0x00A0, 0x00A0, 0x00C0, 
    0x00A0, 0x00A0, 0x00A0, 0x00C0, 0x00C0, 0x00C0, 0x00C0, 0x00C0, 0x00C0, 0x00C0, 0x00C0, 0x00C0, 
    0x00E0, 0x00E0, 0x00E0, 0x00E1, 0x00E0, 0x00E0, 0x00C0, 0x00E0, 0x00E0, 0x00E0, 0x00E0, 0x0101, 
    0x00E1, 0x00C0, 0x00E1, 0x00E0, 0x00C0, 0x00C0, 0x00E0, 0x00E0, 0x00E0, 0x00E1, 0x00E1, 0x00E1, 
    0x00E1, 0x0101, 0x0101, 0x0101, 0x0101, 0x0121, 0x0101, 0x0101, 0x0101, 0x0101, 0x0101, 0x00E0, 
    0x0101, 0x0101, 0x00E0, 0x0101, 0x0101, 0x0101, 0x0101, 0x0101, 0x0101, 0x0101, 0x0101, 0x0121, 
    0x0141, 0x0141, 0x0141, 0x0141, 0x0121, 0x0121, 0x0141, 0x0141, 0x0141, 0x0141, 0x0141, 0x0141, 
    0x0141, 0x0141, 0x0121, 0x0101, 0x0121, 0x0141, 0x0141, 0x0141, 0x0141, 0x0141, 0x0141, 0x0141, 
    0x0161, 0x0161, 0x0141, 0x0141, 0x0141, 0x0141, 0x0141, 0x0141, 0x0141, 0x0121, 0x0141, 0x0141, 
    0x0141, 0x0141, 0x0121, 0x0121, 0x0101, 0x0121, 0x0121, 0x0101, 0x0101, 0x0101, 0x0101, 0x0101, 
    0x0101, 0x0121, 0x0141, 0x0101, 0x0121, 0x0121, 0x0121, 0x0121, 0x0101, 0x0101, 0x0101, 0x0101, 
    0x0121, 0x0121, 0x0121, 0x0141, 0x0121, 0x0121, 0x0141, 0x0121, 0x0101, 0x0101, 0x0121, 0x0121, 
    0x0121, 0x0121, 0x0121, 0x0121, 0x0101, 0x0121, 0x0121, 0x0121, 0x0121, 0x0121, 0x0121, 0x0121, 
    0x0141, 0x0121, 0x0121, 0x0121, 0x0101, 0x00E0, 0x0101, 0x0101, 0x0101, 0x0101, 0x0101, 0x0101, 
    0x0101, 0x0101, 0x0101, 0x0101, 0x0101, 0x00E1, 0x00E1, 0x0101, 0x0121, 0x0121, 0x0121, 0x0101, 
    0x0101, 0x0121, 0x0121, 0x0101, 0x0101, 0x0121, 0x0101, 0x0121, 0x0121, 0x0101, 0x0101, 0x0100, 
    0x0101, 0x00E1, 0x0101, 0x0101, 0x0101, 0x0101, 0x00E0, 0x0101, 0x0101, 0x00E1, 0x00E0, 0x00E1, 
    0x0101, 0x0101, 0x0121, 0x0101, 0x0101, 0x0101, 0x0101, 0x0101, 0x0101, 0x0101, 0x0101, 0x0101, 
    0x0101, 0x0101, 0x0101, 0x0101, 0x0101, 0x00E0, 0x00C0, 0x00E0, 0x0100, 0x0101, 0x0101, 0x0101, 
    0x0101, 0x0101, 0x0101, 0x0101, 0x0101, 0x0101, 0x0101, 0x0101, 0x00E1, 0x00E0, 0x00E0, 0x00E1, 
    0x00E1, 0x0101, 0x0101, 0x0101, 0x00E0, 0x00E0, 0x00E0, 0x00E0, 0x00E0, 0x00E1, 0x00E1, 0x00E1, 
    0x00E0, 0x00E1, 0x00E1, 0x00E1, 0x00E1, 0x00E0, 0x00E0, 0x00E1, 0x00E1, 0x00E0, 0x00E0, 0x00E0, 
    0x00E1, 0x00E0, 0x00E0, 0x0101, 0x00E1, 0x00E0, 0x00C0, 0x00C0, 0x00C1, 0x00C0, 0x00E0, 0x00C0, 
    0x00C0, 0x00C0, 0x00C0, 0x00C0, 0x00C0, 0x00C0, 0x00A0, 0x00C0, 0x00C0, 0x00C0, 0x00C0, 0x00A0, 
    0x00A0, 0x00A0, 0x00A0, 0x00A0, 0x00C0, 0x00A0, 0x00A0, 0x00C0, 0x00A0, 0x00A0, 0x00A0, 0x00A0, 
    0x00A0, 0x0080, 0x00A0, 0x00A0, 0x00A0, 0x00A0, 0x00A0, 0x00A0, 0x00A0, 0x00A0, 0x00C0, 0x00A0, 
    0x00A0, 0x00C0, 0x00A0, 0x00A0, 0x00C0, 0x00C0, 0x00E0, 0x00E0, 0x00E0, 0x00C0, 0x00C0, 0x00C0, 
    0x00C0, 0x00C0, 0x00C0, 0x00C0, 0x00C0, 0x00C0, 0x00C0, 0x00E0, 0x00C0, 0x00E0, 0x00E0, 0x00E0, 
    0x00E0, 0x00E0, 0x00E0, 0x00E0, 0x00E0, 0x00E1, 0x00E0, 0x00E0, 0x0101, 0x0101, 0x0121, 0x0100, 
    0x0101, 0x0121, 0x0101, 0x0101, 0x0101, 0x0100, 0x0101, 0x0121, 0x0121, 0x0121, 0x0121, 0x0121, 
    0x00E1, 0x00E1, 0x00E1, 0x0101, 0x0101, 0x0101, 0x0101, 0x0121, 0x0121, 0x0121, 0x0121, 0x0121, 
    0x0121, 0x0121, 0x0121, 0x0121, 0x0121, 0x0121, 0x0101, 0x0100, 0x0121, 0x0121, 0x0101, 0x0121, 
    0x0141, 0x0121, 0x0121, 0x0121, 0x0141, 0x0121, 0x0121, 0x0141, 0x0141, 0x0141, 0x0141, 0x0121, 
    0x0121, 0x0141, 0x0161, 0x0161, 0x0161, 0x0181, 0x0181, 0x0181, 0x0181, 0x0181, 0x0181, 0x0141, 
    0x0161, 0x0181, 0x0161, 0x0181, 0x0161, 0x0161, 0x0161, 0x0161, 0x0161, 0x0141, 0x0161, 0x0161, 
    0x0141, 0x0161, 0x0141, 0x0141, 0x0161, 0x0161, 0x0161, 0x0161, 0x0161, 0x0161, 0x0161, 0x0141, 
    0x0141, 0x0141, 0x0141, 0x0121, 0x0161, 0x0141, 0x0161, 0x0161, 0x0141, 0x0161, 0x0141, 0x0121, 
    0x0141, 0x0121, 0x0121, 0x0121, 0x0121, 0x0141, 0x0141, 0x0141, 0x0141, 0x0141, 0x0141, 0x0141, 
    0x0141, 0x0141, 0x0141, 0x0141, 0x0141, 0x0141, 0x0141, 0x0161, 0x0161, 0x0141, 0x0141, 0x0141, 
    0x0141, 0x0141, 0x0141, 0x0141, 0x0161, 0x0161, 0x0161, 0x0161, 0x0161, 0x0141, 0x0141, 0x0141, 
    0x0141, 0x0121, 0x0141, 0x0121, 0x0121, 0x0121, 0x0121, 0x0121, 0x0121, 0x0121, 0x0121, 0x0121, 
    0x0121, 0x0121, 0x0101, 0x0121, 0x0121, 0x0141, 0x0141, 0x0121, 0x0121, 0x0141, 0x0121, 0x0121, 
    0x0141, 0x0141, 0x0141, 0x0141, 0x0141, 0x0141, 0x0121, 0x0101, 0x0121, 0x0101, 0x0101, 0x0121, 
    0x0121, 0x0121, 0x0121, 0x0121, 0x0121, 0x0121, 0x0121, 0x0101, 0x0101, 0x0121, 0x0121, 0x0121, 
    0x0121, 0x0121, 0x0121, 0x0121, 0x0121, 0x0141, 0x0141, 0x0141, 0x0121, 0x0121, 0x0121, 0x0121, 
    0x0121, 0x0121, 0x0101, 0x0101, 0x0101, 0x0101, 0x0101, 0x0121, 0x0101, 0x0101, 0x0121, 0x0121, 
    0x0101, 0x0101, 0x0121, 0x0121, 0x0101, 0x0101, 0x0101, 0x0101, 0x0101, 0x0121, 0x0101, 0x0121, 
    0x0101, 0x0101, 0x0101, 0x0101, 0x0121, 0x0101, 0x0101, 0x0101, 0x0101, 0x00E1, 0x0101, 0x0101, 
    0x0101, 0x0101, 0x0101, 0x0101, 0x0101, 0x0101, 0x0101, 0x0101, 0x0101, 0x00E1, 0x0101, 0x0101, 
    0x0100, 0x0121, 0x00E0, 0x00E0, 0x00E1, 0x00E0, 0x00E1, 0x00E0, 0x00C0, 0x00E0, 0x00E1, 0x00E1, 
    0x00E1, 0x00C0, 0x00C0, 0x00C0, 0x00E0, 0x00C0, 0x00C0, 0x00C0, 0x00C0, 0x00C0, 0x00C0, 0x00C0, 
    0x00C0, 0x00C0, 0x00C0, 0x00C0, 0x00C0, 0x00C0, 0x00C0, 0x00A0, 0x00C0, 0x00A0, 0x00A0, 0x00A0, 
    0x00A0, 0x00A0, 0x00A0, 0x00A0, 0x00A0, 0x00A0, 0x00A0, 0x00A0, 0x00A0, 0x00C0, 0x00A0, 0x00A0, 
    0x00C0, 0x00C0, 0x00C0, 0x00E0, 0x00E0, 0x00E0, 0x00E0, 0x00E0, 0x00E0, 0x00E0, 0x00C0, 0x00E0, 
    0x00E0, 0x00E0, 0x00E0, 0x00E0, 0x00C0, 0x00E0, 0x00E0, 0x0101, 0x0101, 0x0101, 0x0101, 0x0101, 
    0x00E0, 0x00E0, 0x00E0, 0x00E0, 0x0101, 0x0101, 0x0121, 0x0101, 0x0121, 0x0121, 0x0101, 0x0101, 
    0x0121, 0x0121, 0x0121, 0x0121, 0x0121, 0x0121, 0x0121, 0x0121, 0x0101, 0x0101, 0x0101, 0x0101, 
    0x0101, 0x0101, 0x0121, 0x0121, 0x0121, 0x0141, 0x0121, 0x0121, 0x0121, 0x0121, 0x0141, 0x0121, 
    0x0121, 0x0141, 0x0121, 0x0100, 0x0121, 0x0121, 0x0101, 0x0121, 0x0141, 0x0141, 0x0161, 0x0161, 
    0x0141, 0x0121, 0x0121, 0x0121, 0x0101, 0x0141, 0x0141, 0x0101, 0x0121, 0x0141, 0x0121, 0x0141, 
    0x0141, 0x0161, 0x0181, 0x0181, 0x0181, 0x0181, 0x0181, 0x0161, 0x0161, 0x0181, 0x0181, 0x0181, 
    0x0161, 0x0161, 0x0141, 0x0161, 0x0161, 0x0141, 0x0141, 0x0161, 0x0161, 0x0181, 0x0181, 0x0181, 
    0x0161, 0x0161, 0x0161, 0x0161, 0x0181, 0x0161, 0x0161, 0x0181, 0x0161, 0x0121, 0x0141, 0x0121, 
    0x0161, 0x0161, 0x0181, 0x0181, 0x0161, 0x0161, 0x0161, 0x0141, 0x0161, 0x0141, 0x0121, 0x0141, 
    0x0141, 0x0141, 0x0141, 0x0121, 0x0141, 0x0121, 0x0141, 0x0161, 0x0161, 0x0161, 0x0141, 0x0141, 
    0x0161, 0x0161, 0x0161, 0x0181, 0x0181, 0x0141, 0x0141, 0x0161, 0x0161, 0x0161, 0x0161, 0x0161, 
    0x0141, 0x0161, 0x0161, 0x0161, 0x0161, 0x0141, 0x0141, 0x0161, 0x0161, 0x0141, 0x0141, 0x0161, 
    0x0161, 0x0141, 0x0141, 0x0141, 0x0141, 0x0161, 0x0141, 0x0141, 0x0141, 0x0141, 0x0141, 0x0121, 
    0x0121, 0x0141, 0x0141, 0x0141, 0x0141, 0x0141, 0x0121, 0x0121, 0x0141, 0x0141, 0x0141, 0x0141, 
    0x0161, 0x0141, 0x0121, 0x0121, 0x0121, 0x0100, 0x0121, 0x0121, 0x0121, 0x0121, 0x0121, 0x0121, 
    0x0141, 0x0121, 0x0121, 0x0101, 0x0100, 0x0121, 0x0121, 0x0121, 0x0121, 0x0121, 0x0141, 0x0141, 
    0x0141, 0x0141, 0x0141, 0x0141, 0x0121, 0x0121, 0x0121, 0x0121, 0x0121, 0x0121, 0x0101, 0x0121, 
    0x0121, 0x0101, 0x0121, 0x0121, 0x0121, 0x0121, 0x0121, 0x0121, 0x0121, 0x0121, 0x0121, 0x0101, 
    0x0121, 0x0121, 0x0141, 0x0121, 0x0121, 0x0121, 0x0121, 0x0121, 0x0101, 0x0101, 0x0121, 0x0100, 
    0x0121, 0x0101, 0x0100, 0x0101, 0x0101, 0x0100, 0x0101, 0x0121, 0x0121, 0x0121, 0x0121, 0x0101, 
    0x0101, 0x0100, 0x0101, 0x0101, 0x0101, 0x00E1, 0x0101, 0x0121, 0x0100, 0x0121, 0x0101, 0x0101, 
    0x0121, 0x00E1, 0x00E1, 0x00E0, 0x00E0, 0x00E0, 0x00E0, 0x00E1, 0x0101, 0x00E1, 0x00E0, 0x00C0, 
    0x00E0, 0x00E0, 0x00C0, 0x00C0, 0x00C0, 0x00C0, 0x00C0, 0x00E0, 0x00E0, 0x00E0, 0x00E0, 0x00E0, 
    0x00E0, 0x00C0, 0x00C0, 0x00C0, 0x00C0, 0x00C0, 0x00A0, 0x00A0, 0x00A0, 0x00A0, 0x00A0, 0x00A0, 
    0x00C0, 0x00A0, 0x00A0, 0x00A0, 0x00A0, 0x00A0, 0x00A0, 0x00A0, 0x00C0, 0x00C0, 0x00C0, 0x00E0, 
    0x00E0, 0x00E0, 0x00E0, 0x00E0, 0x00E0, 0x00E0, 0x00E0, 0x00E0, 0x00E0, 0x00E0, 0x00E0, 0x00E0, 
    0x00C0, 0x00C0, 0x00E0, 0x00E0, 0x0101, 0x0101, 0x0101, 0x0101, 0x00E1, 0x0101, 0x0100, 0x0101, 
    0x0121, 0x0121, 0x0121, 0x0101, 0x0101, 0x0141, 0x0121, 0x0121, 0x0141, 0x0101, 0x0121, 0x0121, 
    0x0101, 0x0100, 0x0100, 0x0121, 0x0121, 0x0101, 0x0101, 0x00E0, 0x00E0, 0x0101, 0x0141, 0x0141, 
    0x0121, 0x0121, 0x0121, 0x0101, 0x0121, 0x0141, 0x0121, 0x0141, 0x0141, 0x0121, 0x0121, 0x0121, 
    0x0121, 0x0121, 0x0101, 0x0121, 0x0141, 0x0141, 0x0141, 0x0141, 0x0141, 0x0141, 0x0141, 0x0141, 
    0x0100, 0x0121, 0x0141, 0x0121, 0x0141, 0x0141, 0x0141, 0x0161, 0x0141, 0x0161, 0x0182, 0x0181, 
    0x0181, 0x0161, 0x0181, 0x0161, 0x0161, 0x0181, 0x0181, 0x0181, 0x0181, 0x0181, 0x0141, 0x0141, 
    0x0161, 0x0121, 0x0141, 0x0161, 0x0161, 0x0181, 0x0181, 0x01A2, 0x01A1, 0x0161, 0x0181, 0x0161, 
    0x0161, 0x0161, 0x0161, 0x01A2, 0x0141, 0x0121, 0x0141, 0x0121, 0x0141, 0x0161, 0x0161, 0x0161, 
    0x0181, 0x0181, 0x0161, 0x0141, 0x0161, 0x0141, 0x0121, 0x0141, 0x0141, 0x0121, 0x0161, 0x0141, 
    0x0141, 0x0141, 0x0141, 0x0161, 0x0141, 0x0161, 0x0141, 0x0161, 0x0181, 0x0161, 0x0181, 0x0181, 
    0x0181, 0x0161, 0x0141, 0x0121, 0x0141, 0x0161, 0x0181, 0x0141, 0x0141, 0x0161, 0x0141, 0x0161, 
    0x0161, 0x0161, 0x0141, 0x0141, 0x0141, 0x0141, 0x0141, 0x0141, 0x0141, 0x0121, 0x0161, 0x0161, 
    0x0161, 0x0161, 0x0161, 0x0161, 0x0141, 0x0121, 0x0121, 0x0121, 0x0121, 0x0141, 0x0141, 0x0161, 
    0x0141, 0x0121, 0x0141, 0x0121, 0x0141, 0x0141, 0x0141, 0x0141, 0x0141, 0x0121, 0x0121, 0x0121, 
    0x0121, 0x0121, 0x0121, 0x0121, 0x0141, 0x0141, 0x0121, 0x0121, 0x0141, 0x0121, 0x0121, 0x0101, 
    0x0100, 0x0121, 0x0121, 0x0121, 0x0121, 0x0101, 0x0141, 0x0141, 0x0141, 0x0141, 0x0141, 0x0121, 
    0x0121, 0x0121, 0x0121, 0x0121, 0x0121, 0x0121, 0x0100, 0x0101, 0x0121, 0x0100, 0x00E0, 0x0121, 
    0x0121, 0x0141, 0x0141, 0x0121, 0x0121, 0x0121, 0x0121, 0x0121, 0x0121, 0x0101, 0x0121, 0x0121, 
    0x0121, 0x0121, 0x0101, 0x0121, 0x0121, 0x0101, 0x0101, 0x0101, 0x0121, 0x0121, 0x00E0, 0x0101, 
    0x00E0, 0x00E0, 0x0101, 0x0101, 0x0141, 0x0121, 0x0121, 0x0121, 0x0101, 0x00E0, 0x00E0, 0x0101, 
    0x0101, 0x0101, 0x0121, 0x0121, 0x0101, 0x0101, 0x0101, 0x0121, 0x0121, 0x00E0, 0x00E0, 0x00E0, 
    0x00E1, 0x00E1, 0x00E0, 0x00E1, 0x0101, 0x0101, 0x0101, 0x00E0, 0x00E0, 0x00E0, 0x00C0, 0x00C0, 
    0x00C0, 0x00C0, 0x00C0, 0x00E0, 0x00C0, 0x00E0, 0x00E0, 0x00E0, 0x00C0, 0x00C0, 0x00C0, 0x00C0, 
    0x00C0, 0x00C0, 0x00A0, 0x00A0, 0x0080, 0x00A0, 0x00A0, 0x0080, 0x00A0, 0x00A0, 0x00C0, 0x00A0, 
    0x00C0, 0x00A0, 0x0080, 0x00A0, 0x00E0, 0x00C0, 0x00C0, 0x00E1, 0x00E1, 0x00E0, 0x00E1, 0x00C0, 
    0x00C0, 0x00C0, 0x00E0, 0x00E0, 0x00E1, 0x00E0, 0x00E0, 0x00E0, 0x00C0, 0x00C0, 0x00E0, 0x00E0, 
    0x00E1, 0x00E1, 0x00E0, 0x00E0, 0x00E1, 0x0101, 0x00E0, 0x00E0, 0x0101, 0x0121, 0x0121, 0x0121, 
    0x0121, 0x0121, 0x0121, 0x0141, 0x0161, 0x0121, 0x0121, 0x0121, 0x0101, 0x0100, 0x0101, 0x0121, 
    0x0121, 0x0100, 0x0101, 0x0101, 0x00E0, 0x0101, 0x0161, 0x0141, 0x0101, 0x0121, 0x0121, 0x0121, 
    0x0121, 0x0121, 0x0121, 0x0121, 0x0141, 0x0121, 0x0121, 0x0121, 0x0101, 0x0121, 0x0101, 0x0121, 
    0x0141, 0x0141, 0x0141, 0x0141, 0x0141, 0x0121, 0x0141, 0x0161, 0x0121, 0x0121, 0x0141, 0x0141, 
    0x0161, 0x0161, 0x0161, 0x0181, 0x0161, 0x0161, 0x0181, 0x0121, 0x0161, 0x0181, 0x0181, 0x0161, 
    0x0161, 0x0161, 0x0181, 0x0181, 0x0181, 0x0181, 0x0141, 0x0121, 0x0141, 0x0121, 0x0141, 0x0181, 
    0x0181, 0x0181, 0x0181, 0x0181, 0x01A2, 0x0181, 0x0181, 0x0161, 0x0121, 0x0161, 0x0161, 0x0161, 
    0x0141, 0x0141, 0x0161, 0x0121, 0x0141, 0x0141, 0x0141, 0x0141, 0x0141, 0x0161, 0x0141, 0x0141, 
    0x0161, 0x0141, 0x0121, 0x0141, 0x0141, 0x0141, 0x0141, 0x0161, 0x0161, 0x0141, 0x0161, 0x0181, 
    0x0161, 0x0161, 0x0161, 0x0161, 0x0161, 0x0141, 0x0161, 0x0181, 0x0161, 0x0161, 0x0161, 0x0141, 
    0x0141, 0x0161, 0x0181, 0x0161, 0x0161, 0x0161, 0x0121, 0x0141, 0x0141, 0x0141, 0x0141, 0x0141, 
    0x0141, 0x0141, 0x0141, 0x0141, 0x0141, 0x0141, 0x0161, 0x0181, 0x0181, 0x0161, 0x0161, 0x0161, 
    0x0121, 0x0121, 0x0121, 0x0121, 0x0121, 0x0141, 0x0161, 0x0161, 0x0121, 0x0121, 0x0121, 0x0121, 
    0x0121, 0x0141, 0x0141, 0x0121, 0x0121, 0x0141, 0x0121, 0x0121, 0x0121, 0x0101, 0x0121, 0x0121, 
    0x0141, 0x0121, 0x0121, 0x0121, 0x0141, 0x0141, 0x0121, 0x0121, 0x0121, 0x0121, 0x0101, 0x0121, 
    0x0121, 0x0101, 0x0141, 0x0141, 0x0141, 0x0141, 0x0101, 0x0101, 0x0121, 0x0121, 0x0141, 0x0141, 
    0x0141, 0x0121, 0x00E0, 0x00E0, 0x0100, 0x00C0, 0x00E1, 0x0121, 0x0121, 0x0121, 0x0141, 0x0141, 
    0x0141, 0x0121, 0x0121, 0x0121, 0x0121, 0x0121, 0x0141, 0x0141, 0x0121, 0x0121, 0x0121, 0x0121, 
    0x0101, 0x0101, 0x0101, 0x0101, 0x0101, 0x0101, 0x00C0, 0x00E0, 0x0121, 0x0121, 0x0101, 0x0121, 
    0x0121, 0x0121, 0x0121, 0x0121, 0x0101, 0x00E1, 0x00E1, 0x00E1, 0x00E1, 0x00E0, 0x0101, 0x0101, 
    0x00E1, 0x0101, 0x0101, 0x0101, 0x0101, 0x0101, 0x00E1, 0x00C0, 0x00E1, 0x0101, 0x00E1, 0x00E1, 
    0x0101, 0x0101, 0x0101, 0x0101, 0x0101, 0x00E1, 0x00C0, 0x00C0, 0x00C0, 0x00C0, 0x00E0, 0x00E0, 
    0x00E0, 0x00E1, 0x00E0, 0x00E0, 0x00C0, 0x00C0, 0x00C0, 0x00C0, 0x00C0, 0x00C0, 0x00A0, 0x00A0, 
    0x0080, 0x0080, 0x0080, 0x0080, 0x00A0, 0x0080, 0x00A0, 0x00A0, 0x00C0, 0x00A0, 0x0080, 0x0080
};

UG_BMP g_game_bg_bmp =
{
    (void*)g_game_bg_data,
    320,
    240,
    BMP_BPP_16,
    BMP_RGB565
};
