#include "menu_bg.h"
#include <stdint.h>

const uint16_t g_menu_bg_data[76800] =
{
    0x0020, 0x0020, 0x0040, 0x0040, 0x0040, 0x0040, 0x0040, 0x0040, 0x0040, 0x0040, 0x0040, 0x0040, 
    0x0040, 0x0040, 0x0040, 0x0040, 0x0040, 0x0040, 0x0040, 0x0040, 0x0040, 0x0040, 0x0040, 0x0040, 
    0x0040, 0x0040, 0x0060, 0x0060, 0x0040, 0x0040, 0x0040, 0x0040, 0x0040, 0x0040, 0x0040, 0x0040, 
    0x0040, 0x0040, 0x0040, 0x0060, 0x0060, 0x0060, 0x0080, 0x0080, 0x0080, 0x0080, 0x0080, 0x0080, 
    0x00A0, 0x00A0, 0x00A0, 0x0080, 0x00A0, 0x00A0, 0x0080, 0x0080, 0x0080, 0x0080, 0x0080, 0x0080, 
    0x0080, 0x00A0, 0x00A0, 0x00A0, 0x00A0, 0x00A1, 0x00A0, 0x00A0, 0x00A1, 0x00A0, 0x00A0, 0x00C0, 
    0x00C1, 0x00C1, 0x00A0, 0x00A0, 0x00A0, 0x00A0, 0x00A0, 0x00A0, 0x00C0, 0x00C1, 0x00C1, 0x00C1, 
    0x00C1, 0x00E1, 0x00C1, 0x00E1, 0x00E1, 0x00E1, 0x00E1, 0x00E1, 0x00E1, 0x00E1, 0x00E1, 0x00E1, 
    0x0101, 0x0101, 0x0101, 0x0101, 0x0101, 0x0101, 0x0101, 0x0101, 0x0101, 0x0101, 0x0101, 0x0101, 
    0x0101, 0x0121, 0x0121, 0x0121, 0x0121, 0x0121, 0x0121, 0x0121, 0x0121, 0x0121, 0x0121, 0x0121, 
    0x0141, 0x0142, 0x0142, 0x0141, 0x0141, 0x0121, 0x0121, 0x0121, 0x0121, 0x0121, 0x0121, 0x0141, 
    0x0141, 0x0161, 0x0161, 0x0162, 0x0162, 0x0182, 0x0162, 0x0162, 0x0162, 0x0162, 0x0162, 0x0182, 
    0x0162, 0x0182, 0x0182, 0x0182, 0x01A2, 0x0182, 0x0182, 0x0182, 0x0182, 0x0182, 0x0182, 0x0182, 
    0x0182, 0x0182, 0x0182, 0x0162, 0x0162, 0x0182, 0x0182, 0x0182, 0x01A2, 0x01A2, 0x0182, 0x0182, 
    0x01A2, 0x01A2, 0x01A2, 0x0182, 0x0182, 0x0182, 0x0182, 0x0182, 0x0162, 0x0161, 0x0162, 0x0161, 
    0x0162, 0x0162, 0x0161, 0x0141, 0x0162, 0x0182, 0x0162, 0x0182, 0x0162, 0x0142, 0x0162, 0x0142, 
    0x0142, 0x0162, 0x0141, 0x0141, 0x0141, 0x0141, 0x0121, 0x0121, 0x0121, 0x0121, 0x0121, 0x0121, 
    0x0121, 0x0121, 0x0121, 0x0121, 0x0141, 0x0121, 0x0121, 0x0101, 0x0101, 0x0101, 0x0101, 0x00E1, 
    0x00E1, 0x00E1, 0x00E1, 0x00E1, 0x00E1, 0x00C1, 0x00C1, 0x00C1, 0x00C1, 0x00C0, 0x00C0, 0x00A0, 
    0x00C1, 0x00A0, 0x00A0, 0x00C0, 0x00A1, 0x00A0, 0x00A0, 0x00A0, 0x00A0, 0x00A0, 0x00A0, 0x00A0, 
    0x0080, 0x0080, 0x0080, 0x0080, 0x0080, 0x0080, 0x0080, 0x0080, 0x0080, 0x0080, 0x0080, 0x0080, 
    0x0080, 0x0080, 0x0080, 0x0080, 0x0080, 0x0080, 0x0080, 0x0080, 0x0080, 0x0080, 0x0060, 0x0060, 
    0x0060, 0x0060, 0x0060, 0x0060, 0x0060, 0x0060, 0x0060, 0x0060, 0x0060, 0x0060, 0x0060, 0x0060, 
    0x0040, 0x0040, 0x0040, 0x0040, 0x0040, 0x0040, 0x0040, 0x0040, 0x0040, 0x0040, 0x0040, 0x0040, 
    0x0040, 0x0040, 0x0040, 0x0040, 0x0040, 0x0040, 0x0040, 0x0040, 0x0040, 0x0040, 0x0060, 0x0040, 
    0x0040, 0x0040, 0x0040, 0x0060, 0x0040, 0x0040, 0x0040, 0x0040, 0x0040, 0x0040, 0x0040, 0x0040, 
    0x0040, 0x0040, 0x0040, 0x0040, 0x0040, 0x0040, 0x0040, 0x0040, 0x0020, 0x0020, 0x0040, 0x0040, 
    0x0040, 0x0040, 0x0040, 0x0040, 0x0040, 0x0040, 0x0040, 0x0040, 0x0040, 0x0040, 0x0040, 0x0040, 
    0x0040, 0x0040, 0x0040, 0x0040, 0x0040, 0x0040, 0x0040, 0x0040, 0x0040, 0x0060, 0x0060, 0x0060, 
    0x0040, 0x0040, 0x0040, 0x0040, 0x0040, 0x0040, 0x0040, 0x0040, 0x0040, 0x0060, 0x0060, 0x0060, 
    0x0060, 0x0060, 0x0080, 0x0080, 0x0080, 0x0080, 0x0080, 0x0080, 0x0080, 0x0080, 0x00A0, 0x00A0, 
    0x00A0, 0x0080, 0x0080, 0x0080, 0x0080, 0x0080, 0x0080, 0x0080, 0x0080, 0x0080, 0x00A0, 0x00A0, 
    0x00A0, 0x00A0, 0x00A0, 0x00A1, 0x00C1, 0x00A1, 0x00C1, 0x00C1, 0x00C1, 0x00C1, 0x00C0, 0x00C1, 
    0x00C1, 0x00C0, 0x00C0, 0x00C1, 0x00C0, 0x00C0, 0x00C1, 0x00C1, 0x00C1, 0x00C1, 0x00E1, 0x00C1, 
    0x00E1, 0x00E1, 0x00E1, 0x00E1, 0x00E1, 0x00E1, 0x00E1, 0x00E1, 0x00E1, 0x0101, 0x0101, 0x0101, 
    0x0101, 0x0101, 0x0101, 0x00E1, 0x00E1, 0x0101, 0x0101, 0x0101, 0x0121, 0x0121, 0x0121, 0x0121, 
    0x0141, 0x0141, 0x0141, 0x0141, 0x0141, 0x0121, 0x0121, 0x0121, 0x0121, 0x0141, 0x0141, 0x0141, 
    0x0121, 0x0121, 0x0101, 0x0101, 0x0101, 0x0121, 0x0121, 0x0121, 0x0141, 0x0141, 0x0161, 0x0162, 
    0x0162, 0x0162, 0x0162, 0x0162, 0x0162, 0x0162, 0x0162, 0x0182, 0x0182, 0x0182, 0x0182, 0x01A2, 
    0x01A2, 0x01A2, 0x0182, 0x0182, 0x0182, 0x0182, 0x0182, 0x0182, 0x0182, 0x0182, 0x01A2, 0x0161, 
    0x0161, 0x0161, 0x0182, 0x0182, 0x0182, 0x0182, 0x0182, 0x0182, 0x01A2, 0x0182, 0x0182, 0x0182, 
    0x0182, 0x0182, 0x0182, 0x0182, 0x0182, 0x0162, 0x0161, 0x0161, 0x0161, 0x0161, 0x0141, 0x0161, 
    0x0161, 0x0162, 0x0182, 0x0182, 0x0162, 0x0142, 0x0141, 0x0141, 0x0121, 0x0121, 0x0121, 0x0121, 
    0x0121, 0x0121, 0x0101, 0x0121, 0x0121, 0x0121, 0x0121, 0x0121, 0x0121, 0x0121, 0x0121, 0x0121, 
    0x0121, 0x0121, 0x0121, 0x0101, 0x0101, 0x0101, 0x0101, 0x00E1, 0x00E1, 0x00E1, 0x00E1, 0x00E1, 
    0x00C1, 0x00E1, 0x00C1, 0x00C0, 0x00C1, 0x00C1, 0x00C1, 0x00C0, 0x00A0, 0x00A0, 0x00A0, 0x00A1, 
    0x00A1, 0x00A1, 0x00A1, 0x00A1, 0x00A0, 0x00A0, 0x00A0, 0x00A0, 0x00A0, 0x0080, 0x0080, 0x0080, 
    0x0080, 0x0080, 0x0080, 0x0080, 0x0080, 0x0080, 0x0080, 0x0080, 0x0080, 0x0080, 0x0080, 0x0080, 
    0x0080, 0x0080, 0x0080, 0x0080, 0x0080, 0x0080, 0x0060, 0x0060, 0x0060, 0x0060, 0x0060, 0x0060, 
    0x0060, 0x0060, 0x0060, 0x0060, 0x0060, 0x0060, 0x0060, 0x0060, 0x0060, 0x0040, 0x0060, 0x0040, 
    0x0040, 0x0040, 0x0040, 0x0040, 0x0040, 0x0040, 0x0040, 0x0040, 0x0040, 0x0040, 0x0040, 0x0040, 
    0x0060, 0x0060, 0x0040, 0x0040, 0x0040, 0x0040, 0x0040, 0x0040, 0x0040, 0x0040, 0x0060, 0x0060, 
    0x0040, 0x0040, 0x0040, 0x0040, 0x0040, 0x0040, 0x0040, 0x0040, 0x0040, 0x0040, 0x0040, 0x0040, 
    0x0040, 0x0040, 0x0040, 0x0040, 0x0020, 0x0040, 0x0020, 0x0040, 0x0040, 0x0040, 0x0040, 0x0040, 
    0x0040, 0x0040, 0x0040, 0x0040, 0x0040, 0x0040, 0x0040, 0x0040, 0x0040, 0x0040, 0x0040, 0x0040, 
    0x0060, 0x0060, 0x0040, 0x0040, 0x0060, 0x0060, 0x0060, 0x0060, 0x0060, 0x0040, 0x0040, 0x0040, 
    0x0040, 0x0060, 0x0060, 0x0060, 0x0060, 0x0060, 0x0060, 0x0060, 0x0060, 0x0080, 0x0080, 0x0080, 
    0x0080, 0x00A0, 0x00A0, 0x00A0, 0x00A0, 0x00A0, 0x00A0, 0x00A0, 0x00A0, 0x00A0, 0x00A0, 0x00A0, 
    0x00A0, 0x00A0, 0x00A0, 0x00A0, 0x0080, 0x0080, 0x00A0, 0x00A0, 0x00A0, 0x00A0, 0x00A0, 0x00C1, 
    0x00C1, 0x00C0, 0x00C1, 0x00C1, 0x00C0, 0x00C0, 0x00C1, 0x00C1, 0x00C1, 0x00C0, 0x00C1, 0x00C1, 
    0x00C1, 0x00C1, 0x00C1, 0x00E1, 0x00E1, 0x00E1, 0x00E1, 0x00E1, 0x00E1, 0x00E1, 0x00E1, 0x00E1, 
    0x00E1, 0x0101, 0x0101, 0x0101, 0x0101, 0x0101, 0x0101, 0x0101, 0x0101, 0x0101, 0x0101, 0x0101, 
    0x0101, 0x0101, 0x0101, 0x0121, 0x0121, 0x0121, 0x0121, 0x0121, 0x0121, 0x0141, 0x0141, 0x0141, 
    0x0121, 0x0121, 0x0121, 0x0141, 0x0141, 0x0141, 0x0141, 0x0141, 0x0141, 0x0141, 0x0121, 0x0121, 
    0x0121, 0x0121, 0x0121, 0x0141, 0x0141, 0x0141, 0x0162, 0x0162, 0x0162, 0x0162, 0x0182, 0x0182, 
    0x0182, 0x0182, 0x0182, 0x01A2, 0x0182, 0x01A2, 0x01A2, 0x01A2, 0x01A2, 0x01A2, 0x01A2, 0x01A2, 
    0x01A2, 0x01A2, 0x01C2, 0x01A2, 0x0182, 0x09A2, 0x0141, 0x21A2, 0x1162, 0x0121, 0x0181, 0x0182, 
    0x0182, 0x0182, 0x0182, 0x01A2, 0x01A2, 0x01A2, 0x01A2, 0x01A2, 0x01A2, 0x01A2, 0x01A2, 0x0182, 
    0x0182, 0x0182, 0x0182, 0x0181, 0x0162, 0x0161, 0x0162, 0x0182, 0x0182, 0x0182, 0x0182, 0x0182, 
    0x0162, 0x0162, 0x0162, 0x0141, 0x0121, 0x0121, 0x0121, 0x0121, 0x0121, 0x0101, 0x0121, 0x0121, 
    0x0121, 0x0121, 0x0141, 0x0141, 0x0121, 0x0141, 0x0141, 0x0121, 0x0121, 0x0141, 0x0141, 0x0121, 
    0x0101, 0x0101, 0x0121, 0x0101, 0x0101, 0x0101, 0x00E1, 0x00E1, 0x00E1, 0x00E1, 0x00C1, 0x00C1, 
    0x00C1, 0x00C1, 0x00C1, 0x00C1, 0x00C1, 0x00C1, 0x00C1, 0x00C1, 0x00C1, 0x00C1, 0x00C0, 0x00C1, 
    0x00C0, 0x00A0, 0x00A0, 0x00A0, 0x00A0, 0x00A0, 0x00A0, 0x00A0, 0x00A0, 0x00A0, 0x00A0, 0x00A0, 
    0x00A0, 0x00A0, 0x00A0, 0x00A0, 0x00A0, 0x00A0, 0x00A0, 0x0080, 0x0080, 0x0080, 0x0080, 0x0080, 
    0x0080, 0x0080, 0x0080, 0x0080, 0x0080, 0x0080, 0x0080, 0x0080, 0x0080, 0x0080, 0x0060, 0x0060, 
    0x0060, 0x0060, 0x0060, 0x0060, 0x0060, 0x0060, 0x0060, 0x0060, 0x0060, 0x0060, 0x0060, 0x0060, 
    0x0060, 0x0060, 0x0060, 0x0060, 0x0040, 0x0040, 0x0040, 0x0060, 0x0060, 0x0060, 0x0060, 0x0040, 
    0x0040, 0x0040, 0x0060, 0x0060, 0x0060, 0x0040, 0x0040, 0x0060, 0x0040, 0x0040, 0x0040, 0x0040, 
    0x0040, 0x0040, 0x0040, 0x0040, 0x0040, 0x0040, 0x0040, 0x0040, 0x0040, 0x0040, 0x0040, 0x0040, 
    0x0040, 0x0040, 0x0040, 0x0040, 0x0040, 0x0040, 0x0040, 0x0040, 0x0040, 0x0040, 0x0040, 0x0000, 
    0x0000, 0x0040, 0x0040, 0x0040, 0x0040, 0x0040, 0x0020, 0x0000, 0x0000, 0x0000, 0x0000, 0x0000, 
    0x0000, 0x0020, 0x0020, 0x0020, 0x0000, 0x0000, 0x0000, 0x0000, 0x0000, 0x0000, 0x0000, 0x0000, 
    0x0000, 0x0000, 0x0000, 0x0000, 0x0000, 0x0000, 0x0020, 0x0020, 0x0020, 0x0020, 0x0040, 0x0040, 
    0x0040, 0x0040, 0x0040, 0x0040, 0x0040, 0x0040, 0x0020, 0x0020, 0x0020, 0x0040, 0x0040, 0x0020, 
    0x0020, 0x0020, 0x0020, 0x0020, 0x0020, 0x0020, 0x0040, 0x0040, 0x0040, 0x0040, 0x0040, 0x0040, 
    0x0060, 0x0060, 0x0060, 0x0040, 0x0060, 0x0060, 0x0060, 0x0060, 0x0060, 0x0060, 0x0060, 0x0040, 
    0x0060, 0x0060, 0x0080, 0x0060, 0x0060, 0x0060, 0x0080, 0x0060, 0x0080, 0x0080, 0x0080, 0x0080, 
    0x0080, 0x0080, 0x0080, 0x0080, 0x00A0, 0x00A0, 0x00A0, 0x0080, 0x0080, 0x0060, 0x0080, 0x00A0, 
    0x0080, 0x0080, 0x00A0, 0x00A0, 0x00A0, 0x00A0, 0x00A0, 0x00A0, 0x00A0, 0x00A0, 0x00C0, 0x00C0, 
    0x00C0, 0x00C0, 0x00A0, 0x00A0, 0x00C0, 0x00A0, 0x00A0, 0x00A0, 0x0080, 0x00A0, 0x00A0, 0x00A0, 
    0x00A0, 0x00A0, 0x00C0, 0x00C0, 0x00E1, 0x00E0, 0x00E0, 0x0101, 0x0101, 0x0101, 0x00E0, 0x0101, 
    0x00E1, 0x0100, 0x0101, 0x0101, 0x0101, 0x0121, 0x0101, 0x0121, 0x0141, 0x0121, 0x0121, 0x0121, 
    0x0121, 0x0101, 0x00E1, 0x9C07, 0x6A84, 0x00C0, 0x0101, 0x0101, 0x0101, 0x00E1, 0x0121, 0x0121, 
    0x0121, 0x0101, 0x0121, 0x0121, 0x0101, 0x0101, 0x00E0, 0x00E0, 0x00E0, 0x00E0, 0x0101, 0x00E1, 
    0x00E1, 0x00E1, 0x00E0, 0x00E0, 0x00E0, 0x00E0, 0x00C0, 0x00C0, 0x00C0, 0x00C0, 0x00C0, 0x00C0, 
    0x00A0, 0x00A0, 0x00A0, 0x0080, 0x0080, 0x0080, 0x0080, 0x00A0, 0x00A0, 0x00A0, 0x00A0, 0x00A0, 
    0x00C0, 0x00C0, 0x00A0, 0x00A0, 0x0080, 0x00A0, 0x00C0, 0x0080, 0x0080, 0x0080, 0x00A0, 0x00A0, 
    0x0080, 0x0060, 0x0060, 0x0060, 0x0060, 0x0060, 0x0060, 0x0060, 0x0060, 0x0060, 0x0040, 0x0060, 
    0x0060, 0x0060, 0x0060, 0x0060, 0x0060, 0x0040, 0x0060, 0x0060, 0x0060, 0x0040, 0x0040, 0x0040, 
    0x0040, 0x0040, 0x0040, 0x0040, 0x0040, 0x0020, 0x0020, 0x0020, 0x0020, 0x0040, 0x0040, 0x0040, 
    0x0040, 0x0040, 0x0020, 0x0020, 0x0020, 0x0020, 0x0020, 0x0020, 0x0020, 0x0020, 0x0020, 0x0020, 
    0x0020, 0x0020, 0x0020, 0x0020, 0x0020, 0x0020, 0x0020, 0x0020, 0x0020, 0x0020, 0x0020, 0x0000, 
    0x0000, 0x0000, 0x0000, 0x0000, 0x0000, 0x0000, 0x0000, 0x0000, 0x0000, 0x0000, 0x0000, 0x0000, 
    0x0000, 0x0000, 0x0000, 0x0000, 0x0000, 0x0000, 0x0000, 0x0000, 0x0000, 0x0000, 0x0000, 0x0000, 
    0x0000, 0x0020, 0x0040, 0x0060, 0x0040, 0x0040, 0x0020, 0x0020, 0x0040, 0x0040, 0x0040, 0x0040, 
    0x0040, 0x0060, 0x0060, 0x0040, 0x0040, 0x0040, 0x0040, 0x0040, 0x0040, 0x0040, 0x0020, 0x0040, 
    0x0020, 0x0000, 0x0000, 0x0020, 0x0000, 0x0000, 0x0000, 0x2922, 0x3122, 0x0040, 0x0020, 0x0000, 
    0x0000, 0x0000, 0x1081, 0x3983, 0x5A24, 0x72A5, 0x72E6, 0x72C5, 0x72C6, 0x72E6, 0x7AE6, 0x7B06, 
    0x8346, 0x8366, 0x8346, 0x8326, 0x8367, 0x8326, 0x7B05, 0x8346, 0x7B05, 0x7B06, 0x72E5, 0x7B06, 
    0x8326, 0x8326, 0x8346, 0x7AE6, 0x72A4, 0x7284, 0x6244, 0x6264, 0x6AA4, 0x72E5, 0x7B46, 0x7B46, 
    0x7B26, 0x7B26, 0x8366, 0x8366, 0x8367, 0x7B26, 0x7B26, 0x7B06, 0x7B06, 0x7B06, 0x7B06, 0x72E5, 
    0x7B06, 0x8326, 0x8326, 0x7B05, 0x7B26, 0x7B06, 0x7B06, 0x7B06, 0x72C5, 0x7B05, 0x7AE5, 0x7B46, 
    0x7B46, 0x8366, 0x8367, 0x7B26, 0x7B46, 0x7B46, 0x7B05, 0x7B26, 0x7AE5, 0x7B06, 0x7B26, 0x7B46, 
    0x8387, 0x7B26, 0x7305, 0x7B25, 0x7B05, 0x7B06, 0x7B05, 0x7B05, 0x7B26, 0x7B46, 0x7B46, 0x7B46, 
    0x72E5, 0x6A84, 0x72A4, 0x8367, 0x8BC8, 0x8BC8, 0x8366, 0x7B45, 0x8366, 0x8387, 0x8386, 0x8366, 
    0x8366, 0x8386, 0x8386, 0x8366, 0x8346, 0x8B86, 0x8B87, 0x8BA7, 0x8BC7, 0x8BC7, 0x93E8, 0x8BE8, 
    0x8BE8, 0x8BE8, 0x8BC8, 0x8BC8, 0x8BE8, 0x8BC8, 0x8BC7, 0x8BC7, 0x8BC8, 0x8BC7, 0x8BE8, 0x83A7, 
    0x8387, 0x8366, 0x8BC7, 0x8BE8, 0x8BC7, 0x8BC7, 0x8BE8, 0x8C08, 0x8C28, 0x8C28, 0x8C08, 0x8C08, 
    0x8C08, 0x8BE8, 0x83A7, 0x83C7, 0x8C28, 0x83E8, 0x83A7, 0x7B87, 0x7B46, 0x5A23, 0x6B06, 0xCD08, 
    0xABA5, 0x51E2, 0x5203, 0x7B25, 0x8BE8, 0x83C7, 0x8C08, 0x9449, 0x8C29, 0x8C08, 0x8C28, 0x8C29, 
    0x9449, 0x9429, 0x9429, 0x8C09, 0x8BE8, 0x8BE8, 0x8C08, 0x8BC7, 0x83C7, 0x8BA7, 0x8BA7, 0x8BC8, 
    0x8BE7, 0x8BE8, 0x8BE8, 0x8C08, 0x8BE8, 0x8BE8, 0x8BE7, 0x8C08, 0x8C09, 0x8BE8, 0x8BE8, 0x8C08, 
    0x9429, 0x9409, 0x9408, 0x8366, 0x7B06, 0x7B26, 0x8BA7, 0x8BC8, 0x8387, 0x8B86, 0x8BA7, 0x8386, 
    0x8B87, 0x8BA7, 0x8BE8, 0x8BC8, 0x93C8, 0x8BA7, 0x8BA8, 0x8367, 0x8BA7, 0x8BA7, 0x8387, 0x8366, 
    0x8387, 0x8387, 0x7B05, 0x8326, 0x7B05, 0x7B05, 0x7B05, 0x7AE5, 0x72E5, 0x72E5, 0x7AE5, 0x7AE5, 
    0x7B26, 0x8346, 0x7B26, 0x72E5, 0x7B05, 0x72E5, 0x7AE6, 0x7B06, 0x7B26, 0x8346, 0x7B46, 0x72C5, 
    0x72C5, 0x7B05, 0x8346, 0x8346, 0x7AE5, 0x7AC5, 0x7AC5, 0x7AC5, 0x7AE5, 0x72E5, 0x72C5, 0x7AE5, 
    0x7B46, 0x8346, 0x8346, 0x7AE5, 0x72A5, 0x72E5, 0x7B05, 0x72C5, 0x7B26, 0x7B46, 0x7B26, 0x72E5, 
    0x72C5, 0x72C5, 0x72C5, 0x7AE5, 0x7AE5, 0x7AE5, 0x72E5, 0x7AE5, 0x7B05, 0x7B05, 0x7B46, 0x7B25, 
    0x7B26, 0x7B46, 0x7B26, 0x7B26, 0x7B06, 0x7B06, 0x8346, 0x7B26, 0x7B26, 0x7B06, 0x72C5, 0x72C5, 
    0x8346, 0x7B06, 0x7B06, 0x7B26, 0x7AE6, 0x72C5, 0x72A5, 0x5A24, 0x3962, 0x10A1, 0x0020, 0x0020, 
    0x0020, 0x0000, 0x0861, 0x20E1, 0x0840, 0x0020, 0x0020, 0x0000, 0x0020, 0x0000, 0x0000, 0x0020, 
    0x0040, 0x0040, 0x0040, 0x0040, 0x0040, 0x0040, 0x0040, 0x0000, 0x41C4, 0x7AE5, 0x49A2, 0x2901, 
    0x6264, 0x20E1, 0x7AE5, 0x9B65, 0xA365, 0x8B25, 0x0861, 0x49C3, 0x5A03, 0x7284, 0x82E5, 0x6A43, 
    0x4182, 0x3942, 0x3942, 0x3122, 0x3122, 0x3121, 0x3121, 0x3942, 0x3941, 0x3942, 0x3942, 0x3942, 
    0x3942, 0x3962, 0x3962, 0x3962, 0x3142, 0x3942, 0x3942, 0x3941, 0x3941, 0x3941, 0x3942, 0x3942, 
    0x3942, 0x3942, 0x3122, 0x3101, 0x3121, 0x3121, 0x3121, 0x3141, 0x3121, 0x3921, 0x3942, 0x3921, 
    0x3941, 0x3121, 0x3121, 0x3121, 0x3121, 0x3122, 0x3121, 0x3121, 0x3921, 0x3921, 0x3941, 0x3142, 
    0x3122, 0x3121, 0x3121, 0x3121, 0x3921, 0x3941, 0x3941, 0x3141, 0x3941, 0x3941, 0x3941, 0x3141, 
    0x3141, 0x3941, 0x3941, 0x3941, 0x3121, 0x3121, 0x3121, 0x3941, 0x3942, 0x3942, 0x3141, 0x3941, 
    0x3941, 0x3942, 0x3941, 0x3941, 0x3942, 0x3942, 0x3941, 0x3121, 0x3121, 0x3121, 0x3941, 0x3962, 
    0x4182, 0x4182, 0x4182, 0x3962, 0x3962, 0x4182, 0x4182, 0x4182, 0x3962, 0x3962, 0x3962, 0x3962, 
    0x3962, 0x4162, 0x4182, 0x4182, 0x4162, 0x3962, 0x4182, 0x4182, 0x4182, 0x4182, 0x41A2, 0x41A2, 
    0x41A2, 0x41A2, 0x41A2, 0x41A2, 0x41A2, 0x41C2, 0x41C3, 0x41A2, 0x4182, 0x4182, 0x41A2, 0x41A2, 
    0x41A2, 0x41A2, 0x41A2, 0x41A2, 0x41A2, 0x41A2, 0x3982, 0x4182, 0x4182, 0x41A2, 0x41A2, 0x41A2, 
    0x41A2, 0x41A2, 0x41A2, 0x3962, 0x2901, 0x49E4, 0xCD09, 0xC4E9, 0xA3A5, 0x9345, 0x28E1, 0x3101, 
    0x3962, 0x41A2, 0x41A2, 0x41C2, 0x41C3, 0x41C2, 0x41A2, 0x4182, 0x41A3, 0x41A2, 0x41A2, 0x41A3, 
    0x41C3, 0x41C3, 0x41A2, 0x41A2, 0x41A2, 0x41A2, 0x41A2, 0x41A2, 0x41A2, 0x3982, 0x4182, 0x41A2, 
    0x41A2, 0x41A2, 0x41A2, 0x41A2, 0x41A2, 0x41A2, 0x4182, 0x41A2, 0x41C3, 0x41A3, 0x41A2, 0x4182, 
    0x4182, 0x41A2, 0x41A2, 0x41A3, 0x41A3, 0x41A3, 0x41A3, 0x41C3, 0x41A3, 0x41A2, 0x41A2, 0x41A3, 
    0x41A2, 0x3982, 0x3962, 0x3142, 0x3142, 0x3142, 0x3942, 0x3941, 0x3942, 0x3942, 0x3942, 0x3942, 
    0x3942, 0x3942, 0x3942, 0x3942, 0x3942, 0x3942, 0x3942, 0x3942, 0x3942, 0x3942, 0x3942, 0x3942, 
    0x3121, 0x3941, 0x3121, 0x3122, 0x3941, 0x3942, 0x3942, 0x3941, 0x3121, 0x3942, 0x3982, 0x3982, 
    0x3942, 0x3122, 0x3942, 0x3942, 0x3942, 0x3921, 0x3941, 0x3942, 0x3942, 0x3942, 0x3942, 0x3122, 
    0x3121, 0x3121, 0x3121, 0x3121, 0x3101, 0x3101, 0x3121, 0x3121, 0x3121, 0x3121, 0x3121, 0x3121, 
    0x3121, 0x3121, 0x3121, 0x3942, 0x3942, 0x3142, 0x3121, 0x3121, 0x3121, 0x3142, 0x3121, 0x3121, 
    0x3121, 0x3121, 0x3942, 0x3942, 0x3121, 0x3121, 0x3101, 0x3121, 0x3962, 0x3942, 0x3942, 0x3942, 
    0x3942, 0x3942, 0x3942, 0x49A3, 0x6244, 0x7284, 0x51C2, 0x59E3, 0x6223, 0x3122, 0xA3E7, 0xABE7, 
    0x9305, 0x1880, 0x49C3, 0x49A2, 0x18A1, 0x49A2, 0x72E6, 0x3983, 0x0000, 0x0040, 0x0040, 0x0040, 
    0x0040, 0x0040, 0x0040, 0x0000, 0x49C3, 0xABE7, 0xA385, 0xA385, 0xA3A6, 0x5A44, 0xABE6, 0x28C0, 
    0x51C2, 0x9B64, 0x6A64, 0xA365, 0x82C4, 0x3962, 0x0000, 0x0860, 0x5203, 0x72C5, 0x7AE5, 0x72C5, 
    0x7AC5, 0x72E5, 0x7B06, 0x8326, 0x7B05, 0x7AE5, 0x7B05, 0x7B26, 0x7B06, 0x7B06, 0x7B06, 0x7B06, 
    0x7B06, 0x7B26, 0x7B46, 0x7B06, 0x72E6, 0x7B06, 0x7B06, 0x7B26, 0x7B46, 0x8346, 0x7B06, 0x7AE5, 
    0x7B06, 0x7B26, 0x8346, 0x8346, 0x8326, 0x7B26, 0x7B05, 0x7B25, 0x7B25, 0x7B46, 0x7B25, 0x7B25, 
    0x7B46, 0x7B46, 0x8346, 0x8325, 0x7B26, 0x7B05, 0x7B26, 0x7B26, 0x7B06, 0x7305, 0x7B05, 0x7AE5, 
    0x72E5, 0x7B26, 0x7B26, 0x7B26, 0x7B46, 0x7B25, 0x8345, 0x7B25, 0x7B25, 0x8366, 0x8366, 0x8387, 
    0x8366, 0x7B46, 0x7B26, 0x7B05, 0x7B25, 0x7B05, 0x8346, 0x8366, 0x7B46, 0x7B46, 0x7B46, 0x8366, 
    0x7B46, 0x7B46, 0x7B46, 0x7B46, 0x8366, 0x8366, 0x8386, 0x8387, 0x8386, 0x8386, 0x8366, 0x7B46, 
    0x7B26, 0x7B46, 0x7B46, 0x7B46, 0x7B46, 0x7B46, 0x7B46, 0x8366, 0x8386, 0x7B66, 0x7B46, 0x7B46, 
    0x7B46, 0x7B46, 0x7B66, 0x83A7, 0x8366, 0x7B66, 0x8387, 0x83A6, 0x8386, 0x8386, 0x83A7, 0x8387, 
    0x8387, 0x83A7, 0x83A7, 0x8386, 0x8366, 0x83A7, 0x83A7, 0x83A7, 0x8386, 0x8387, 0x83A7, 0x8387, 
    0x8386, 0x7B86, 0x8387, 0x8386, 0x8386, 0x7B66, 0x7B46, 0x7B45, 0x7B25, 0x8366, 0x8366, 0x7B25, 
    0x5A23, 0xA449, 0xCD08, 0xDDCC, 0xA3C6, 0xABC5, 0x6A84, 0x49C2, 0x7B05, 0x8366, 0x8346, 0x7B46, 
    0x8387, 0x83A7, 0x8387, 0x7B66, 0x7B26, 0x83A7, 0x8387, 0x83A7, 0x8BE8, 0x8C08, 0x8BE8, 0x83E7, 
    0x83E7, 0x83E8, 0x83A7, 0x83A7, 0x83A7, 0x7B87, 0x7B86, 0x83A6, 0x83C7, 0x83C7, 0x83C7, 0x83C7, 
    0x83A7, 0x7B87, 0x7B87, 0x7B87, 0x83A7, 0x83C7, 0x83C8, 0x83C8, 0x83C7, 0x83C7, 0x7B87, 0x7B46, 
    0x7B66, 0x7B86, 0x7B67, 0x7B66, 0x7B66, 0x7B66, 0x7B66, 0x7B46, 0x8366, 0x7B46, 0x7B46, 0x8366, 
    0x8366, 0x8367, 0x7B26, 0x8346, 0x8346, 0x7B46, 0x8366, 0x8366, 0x8346, 0x8346, 0x8367, 0x7B26, 
    0x7B26, 0x7B26, 0x7B46, 0x7B26, 0x7B05, 0x7B25, 0x7B26, 0x8346, 0x8387, 0x8386, 0x83A7, 0x8BA7, 
    0x8346, 0x7B06, 0x7B05, 0x7B25, 0x7B25, 0x7B26, 0x7B26, 0x7B46, 0x7B25, 0x7306, 0x7B26, 0x7B66, 
    0x7B46, 0x7B06, 0x7B05, 0x7B26, 0x7B05, 0x7AE5, 0x7AE5, 0x7B06, 0x7B26, 0x7B46, 0x7B46, 0x7B26, 
    0x8346, 0x7B05, 0x7B06, 0x7B06, 0x7B06, 0x7B05, 0x7B05, 0x7AE5, 0x7AE5, 0x7B05, 0x7AE6, 0x7AE6, 
    0x7B26, 0x7B26, 0x7B26, 0x7B26, 0x8347, 0x7B26, 0x7B06, 0x7B06, 0x7AE5, 0x7AC5, 0x7B06, 0x7B06, 
    0x7B05, 0x7B05, 0x8326, 0x7B26, 0x7B06, 0x7B06, 0x7AE5, 0x72C5, 0x72A4, 0x7B06, 0x7B06, 0x41A3, 
    0x0020, 0x3962, 0x7A83, 0x82C4, 0x6A43, 0x51E3, 0xBC26, 0x7AC4, 0x6264, 0x7263, 0x4183, 0x9BA5, 
    0x9B85, 0xB448, 0xAC28, 0x3962, 0x0000, 0x0040, 0x0040, 0x0040, 0x0040, 0x0040, 0x0040, 0x0000, 
    0x3142, 0x9345, 0x7263, 0x9B65, 0x9BA6, 0x6A85, 0x8324, 0x0000, 0x6285, 0x9B44, 0x82C4, 0x51C2, 
    0x1061, 0x0020, 0x49C3, 0xABC6, 0x6A64, 0x28E1, 0x1080, 0x1060, 0x1080, 0x1080, 0x1080, 0x1080, 
    0x1080, 0x1060, 0x1060, 0x1060, 0x1080, 0x1080, 0x1080, 0x1080, 0x1080, 0x1080, 0x1080, 0x1080, 
    0x1080, 0x1080, 0x1080, 0x1080, 0x1080, 0x1080, 0x1080, 0x0860, 0x1060, 0x1080, 0x1080, 0x1080, 
    0x1080, 0x1080, 0x1080, 0x1080, 0x1080, 0x10A0, 0x10A0, 0x1080, 0x10A0, 0x10A0, 0x1080, 0x1080, 
    0x10A1, 0x10A1, 0x10A0, 0x10A0, 0x10A0, 0x10A0, 0x10A0, 0x10A0, 0x0880, 0x1080, 0x0880, 0x10A0, 
    0x10A0, 0x10A0, 0x10C1, 0x10A1, 0x10A0, 0x10A0, 0x10A0, 0x10A0, 0x10A1, 0x10C1, 0x10C1, 0x10C0, 
    0x10C1, 0x10C0, 0x10C1, 0x10C0, 0x10C1, 0x10C1, 0x10C0, 0x10C0, 0x10C1, 0x10C1, 0x10C1, 0x10C1, 
    0x10E1, 0x10C1, 0x10C1, 0x10E1, 0x10E1, 0x10E1, 0x10E1, 0x10E1, 0x10C1, 0x10C1, 0x10E1, 0x10E1, 
    0x10C1, 0x10E1, 0x10E1, 0x10E1, 0x10E1, 0x10E1, 0x10E1, 0x10E1, 0x10E1, 0x10E1, 0x10E1, 0x10E1, 
    0x10C1, 0x10C0, 0x10E1, 0x10E1, 0x1101, 0x1101, 0x10E1, 0x10E1, 0x10E1, 0x10E0, 0x10E1, 0x1101, 
    0x1101, 0x10E1, 0x1101, 0x1101, 0x1101, 0x10E1, 0x1101, 0x10E1, 0x10E1, 0x10E1, 0x10E1, 0x10E1, 
    0x10E1, 0x10C0, 0x10A0, 0x10A0, 0x10C0, 0x10A0, 0x10C0, 0x1080, 0x6AA5, 0xDD6A, 0xDDAA, 0xEEB0, 
    0xB427, 0xA3A5, 0xB3E5, 0x3982, 0x10C0, 0x18E1, 0x10E0, 0x10E0, 0x10E1, 0x10E1, 0x10E1, 0x10E1, 
    0x10E1, 0x10E1, 0x1101, 0x1101, 0x1101, 0x1101, 0x1101, 0x1101, 0x1101, 0x1101, 0x10E1, 0x1101, 
    0x1121, 0x1101, 0x1101, 0x1101, 0x1101, 0x1901, 0x1101, 0x1101, 0x10E1, 0x10E1, 0x10E1, 0x1101, 
    0x1101, 0x1101, 0x1101, 0x1101, 0x10E1, 0x10E1, 0x10E1, 0x10E1, 0x10C0, 0x10C0, 0x10C0, 0x10C1, 
    0x10C0, 0x10C1, 0x10E1, 0x10C1, 0x10E1, 0x10E1, 0x10C1, 0x10C1, 0x10C1, 0x10C1, 0x10C1, 0x10E1, 
    0x10E1, 0x10E1, 0x10C1, 0x10C1, 0x10C1, 0x10C1, 0x10C1, 0x10C1, 0x10A0, 0x10C1, 0x10A0, 0x10A0, 
    0x10A0, 0x10A0, 0x10A0, 0x10C1, 0x10C1, 0x10A0, 0x10C1, 0x10C1, 0x10C1, 0x0880, 0x10A0, 0x10A0, 
    0x10A0, 0x10A1, 0x10A0, 0x10A0, 0x10A0, 0x10A0, 0x1080, 0x10A0, 0x10A0, 0x0880, 0x1080, 0x1080, 
    0x10A0, 0x10A0, 0x1080, 0x1080, 0x10A0, 0x1080, 0x1080, 0x1080, 0x10A1, 0x10A0, 0x10A0, 0x1080, 
    0x1080, 0x1080, 0x1080, 0x1080, 0x1080, 0x1080, 0x1080, 0x1060, 0x1080, 0x1080, 0x1080, 0x1080, 
    0x1080, 0x1080, 0x1080, 0x1060, 0x1060, 0x1060, 0x1060, 0x1080, 0x1080, 0x1080, 0x1080, 0x1080, 
    0x1080, 0x1060, 0x1080, 0x1060, 0x1060, 0x18A1, 0x3101, 0x59E3, 0x8305, 0x3961, 0x3122, 0x51C2, 
    0x7283, 0x6203, 0x6A43, 0x51C2, 0x0840, 0x7AC3, 0x49C3, 0xCD09, 0xB447, 0x7283, 0x82C4, 0x2902, 
    0x0000, 0x0040, 0x0040, 0x0040, 0x0040, 0x0040, 0x0040, 0x0020, 0x0860, 0x9BC7, 0x8AE4, 0x8AE4, 
    0xB406, 0x82E5, 0x8305, 0x0840, 0x7284, 0x82A3, 0x9B65, 0x3942, 0x5A44, 0xC487, 0x6A64, 0x18A0, 
    0x0000, 0x0000, 0x0020, 0x0020, 0x0040, 0x0060, 0x0060, 0x0060, 0x0040, 0x0020, 0x0020, 0x0020, 
    0x0020, 0x0020, 0x0040, 0x0040, 0x0040, 0x0040, 0x0040, 0x0040, 0x0040, 0x0040, 0x0040, 0x0040, 
    0x0040, 0x0040, 0x0040, 0x0040, 0x0040, 0x0040, 0x0040, 0x0040, 0x0040, 0x0040, 0x0060, 0x0040, 
    0x0040, 0x0060, 0x0060, 0x0060, 0x0060, 0x0060, 0x0060, 0x0060, 0x0060, 0x0060, 0x0060, 0x0060, 
    0x0080, 0x0080, 0x0080, 0x0080, 0x0080, 0x00A0, 0x0080, 0x0080, 0x0080, 0x0080, 0x0080, 0x00A1, 
    0x0080, 0x00A0, 0x00A0, 0x00A0, 0x0080, 0x00A1, 0x00A1, 0x00A1, 0x00A0, 0x00A1, 0x00A1, 0x00C1, 
    0x00A1, 0x00A0, 0x00A0, 0x00A0, 0x00C1, 0x00C1, 0x00C1, 0x00C1, 0x00E1, 0x00C1, 0x00C1, 0x00C1, 
    0x00C1, 0x00C1, 0x00E1, 0x00E1, 0x00C1, 0x00C1, 0x00C1, 0x00C1, 0x00E1, 0x00E1, 0x00E1, 0x00C1, 
    0x00E1, 0x00E1, 0x00E1, 0x00E1, 0x00E1, 0x0101, 0x00E1, 0x00E1, 0x00E1, 0x00E1, 0x00E1, 0x0101, 
    0x0101, 0x0101, 0x0101, 0x0101, 0x0121, 0x0101, 0x0121, 0x0101, 0x0101, 0x0101, 0x0101, 0x0101, 
    0x0101, 0x0101, 0x0101, 0x0101, 0x0101, 0x0101, 0x0101, 0x0101, 0x0101, 0x0101, 0x00E1, 0x00E1, 
    0x00E1, 0x00E1, 0x00C0, 0x0080, 0xAC89, 0xE60C, 0xF6D0, 0xF733, 0xCCE8, 0xBC46, 0xBC46, 0x72C4, 
    0x00A0, 0x00E1, 0x00E1, 0x0101, 0x00E1, 0x00E1, 0x00E1, 0x0101, 0x0101, 0x0101, 0x0121, 0x0141, 
    0x0141, 0x0121, 0x0141, 0x0141, 0x0141, 0x0141, 0x0162, 0x0162, 0x0141, 0x0141, 0x0141, 0x0121, 
    0x0121, 0x0121, 0x0101, 0x0101, 0x0101, 0x00E1, 0x00E1, 0x00E1, 0x00E1, 0x00E1, 0x00E1, 0x00E1, 
    0x0101, 0x0101, 0x00E1, 0x00E1, 0x00E1, 0x00E1, 0x00E1, 0x00E1, 0x00C1, 0x00C1, 0x00E1, 0x00E1, 
    0x00E1, 0x00E1, 0x00C1, 0x00C1, 0x00C1, 0x00C1, 0x00C1, 0x00C1, 0x00C1, 0x00C1, 0x00A0, 0x00C1, 
    0x00A1, 0x00A1, 0x00A1, 0x00A1, 0x00A0, 0x00A0, 0x0080, 0x00A0, 0x00A0, 0x00A0, 0x0080, 0x0080, 
    0x0080, 0x0080, 0x0080, 0x0080, 0x0080, 0x0080, 0x0080, 0x0080, 0x0060, 0x0080, 0x0080, 0x0080, 
    0x0080, 0x0080, 0x0080, 0x0080, 0x0080, 0x0080, 0x0080, 0x0080, 0x0060, 0x0060, 0x0060, 0x0060, 
    0x0060, 0x0060, 0x0060, 0x0060, 0x0060, 0x0060, 0x0060, 0x0060, 0x0040, 0x0040, 0x0040, 0x0040, 
    0x0040, 0x0040, 0x0040, 0x0040, 0x0040, 0x0040, 0x0040, 0x0040, 0x0040, 0x0040, 0x0040, 0x0040, 
    0x0040, 0x0040, 0x0040, 0x0040, 0x0020, 0x0020, 0x0020, 0x0040, 0x0040, 0x0040, 0x0040, 0x0020, 
    0x0020, 0x0020, 0x0000, 0x0000, 0x1060, 0x59E2, 0x8B24, 0x4182, 0x51C3, 0x9B44, 0x8B04, 0x4182, 
    0x18C1, 0x72A4, 0x8BC9, 0xDDAB, 0x9324, 0x9324, 0x9346, 0x0820, 0x0020, 0x0040, 0x0040, 0x0040, 
    0x0040, 0x0040, 0x0040, 0x0000, 0x2922, 0x8B26, 0x6A43, 0x82C3, 0x9B64, 0x9366, 0x8306, 0x2102, 
    0x6A43, 0x6223, 0x3121, 0x28E1, 0x18C1, 0xC446, 0x5A24, 0x0000, 0x0060, 0x0040, 0x0040, 0x0040, 
    0x0060, 0x0080, 0x0080, 0x0080, 0x0060, 0x0060, 0x0060, 0x0060, 0x0060, 0x0060, 0x0060, 0x0060, 
    0x0060, 0x0060, 0x0060, 0x0060, 0x0080, 0x0080, 0x0080, 0x0080, 0x0080, 0x0080, 0x0080, 0x0080, 
    0x0080, 0x0080, 0x0080, 0x0080, 0x0080, 0x0080, 0x0080, 0x0080, 0x0080, 0x00A0, 0x0080, 0x0080, 
    0x00A0, 0x00A0, 0x00A0, 0x00A0, 0x00A0, 0x00A0, 0x00A0, 0x00A1, 0x00A1, 0x00A1, 0x00A1, 0x00A1, 
    0x00C1, 0x00C1, 0x00C1, 0x00C1, 0x00C1, 0x00C1, 0x00C1, 0x00E1, 0x00E1, 0x00E1, 0x00E1, 0x00E1, 
    0x00E1, 0x00E1, 0x00E1, 0x00E1, 0x0101, 0x0101, 0x00E1, 0x0101, 0x0101, 0x0101, 0x0101, 0x0101, 
    0x0101, 0x0101, 0x0101, 0x0121, 0x0121, 0x0121, 0x0121, 0x0101, 0x0101, 0x0101, 0x0121, 0x0121, 
    0x0121, 0x0121, 0x0121, 0x0121, 0x0121, 0x0121, 0x0121, 0x0141, 0x0121, 0x0121, 0x0121, 0x0141, 
    0x0141, 0x0141, 0x0141, 0x0141, 0x0141, 0x0141, 0x0162, 0x0162, 0x0162, 0x0162, 0x0161, 0x0141, 
    0x0162, 0x0162, 0x0161, 0x0161, 0x0161, 0x0161, 0x0141, 0x0161, 0x0162, 0x0161, 0x0162, 0x0182, 
    0x0161, 0x0182, 0x0181, 0x0182, 0x0161, 0x0162, 0x0982, 0x0161, 0x0141, 0x0121, 0x0101, 0x08C1, 
    0xC4E9, 0xF68E, 0xFF32, 0xF733, 0xD549, 0xC4A7, 0xC486, 0x7AA4, 0x00A0, 0x0141, 0x0141, 0x0141, 
    0x0161, 0x0141, 0x0161, 0x0161, 0x0161, 0x0162, 0x01A2, 0x01A2, 0x01A2, 0x01A2, 0x01A2, 0x0182, 
    0x01A2, 0x01A2, 0x09C2, 0x09C2, 0x09A2, 0x01A2, 0x01A2, 0x0182, 0x01A2, 0x01A2, 0x0182, 0x0181, 
    0x0161, 0x0161, 0x0161, 0x0141, 0x0141, 0x0141, 0x0141, 0x0141, 0x0141, 0x0141, 0x0141, 0x0141, 
    0x0141, 0x0141, 0x0121, 0x0121, 0x0121, 0x0121, 0x0121, 0x0121, 0x0121, 0x0121, 0x0101, 0x0101, 
    0x0101, 0x0101, 0x0101, 0x0101, 0x0101, 0x00E1, 0x00E1, 0x00E1, 0x00E1, 0x00E1, 0x00E1, 0x00E1, 
    0x00E1, 0x00E1, 0x00E1, 0x00E1, 0x00E1, 0x00E1, 0x00E1, 0x00E1, 0x00C1, 0x00C1, 0x00C0, 0x00C1, 
    0x00A0, 0x00A0, 0x00A0, 0x00A0, 0x00A0, 0x00A0, 0x00A0, 0x00A0, 0x00A0, 0x00A0, 0x00A0, 0x00A0, 
    0x00A0, 0x00A0, 0x00A0, 0x00A1, 0x00C1, 0x00A1, 0x00A0, 0x00A0, 0x00A1, 0x00A0, 0x00A0, 0x00A0, 
    0x00A0, 0x00A0, 0x00A0, 0x0080, 0x0080, 0x0080, 0x0080, 0x0080, 0x0080, 0x0080, 0x0080, 0x0080, 
    0x0080, 0x0060, 0x0080, 0x0080, 0x0080, 0x0060, 0x0060, 0x0060, 0x0060, 0x0060, 0x0060, 0x0060, 
    0x0060, 0x0060, 0x0060, 0x0060, 0x0080, 0x0080, 0x0080, 0x0060, 0x0040, 0x0040, 0x0040, 0x0060, 
    0x0000, 0x6285, 0xABE7, 0x7262, 0x51C2, 0x3101, 0x59C2, 0x59E3, 0x39A3, 0x7B47, 0xD58C, 0xA384, 
    0x8AE3, 0x7AA4, 0x8B25, 0x2901, 0x0000, 0x0040, 0x0040, 0x0040, 0x0040, 0x0040, 0x0040, 0x0020, 
    0x0840, 0x51E3, 0x6AA4, 0x6A84, 0x7263, 0x82C3, 0x82E5, 0x41A3, 0x20C1, 0x3982, 0x3142, 0x3122, 
    0x6264, 0xB468, 0x3122, 0x0000, 0x0040, 0x0040, 0x0040, 0x0040, 0x0060, 0x00A0, 0x0080, 0x08A0, 
    0x0080, 0x0060, 0x0060, 0x0060, 0x0060, 0x0080, 0x0080, 0x0080, 0x0080, 0x0080, 0x0080, 0x0080, 
    0x0080, 0x0080, 0x0080, 0x0080, 0x0080, 0x0080, 0x0080, 0x0080, 0x0080, 0x0080, 0x00A0, 0x0080, 
    0x00A0, 0x0080, 0x00A0, 0x00A0, 0x00A0, 0x00A0, 0x00A0, 0x00A0, 0x00A0, 0x00A0, 0x00A0, 0x00A0, 
    0x00C1, 0x00C1, 0x00C1, 0x00C1, 0x00C1, 0x00C1, 0x00C1, 0x00C0, 0x00C1, 0x00C1, 0x00C0, 0x00C1, 
    0x00E1, 0x00E1, 0x00E1, 0x00E1, 0x00E1, 0x00E1, 0x0101, 0x0101, 0x0101, 0x0101, 0x0101, 0x00E1, 
    0x00E1, 0x0101, 0x0101, 0x0101, 0x0101, 0x0101, 0x0101, 0x0101, 0x0101, 0x0101, 0x0101, 0x0101, 
    0x0121, 0x0121, 0x0121, 0x0121, 0x0121, 0x0101, 0x0121, 0x0121, 0x0141, 0x0141, 0x0162, 0x0162, 
    0x0141, 0x0141, 0x0162, 0x0162, 0x0162, 0x0162, 0x0162, 0x0162, 0x0141, 0x0162, 0x0162, 0x0162, 
    0x0162, 0x0162, 0x0162, 0x0182, 0x0182, 0x0182, 0x01A2, 0x09A2, 0x09A2, 0x0182, 0x0182, 0x01A2, 
    0x0161, 0x0182, 0x0182, 0x0182, 0x0182, 0x0182, 0x01A2, 0x01A2, 0x01A2, 0x01A2, 0x01A2, 0x0182, 
    0x0182, 0x0161, 0x0121, 0x0141, 0x0962, 0x0121, 0x0121, 0x00A0, 0x7AC3, 0xD528, 0xF68E, 0xFF11, 
    0xCD08, 0xC4C7, 0xB426, 0x4141, 0x00A0, 0x0121, 0x0101, 0x0901, 0x0101, 0x0121, 0x0181, 0x0182, 
    0x01A2, 0x01A2, 0x01C2, 0x01A2, 0x09C2, 0x01A2, 0x09C2, 0x09C2, 0x09E2, 0x09E2, 0x09E2, 0x09E2, 
    0x01C2, 0x09C2, 0x01A2, 0x09A2, 0x01A2, 0x09A2, 0x01A2, 0x01A2, 0x01A2, 0x0182, 0x0182, 0x0182, 
    0x0182, 0x0161, 0x0161, 0x0162, 0x0161, 0x0161, 0x0161, 0x0161, 0x0162, 0x0141, 0x0141, 0x0141, 
    0x0141, 0x0121, 0x0141, 0x0141, 0x0141, 0x0121, 0x0141, 0x0121, 0x0121, 0x0121, 0x0121, 0x0121, 
    0x0121, 0x0121, 0x0101, 0x0101, 0x0101, 0x0101, 0x0101, 0x00E1, 0x0101, 0x0101, 0x00E1, 0x0101, 
    0x00E1, 0x00E1, 0x00E1, 0x00E1, 0x00E1, 0x00E1, 0x00C0, 0x00C1, 0x00C0, 0x00C1, 0x00C1, 0x00C1, 
    0x00C1, 0x00C0, 0x00C1, 0x00A0, 0x00A0, 0x00A1, 0x00A1, 0x00C1, 0x00C0, 0x00C1, 0x00A0, 0x00A0, 
    0x00A1, 0x00C1, 0x00C1, 0x00C1, 0x00A0, 0x00A0, 0x00A1, 0x00A0, 0x00A1, 0x00A0, 0x00A0, 0x0080, 
    0x0080, 0x0080, 0x0080, 0x0080, 0x0080, 0x0080, 0x0080, 0x0080, 0x0080, 0x0080, 0x0080, 0x0080, 
    0x0080, 0x0080, 0x0080, 0x0080, 0x0080, 0x0060, 0x0060, 0x0060, 0x0060, 0x0060, 0x0060, 0x0080, 
    0x0080, 0x0080, 0x0080, 0x0060, 0x0040, 0x0040, 0x0040, 0x0060, 0x0020, 0x3983, 0xAC28, 0x7AA3, 
    0x51C2, 0x3142, 0x5203, 0x0840, 0x41C3, 0xBCCA, 0x9324, 0x6222, 0x6264, 0x6AA5, 0x41A2, 0x0840, 
    0x0020, 0x0040, 0x0040, 0x0040, 0x0040, 0x0040, 0x0040, 0x0000, 0x7306, 0x9386, 0x3941, 0x51E3, 
    0x6244, 0x6A23, 0x7A63, 0x82C4, 0x2902, 0x1080, 0x7AC3, 0x9B64, 0x8B04, 0x3942, 0x0000, 0x0040, 
    0x0040, 0x0060, 0x0060, 0x0060, 0x0060, 0x00A0, 0x00A0, 0x08A0, 0x0080, 0x0060, 0x0080, 0x0060, 
    0x0080, 0x0080, 0x0080, 0x0080, 0x0080, 0x0080, 0x0080, 0x0080, 0x0080, 0x0080, 0x0080, 0x00A0, 
    0x00A0, 0x00A0, 0x0080, 0x00A0, 0x00A0, 0x00A0, 0x00A0, 0x00A0, 0x00A0, 0x00A1, 0x00A1, 0x00A0, 
    0x00A0, 0x00A1, 0x00A1, 0x00A0, 0x00C1, 0x00C1, 0x00C1, 0x00C1, 0x00C1, 0x00C1, 0x00C1, 0x00C1, 
    0x00C1, 0x00C0, 0x00C1, 0x00C1, 0x00E1, 0x00E1, 0x00E1, 0x00E1, 0x00E1, 0x00E1, 0x00E1, 0x0101, 
    0x00E1, 0x0101, 0x0101, 0x0101, 0x0101, 0x0101, 0x0101, 0x0101, 0x0101, 0x0101, 0x0121, 0x0121, 
    0x0121, 0x0121, 0x0101, 0x0101, 0x0121, 0x0121, 0x0101, 0x0121, 0x0141, 0x0121, 0x0121, 0x0141, 
    0x0141, 0x0141, 0x0121, 0x0121, 0x0141, 0x0162, 0x0162, 0x0162, 0x0162, 0x0161, 0x0162, 0x0182, 
    0x0182, 0x0162, 0x0162, 0x0162, 0x0162, 0x0182, 0x0182, 0x0182, 0x0182, 0x0182, 0x0182, 0x01A2, 
    0x01A2, 0x01A2, 0x09C2, 0x09C2, 0x09C2, 0x01A2, 0x01A2, 0x09A2, 0x01A2, 0x09A2, 0x09C2, 0x09C2, 
    0x09C2, 0x09C2, 0x01A2, 0x01A2, 0x01A2, 0x01A2, 0x01A2, 0x01A2, 0x0141, 0x1182, 0x7326, 0xA407, 
    0x9BA6, 0x7AC4, 0x5222, 0x0921, 0x2961, 0xB405, 0xD528, 0xF66D, 0xBC87, 0xC486, 0x8B04, 0x0040, 
    0x29C3, 0x83A7, 0xAC68, 0xB468, 0x9BE7, 0x4A43, 0x0141, 0x01C2, 0x01C2, 0x01C2, 0x01C2, 0x09C2, 
    0x09C2, 0x09C2, 0x09E2, 0x09E2, 0x09E2, 0x0A03, 0x09E2, 0x09E2, 0x09C2, 0x09E2, 0x01A2, 0x01C2, 
    0x01C2, 0x09E2, 0x09C2, 0x09C2, 0x09A2, 0x09C2, 0x01A2, 0x0182, 0x0182, 0x0182, 0x01A2, 0x0182, 
    0x01A2, 0x0182, 0x0182, 0x0162, 0x0162, 0x0141, 0x0161, 0x0182, 0x0162, 0x0162, 0x0162, 0x0141, 
    0x0121, 0x0141, 0x0141, 0x0121, 0x0141, 0x0141, 0x0121, 0x0121, 0x0141, 0x0121, 0x0121, 0x0121, 
    0x0101, 0x0101, 0x0101, 0x0101, 0x0101, 0x0101, 0x00E1, 0x0101, 0x00E1, 0x0101, 0x0101, 0x00E1, 
    0x00E0, 0x00E1, 0x00E1, 0x00E1, 0x00E1, 0x00E1, 0x00E1, 0x00E1, 0x00E1, 0x00E1, 0x00E1, 0x00E1, 
    0x00C1, 0x00C1, 0x00C1, 0x00C0, 0x00C1, 0x00C1, 0x00C1, 0x00C0, 0x00C1, 0x00C0, 0x00C1, 0x00C1, 
    0x00C1, 0x00A0, 0x00A0, 0x00A0, 0x00A1, 0x00A0, 0x00A0, 0x00A0, 0x00A0, 0x00A0, 0x0080, 0x0080, 
    0x0080, 0x0080, 0x0080, 0x0080, 0x0080, 0x0080, 0x0080, 0x0080, 0x0080, 0x0080, 0x0080, 0x0080, 
    0x0080, 0x0080, 0x0080, 0x0080, 0x0080, 0x0060, 0x0060, 0x0080, 0x08A0, 0x08A0, 0x08A0, 0x0060, 
    0x0040, 0x0040, 0x0040, 0x0040, 0x0040, 0x0000, 0x3122, 0x7284, 0x82A3, 0x82E4, 0x3921, 0x3142, 
    0xAC68, 0x82C3, 0x59E2, 0x5203, 0x49C3, 0x5224, 0xB488, 0x5A03, 0x0000, 0x0060, 0x0040, 0x0040, 
    0x0040, 0x0040, 0x0020, 0x18A1, 0xB427, 0x6244, 0x5203, 0x0840, 0x3142, 0x2901, 0x51A2, 0x6A43, 
    0x8B05, 0x49C3, 0x0020, 0x0820, 0x0000, 0x0000, 0x0040, 0x0040, 0x0040, 0x0060, 0x0060, 0x0060, 
    0x0080, 0x08A0, 0x08A0, 0x08A0, 0x00A0, 0x0080, 0x0080, 0x0080, 0x0080, 0x0080, 0x0080, 0x0080, 
    0x0080, 0x0080, 0x0080, 0x0080, 0x0080, 0x00A0, 0x00A0, 0x00A0, 0x00A0, 0x00A0, 0x00A0, 0x00A0, 
    0x00A0, 0x00A0, 0x00A0, 0x00A0, 0x00C1, 0x00C1, 0x00A1, 0x00A1, 0x00A1, 0x00C1, 0x00C1, 0x00C1, 
    0x00C1, 0x00C1, 0x00C1, 0x00C1, 0x00C1, 0x00C1, 0x00C1, 0x00E1, 0x00E1, 0x00E1, 0x00E1, 0x00E1, 
    0x00E1, 0x00E1, 0x00E1, 0x00E1, 0x00E1, 0x00E1, 0x0101, 0x0101, 0x0101, 0x0101, 0x0101, 0x0101, 
    0x0121, 0x0121, 0x0121, 0x0121, 0x0141, 0x0121, 0x0121, 0x0121, 0x0121, 0x0121, 0x0121, 0x0121, 
    0x0121, 0x0141, 0x0121, 0x0121, 0x0141, 0x0141, 0x0141, 0x0141, 0x0141, 0x0141, 0x0141, 0x0141, 
    0x0141, 0x0141, 0x0141, 0x0161, 0x0182, 0x0182, 0x0182, 0x0182, 0x0182, 0x0182, 0x0182, 0x0182, 
    0x01A2, 0x0182, 0x0182, 0x0182, 0x01A2, 0x01A2, 0x01A2, 0x09C2, 0x09C2, 0x09C2, 0x09C2, 0x01A2, 
    0x09C2, 0x09C2, 0x09C2, 0x09C2, 0x09E3, 0x09C2, 0x09C2, 0x09C2, 0x09C2, 0x09C2, 0x09C2, 0x09C2, 
    0x01A2, 0x01A2, 0x09A2, 0x0182, 0x19A2, 0xCD2A, 0xFF51, 0xFF10, 0xDDAB, 0xC488, 0xC447, 0xA3A5, 
    0x2121, 0x51E2, 0xC465, 0xDD89, 0xB406, 0xABC5, 0x20C0, 0x62C5, 0xE5CA, 0xEDEB, 0xEE6D, 0xFF31, 
    0xFF10, 0xEDEC, 0x8324, 0x0161, 0x01C2, 0x09C2, 0x09C2, 0x09E2, 0x01C2, 0x09E2, 0x0A03, 0x0A03, 
    0x0A03, 0x09E2, 0x09E2, 0x09C2, 0x09C2, 0x09C2, 0x09C2, 0x09C2, 0x09E2, 0x09E2, 0x09E2, 0x01A2, 
    0x09C2, 0x09C2, 0x01A2, 0x01A2, 0x01A2, 0x01C2, 0x01A2, 0x01A2, 0x01A2, 0x01A2, 0x0182, 0x0182, 
    0x0162, 0x0161, 0x0182, 0x0162, 0x0182, 0x0182, 0x0141, 0x0162, 0x0141, 0x0141, 0x0141, 0x0141, 
    0x0141, 0x0141, 0x0141, 0x0141, 0x0142, 0x0142, 0x0121, 0x0121, 0x0121, 0x0121, 0x0121, 0x0121, 
    0x0122, 0x0122, 0x0101, 0x0101, 0x0101, 0x0101, 0x0101, 0x00E1, 0x00E1, 0x0101, 0x0101, 0x00E1, 
    0x00E1, 0x00E1, 0x00E1, 0x00E1, 0x0101, 0x00E1, 0x00E1, 0x00E1, 0x00E1, 0x00C1, 0x00C1, 0x00C0, 
    0x00C1, 0x00E1, 0x00E1, 0x00E1, 0x00C1, 0x00C1, 0x00C1, 0x00C1, 0x00C1, 0x00C1, 0x00C1, 0x00C1, 
    0x00C1, 0x00A0, 0x00A0, 0x00A0, 0x00A0, 0x00A0, 0x00A0, 0x0080, 0x0080, 0x0080, 0x0080, 0x0080, 
    0x0080, 0x00A0, 0x00A0, 0x0080, 0x0080, 0x0080, 0x0080, 0x0080, 0x0080, 0x0080, 0x0080, 0x0080, 
    0x0080, 0x0080, 0x0060, 0x00A0, 0x08C1, 0x08A0, 0x08A0, 0x0060, 0x0060, 0x0060, 0x0060, 0x0040, 
    0x0040, 0x0040, 0x0000, 0x0000, 0x1040, 0x0840, 0x62C6, 0xCD4B, 0x7AA4, 0x4141, 0x18C1, 0x3122, 
    0x18A0, 0x20C1, 0x93C8, 0xB426, 0x0020, 0x0040, 0x0060, 0x0040, 0x0040, 0x0040, 0x0040, 0x0861, 
    0x82E4, 0xB406, 0x9BA6, 0x5A24, 0xB406, 0x6244, 0x0000, 0x5A02, 0x7AA3, 0xABA6, 0xA3C6, 0x8347, 
    0x0000, 0x0040, 0x0040, 0x0040, 0x0060, 0x0060, 0x0080, 0x0080, 0x0080, 0x08C0, 0x08C0, 0x08C0, 
    0x00A0, 0x0080, 0x0080, 0x0080, 0x0080, 0x0080, 0x0080, 0x00A0, 0x0080, 0x0080, 0x0080, 0x00A0, 
    0x00A0, 0x0080, 0x00A1, 0x00A0, 0x00A1, 0x00A0, 0x00A0, 0x00A0, 0x00A0, 0x00A1, 0x00C1, 0x00C1, 
    0x00C1, 0x00C1, 0x00C1, 0x00C1, 0x00C1, 0x00C1, 0x00E1, 0x00C1, 0x00C1, 0x00E1, 0x00E1, 0x00E1, 
    0x00E1, 0x00E1, 0x00E1, 0x00E1, 0x00E1, 0x00E1, 0x00E1, 0x0101, 0x0101, 0x0101, 0x00E1, 0x00E1, 
    0x00E1, 0x0101, 0x0101, 0x0101, 0x0101, 0x0101, 0x0101, 0x0121, 0x0121, 0x0121, 0x0121, 0x0121, 
    0x0141, 0x0121, 0x0141, 0x0121, 0x0141, 0x0121, 0x0141, 0x0121, 0x0141, 0x0141, 0x0141, 0x0141, 
    0x0141, 0x0162, 0x0141, 0x0161, 0x0162, 0x0162, 0x0161, 0x0162, 0x0141, 0x0162, 0x0162, 0x0162, 
    0x0162, 0x0182, 0x0182, 0x0182, 0x0182, 0x01A2, 0x01A2, 0x01A2, 0x01A2, 0x0182, 0x01A2, 0x0182, 
    0x01A2, 0x01A2, 0x01A2, 0x09C2, 0x09E2, 0x09C2, 0x09C2, 0x09C2, 0x09E3, 0x09C2, 0x09A2, 0x09C2, 
    0x09C2, 0x09C2, 0x09C2, 0x09E3, 0x09C2, 0x01C2, 0x01A2, 0x01A2, 0x01A2, 0x09A2, 0x0141, 0x00C0, 
    0x9428, 0xFF92, 0xE6B1, 0xBCCA, 0x9345, 0x82A3, 0x7AA4, 0x9B86, 0xA3C6, 0x18A1, 0x8B44, 0xD548, 
    0xBC06, 0x4982, 0x4A65, 0xDD8A, 0x9325, 0x7263, 0x7A83, 0x9386, 0xD5CD, 0xF6CE, 0xE5AA, 0x41C2, 
    0x0101, 0x09C2, 0x09C2, 0x01A2, 0x09C2, 0x09E2, 0x0A03, 0x0A03, 0x09E2, 0x09E2, 0x0A03, 0x0A02, 
    0x09E3, 0x09E2, 0x09C2, 0x09C2, 0x09E2, 0x09E2, 0x09E2, 0x09C2, 0x09C2, 0x09C2, 0x01C2, 0x01C2, 
    0x01C2, 0x01A2, 0x01A2, 0x09C2, 0x01A2, 0x01A2, 0x01A2, 0x01A2, 0x01A2, 0x0182, 0x0162, 0x0162, 
    0x0182, 0x0162, 0x0162, 0x0162, 0x0162, 0x0141, 0x0141, 0x0162, 0x0162, 0x0162, 0x0162, 0x0162, 
    0x0141, 0x0141, 0x0141, 0x0141, 0x0141, 0x0121, 0x0141, 0x0121, 0x0121, 0x0121, 0x0122, 0x0121, 
    0x0121, 0x0121, 0x0101, 0x0101, 0x0101, 0x0101, 0x0101, 0x0101, 0x0101, 0x0101, 0x0101, 0x0101, 
    0x0101, 0x00E1, 0x00E1, 0x00E1, 0x00E1, 0x00E1, 0x00C1, 0x00C1, 0x00E1, 0x00E1, 0x00C1, 0x00E1, 
    0x00C1, 0x00C1, 0x00C1, 0x00C1, 0x00E1, 0x00C1, 0x00C1, 0x00C1, 0x00C1, 0x00C1, 0x00C1, 0x00C1, 
    0x00A0, 0x00A0, 0x00A0, 0x00A0, 0x00A0, 0x0080, 0x00A0, 0x00A0, 0x00A0, 0x00A0, 0x00A0, 0x00A0, 
    0x00A0, 0x0080, 0x00A0, 0x0080, 0x0080, 0x0080, 0x0080, 0x0080, 0x0080, 0x0080, 0x0080, 0x00A0, 
    0x08C1, 0x08C1, 0x08A0, 0x0060, 0x0060, 0x0060, 0x0060, 0x0060, 0x0060, 0x0040, 0x0060, 0x0000, 
    0x6AA5, 0xDDED, 0xE64E, 0x82E4, 0x51A1, 0x0020, 0x8388, 0xAC26, 0x6222, 0x93A6, 0xDD8A, 0x7AC3, 
    0x0020, 0x0040, 0x0060, 0x0040, 0x0040, 0x0040, 0x0040, 0x0040, 0x59E3, 0x4161, 0x6223, 0x8B04, 
    0x82E4, 0x7AC4, 0x2902, 0x18A1, 0x7AA3, 0x6A22, 0xB427, 0x7B05, 0x0000, 0x0040, 0x0040, 0x0060, 
    0x0060, 0x0080, 0x0080, 0x0080, 0x0080, 0x08C0, 0x08E1, 0x08E0, 0x08C0, 0x0080, 0x0080, 0x0080, 
    0x0080, 0x0080, 0x0080, 0x00A0, 0x0080, 0x00A0, 0x00A0, 0x00A0, 0x00A0, 0x00A0, 0x00A0, 0x00A0, 
    0x00A1, 0x00A0, 0x00A0, 0x00C1, 0x00C1, 0x00C1, 0x00C1, 0x00C1, 0x00C1, 0x00C1, 0x00C1, 0x00C1, 
    0x00E1, 0x00C1, 0x00C1, 0x00C1, 0x00C1, 0x00E1, 0x00E1, 0x00E1, 0x00E1, 0x00E1, 0x00E1, 0x00E1, 
    0x00E1, 0x00E1, 0x00E1, 0x0101, 0x0101, 0x0101, 0x0101, 0x0101, 0x0101, 0x0101, 0x0101, 0x0101, 
    0x0101, 0x0101, 0x0101, 0x0121, 0x0121, 0x0121, 0x0121, 0x0121, 0x0121, 0x0121, 0x0141, 0x0141, 
    0x0141, 0x0142, 0x0141, 0x0141, 0x0141, 0x0162, 0x0162, 0x0141, 0x0182, 0x0182, 0x0162, 0x0182, 
    0x0161, 0x0182, 0x0162, 0x0162, 0x0182, 0x0182, 0x0182, 0x0182, 0x0182, 0x0182, 0x0182, 0x01A2, 
    0x01A2, 0x01A2, 0x01A2, 0x01A2, 0x01A2, 0x01C2, 0x09C2, 0x01A2, 0x01C2, 0x01C2, 0x01C2, 0x09E2, 
    0x09E2, 0x09E2, 0x09E3, 0x09E2, 0x01E2, 0x01A2, 0x0182, 0x01A2, 0x09C2, 0x01C2, 0x09C2, 0x09E3, 
    0x0162, 0x7385, 0xBCE9, 0x29E1, 0x0182, 0x0101, 0x1162, 0x39A2, 0xBCC9, 0xC4EA, 0x9304, 0x8AA2, 
    0x8A82, 0x5181, 0x30E0, 0x4101, 0x9325, 0x72C5, 0x4182, 0xDD69, 0xA385, 0x41A3, 0xBCE9, 0x61C2, 
    0x28A0, 0x30E0, 0x61E1, 0x7201, 0x8AA3, 0xB406, 0xB406, 0x7AA3, 0x2942, 0x0141, 0x0141, 0x3263, 
    0xAC66, 0xA446, 0x1A02, 0x01C2, 0x09E2, 0x09E3, 0x09E3, 0x01E2, 0x01A2, 0x01E2, 0x09E2, 0x09E2, 
    0x09E2, 0x09E2, 0x09E3, 0x09E2, 0x09E2, 0x09E2, 0x09E2, 0x09E2, 0x09E2, 0x01C2, 0x01A2, 0x09C2, 
    0x01A2, 0x01A2, 0x0182, 0x0182, 0x0182, 0x0182, 0x0182, 0x0182, 0x0182, 0x0162, 0x0162, 0x0162, 
    0x0162, 0x0182, 0x0162, 0x0161, 0x0162, 0x0162, 0x0141, 0x0162, 0x0162, 0x0162, 0x0162, 0x0162, 
    0x0162, 0x0142, 0x0141, 0x0141, 0x0142, 0x0142, 0x0121, 0x0121, 0x0141, 0x0121, 0x0101, 0x0121, 
    0x0121, 0x0101, 0x0101, 0x0101, 0x0101, 0x0101, 0x0101, 0x0101, 0x00E1, 0x0101, 0x00E1, 0x00E1, 
    0x00E1, 0x00E1, 0x00E1, 0x00E1, 0x00E1, 0x00E1, 0x00E1, 0x00C1, 0x00E1, 0x00C1, 0x00E1, 0x00E1, 
    0x00C1, 0x00C1, 0x00C1, 0x00C1, 0x00C1, 0x00C1, 0x00C1, 0x00A0, 0x00A0, 0x00C1, 0x00C1, 0x00A0, 
    0x00A0, 0x00A0, 0x00A0, 0x00A0, 0x00A0, 0x00A0, 0x00A0, 0x00A0, 0x00A0, 0x00A0, 0x00A0, 0x00A0, 
    0x0080, 0x0080, 0x00A0, 0x0080, 0x0080, 0x0080, 0x0080, 0x08A0, 0x08C0, 0x08C1, 0x08C0, 0x0060, 
    0x0060, 0x0060, 0x0060, 0x0060, 0x0060, 0x0060, 0x0060, 0x0000, 0x8346, 0xF6CF, 0x7264, 0x6A02, 
    0x1081, 0x5A64, 0x72E4, 0xB448, 0xA3C5, 0x51E3, 0x7262, 0x51C2, 0x0000, 0x0060, 0x0060, 0x0040, 
    0x0060, 0x0060, 0x0040, 0x0040, 0x4162, 0x5A03, 0x82C3, 0x3941, 0x1880, 0x3121, 0xAC47, 0x18C1, 
    0x72A4, 0x6A02, 0x82C4, 0x8B46, 0x0000, 0x0040, 0x0060, 0x0060, 0x0080, 0x0080, 0x0080, 0x0080, 
    0x0080, 0x08E0, 0x08E1, 0x08E1, 0x08E1, 0x0080, 0x0080, 0x0080, 0x0080, 0x0080, 0x0080, 0x00A0, 
    0x00A0, 0x00A0, 0x00A0, 0x00A1, 0x00A1, 0x00A0, 0x00A0, 0x00C1, 0x00C1, 0x00C1, 0x00C1, 0x00C1, 
    0x00A0, 0x00C1, 0x00C1, 0x00C1, 0x00C1, 0x00C1, 0x00E1, 0x00E1, 0x00E1, 0x00E1, 0x00E1, 0x00E1, 
    0x00E1, 0x00E1, 0x0101, 0x00E1, 0x00E1, 0x0101, 0x00E1, 0x0101, 0x0101, 0x0101, 0x0101, 0x0101, 
    0x0101, 0x0101, 0x0101, 0x0101, 0x0101, 0x0101, 0x0101, 0x0121, 0x0121, 0x0121, 0x0121, 0x0121, 
    0x0121, 0x0121, 0x0141, 0x0141, 0x0121, 0x0141, 0x0141, 0x0162, 0x0141, 0x0141, 0x0162, 0x0141, 
    0x0162, 0x0162, 0x0161, 0x0162, 0x0182, 0x0182, 0x0182, 0x0162, 0x0162, 0x0162, 0x01A2, 0x01A2, 
    0x0182, 0x0182, 0x0182, 0x0182, 0x0182, 0x0182, 0x01A2, 0x01C2, 0x01A2, 0x01A2, 0x01A2, 0x01A2, 
    0x01A2, 0x01C2, 0x09C2, 0x09C2, 0x09E2, 0x09E2, 0x09E2, 0x09E2, 0x09E3, 0x09E2, 0x09E2, 0x09E2, 
    0x2A64, 0xA407, 0x8304, 0x0961, 0x01A2, 0x09A2, 0x09C2, 0x01A2, 0x1181, 0xEDCA, 0xDD49, 0x41A1, 
    0x0142, 0x5A84, 0xA3A5, 0x51C2, 0x7A83, 0x8AC3, 0x8AE3, 0x9B23, 0x4961, 0x0020, 0x0020, 0x0000, 
    0x38E0, 0xA3A5, 0x41A2, 0xD529, 0x7AA3, 0x7B67, 0x9345, 0x0800, 0x0020, 0x0020, 0x0040, 0x7242, 
    0x92E3, 0x9B65, 0xA364, 0x7283, 0x6203, 0x8305, 0x1141, 0x4243, 0xC466, 0xCCC6, 0x6A82, 0x0162, 
    0x09C2, 0x09A2, 0x01A2, 0x2223, 0x9C06, 0x3A84, 0x01C2, 0x0A03, 0x09E2, 0x09E2, 0x09E2, 0x09E2, 
    0x09E3, 0x09E2, 0x09C2, 0x09C2, 0x01C2, 0x01C2, 0x01A2, 0x09C2, 0x09C2, 0x01C2, 0x01A2, 0x01A2, 
    0x0182, 0x0182, 0x0182, 0x0182, 0x0182, 0x0182, 0x0162, 0x0162, 0x0162, 0x0162, 0x0182, 0x0162, 
    0x0162, 0x0161, 0x0162, 0x0162, 0x0162, 0x0162, 0x0162, 0x0162, 0x0162, 0x0141, 0x0142, 0x0142, 
    0x0162, 0x0141, 0x0121, 0x0121, 0x0121, 0x0121, 0x0121, 0x0101, 0x0101, 0x0101, 0x0101, 0x0121, 
    0x0101, 0x0101, 0x0101, 0x0101, 0x0101, 0x0101, 0x0101, 0x00E1, 0x00E1, 0x00E1, 0x00E1, 0x00E1, 
    0x00E1, 0x00E1, 0x00E1, 0x00E1, 0x00E1, 0x00E1, 0x00E1, 0x00E1, 0x00C1, 0x00C1, 0x00C1, 0x00E1, 
    0x00E1, 0x00C1, 0x00E1, 0x00C1, 0x00C1, 0x00C1, 0x00C1, 0x00A1, 0x00C1, 0x00C1, 0x00A0, 0x00A0, 
    0x00A1, 0x00A0, 0x00A0, 0x00A0, 0x00A1, 0x00A1, 0x00A1, 0x00A1, 0x00A0, 0x00A0, 0x00A0, 0x0080, 
    0x0080, 0x00A0, 0x00A0, 0x08C0, 0x08E1, 0x08C1, 0x08C0, 0x0060, 0x0060, 0x0060, 0x0060, 0x0060, 
    0x0060, 0x0060, 0x0060, 0x0000, 0x9C08, 0x9366, 0x69C2, 0x51C2, 0x18E2, 0xBCA8, 0x3940, 0x49E3, 
    0x6243, 0x9B85, 0x4982, 0x49A2, 0x0020, 0x0060, 0x0060, 0x0060, 0x0060, 0x0060, 0x0060, 0x0000, 
    0x3942, 0x8B25, 0x28C1, 0x5A23, 0x49C2, 0x0840, 0xBC87, 0x3962, 0x1060, 0x20C1, 0x3101, 0x4982, 
    0x0020, 0x0040, 0x0060, 0x0080, 0x0080, 0x0080, 0x0080, 0x0080, 0x0080, 0x08E1, 0x0901, 0x0901, 
    0x0901, 0x0080, 0x0080, 0x0080, 0x0080, 0x00A0, 0x00A0, 0x00A0, 0x00A1, 0x00A1, 0x00A0, 0x00A1, 
    0x00C1, 0x00A0, 0x00A0, 0x00C1, 0x00C1, 0x00C1, 0x00C1, 0x00C1, 0x00C1, 0x00C1, 0x00C1, 0x00C1, 
    0x00C1, 0x00C1, 0x00E1, 0x00E1, 0x00C1, 0x00E1, 0x00E1, 0x00E1, 0x00E1, 0x00E1, 0x00E1, 0x00E1, 
    0x0101, 0x0101, 0x0101, 0x0101, 0x0101, 0x0101, 0x0101, 0x0101, 0x0101, 0x0101, 0x0101, 0x0101, 
    0x0101, 0x0101, 0x0101, 0x0121, 0x0121, 0x0121, 0x0121, 0x0121, 0x0121, 0x0141, 0x0141, 0x0141, 
    0x0141, 0x0142, 0x0141, 0x0162, 0x0162, 0x0141, 0x0162, 0x0161, 0x0162, 0x0162, 0x0161, 0x0161, 
    0x0162, 0x0162, 0x0182, 0x0162, 0x0162, 0x0182, 0x0182, 0x0182, 0x0182, 0x0182, 0x0182, 0x0182, 
    0x0182, 0x0182, 0x01A2, 0x01A2, 0x01A2, 0x01A2, 0x01A2, 0x0182, 0x01A2, 0x01A2, 0x01A2, 0x09C2, 
    0x09C2, 0x09E2, 0x09E2, 0x09E2, 0x09C2, 0x09E2, 0x09E2, 0x0182, 0xA407, 0xB3C6, 0x49C2, 0x0921, 
    0x0141, 0x0161, 0x0141, 0x00E1, 0x83A6, 0xCD09, 0x6AA3, 0x6AC4, 0x9BE7, 0xA3A5, 0x3941, 0x0000, 
    0x51C2, 0xA344, 0x92E3, 0xABA5, 0x7283, 0x0860, 0x00C0, 0x00E0, 0x0060, 0x7AA4, 0x7306, 0xAC89, 
    0x8366, 0x8BE9, 0x49A2, 0x0040, 0x00E0, 0x0040, 0x20E1, 0xA3E6, 0xAC26, 0x9B44, 0xAB84, 0x41A2, 
    0x18A0, 0x7AA3, 0xAC06, 0x6AC4, 0x5A43, 0x6A63, 0x7A82, 0x1101, 0x00E1, 0x0161, 0x01A2, 0x1141, 
    0x8B26, 0xBC68, 0x0141, 0x09C2, 0x09C2, 0x09C2, 0x09C2, 0x09E2, 0x09E2, 0x09C2, 0x01A2, 0x09C2, 
    0x01A2, 0x01A2, 0x01A2, 0x09C2, 0x09C2, 0x01A2, 0x01A2, 0x01A2, 0x0182, 0x0182, 0x0182, 0x0182, 
    0x0182, 0x0161, 0x0162, 0x0182, 0x0162, 0x0162, 0x0162, 0x0162, 0x0182, 0x0162, 0x0182, 0x0162, 
    0x0162, 0x0162, 0x0162, 0x0162, 0x0162, 0x0162, 0x0162, 0x0162, 0x0162, 0x0141, 0x0121, 0x0141, 
    0x0121, 0x0121, 0x0121, 0x0121, 0x0121, 0x0121, 0x0121, 0x0121, 0x0101, 0x0101, 0x0101, 0x0101, 
    0x0121, 0x0101, 0x0101, 0x0101, 0x00E1, 0x00E1, 0x00E1, 0x0101, 0x00E1, 0x00E1, 0x0101, 0x0101, 
    0x00E1, 0x00E1, 0x00E1, 0x00E1, 0x00E1, 0x00C1, 0x00E1, 0x00E1, 0x00E1, 0x00C1, 0x00E1, 0x00E1, 
    0x00E1, 0x00A0, 0x00C1, 0x00C1, 0x00A0, 0x00C1, 0x00A1, 0x00C1, 0x00A1, 0x00A0, 0x00A0, 0x00A0, 
    0x00A1, 0x00C1, 0x00C1, 0x00A1, 0x00A0, 0x00A0, 0x00A1, 0x00A0, 0x00A0, 0x00A0, 0x00A0, 0x08E1, 
    0x08E1, 0x08E1, 0x08C0, 0x0080, 0x0080, 0x0060, 0x0060, 0x0060, 0x0060, 0x0060, 0x0040, 0x0040, 
    0x49C3, 0x3101, 0x3122, 0x1081, 0x3983, 0xB488, 0x0820, 0x10A1, 0x5203, 0x3121, 0x82C4, 0x1880, 
    0x0020, 0x0060, 0x0060, 0x0060, 0x0060, 0x0060, 0x0060, 0x0000, 0x6244, 0x5A03, 0x3961, 0x4162, 
    0xA385, 0xABE7, 0xA3C6, 0x1060, 0x0000, 0x0000, 0x0000, 0x0000, 0x0040, 0x0060, 0x0080, 0x0080, 
    0x0080, 0x00A0, 0x00A0, 0x00A0, 0x00A0, 0x08E1, 0x1101, 0x1101, 0x1101, 0x00A0, 0x00A0, 0x0080, 
    0x00A0, 0x00A0, 0x00A0, 0x00A1, 0x00C1, 0x00A1, 0x00A1, 0x00C1, 0x00A1, 0x00C1, 0x00C1, 0x00C1, 
    0x00C1, 0x00C1, 0x00C1, 0x00C1, 0x00C1, 0x00C1, 0x00E1, 0x00E1, 0x00E1, 0x00E1, 0x00E1, 0x00E1, 
    0x00E1, 0x00E1, 0x00E1, 0x00E1, 0x00E1, 0x00E1, 0x0101, 0x0101, 0x0101, 0x00E1, 0x00E1, 0x00E1, 
    0x0101, 0x0101, 0x0101, 0x0101, 0x0101, 0x0101, 0x0121, 0x0121, 0x0121, 0x0101, 0x0101, 0x0121, 
    0x0121, 0x0141, 0x0141, 0x0142, 0x0142, 0x0142, 0x0142, 0x0162, 0x0141, 0x0141, 0x0141, 0x0141, 
    0x0141, 0x0141, 0x0161, 0x0162, 0x0161, 0x0162, 0x0162, 0x0161, 0x0182, 0x0162, 0x0162, 0x0162, 
    0x0182, 0x0182, 0x0182, 0x0182, 0x0182, 0x0182, 0x0182, 0x0182, 0x0162, 0x0182, 0x0182, 0x0182, 
    0x01A2, 0x09A2, 0x01A2, 0x0182, 0x01A2, 0x0182, 0x0161, 0x0161, 0x0141, 0x0161, 0x0161, 0x0161, 
    0x0141, 0x0161, 0x0141, 0x00E1, 0x7AE4, 0x8B25, 0x1101, 0x00A0, 0x08C1, 0x2182, 0x4A64, 0x93C7, 
    0xBC88, 0x8325, 0x9345, 0xA385, 0x82C3, 0x4140, 0x0040, 0x51C1, 0x3100, 0x49A2, 0x82A3, 0xA384, 
    0xB406, 0x2142, 0x0121, 0x0121, 0x0921, 0x9C07, 0xB488, 0xBCC9, 0xBCC9, 0xBC88, 0x6243, 0x00A0, 
    0x00E0, 0x00C0, 0x5243, 0xD508, 0xABE6, 0x9303, 0x49C2, 0x3142, 0x6A22, 0x4141, 0x59E2, 0x9345, 
    0xA3C7, 0x8326, 0x6A84, 0x6243, 0x41C2, 0x21A2, 0x1161, 0x2162, 0x7B25, 0x7283, 0x0060, 0x00E0, 
    0x0121, 0x0141, 0x0141, 0x0141, 0x0161, 0x0141, 0x0141, 0x0161, 0x0182, 0x0182, 0x01A2, 0x09C2, 
    0x09C2, 0x09A2, 0x09C2, 0x09C2, 0x01A2, 0x0182, 0x0182, 0x0182, 0x0182, 0x0162, 0x0162, 0x0162, 
    0x0162, 0x0162, 0x0182, 0x0182, 0x0182, 0x0182, 0x0182, 0x0182, 0x0162, 0x0182, 0x0182, 0x0161, 
    0x0141, 0x0162, 0x0162, 0x0162, 0x0162, 0x0162, 0x0142, 0x0141, 0x0141, 0x0121, 0x0121, 0x0121, 
    0x0121, 0x0121, 0x0101, 0x0101, 0x0121, 0x0101, 0x0121, 0x0101, 0x0101, 0x0101, 0x0101, 0x0101, 
    0x0101, 0x0101, 0x0101, 0x0101, 0x0101, 0x0101, 0x0101, 0x0101, 0x0101, 0x00E1, 0x00E1, 0x00E1, 
    0x00E1, 0x00E1, 0x00E1, 0x00E1, 0x00E1, 0x00E1, 0x00E1, 0x00E1, 0x00E1, 0x00E1, 0x00C1, 0x00C1, 
    0x00C1, 0x00C1, 0x00C1, 0x00C1, 0x00A0, 0x00C1, 0x00A1, 0x00A0, 0x00A1, 0x00A1, 0x00A1, 0x00A1, 
    0x00A1, 0x00A1, 0x00A1, 0x00A0, 0x00A0, 0x00A0, 0x00A0, 0x08E1, 0x08E1, 0x08E1, 0x08C0, 0x0080, 
    0x0080, 0x0080, 0x0080, 0x0060, 0x0060, 0x0060, 0x0060, 0x0040, 0x0000, 0x0000, 0x0000, 0x0000, 
    0x1061, 0xB468, 0xA3E7, 0xA3E6, 0x82E3, 0x0000, 0x7263, 0x4981, 0x0000, 0x0060, 0x0060, 0x0060, 
    0x0060, 0x0060, 0x0020, 0x18A1, 0x6A64, 0x20A0, 0x49C2, 0x41C3, 0x4961, 0x59C2, 0x1880, 0x0020, 
    0x0040, 0x0040, 0x0060, 0x0080, 0x0080, 0x0080, 0x0080, 0x00A0, 0x00A0, 0x00A0, 0x00A0, 0x00A0, 
    0x00A0, 0x08E0, 0x1121, 0x1101, 0x1121, 0x00C1, 0x00A1, 0x00A0, 0x00A1, 0x00C1, 0x00A0, 0x00C1, 
    0x00C1, 0x00C1, 0x00C1, 0x00C1, 0x00C1, 0x00C1, 0x00C1, 0x00C1, 0x00C1, 0x00E1, 0x00C1, 0x00E1, 
    0x00E1, 0x00E1, 0x00E1, 0x0101, 0x00E1, 0x00E1, 0x00E1, 0x00E1, 0x00E1, 0x0101, 0x0101, 0x00E1, 
    0x00E1, 0x00E1, 0x0101, 0x0101, 0x0101, 0x00E1, 0x0101, 0x0101, 0x0121, 0x0121, 0x0121, 0x0121, 
    0x0121, 0x0121, 0x0121, 0x0121, 0x0121, 0x0101, 0x0121, 0x0141, 0x0141, 0x0142, 0x0162, 0x0141, 
    0x0161, 0x0141, 0x0141, 0x0141, 0x0141, 0x0141, 0x0142, 0x0141, 0x0141, 0x0141, 0x0161, 0x0161, 
    0x0162, 0x0162, 0x0162, 0x0161, 0x0182, 0x0161, 0x0161, 0x0161, 0x0121, 0x0162, 0x0182, 0x0182, 
    0x0161, 0x0161, 0x0182, 0x0182, 0x0162, 0x0141, 0x0141, 0x0121, 0x0121, 0x00E1, 0x00C1, 0x00E0, 
    0x00E0, 0x0121, 0x0962, 0x19A2, 0x29E3, 0x3224, 0x4264, 0x4A64, 0x5264, 0x5A83, 0x6AC3, 0x72C3, 
    0x51C2, 0x7A83, 0x9304, 0x7283, 0x7283, 0x82C4, 0x9304, 0x82C3, 0x7243, 0x82C4, 0x8AE4, 0x7243, 
    0x3941, 0x20E1, 0x7AC5, 0xCD0A, 0xAC07, 0x3941, 0x2901, 0x3961, 0x3161, 0x0921, 0x2A03, 0x4264, 
    0x0000, 0x8345, 0x3941, 0x93C7, 0x5A02, 0x72C5, 0x3141, 0x08C1, 0x3A03, 0x0121, 0x1921, 0x4981, 
    0x5181, 0x28E1, 0x51E2, 0xB446, 0x9B85, 0x7222, 0x61E2, 0x6A02, 0x7A62, 0x82C3, 0x7AA3, 0x82C3, 
    0x9324, 0x9345, 0x9345, 0xA3C6, 0x82C4, 0x4982, 0x7283, 0x6AA4, 0x7305, 0x62E4, 0x5A84, 0x5284, 
    0x4264, 0x3203, 0x29C3, 0x1982, 0x0942, 0x0101, 0x00E1, 0x0101, 0x00E1, 0x0101, 0x0121, 0x0141, 
    0x0141, 0x0162, 0x0162, 0x0161, 0x0162, 0x0182, 0x0162, 0x0162, 0x0182, 0x0182, 0x0162, 0x0141, 
    0x0182, 0x0182, 0x0182, 0x0182, 0x0182, 0x0182, 0x0162, 0x0162, 0x0162, 0x0162, 0x0162, 0x0162, 
    0x0142, 0x0142, 0x0141, 0x0142, 0x0142, 0x0141, 0x0121, 0x0121, 0x0121, 0x0121, 0x0121, 0x0121, 
    0x0121, 0x0121, 0x0121, 0x0121, 0x0121, 0x0101, 0x0101, 0x0101, 0x0101, 0x0101, 0x0101, 0x0101, 
    0x0101, 0x0101, 0x0101, 0x0101, 0x0121, 0x0101, 0x0101, 0x0101, 0x00E1, 0x00E1, 0x00E1, 0x00E1, 
    0x0101, 0x00E1, 0x00E1, 0x00E1, 0x00C1, 0x00E1, 0x00E1, 0x00C1, 0x00C1, 0x00C1, 0x00C1, 0x00C1, 
    0x00C1, 0x00A1, 0x00A1, 0x00A0, 0x00A1, 0x00A0, 0x00A1, 0x00A1, 0x00A1, 0x00A1, 0x00A0, 0x00A0, 
    0x00A1, 0x00A0, 0x00C1, 0x0901, 0x08E1, 0x0901, 0x08C0, 0x0080, 0x00A0, 0x0080, 0x0080, 0x0080, 
    0x0080, 0x0080, 0x0080, 0x0060, 0x0060, 0x0060, 0x0060, 0x0060, 0x0020, 0x1880, 0x6203, 0x6A23, 
    0x4161, 0x3962, 0x3121, 0x7263, 0x0020, 0x0060, 0x0060, 0x0060, 0x0060, 0x0080, 0x0000, 0x49C3, 
    0x51E2, 0x0861, 0xAC48, 0x41A2, 0x0000, 0x0000, 0x0020, 0x0060, 0x0060, 0x0060, 0x0080, 0x0080, 
    0x00A0, 0x00A0, 0x00A0, 0x00A0, 0x00A0, 0x00A0, 0x00A0, 0x00A0, 0x00A0, 0x00C0, 0x1121, 0x1121, 
    0x1141, 0x08E1, 0x00A0, 0x00A1, 0x00A1, 0x00C1, 0x00C1, 0x00C1, 0x00C1, 0x00C1, 0x00C1, 0x00C1, 
    0x00C1, 0x00C1, 0x00C1, 0x00E1, 0x00E1, 0x00E1, 0x00E1, 0x00C1, 0x00C1, 0x00C1, 0x00C1, 0x00E1, 
    0x00E1, 0x00E1, 0x00E1, 0x00E1, 0x00E1, 0x0101, 0x00E1, 0x0101, 0x00E1, 0x00E1, 0x0101, 0x00E1, 
    0x0101, 0x0101, 0x0101, 0x0101, 0x0101, 0x0101, 0x0121, 0x0101, 0x0101, 0x0121, 0x0121, 0x0121, 
    0x0121, 0x0121, 0x0142, 0x0141, 0x0142, 0x0162, 0x0142, 0x0141, 0x0161, 0x0162, 0x0162, 0x0141, 
    0x0141, 0x0142, 0x0142, 0x0141, 0x0141, 0x0141, 0x0141, 0x0141, 0x0141, 0x0141, 0x0162, 0x0162, 
    0x0162, 0x0161, 0x0121, 0x1982, 0x4A64, 0x00C0, 0x00C0, 0x0101, 0x0101, 0x0101, 0x00E1, 0x00E1, 
    0x00E1, 0x0921, 0x1962, 0x29E2, 0x3A23, 0x5AA5, 0x7346, 0x8C08, 0x9C68, 0xACC9, 0xBD09, 0xC529, 
    0xCD29, 0xCCE8, 0xC4A7, 0xBC46, 0xABC5, 0xA365, 0x9B44, 0x9B03, 0x7A43, 0x4941, 0x5181, 0x61E2, 
    0x6A43, 0x7AA4, 0x9345, 0xA3A6, 0x9B24, 0x7243, 0x4141, 0x1880, 0x0060, 0x18E1, 0x4162, 0x3962, 
    0x4141, 0x1880, 0x0860, 0x0880, 0x08E0, 0x00A0, 0x9C69, 0xFE8D, 0x8B87, 0xAC06, 0x3162, 0xFF51, 
    0xA407, 0x5A44, 0x93C6, 0x8BA7, 0xED8A, 0x2941, 0x00E1, 0x08A0, 0x0860, 0x0840, 0x1060, 0x28C0, 
    0x3941, 0x18C0, 0x18A0, 0x3921, 0x51A1, 0x7A83, 0x8AE4, 0x9304, 0x8AC3, 0x7242, 0x61C2, 0x4961, 
    0x3901, 0x61E2, 0x8AC3, 0x9303, 0xA364, 0xABA5, 0xB3E6, 0xC467, 0xD508, 0xD56A, 0xDD8B, 0xD58B, 
    0xC56B, 0xB50A, 0xA4A9, 0x9448, 0x7BA7, 0x6B26, 0x4A64, 0x31E3, 0x2182, 0x1141, 0x00E1, 0x00C1, 
    0x00E1, 0x0101, 0x0101, 0x00E1, 0x0101, 0x00E0, 0x3A44, 0x5AA5, 0x0101, 0x0182, 0x0182, 0x0182, 
    0x0162, 0x0162, 0x0162, 0x0162, 0x0162, 0x0162, 0x0162, 0x0141, 0x0121, 0x0142, 0x0141, 0x0162, 
    0x0142, 0x0141, 0x0141, 0x0121, 0x0121, 0x0121, 0x0121, 0x0121, 0x0121, 0x0121, 0x0121, 0x0121, 
    0x0121, 0x0121, 0x0101, 0x0101, 0x0101, 0x0101, 0x0101, 0x0101, 0x0101, 0x0101, 0x0121, 0x0101, 
    0x0101, 0x0101, 0x0101, 0x00E1, 0x00E1, 0x0101, 0x00E1, 0x0101, 0x0101, 0x00E1, 0x00C1, 0x00C1, 
    0x00C1, 0x00C1, 0x00E1, 0x00C1, 0x00C1, 0x00C1, 0x00C1, 0x00C1, 0x00C1, 0x00C1, 0x00A0, 0x00C1, 
    0x00A1, 0x00C1, 0x00C1, 0x00A1, 0x00A0, 0x00A1, 0x00A0, 0x00A0, 0x00A1, 0x00A0, 0x08C1, 0x1101, 
    0x0901, 0x1101, 0x00C0, 0x0080, 0x00A0, 0x0080, 0x0080, 0x0080, 0x0080, 0x0080, 0x0080, 0x0080, 
    0x0060, 0x0080, 0x0060, 0x0060, 0x0060, 0x0040, 0x0000, 0x0000, 0x3142, 0xAC27, 0x0820, 0x6A84, 
    0x3121, 0x0020, 0x0080, 0x0060, 0x0060, 0x0080, 0x0000, 0x6AA5, 0x20C1, 0x72E6, 0x6AA5, 0x0000, 
    0x0060, 0x0060, 0x0060, 0x0060, 0x0060, 0x0080, 0x0080, 0x00A0, 0x00A0, 0x00A0, 0x00A0, 0x00A0, 
    0x00A0, 0x00A0, 0x00A0, 0x00C0, 0x00A0, 0x00C0, 0x1141, 0x1121, 0x1141, 0x08E1, 0x00A0, 0x00A1, 
    0x00A0, 0x00C1, 0x00C1, 0x00A1, 0x00C1, 0x00C1, 0x00C1, 0x00C1, 0x00C1, 0x00C1, 0x00E1, 0x00E1, 
    0x00E1, 0x00C1, 0x00E1, 0x00E1, 0x00E1, 0x00C1, 0x00C1, 0x00C1, 0x00C1, 0x00E1, 0x00E1, 0x00E1, 
    0x00E1, 0x0101, 0x0101, 0x0101, 0x0101, 0x0101, 0x00E1, 0x0101, 0x0101, 0x0101, 0x0101, 0x0101, 
    0x0101, 0x0101, 0x0101, 0x0101, 0x0121, 0x0121, 0x0121, 0x0121, 0x0121, 0x0121, 0x0121, 0x0121, 
    0x0142, 0x0142, 0x0141, 0x0141, 0x0141, 0x0162, 0x0162, 0x0162, 0x0141, 0x0141, 0x0141, 0x0141, 
    0x0141, 0x0162, 0x0141, 0x0141, 0x0162, 0x0141, 0x0141, 0x0121, 0x0101, 0x0101, 0x00A0, 0x7AE5, 
    0xF60C, 0x9C08, 0x5244, 0x39E3, 0x39E3, 0x4223, 0x5A83, 0x7B25, 0x93C6, 0xAC47, 0xBCA8, 0xC4E9, 
    0xC509, 0xCD2A, 0xCD2A, 0xC4E9, 0xB447, 0x9385, 0x8B25, 0x7AC4, 0x6A43, 0x59E2, 0x4982, 0x3921, 
    0x28E1, 0x18A0, 0x1880, 0x1080, 0x1080, 0x0880, 0x0860, 0x20E1, 0x4162, 0x49A2, 0x4182, 0x3101, 
    0x1880, 0x0040, 0x0020, 0x0060, 0x0080, 0x00A0, 0x0080, 0x0060, 0x0060, 0x00A0, 0x00E1, 0x0121, 
    0x0181, 0x0161, 0x4202, 0xB448, 0x9B65, 0x20A0, 0xA489, 0xFF0E, 0xA3C5, 0x3921, 0x6202, 0xABC5, 
    0x82A3, 0x1101, 0x0141, 0x0121, 0x00E1, 0x00C0, 0x0080, 0x0080, 0x0080, 0x00C0, 0x0080, 0x0040, 
    0x0020, 0x0840, 0x20E0, 0x3121, 0x3101, 0x18A0, 0x0020, 0x0020, 0x0860, 0x0880, 0x1080, 0x1080, 
    0x1880, 0x20A0, 0x28E1, 0x4141, 0x4982, 0x59C2, 0x6223, 0x7AA4, 0x8B25, 0xA3E7, 0xBC88, 0xCD2A, 
    0xDDAB, 0xDDCA, 0xE5CB, 0xE5CB, 0xD56A, 0xC4E8, 0xA407, 0x8B45, 0x6284, 0x5263, 0x4244, 0x4223, 
    0x52A4, 0x7B66, 0xDDEE, 0xC488, 0x2121, 0x00E1, 0x0101, 0x0101, 0x0121, 0x0141, 0x0141, 0x0142, 
    0x0162, 0x0142, 0x0141, 0x0141, 0x0141, 0x0141, 0x0141, 0x0121, 0x0121, 0x0121, 0x0121, 0x0121, 
    0x0121, 0x0121, 0x0121, 0x0121, 0x0141, 0x0121, 0x0121, 0x0121, 0x0121, 0x0121, 0x0101, 0x0101, 
    0x0101, 0x0101, 0x0101, 0x0101, 0x0101, 0x0101, 0x0101, 0x0101, 0x0101, 0x0101, 0x0101, 0x0101, 
    0x0101, 0x0101, 0x0101, 0x0101, 0x0101, 0x0101, 0x00E1, 0x00C1, 0x00E1, 0x00E1, 0x00E1, 0x00C1, 
    0x00E1, 0x00E1, 0x00C1, 0x00C1, 0x00C1, 0x00C1, 0x00C1, 0x00C1, 0x00C1, 0x00A1, 0x00C1, 0x00C1, 
    0x00A0, 0x00A0, 0x00A0, 0x00A1, 0x00C1, 0x00A1, 0x08E1, 0x1121, 0x1101, 0x1101, 0x00A0, 0x00A0, 
    0x00A0, 0x00A0, 0x00A0, 0x00A0, 0x00A0, 0x0080, 0x0080, 0x0080, 0x0080, 0x0080, 0x0080, 0x0080, 
    0x0060, 0x0060, 0x0060, 0x0060, 0x0000, 0x6AC6, 0x6243, 0x3982, 0x6223, 0x0000, 0x0080, 0x0060, 
    0x0060, 0x0060, 0x0040, 0x7AE6, 0x20E1, 0x9BE7, 0x0840, 0x0040, 0x0060, 0x0060, 0x0060, 0x0060, 
    0x0080, 0x0080, 0x00A0, 0x00A0, 0x00A0, 0x00A0, 0x00A0, 0x00A0, 0x00A0, 0x00A0, 0x00A0, 0x00C0, 
    0x00C0, 0x00C0, 0x1141, 0x1141, 0x1141, 0x1121, 0x00C1, 0x00A0, 0x00C1, 0x00C1, 0x00C1, 0x00C1, 
    0x00C1, 0x00C1, 0x00C1, 0x00C1, 0x00C1, 0x00C1, 0x00C1, 0x00C1, 0x00E1, 0x00E1, 0x00E1, 0x00E1, 
    0x00E1, 0x00E1, 0x00E1, 0x00C1, 0x00E1, 0x00E1, 0x00E1, 0x0101, 0x00E1, 0x00E1, 0x0101, 0x0101, 
    0x00E1, 0x0101, 0x0101, 0x0101, 0x0101, 0x0101, 0x0121, 0x0101, 0x0121, 0x0121, 0x0101, 0x0121, 
    0x0121, 0x0121, 0x0121, 0x0121, 0x0141, 0x0121, 0x0121, 0x0141, 0x0121, 0x0121, 0x0121, 0x0121, 
    0x0141, 0x0141, 0x0141, 0x0142, 0x0141, 0x0142, 0x0121, 0x0141, 0x0121, 0x0101, 0x0101, 0x00E0, 
    0x00C1, 0x00C1, 0x00E1, 0x0901, 0x1941, 0x31A2, 0x3982, 0x59A1, 0x7242, 0x9365, 0xB427, 0xBCA8, 
    0xC4C9, 0xC4E8, 0xCD08, 0xCD09, 0xC509, 0xBCA8, 0xA407, 0x93A6, 0x7B05, 0x6244, 0x49A2, 0x30E1, 
    0x1880, 0x1040, 0x0840, 0x0020, 0x0020, 0x0020, 0x0040, 0x0040, 0x0060, 0x0060, 0x0080, 0x00A0, 
    0x00C0, 0x00A0, 0x00A0, 0x0060, 0x0040, 0x0020, 0x0040, 0x0060, 0x00A0, 0x00C1, 0x00E1, 0x0101, 
    0x0101, 0x0921, 0x0941, 0x0941, 0x0981, 0x09A2, 0x09A2, 0x09C2, 0x11E2, 0x0A02, 0x0101, 0x1060, 
    0x0880, 0x0040, 0x6AA3, 0xF60A, 0x8B03, 0x20C0, 0x0040, 0x10A0, 0x08A0, 0x0121, 0x09A2, 0x09A2, 
    0x0982, 0x0161, 0x0141, 0x0161, 0x0141, 0x0141, 0x0141, 0x0121, 0x00E1, 0x00A0, 0x0080, 0x0060, 
    0x0060, 0x0080, 0x00A0, 0x00C1, 0x00E1, 0x00E1, 0x00E1, 0x00C1, 0x00A0, 0x0080, 0x0060, 0x0060, 
    0x0060, 0x0040, 0x0040, 0x0020, 0x0020, 0x1040, 0x1860, 0x20A0, 0x3101, 0x49A2, 0x6A64, 0x8326, 
    0x9BE8, 0xB489, 0xC54B, 0xD58B, 0xDD8B, 0xDD8B, 0xD54A, 0xC4A8, 0xABE6, 0x9B65, 0x7263, 0x69E1, 
    0x4141, 0x41C2, 0x39C2, 0x2162, 0x1121, 0x00E1, 0x00C0, 0x00C0, 0x00E1, 0x0101, 0x0121, 0x0121, 
    0x0141, 0x0141, 0x0141, 0x0142, 0x0141, 0x0121, 0x0142, 0x0142, 0x0121, 0x0121, 0x0121, 0x0121, 
    0x0121, 0x0121, 0x0121, 0x0121, 0x0121, 0x0101, 0x0101, 0x0101, 0x0121, 0x0101, 0x0121, 0x0101, 
    0x0101, 0x0121, 0x0101, 0x0101, 0x0121, 0x0121, 0x0101, 0x0101, 0x0101, 0x0101, 0x0101, 0x0101, 
    0x00E1, 0x00E1, 0x00E1, 0x00E1, 0x00C1, 0x00E1, 0x00E1, 0x00E1, 0x00E1, 0x00E1, 0x00C1, 0x00C1, 
    0x00C1, 0x00C1, 0x00C1, 0x00C1, 0x00C1, 0x00C1, 0x00C1, 0x00C1, 0x00C1, 0x00A1, 0x00A0, 0x00A0, 
    0x00A0, 0x00A0, 0x0901, 0x1121, 0x1121, 0x1101, 0x00A0, 0x00A0, 0x00A0, 0x00A0, 0x00A0, 0x00A0, 
    0x00A0, 0x00A0, 0x00A0, 0x0080, 0x0080, 0x0080, 0x0080, 0x0080, 0x0080, 0x0060, 0x0060, 0x0060, 
    0x0020, 0x10A1, 0x8B86, 0x2901, 0x72A4, 0x0000, 0x0080, 0x0060, 0x0080, 0x0060, 0x0881, 0x72C5, 
    0x41C3, 0x8346, 0x0000, 0x0060, 0x0060, 0x0060, 0x0060, 0x0080, 0x0080, 0x0080, 0x0080, 0x00A0, 
    0x00A0, 0x00A0, 0x00A0, 0x00A0, 0x00C0, 0x00C0, 0x00C0, 0x00C0, 0x00C0, 0x00C0, 0x1141, 0x1962, 
    0x1962, 0x1141, 0x00E1, 0x00C1, 0x00E1, 0x00E1, 0x00C1, 0x00C1, 0x00C1, 0x00C1, 0x00E1, 0x00E1, 
    0x00C1, 0x00C1, 0x00C1, 0x00E1, 0x00E1, 0x00E1, 0x00E1, 0x00E1, 0x0101, 0x0101, 0x00E1, 0x00E1, 
    0x00E1, 0x00E1, 0x00E1, 0x00E1, 0x00E1, 0x0101, 0x0101, 0x00E1, 0x0101, 0x0121, 0x0121, 0x0121, 
    0x0101, 0x0101, 0x0101, 0x0101, 0x0101, 0x0101, 0x0101, 0x0101, 0x0101, 0x0101, 0x0101, 0x0121, 
    0x0121, 0x0121, 0x0121, 0x0121, 0x0101, 0x0121, 0x0121, 0x0121, 0x0141, 0x0141, 0x0141, 0x0121, 
    0x0101, 0x00C1, 0x00C0, 0x00C1, 0x00C1, 0x1101, 0x2162, 0x41E3, 0x6284, 0x7AE5, 0x8B25, 0x9B65, 
    0xA385, 0xA365, 0x8AC4, 0x3921, 0x59A2, 0x8AC3, 0x82C3, 0x7AA3, 0x6A43, 0x59E2, 0x49A2, 0x4162, 
    0x3101, 0x20C1, 0x1080, 0x0840, 0x0020, 0x0020, 0x0020, 0x0040, 0x0060, 0x00A0, 0x00C1, 0x00C1, 
    0x00E1, 0x00E1, 0x00E1, 0x0101, 0x0101, 0x00E1, 0x0101, 0x0101, 0x0101, 0x0101, 0x0101, 0x0121, 
    0x0921, 0x0101, 0x0121, 0x0121, 0x0121, 0x0121, 0x0141, 0x0962, 0x0962, 0x0982, 0x09A2, 0x09A2, 
    0x09C2, 0x1203, 0x1223, 0x1223, 0x1223, 0x1243, 0x09C2, 0x0100, 0x00E1, 0x00E1, 0x0000, 0x9B85, 
    0x5A02, 0x0060, 0x0141, 0x0121, 0x0141, 0x09A2, 0x11E2, 0x11E2, 0x11E2, 0x09C2, 0x09C2, 0x09C2, 
    0x09A2, 0x09A2, 0x09A2, 0x0982, 0x0961, 0x0141, 0x0121, 0x0121, 0x0121, 0x0121, 0x0121, 0x0121, 
    0x0941, 0x0941, 0x0941, 0x0121, 0x0101, 0x0101, 0x0101, 0x0101, 0x0101, 0x0101, 0x00E1, 0x00E1, 
    0x00C1, 0x00C0, 0x00A0, 0x0080, 0x0040, 0x0020, 0x0020, 0x0000, 0x0000, 0x0020, 0x1880, 0x28C1, 
    0x3921, 0x49A2, 0x6A44, 0x7AA4, 0x8AE3, 0x8AC3, 0x7263, 0x4981, 0x4941, 0x9304, 0xABA5, 0xB3E6, 
    0xABE6, 0x9BA6, 0x8325, 0x62A4, 0x4A23, 0x2982, 0x0901, 0x00C1, 0x00C1, 0x00C1, 0x00E1, 0x0101, 
    0x0121, 0x0121, 0x0141, 0x0141, 0x0141, 0x0121, 0x0121, 0x0121, 0x0101, 0x0121, 0x0121, 0x0121, 
    0x0121, 0x0101, 0x0101, 0x0101, 0x0121, 0x0121, 0x0121, 0x0121, 0x0101, 0x0121, 0x0121, 0x0121, 
    0x0121, 0x0122, 0x0121, 0x0101, 0x0121, 0x0101, 0x0101, 0x0101, 0x0101, 0x0101, 0x00E1, 0x00E1, 
    0x00E1, 0x00E1, 0x00E1, 0x00E1, 0x00E1, 0x00E1, 0x00E1, 0x00C1, 0x00C1, 0x00C1, 0x00C1, 0x00C1, 
    0x00C1, 0x00E1, 0x00C1, 0x00C1, 0x00C1, 0x00C0, 0x00C1, 0x00A1, 0x00A0, 0x00C0, 0x1101, 0x1121, 
    0x1121, 0x0901, 0x00A0, 0x00A0, 0x00A0, 0x00A0, 0x00A0, 0x00A0, 0x00A0, 0x00A0, 0x00A0, 0x00A0, 
    0x0080, 0x0080, 0x0080, 0x0080, 0x0080, 0x0080, 0x0060, 0x0060, 0x0060, 0x0000, 0x8367, 0x3962, 
    0x72A5, 0x0040, 0x0060, 0x0060, 0x0080, 0x0060, 0x1081, 0x6264, 0x5224, 0x6244, 0x0000, 0x0060, 
    0x0060, 0x0080, 0x0080, 0x0080, 0x0080, 0x0080, 0x0080, 0x00A0, 0x00A0, 0x00A0, 0x00A0, 0x00A0, 
    0x00C0, 0x00C0, 0x00C0, 0x00C0, 0x00C0, 0x00A0, 0x0921, 0x1962, 0x1962, 0x1161, 0x00E1, 0x00E1, 
    0x00E1, 0x00C1, 0x00C1, 0x00C1, 0x00C1, 0x00C1, 0x00E1, 0x00E1, 0x00C1, 0x00E1, 0x00E1, 0x00E1, 
    0x00E1, 0x00E1, 0x00E1, 0x00E1, 0x0101, 0x0101, 0x0101, 0x0101, 0x0101, 0x00E1, 0x00E1, 0x0101, 
    0x0101, 0x0101, 0x0101, 0x00E1, 0x0101, 0x0101, 0x0101, 0x0101, 0x0101, 0x0121, 0x0101, 0x0101, 
    0x0101, 0x0101, 0x0101, 0x0101, 0x0101, 0x00E1, 0x0101, 0x0121, 0x0121, 0x0121, 0x0101, 0x0101, 
    0x0101, 0x0101, 0x0101, 0x00E1, 0x00E0, 0x00C0, 0x00C1, 0x08E1, 0x1942, 0x3182, 0x5223, 0x72C4, 
    0x8B25, 0x9B86, 0xABC6, 0xABC6, 0x9345, 0x7A84, 0x61E3, 0x4982, 0x3901, 0x28C0, 0x1860, 0x0020, 
    0x1860, 0x5181, 0x20A0, 0x0020, 0x0000, 0x0000, 0x0000, 0x0000, 0x0020, 0x0040, 0x0060, 0x00A0, 
    0x00A0, 0x00C0, 0x00C1, 0x00C1, 0x00E1, 0x00E1, 0x0101, 0x0101, 0x0101, 0x0121, 0x0121, 0x0101, 
    0x0121, 0x0121, 0x0121, 0x0121, 0x0141, 0x0142, 0x0141, 0x0161, 0x0962, 0x0162, 0x0161, 0x0161, 
    0x0162, 0x0982, 0x0982, 0x09A2, 0x09A2, 0x09A2, 0x09C2, 0x11E2, 0x11E3, 0x1223, 0x1243, 0x1243, 
    0x1243, 0x1A84, 0x1243, 0x09A1, 0x09A2, 0x0982, 0x0101, 0x2921, 0x10E0, 0x0121, 0x09A2, 0x09C2, 
    0x09E2, 0x1203, 0x1203, 0x1203, 0x1203, 0x11E2, 0x09E2, 0x09E2, 0x09E2, 0x09C2, 0x09E2, 0x09C2, 
    0x09A2, 0x0982, 0x0981, 0x0982, 0x0962, 0x0962, 0x0962, 0x0942, 0x0942, 0x0141, 0x0141, 0x0141, 
    0x0121, 0x0121, 0x0121, 0x0121, 0x0121, 0x0121, 0x0121, 0x0921, 0x0121, 0x0121, 0x0101, 0x0101, 
    0x0101, 0x00E1, 0x00E1, 0x00E1, 0x00C1, 0x00A0, 0x0060, 0x0040, 0x0020, 0x0000, 0x0000, 0x0000, 
    0x18A0, 0x4982, 0x28C1, 0x0000, 0x0840, 0x1880, 0x28C0, 0x3901, 0x4961, 0x59E2, 0x7A83, 0x9325, 
    0xABA5, 0xABC6, 0x9BA6, 0x8B25, 0x72C4, 0x5243, 0x39A3, 0x1921, 0x08E1, 0x00C1, 0x00E1, 0x00E1, 
    0x00E1, 0x0101, 0x0121, 0x0121, 0x0121, 0x0121, 0x0121, 0x0101, 0x0101, 0x0101, 0x0121, 0x0121, 
    0x0121, 0x0142, 0x0142, 0x0121, 0x0121, 0x0121, 0x0121, 0x0121, 0x0101, 0x0121, 0x0121, 0x0101, 
    0x0121, 0x0101, 0x00E1, 0x0101, 0x0121, 0x0101, 0x0101, 0x0101, 0x00E1, 0x00E1, 0x0101, 0x00E1, 
    0x00E1, 0x00E1, 0x00C1, 0x00C1, 0x00C1, 0x00C1, 0x00C1, 0x00C1, 0x00C1, 0x00C1, 0x00C1, 0x00C1, 
    0x00C1, 0x00C1, 0x00C1, 0x00C1, 0x00C1, 0x00C1, 0x1141, 0x1121, 0x1141, 0x0901, 0x00A0, 0x00C0, 
    0x00A0, 0x00A0, 0x00A0, 0x00A0, 0x00A0, 0x00A0, 0x00A0, 0x00A0, 0x0080, 0x0080, 0x0080, 0x0080, 
    0x0080, 0x0080, 0x0060, 0x0060, 0x0080, 0x0000, 0x6AA5, 0x49C2, 0x6AA5, 0x0860, 0x0060, 0x0080, 
    0x0060, 0x0060, 0x1081, 0x6264, 0x5A23, 0x51E3, 0x0000, 0x0080, 0x0080, 0x0080, 0x0080, 0x0080, 
    0x0080, 0x0080, 0x00A0, 0x00A0, 0x00A0, 0x00A0, 0x00A0, 0x00C0, 0x00C0, 0x00C0, 0x00C0, 0x00C0, 
    0x00C0, 0x00A0, 0x0901, 0x1962, 0x1962, 0x1982, 0x0901, 0x00C1, 0x00C1, 0x00E1, 0x00C1, 0x00E1, 
    0x00E1, 0x00E1, 0x00E1, 0x00E1, 0x00E1, 0x00E1, 0x00E1, 0x00E1, 0x00E1, 0x0101, 0x0101, 0x00E1, 
    0x00E1, 0x00E1, 0x0101, 0x0101, 0x00E1, 0x0101, 0x00E1, 0x0101, 0x0101, 0x0101, 0x0101, 0x0101, 
    0x0101, 0x0101, 0x0121, 0x0121, 0x0121, 0x0101, 0x0101, 0x0101, 0x0101, 0x0101, 0x0101, 0x0101, 
    0x0101, 0x0101, 0x0101, 0x0121, 0x0101, 0x0101, 0x00E0, 0x00A0, 0x00A0, 0x0080, 0x00A0, 0x10E1, 
    0x3162, 0x5223, 0x72C4, 0x9345, 0xA385, 0xABA5, 0xA365, 0x8AE4, 0x6A43, 0x49A2, 0x3921, 0x20A0, 
    0x0820, 0x0000, 0x0000, 0x0000, 0x0020, 0x0040, 0x0040, 0x0040, 0x0040, 0x0020, 0x0040, 0x0060, 
    0x0080, 0x00A0, 0x00A0, 0x00A0, 0x00C0, 0x00C1, 0x00C1, 0x00E1, 0x00E1, 0x00E1, 0x00E1, 0x0101, 
    0x0101, 0x0101, 0x0101, 0x0121, 0x0921, 0x0941, 0x0121, 0x0121, 0x0141, 0x0121, 0x0141, 0x0941, 
    0x0962, 0x0962, 0x0982, 0x0982, 0x0982, 0x0982, 0x09A2, 0x09A2, 0x09A2, 0x09A2, 0x09C2, 0x09A2, 
    0x09A2, 0x11C2, 0x09C2, 0x01C2, 0x09E2, 0x0A23, 0x1243, 0x1263, 0x1243, 0x1A63, 0x1243, 0x09E2, 
    0x09C2, 0x01A2, 0x01C2, 0x0100, 0x0121, 0x01A2, 0x0182, 0x09C2, 0x1203, 0x09E2, 0x09E2, 0x0A02, 
    0x0A23, 0x0A02, 0x09E2, 0x09E2, 0x09E2, 0x09E2, 0x11E3, 0x09E2, 0x09E2, 0x09A2, 0x09C2, 0x09C2, 
    0x09A2, 0x09A2, 0x11C2, 0x0982, 0x0982, 0x0982, 0x0962, 0x0961, 0x0161, 0x0962, 0x0141, 0x0141, 
    0x0142, 0x0141, 0x0941, 0x0942, 0x0941, 0x0121, 0x0121, 0x0121, 0x0101, 0x0101, 0x0101, 0x0101, 
    0x00E1, 0x00E1, 0x00C1, 0x00C0, 0x00C0, 0x00A0, 0x00A0, 0x0080, 0x0040, 0x0020, 0x0000, 0x0040, 
    0x0060, 0x0060, 0x0040, 0x0020, 0x0000, 0x0000, 0x0020, 0x1040, 0x2080, 0x30E1, 0x51A2, 0x7263, 
    0x9304, 0x9B44, 0x9B65, 0x9344, 0x8B25, 0x7AC4, 0x5223, 0x3162, 0x1901, 0x00C1, 0x00A0, 0x00C0, 
    0x00C0, 0x00E1, 0x0101, 0x0121, 0x0101, 0x0101, 0x0101, 0x0121, 0x0121, 0x0121, 0x0121, 0x0121, 
    0x0121, 0x0121, 0x0121, 0x0121, 0x0101, 0x0101, 0x0101, 0x0121, 0x0121, 0x0121, 0x0101, 0x0101, 
    0x0121, 0x0101, 0x0101, 0x0101, 0x0101, 0x00E1, 0x0101, 0x0101, 0x0101, 0x00E1, 0x00E1, 0x00E1, 
    0x00E1, 0x00C1, 0x00C1, 0x00C1, 0x00E1, 0x00C1, 0x00C1, 0x00C1, 0x00A0, 0x00A0, 0x00C1, 0x00C1, 
    0x00C1, 0x00E1, 0x1141, 0x1141, 0x1141, 0x08E1, 0x00A0, 0x00C0, 0x00A0, 0x00A0, 0x00A0, 0x00A0, 
    0x00A0, 0x00A0, 0x00A0, 0x00A0, 0x00A0, 0x00A0, 0x00A0, 0x0080, 0x0080, 0x0080, 0x0080, 0x0080, 
    0x0080, 0x0000, 0x5224, 0x49C3, 0x6AA5, 0x0860, 0x0060, 0x0080, 0x0060, 0x0060, 0x10A1, 0x6264, 
    0x5224, 0x5203, 0x0000, 0x0080, 0x0080, 0x0080, 0x0080, 0x0080, 0x0080, 0x00A0, 0x00A0, 0x00A0, 
    0x00A0, 0x00A0, 0x00C0, 0x00C0, 0x00C0, 0x00C0, 0x00C0, 0x00C0, 0x00C0, 0x00C0, 0x00E1, 0x1982, 
    0x1982, 0x19A2, 0x1142, 0x00C1, 0x00E1, 0x00E1, 0x00E1, 0x00E1, 0x00E1, 0x00E1, 0x00E1, 0x00E1, 
    0x0101, 0x0101, 0x0101, 0x0101, 0x0101, 0x0101, 0x00E1, 0x00E1, 0x00E1, 0x00E1, 0x0101, 0x0121, 
    0x0101, 0x0101, 0x0101, 0x0101, 0x0101, 0x0101, 0x0101, 0x0101, 0x0101, 0x0101, 0x0101, 0x0101, 
    0x0101, 0x0101, 0x0101, 0x0101, 0x0101, 0x0101, 0x0101, 0x0101, 0x0101, 0x0101, 0x00E1, 0x00C0, 
    0x00A0, 0x00A0, 0x08E1, 0x2942, 0x41C3, 0x6A63, 0x8AE4, 0x9B44, 0x9B44, 0x9324, 0x82A3, 0x59C2, 
    0x4121, 0x28C1, 0x1060, 0x0020, 0x0000, 0x0000, 0x0000, 0x0040, 0x0060, 0x0060, 0x0080, 0x0080, 
    0x0080, 0x0080, 0x0080, 0x0080, 0x0080, 0x0080, 0x00A0, 0x00A0, 0x00A0, 0x00A0, 0x00C0, 0x00C1, 
    0x00E1, 0x00E1, 0x00E1, 0x00E1, 0x0101, 0x0101, 0x0101, 0x0121, 0x0121, 0x0121, 0x0121, 0x0941, 
    0x0941, 0x0142, 0x0121, 0x0121, 0x00E0, 0x29E4, 0x19A2, 0x0141, 0x0982, 0x0982, 0x09A2, 0x09A2, 
    0x09A2, 0x09A2, 0x09C2, 0x09C2, 0x09C2, 0x09C2, 0x09C2, 0x09C2, 0x0141, 0x0100, 0x0941, 0x19C2, 
    0x2202, 0x11C1, 0x0140, 0x0161, 0x1203, 0x1203, 0x1A23, 0x2A64, 0x21C2, 0x21C2, 0x2202, 0x19A1, 
    0x21C2, 0x21E2, 0x2A23, 0x11C2, 0x09A2, 0x19C3, 0x21E3, 0x19E2, 0x11A2, 0x1181, 0x11A2, 0x19E3, 
    0x11C2, 0x09E2, 0x1223, 0x1203, 0x09C2, 0x0182, 0x0140, 0x0100, 0x00E0, 0x00E0, 0x0100, 0x0100, 
    0x0121, 0x0100, 0x0141, 0x0982, 0x0982, 0x0962, 0x0962, 0x0962, 0x0962, 0x0962, 0x0101, 0x00A0, 
    0x0101, 0x0121, 0x0121, 0x0121, 0x0121, 0x0121, 0x0121, 0x0101, 0x0101, 0x0101, 0x00E1, 0x00E1, 
    0x00C1, 0x00C1, 0x00C1, 0x00A0, 0x00A0, 0x0080, 0x0080, 0x00A0, 0x00A0, 0x00A0, 0x0080, 0x0060, 
    0x0080, 0x0080, 0x0080, 0x0060, 0x0040, 0x0020, 0x0000, 0x0020, 0x1060, 0x1880, 0x30E1, 0x4161, 
    0x6202, 0x7263, 0x82C4, 0x9304, 0x9304, 0x82C3, 0x6243, 0x49E2, 0x2962, 0x10E1, 0x00A1, 0x00A0, 
    0x00A0, 0x00E1, 0x0101, 0x0121, 0x0121, 0x0121, 0x0121, 0x0121, 0x0121, 0x0121, 0x0121, 0x0121, 
    0x0121, 0x0101, 0x0121, 0x0121, 0x0121, 0x0121, 0x0121, 0x0121, 0x0121, 0x0101, 0x0101, 0x0101, 
    0x0101, 0x0101, 0x00E1, 0x0101, 0x00E1, 0x0101, 0x00E1, 0x00E1, 0x00E1, 0x00E1, 0x00E1, 0x00E1, 
    0x00E1, 0x00C1, 0x00C1, 0x00C1, 0x00C1, 0x00C1, 0x00C1, 0x00C1, 0x00C1, 0x0901, 0x1161, 0x1141, 
    0x1141, 0x00C0, 0x00A0, 0x00C0, 0x00C0, 0x00A0, 0x00C0, 0x00A0, 0x00A0, 0x00A0, 0x00A0, 0x00A0, 
    0x00A0, 0x00A0, 0x00A0, 0x0080, 0x0080, 0x0080, 0x0080, 0x0080, 0x0080, 0x0020, 0x5A44, 0x49C3, 
    0x6AA5, 0x0840, 0x0060, 0x0080, 0x0080, 0x0060, 0x10A1, 0x6264, 0x5224, 0x5203, 0x0020, 0x0080, 
    0x0080, 0x0080, 0x0080, 0x0080, 0x00A0, 0x00A0, 0x00A0, 0x00A0, 0x00A0, 0x00C0, 0x00A0, 0x00C0, 
    0x00C0, 0x00C0, 0x00C0, 0x00C0, 0x00E0, 0x00C0, 0x00C0, 0x1162, 0x19A2, 0x19A2, 0x1982, 0x0101, 
    0x0101, 0x00E1, 0x00E1, 0x00E1, 0x00E1, 0x00E1, 0x0101, 0x0101, 0x00E1, 0x0101, 0x0101, 0x0101, 
    0x0101, 0x0101, 0x0101, 0x0101, 0x0101, 0x0101, 0x0121, 0x0121, 0x0101, 0x0121, 0x0121, 0x0101, 
    0x0121, 0x0121, 0x0121, 0x0101, 0x0101, 0x0101, 0x00E1, 0x00E1, 0x0101, 0x0101, 0x0101, 0x0101, 
    0x0101, 0x0101, 0x00E0, 0x00A0, 0x0080, 0x00C1, 0x1102, 0x31C3, 0x5A64, 0x7B04, 0xA3A6, 0xABC6, 
    0x9B65, 0x8AE4, 0x6A23, 0x4161, 0x20A0, 0x1040, 0x0000, 0x0000, 0x0000, 0x0020, 0x0040, 0x0060, 
    0x0080, 0x0080, 0x00A0, 0x00A0, 0x0080, 0x0080, 0x0080, 0x0080, 0x00A0, 0x00A0, 0x00A1, 0x00A0, 
    0x00A0, 0x00A0, 0x00A0, 0x00A1, 0x00C1, 0x00C1, 0x00E1, 0x00E1, 0x00E1, 0x0101, 0x0101, 0x0101, 
    0x0101, 0x0101, 0x0121, 0x0121, 0x0121, 0x0141, 0x0942, 0x0942, 0x0942, 0x0942, 0x0942, 0x00A0, 
    0x7BA9, 0xF7B9, 0x93EA, 0x00C0, 0x09A2, 0x0982, 0x09A2, 0x09A2, 0x09C2, 0x09C2, 0x09E2, 0x09E3, 
    0x09C2, 0x09C2, 0x0182, 0x0121, 0x4265, 0x9C8B, 0xDE51, 0xF714, 0xFF56, 0xEF15, 0xB52D, 0x7389, 
    0xBD2E, 0x1941, 0x4A64, 0xCD6E, 0xE6B4, 0xEEF4, 0xEEF4, 0xEED3, 0xEEF4, 0xEED4, 0xC50C, 0x3A03, 
    0x0161, 0x83A7, 0xDDF0, 0xE693, 0xDE30, 0xE672, 0xE693, 0xCDAF, 0x5A85, 0x0161, 0x1223, 0x0A03, 
    0x0161, 0x4264, 0xAD0E, 0x9CAC, 0x83CA, 0x7BA9, 0x7368, 0x5AE7, 0x52A5, 0x4AA6, 0x21A2, 0x0162, 
    0x0982, 0x0982, 0x0162, 0x0962, 0x0962, 0x0121, 0x3204, 0x7BEC, 0x3A04, 0x00E1, 0x0941, 0x0121, 
    0x0141, 0x0121, 0x0121, 0x0121, 0x0121, 0x0101, 0x00E1, 0x00E1, 0x00E1, 0x00E1, 0x00C1, 0x00C1, 
    0x00A0, 0x00A0, 0x00A0, 0x00A1, 0x00A1, 0x00A0, 0x0080, 0x0040, 0x0000, 0x0000, 0x0000, 0x0040, 
    0x0060, 0x0060, 0x0080, 0x0060, 0x0060, 0x0020, 0x0020, 0x0020, 0x0020, 0x0020, 0x1040, 0x20A0, 
    0x4141, 0x61C2, 0x7263, 0x8AC4, 0x9B24, 0x8B04, 0x7AA4, 0x6244, 0x39A3, 0x1942, 0x00E1, 0x00C1, 
    0x00C0, 0x0101, 0x0121, 0x0141, 0x0141, 0x0121, 0x0121, 0x0121, 0x0121, 0x0121, 0x0121, 0x0142, 
    0x0142, 0x0121, 0x0121, 0x0121, 0x0101, 0x0101, 0x0101, 0x0101, 0x0121, 0x0101, 0x0101, 0x0101, 
    0x0101, 0x0101, 0x00E1, 0x00E1, 0x0101, 0x00E1, 0x00E1, 0x00E1, 0x00E1, 0x00E1, 0x00E1, 0x00E1, 
    0x00C1, 0x00C1, 0x00C1, 0x00C1, 0x00C1, 0x1141, 0x1161, 0x1141, 0x1141, 0x00C0, 0x00C0, 0x00C0, 
    0x00C0, 0x00C0, 0x00C0, 0x00C0, 0x00C0, 0x00C0, 0x00A0, 0x00A0, 0x00A0, 0x00A0, 0x00A0, 0x00A0, 
    0x0080, 0x0080, 0x0080, 0x0080, 0x0080, 0x0020, 0x5A44, 0x49C3, 0x6AA5, 0x0860, 0x0060, 0x0080, 
    0x0080, 0x0060, 0x10A1, 0x6264, 0x5203, 0x5203, 0x0020, 0x0080, 0x0080, 0x0080, 0x00A0, 0x00A0, 
    0x00A0, 0x00A0, 0x00A0, 0x00A0, 0x00A0, 0x00C0, 0x00C0, 0x00C0, 0x00C0, 0x00C0, 0x00E0, 0x00E0, 
    0x00E0, 0x00E0, 0x00C0, 0x1141, 0x1982, 0x19A2, 0x19A2, 0x0101, 0x00E1, 0x00E1, 0x00E1, 0x00E1, 
    0x00E1, 0x00E1, 0x00E1, 0x0101, 0x0101, 0x0101, 0x0101, 0x0101, 0x0101, 0x0101, 0x0101, 0x0101, 
    0x0101, 0x0101, 0x0101, 0x0121, 0x0101, 0x0121, 0x0121, 0x0121, 0x0121, 0x0121, 0x0101, 0x00E1, 
    0x00E1, 0x0101, 0x0101, 0x00E1, 0x00E1, 0x00E1, 0x00C1, 0x00A0, 0x0060, 0x00A0, 0x1101, 0x39C3, 
    0x62C5, 0x9BC6, 0xAC27, 0xB406, 0xABC6, 0x8B25, 0x6223, 0x3941, 0x20A0, 0x0820, 0x0000, 0x0000, 
    0x0000, 0x0020, 0x0060, 0x0060, 0x0060, 0x0040, 0x0000, 0x0000, 0x0000, 0x0000, 0x0000, 0x0040, 
    0x0080, 0x00A0, 0x00A0, 0x00A0, 0x00A0, 0x00A0, 0x00A0, 0x00A0, 0x00A1, 0x00A0, 0x00C1, 0x00E1, 
    0x00E1, 0x0101, 0x00E1, 0x00C0, 0x0101, 0x0101, 0x0101, 0x0121, 0x0101, 0x0121, 0x0141, 0x0942, 
    0x0942, 0x0942, 0x0962, 0x0962, 0x0962, 0x0962, 0x0141, 0x1961, 0xEE92, 0xFFB4, 0xD5CE, 0x10C0, 
    0x0141, 0x09A2, 0x09A2, 0x09C2, 0x09C2, 0x09E3, 0x09E3, 0x09E3, 0x09C2, 0x0101, 0x29A2, 0xBD4F, 
    0xFF74, 0xFFF6, 0xEEF3, 0xAC6B, 0x9BE9, 0xBD2E, 0xFFD6, 0xFFF7, 0xEE91, 0x10E0, 0x2101, 0x3060, 
    0xA44A, 0xFFF7, 0xFF74, 0xFF73, 0xFFD6, 0x9C0A, 0x2860, 0x1901, 0x09E2, 0x3900, 0x4101, 0xEED2, 
    0xFFF6, 0xEEF3, 0x8347, 0x5161, 0x3100, 0x0162, 0x1223, 0x0A23, 0x01A1, 0x3961, 0x6A44, 0xDE10, 
    0xFFF5, 0xFFB4, 0xFFD5, 0xFFD6, 0xF735, 0xBD0C, 0x5223, 0x0121, 0x0982, 0x0982, 0x0162, 0x0961, 
    0x0121, 0x2121, 0xEE93, 0xFFF5, 0x9C49, 0x0040, 0x0941, 0x0141, 0x0142, 0x0141, 0x0121, 0x0141, 
    0x0121, 0x0101, 0x0101, 0x0101, 0x00E1, 0x00E1, 0x00E1, 0x00E1, 0x00C1, 0x00C1, 0x00C1, 0x00C1, 
    0x00A0, 0x00A0, 0x0040, 0x49C3, 0xB52D, 0x8BC9, 0x5A44, 0x3162, 0x1080, 0x0020, 0x0000, 0x0000, 
    0x0020, 0x0040, 0x0060, 0x0060, 0x0060, 0x0040, 0x0020, 0x0000, 0x0000, 0x0000, 0x0820, 0x1860, 
    0x3101, 0x51A2, 0x6A22, 0x82C3, 0x9B24, 0x9345, 0x8305, 0x6AA4, 0x41E3, 0x1942, 0x00E1, 0x00A0, 
    0x00C1, 0x00E1, 0x0121, 0x0121, 0x0121, 0x0121, 0x0121, 0x0142, 0x0141, 0x0142, 0x0121, 0x0121, 
    0x0121, 0x0121, 0x0101, 0x0121, 0x0101, 0x0101, 0x0121, 0x0101, 0x0101, 0x0101, 0x0101, 0x0101, 
    0x00E1, 0x00E1, 0x00E1, 0x00E1, 0x00E1, 0x00E1, 0x00E1, 0x0101, 0x00E1, 0x00C1, 0x00E1, 0x00C1, 
    0x00E1, 0x1962, 0x1161, 0x1961, 0x1141, 0x00C0, 0x00C0, 0x00C0, 0x00A0, 0x00C0, 0x00C0, 0x00C0, 
    0x00C0, 0x00C0, 0x00C0, 0x00C0, 0x00A0, 0x00A0, 0x00A0, 0x00A0, 0x0080, 0x0080, 0x0080, 0x0080, 
    0x0080, 0x0040, 0x5244, 0x49C3, 0x6AA5, 0x0860, 0x0060, 0x0080, 0x0080, 0x0060, 0x10A1, 0x6264, 
    0x5203, 0x49E3, 0x0020, 0x00A0, 0x0080, 0x0080, 0x00A0, 0x00A0, 0x00A0, 0x00A0, 0x00A0, 0x00C0, 
    0x00C0, 0x00C0, 0x00C0, 0x00E0, 0x00C0, 0x00C0, 0x00E0, 0x00C0, 0x00E0, 0x00E0, 0x00C0, 0x0921, 
    0x19A2, 0x19A2, 0x19A2, 0x0901, 0x00E1, 0x00E1, 0x00E1, 0x00E1, 0x00E1, 0x00E1, 0x00E1, 0x00E1, 
    0x0101, 0x0101, 0x0101, 0x0101, 0x0101, 0x0121, 0x0121, 0x0101, 0x0101, 0x0121, 0x0121, 0x0121, 
    0x0121, 0x0121, 0x0121, 0x0121, 0x0121, 0x0121, 0x0101, 0x0101, 0x0101, 0x0121, 0x0101, 0x00C0, 
    0x0080, 0x0080, 0x08E1, 0x2963, 0x5244, 0x8365, 0xA3E6, 0xBC46, 0xB426, 0x9365, 0x6243, 0x3942, 
    0x1880, 0x0820, 0x0000, 0x0000, 0x0020, 0x0040, 0x0060, 0x0060, 0x0040, 0x0000, 0x0000, 0x0000, 
    0x0020, 0x18C1, 0x39A3, 0x5AA6, 0x7327, 0x7327, 0x5A85, 0x3142, 0x0040, 0x0040, 0x00A0, 0x00A0, 
    0x00C0, 0x00C1, 0x00A0, 0x00C1, 0x00A1, 0x00A0, 0x0060, 0x0060, 0x0060, 0x0040, 0x00A0, 0x1922, 
    0x00C1, 0x0101, 0x0101, 0x0121, 0x0121, 0x0141, 0x0942, 0x0962, 0x0962, 0x0962, 0x0982, 0x0982, 
    0x0982, 0x0982, 0x00E0, 0x62C6, 0xFF53, 0xF6F0, 0xFF32, 0x5203, 0x00E0, 0x09A2, 0x09A2, 0x09C2, 
    0x09E3, 0x09C2, 0x09C2, 0x11E3, 0x0141, 0x3A44, 0xEEF5, 0xFFD6, 0xFF94, 0xD630, 0x4941, 0x2040, 
    0x2060, 0x2020, 0x8326, 0xFFB6, 0xE671, 0x1900, 0x00A0, 0x0800, 0x8347, 0xFFD6, 0xFF54, 0xFF53, 
    0xFFD6, 0x7AC6, 0x0000, 0x00A1, 0x0182, 0x0000, 0x6AC7, 0xFFB7, 0xE6B2, 0x51A2, 0x1000, 0x0820, 
    0x0080, 0x0182, 0x1223, 0x0A03, 0x09A2, 0x0880, 0x0800, 0x8327, 0xFF94, 0xF711, 0xF711, 0xFF95, 
    0x8BA9, 0x2000, 0x18C0, 0x0141, 0x09A2, 0x0982, 0x0982, 0x0962, 0x0080, 0x6AE6, 0xFF94, 0xFF32, 
    0xDE0F, 0x08A0, 0x0101, 0x0141, 0x0162, 0x0141, 0x0942, 0x0941, 0x0941, 0x0121, 0x0121, 0x0101, 
    0x0901, 0x00E1, 0x0080, 0x0060, 0x0040, 0x0060, 0x0080, 0x00A0, 0x00C1, 0x0060, 0x18A1, 0x7243, 
    0x7AC5, 0xBCEC, 0xFF74, 0xF6B1, 0xDE10, 0xBD2C, 0x93E9, 0x62C6, 0x39C3, 0x18C1, 0x0020, 0x0020, 
    0x0060, 0x0060, 0x0060, 0x0060, 0x0060, 0x0060, 0x0040, 0x0000, 0x0000, 0x0000, 0x0820, 0x2080, 
    0x3921, 0x61E2, 0x7A83, 0x9324, 0x9B65, 0x9345, 0x82E5, 0x5A23, 0x3162, 0x08E1, 0x00A0, 0x00C0, 
    0x0101, 0x0141, 0x0121, 0x0121, 0x0141, 0x0141, 0x0141, 0x0121, 0x0121, 0x0121, 0x0121, 0x0121, 
    0x0121, 0x0101, 0x0101, 0x0101, 0x00E1, 0x00E1, 0x00E1, 0x00E1, 0x00E1, 0x00E1, 0x00E1, 0x00E1, 
    0x0101, 0x0101, 0x00E1, 0x00E1, 0x00E1, 0x00E1, 0x00E1, 0x00C1, 0x00E1, 0x1182, 0x1162, 0x19A2, 
    0x1121, 0x00C0, 0x00C0, 0x00C0, 0x00C0, 0x00C0, 0x00C0, 0x00C0, 0x00C0, 0x00C0, 0x00C0, 0x00A0, 
    0x00A0, 0x00A0, 0x00A0, 0x00A0, 0x00A0, 0x00A0, 0x0080, 0x0080, 0x0080, 0x0040, 0x5244, 0x49C2, 
    0x6AA5, 0x0860, 0x0060, 0x0080, 0x0060, 0x0040, 0x10A1, 0x6A84, 0x5224, 0x49E3, 0x0040, 0x00A0, 
    0x0080, 0x00A0, 0x00A0, 0x00A0, 0x00A0, 0x00C0, 0x00C0, 0x00C0, 0x00C0, 0x00C0, 0x00C0, 0x00E0, 
    0x00C0, 0x00E0, 0x00E0, 0x00E0, 0x00E0, 0x00E1, 0x00E0, 0x0901, 0x19C2, 0x19A2, 0x19C2, 0x1162, 
    0x00E1, 0x0101, 0x00E1, 0x00E1, 0x00E1, 0x00E1, 0x0101, 0x00E1, 0x0101, 0x0101, 0x0101, 0x0101, 
    0x0101, 0x0101, 0x0121, 0x0121, 0x0101, 0x0121, 0x0121, 0x0121, 0x0121, 0x0121, 0x0121, 0x0121, 
    0x0121, 0x0142, 0x0121, 0x0121, 0x0121, 0x0121, 0x0101, 0x1901, 0x41C3, 0x7B05, 0xA3C6, 0xB427, 
    0xB427, 0x9BA5, 0x7AC4, 0x49C2, 0x28E1, 0x0840, 0x0000, 0x0000, 0x0000, 0x0040, 0x0060, 0x0080, 
    0x0020, 0x0000, 0x0000, 0x0000, 0x1081, 0x3163, 0x62A7, 0x942B, 0xC58E, 0xE64F, 0xEE8F, 0xF6AF, 
    0xFEEF, 0xFEF0, 0xF6F0, 0xEE90, 0xBD2D, 0x49E4, 0x0040, 0x00C1, 0x00C1, 0x00C1, 0x0080, 0x0000, 
    0x0040, 0x10A1, 0x2943, 0x5266, 0x7B89, 0xA4ED, 0xCE12, 0xAC6B, 0x18A0, 0x00E1, 0x0921, 0x0141, 
    0x0141, 0x0141, 0x0962, 0x0962, 0x0982, 0x0982, 0x09A2, 0x09A2, 0x0982, 0x0962, 0x0080, 0xB4CB, 
    0xFF73, 0xF6F1, 0xFF93, 0xAC8B, 0x00E0, 0x01A2, 0x09A2, 0x09C2, 0x09E3, 0x09C2, 0x09C2, 0x0182, 
    0x29E3, 0xEEF5, 0xFFD8, 0xFF54, 0xFF97, 0x7244, 0x0800, 0x0020, 0x0000, 0x0020, 0x2080, 0xDE52, 
    0xF6F5, 0x2100, 0x00A0, 0x0000, 0x7B28, 0xFFF7, 0xFF75, 0xFF74, 0xFFF8, 0x72E7, 0x0000, 0x0101, 
    0x00C0, 0x3183, 0xF779, 0xEF15, 0x59A2, 0x0800, 0x0040, 0x0080, 0x0101, 0x0A02, 0x0A43, 0x0A03, 
    0x09A2, 0x00C1, 0x0000, 0x8368, 0xFFD7, 0xFF53, 0xFF53, 0xFFD7, 0x7B28, 0x0000, 0x00A1, 0x0141, 
    0x09A2, 0x09A2, 0x09A2, 0x0162, 0x08C0, 0xC56E, 0xFF73, 0xF732, 0xFF54, 0x41C3, 0x00A0, 0x0942, 
    0x0942, 0x0962, 0x0962, 0x0962, 0x0942, 0x0121, 0x0121, 0x0141, 0x00A0, 0x0080, 0x39A4, 0x62E7, 
    0x7347, 0x62E6, 0x39C3, 0x0860, 0x0000, 0x0020, 0x0000, 0x1860, 0x30C0, 0x48A0, 0xB4CD, 0xFF12, 
    0xF6AF, 0xF6CF, 0xFECF, 0xFEEF, 0xF6F0, 0xEEB1, 0xCDEF, 0x4A04, 0x0000, 0x0080, 0x00A1, 0x0060, 
    0x0000, 0x0000, 0x0020, 0x0040, 0x0060, 0x0040, 0x0040, 0x0020, 0x0000, 0x0020, 0x1060, 0x28C1, 
    0x4162, 0x6A23, 0x82C4, 0x9B65, 0xA365, 0x8B04, 0x6243, 0x3982, 0x1101, 0x0101, 0x0121, 0x0121, 
    0x0142, 0x0141, 0x0142, 0x0142, 0x0141, 0x0141, 0x0121, 0x0121, 0x0142, 0x0101, 0x0101, 0x0101, 
    0x00E1, 0x0101, 0x00E1, 0x0101, 0x0101, 0x00E1, 0x0101, 0x00E1, 0x00E1, 0x00E1, 0x00E1, 0x00E1, 
    0x00E1, 0x00E1, 0x00E1, 0x00C0, 0x0941, 0x19A2, 0x1982, 0x19A2, 0x0901, 0x00C0, 0x00C0, 0x00C0, 
    0x00C0, 0x00C0, 0x00C0, 0x00C0, 0x00C0, 0x00C0, 0x00C0, 0x00A0, 0x00A0, 0x00A0, 0x00A0, 0x00A0, 
    0x00A0, 0x00A0, 0x00A0, 0x0080, 0x00A0, 0x0060, 0x5A44, 0x49C3, 0x6AA5, 0x0860, 0x0060, 0x0080, 
    0x0060, 0x0040, 0x10A1, 0x6AA5, 0x5204, 0x49E3, 0x0040, 0x00A0, 0x0080, 0x00A0, 0x00A0, 0x00A0, 
    0x00C0, 0x00C0, 0x00C0, 0x00C0, 0x00C0, 0x00C0, 0x00E0, 0x00E0, 0x00E0, 0x00E0, 0x00E0, 0x00E1, 
    0x00E0, 0x00E0, 0x00E0, 0x00E0, 0x1982, 0x19A2, 0x19C2, 0x19A2, 0x00E1, 0x0101, 0x00E1, 0x00E1, 
    0x00E1, 0x0101, 0x00E1, 0x00E1, 0x0101, 0x0101, 0x0121, 0x0121, 0x0101, 0x0101, 0x0101, 0x0121, 
    0x0121, 0x0121, 0x0121, 0x0121, 0x0121, 0x0121, 0x0121, 0x0121, 0x0142, 0x0142, 0x0121, 0x0121, 
    0x0121, 0x0121, 0x08E1, 0x8B25, 0xB427, 0x9365, 0x7AA4, 0x59E3, 0x3101, 0x1060, 0x0000, 0x0000, 
    0x0000, 0x0020, 0x0040, 0x0040, 0x0060, 0x0020, 0x0000, 0x0000, 0x18C1, 0x41C4, 0x7307, 0xAC8B, 
    0xD5EF, 0xEE90, 0xFEF0, 0xFF52, 0xF6D1, 0xEE6F, 0xEE6E, 0xEE4C, 0xE62C, 0xE64D, 0xEE6D, 0xEEAF, 
    0xFF52, 0xF6F3, 0x6285, 0x0020, 0x00C1, 0x0080, 0x31A3, 0xA48C, 0xC56E, 0xDE50, 0xF6F1, 0xFF31, 
    0xFF71, 0xFF34, 0x7AC6, 0x4920, 0x3921, 0x00E1, 0x0122, 0x0142, 0x0142, 0x0962, 0x0982, 0x0982, 
    0x09A2, 0x09A2, 0x09A2, 0x09A2, 0x0982, 0x0101, 0x2122, 0xF6D1, 0xFF32, 0xFF12, 0xFF74, 0xEEB3, 
    0x2961, 0x0141, 0x09A2, 0x09C2, 0x09C2, 0x09C2, 0x09C2, 0x0120, 0xBD70, 0xFFF8, 0xF734, 0xFFD8, 
    0xD5D1, 0x2060, 0x0020, 0x0060, 0x0060, 0x0060, 0x0000, 0x9C0A, 0xF737, 0x18C0, 0x00C1, 0x0000, 
    0x72E7, 0xFFD7, 0xFF75, 0xFF76, 0xFFF9, 0x6AA6, 0x0020, 0x0101, 0x10E0, 0xDE95, 0xFF99, 0x6A43, 
    0x0800, 0x0060, 0x00C0, 0x0121, 0x01A2, 0x0A23, 0x1263, 0x1243, 0x09C2, 0x0141, 0x0020, 0x8368, 
    0xFFD7, 0xFF54, 0xFF54, 0xFFF8, 0x7B28, 0x0000, 0x0101, 0x0182, 0x09A2, 0x09A2, 0x0982, 0x0121, 
    0x4A23, 0xFF34, 0xFF32, 0xF712, 0xFFB4, 0x93C9, 0x0040, 0x0141, 0x0962, 0x0962, 0x0962, 0x0962, 
    0x0142, 0x0141, 0x0142, 0x00A0, 0x5AA7, 0xCE12, 0xFF33, 0xFF52, 0xFFD3, 0xFFB4, 0xFF74, 0xE691, 
    0x8BA8, 0x20E1, 0x3162, 0x10C1, 0x0060, 0x38C0, 0xA40A, 0xFF53, 0xEE4D, 0xEE6D, 0xE64D, 0xE64C, 
    0xE66F, 0x8B67, 0x7264, 0x3142, 0x0040, 0x0040, 0x6244, 0xD5F1, 0x9C2A, 0x5A65, 0x2101, 0x0020, 
    0x0000, 0x0000, 0x0000, 0x0020, 0x0040, 0x0040, 0x0020, 0x0000, 0x0000, 0x0000, 0x1040, 0x28E1, 
    0x51C2, 0x6A43, 0x82C4, 0x9B65, 0x82C4, 0x00C1, 0x0121, 0x0121, 0x0141, 0x0142, 0x0121, 0x0121, 
    0x0121, 0x0142, 0x0121, 0x0142, 0x0141, 0x0121, 0x0121, 0x00E1, 0x0101, 0x0101, 0x0101, 0x0101, 
    0x0101, 0x0101, 0x00E1, 0x00E1, 0x00C1, 0x00E1, 0x00E1, 0x00E1, 0x00E1, 0x00C1, 0x00C1, 0x00C1, 
    0x1182, 0x19A2, 0x1982, 0x1982, 0x00C1, 0x00C0, 0x00E0, 0x00C0, 0x00C0, 0x00C0, 0x00C0, 0x00C0, 
    0x00E0, 0x00E0, 0x00C0, 0x00A0, 0x00A0, 0x00A0, 0x00A0, 0x00A0, 0x00A0, 0x00A0, 0x00A0, 0x0080, 
    0x08A0, 0x0060, 0x5A44, 0x51C3, 0x6AA5, 0x0860, 0x0080, 0x0080, 0x0060, 0x0040, 0x10A1, 0x6A84, 
    0x5203, 0x49E3, 0x0040, 0x08C0, 0x0080, 0x00A0, 0x00A0, 0x00A0, 0x00A0, 0x00C0, 0x00C0, 0x00C0, 
    0x00C0, 0x00C0, 0x00C0, 0x00E0, 0x00E1, 0x00E0, 0x00E0, 0x00E0, 0x00E0, 0x00E0, 0x00E0, 0x00C0, 
    0x1162, 0x21C2, 0x19A2, 0x19C2, 0x0121, 0x00E1, 0x00E1, 0x00E1, 0x0101, 0x0101, 0x0101, 0x0101, 
    0x0101, 0x0101, 0x0121, 0x0121, 0x0101, 0x0121, 0x0101, 0x0101, 0x0121, 0x0121, 0x0121, 0x0142, 
    0x0121, 0x0121, 0x0121, 0x0141, 0x0141, 0x0121, 0x0121, 0x0121, 0x0121, 0x0101, 0x00A0, 0x6A22, 
    0x8B04, 0x9386, 0x18A1, 0x0000, 0x0000, 0x0000, 0x0020, 0x0040, 0x0040, 0x0040, 0x0040, 0x0060, 
    0x0040, 0x4204, 0x8C0A, 0xBD4E, 0xDE30, 0xEEB0, 0xF6AF, 0xEE6E, 0xE62D, 0xE62C, 0xCDAD, 0x8327, 
    0x6A43, 0x59C2, 0x6244, 0xC54B, 0xF6AE, 0xEE6E, 0xEEAF, 0xF6D0, 0xEEAF, 0xFF53, 0xE672, 0x20A0, 
    0x0080, 0x0080, 0x2922, 0x72A5, 0xC52D, 0xFF31, 0xF6AF, 0xEEAE, 0xFF0F, 0xC56F, 0x2060, 0x1040, 
    0x0040, 0x00E1, 0x0142, 0x0141, 0x0962, 0x0962, 0x0982, 0x0982, 0x09A2, 0x09C3, 0x09A2, 0x0982, 
    0x0982, 0x0080, 0x72E7, 0xFFD6, 0xFF33, 0xFF33, 0xFF33, 0xFFB6, 0x72E6, 0x00A0, 0x09A2, 0x09E2, 
    0x09C2, 0x09E2, 0x0161, 0x52C6, 0xFF96, 0xFF74, 0xFF54, 0xFFF8, 0x93C9, 0x0000, 0x00A1, 0x0101, 
    0x0121, 0x00E1, 0x0000, 0x51E3, 0xDE51, 0x20E1, 0x0101, 0x0020, 0x72E7, 0xFFD7, 0xFF75, 0xFF76, 
    0xFFFA, 0x72E7, 0x0040, 0x0080, 0xBD8F, 0xFFF9, 0x82C5, 0x1020, 0x0080, 0x00E1, 0x0141, 0x09C2, 
    0x0A23, 0x1263, 0x1263, 0x1243, 0x0A02, 0x09A2, 0x00A0, 0x8BA9, 0xFFD8, 0xFF54, 0xFF53, 0xFFD8, 
    0x7B48, 0x0040, 0x0982, 0x09A2, 0x09C2, 0x09A2, 0x0162, 0x00C0, 0x9C2B, 0xFFB7, 0xFF32, 0xFF12, 
    0xFF93, 0xD5AE, 0x0880, 0x0141, 0x0962, 0x0962, 0x0962, 0x0962, 0x0962, 0x0141, 0x0080, 0x8BCA, 
    0xFF95, 0xFF53, 0xF6F0, 0xF711, 0xA469, 0x6223, 0x6A44, 0xB4EC, 0xFFD5, 0xEEB2, 0xEE70, 0x49C3, 
    0x0000, 0x28A0, 0xAC6A, 0xFF32, 0xEE8E, 0xEEAF, 0xEE8E, 0xF6F0, 0xCD8E, 0x1000, 0x0800, 0x0020, 
    0x0040, 0x30C0, 0x5161, 0x5A25, 0xCDAF, 0xFF74, 0xEE70, 0xC54D, 0x8BC9, 0x62A5, 0x39A3, 0x10A1, 
    0x0040, 0x0060, 0x0060, 0x0040, 0x0040, 0x0020, 0x0000, 0x0000, 0x0000, 0x0840, 0x8B67, 0x9304, 
    0x7263, 0x0081, 0x0101, 0x0121, 0x0142, 0x0142, 0x0141, 0x0121, 0x0121, 0x0121, 0x0121, 0x0121, 
    0x0121, 0x0121, 0x0121, 0x0101, 0x0101, 0x0101, 0x0101, 0x00E1, 0x0101, 0x0101, 0x0101, 0x00E1, 
    0x00E1, 0x00E1, 0x00E1, 0x00E1, 0x00E1, 0x00E1, 0x00C1, 0x0101, 0x19A2, 0x19A2, 0x19A2, 0x1162, 
    0x00C0, 0x00E0, 0x00E0, 0x00E0, 0x00E0, 0x00C0, 0x00C0, 0x00C0, 0x00C0, 0x00C0, 0x00C0, 0x00C0, 
    0x00A0, 0x00A0, 0x00A0, 0x00A0, 0x00A0, 0x00A0, 0x00A0, 0x0080, 0x08C0, 0x0060, 0x5244, 0x49C3, 
    0x6AA5, 0x0860, 0x0060, 0x0080, 0x0060, 0x0040, 0x10A1, 0x6AA5, 0x5203, 0x49E3, 0x0060, 0x08E0, 
    0x00A0, 0x00A0, 0x00A0, 0x00A0, 0x00C0, 0x00C0, 0x00C0, 0x00C0, 0x00C0, 0x00C0, 0x00E0, 0x00E1, 
    0x00E1, 0x00E1, 0x00E0, 0x00E0, 0x00E0, 0x00E0, 0x00E1, 0x00C0, 0x1141, 0x19A2, 0x19A2, 0x21C2, 
    0x0962, 0x00E1, 0x00E1, 0x0101, 0x00E1, 0x0101, 0x0101, 0x0101, 0x0101, 0x0101, 0x0101, 0x0101, 
    0x0121, 0x0101, 0x0121, 0x0121, 0x0121, 0x0141, 0x0142, 0x0142, 0x0121, 0x0141, 0x0121, 0x0142, 
    0x0142, 0x0142, 0x0121, 0x0121, 0x0121, 0x0101, 0x0060, 0x6A43, 0x8AC3, 0x9324, 0xA3C7, 0x1881, 
    0x0020, 0x0040, 0x0040, 0x0040, 0x0040, 0x0040, 0x0060, 0x0060, 0x0020, 0x9BE9, 0xBCCB, 0xC50B, 
    0xE60D, 0xDDCA, 0xDDCB, 0xDDEC, 0xDE0C, 0xEEAF, 0xC52D, 0x2020, 0x2080, 0x1840, 0x0000, 0x38E0, 
    0xE62E, 0xF6D0, 0xEEAF, 0xF6D0, 0xF6F1, 0xF6F1, 0xFF76, 0x82E5, 0x0080, 0x00E1, 0x0060, 0x0000, 
    0x6265, 0xFF10, 0xF6AF, 0xF6D0, 0xFF32, 0xD5F0, 0x28A0, 0x0000, 0x0080, 0x00E1, 0x0142, 0x0162, 
    0x0962, 0x0982, 0x09A2, 0x0982, 0x09A2, 0x09A2, 0x09A2, 0x09A2, 0x0162, 0x00C0, 0xCD8F, 0xF756, 
    0xF713, 0xFF53, 0xFF33, 0xFFD5, 0xC52E, 0x08A0, 0x01C2, 0x09E2, 0x09C2, 0x09C2, 0x0120, 0xB54F, 
    0xFFD7, 0xFF54, 0xFF74, 0xFF96, 0x6A64, 0x0060, 0x0141, 0x01A2, 0x09A2, 0x0182, 0x00C0, 0x20A0, 
    0x4121, 0x08C1, 0x01A2, 0x00A0, 0x7B48, 0xFFF8, 0xFF75, 0xFF75, 0xFFF9, 0x7307, 0x0000, 0xA4AC, 
    0xFFD7, 0x8B26, 0x1020, 0x0080, 0x0100, 0x0182, 0x0A03, 0x0A23, 0x1263, 0x1283, 0x1263, 0x1243, 
    0x0A23, 0x0A03, 0x0100, 0x8BA9, 0xFFD8, 0xFF74, 0xFF54, 0xFFD7, 0x7B48, 0x00A0, 0x09A2, 0x09C2, 
    0x09C2, 0x09C2, 0x0142, 0x1900, 0xE651, 0xF754, 0xF712, 0xFF33, 0xFF53, 0xFF34, 0x41E3, 0x0101, 
    0x0962, 0x0962, 0x0962, 0x0962, 0x0962, 0x00A0, 0x83AA, 0xFFB5, 0xF6EF, 0xF6D0, 0xFF95, 0xA46B, 
    0x1000, 0x0800, 0x1840, 0x3080, 0x8B87, 0xFF95, 0xFF54, 0x3963, 0x0000, 0x30E0, 0xB48B, 0xFF34, 
    0xEEAF, 0xEEAF, 0xEE8E, 0xFF11, 0xC56F, 0x0000, 0x0000, 0x0060, 0x0020, 0x0820, 0x1860, 0x2860, 
    0x4961, 0xEED2, 0xF6D0, 0xF6F1, 0xFF93, 0xFF52, 0xE650, 0xB4CB, 0x1060, 0x0020, 0x0060, 0x0040, 
    0x0040, 0x0040, 0x0040, 0x0020, 0x1081, 0x8BA7, 0x82E4, 0x8AE3, 0x82E4, 0x0060, 0x00E1, 0x0101, 
    0x0141, 0x0141, 0x0121, 0x0142, 0x0142, 0x0121, 0x0121, 0x0142, 0x0142, 0x0101, 0x0101, 0x0101, 
    0x0101, 0x0121, 0x0101, 0x00E1, 0x0101, 0x0101, 0x0101, 0x0101, 0x00E1, 0x00E1, 0x00E1, 0x00E1, 
    0x00E1, 0x0101, 0x0101, 0x0942, 0x19C2, 0x19A2, 0x19A2, 0x1142, 0x00C0, 0x00E1, 0x00E0, 0x00E1, 
    0x00E1, 0x00E0, 0x00C0, 0x00C0, 0x00C0, 0x00C0, 0x00C0, 0x00C0, 0x00C0, 0x00A0, 0x00A0, 0x00A0, 
    0x00A0, 0x00A0, 0x00A0, 0x0080, 0x08E1, 0x0060, 0x5244, 0x49A3, 0x6AA5, 0x1080, 0x0060, 0x0080, 
    0x0060, 0x0040, 0x10A1, 0x6AA4, 0x5203, 0x4A03, 0x0060, 0x1101, 0x00A0, 0x00A0, 0x00A0, 0x00A0, 
    0x00C0, 0x00C0, 0x00C0, 0x00C0, 0x00C0, 0x00C0, 0x00E0, 0x00E0, 0x00E0, 0x00E0, 0x00E0, 0x00E0, 
    0x00E0, 0x00E1, 0x0101, 0x00E1, 0x0101, 0x19A2, 0x19A2, 0x21E3, 0x19A2, 0x0101, 0x0101, 0x0101, 
    0x0101, 0x00E1, 0x0101, 0x0121, 0x0121, 0x0142, 0x0121, 0x0101, 0x0121, 0x0101, 0x0121, 0x0121, 
    0x0121, 0x0141, 0x0142, 0x0142, 0x0141, 0x0141, 0x0142, 0x0141, 0x0142, 0x0142, 0x0121, 0x0121, 
    0x0121, 0x0101, 0x0080, 0x49C2, 0x9345, 0x82A3, 0x8B04, 0x8325, 0x0020, 0x0040, 0x0040, 0x0040, 
    0x0040, 0x0060, 0x0060, 0x0060, 0x0040, 0x1040, 0x1820, 0x3080, 0xC50A, 0xE64D, 0xE60C, 0xE62C, 
    0xE62D, 0xF6D0, 0xCD8E, 0x30C0, 0x0000, 0x0000, 0x0020, 0x0000, 0xAC6A, 0xFF53, 0xF6AF, 0xF6F0, 
    0xF6F1, 0xF6F1, 0xFF75, 0xABE7, 0x18C0, 0x00E1, 0x00C1, 0x0000, 0x5A45, 0xFF10, 0xF6CF, 0xF6F0, 
    0xFF32, 0xDE31, 0x4120, 0x0040, 0x00E1, 0x0101, 0x0121, 0x0162, 0x0982, 0x09A2, 0x09A2, 0x09A2, 
    0x09A2, 0x09A2, 0x09A2, 0x09A2, 0x0141, 0x31E2, 0xFFB9, 0x93C9, 0xCDCF, 0xFFB4, 0xFF53, 0xFF74, 
    0xFF35, 0x41C2, 0x0182, 0x09E3, 0x09E2, 0x0161, 0x1961, 0xEEF4, 0xFFB6, 0xFF75, 0xFF95, 0xFF54, 
    0x4981, 0x00C0, 0x09C2, 0x09E2, 0x0A23, 0x0A02, 0x0181, 0x0080, 0x0000, 0x00A0, 0x0A03, 0x0140, 
    0x8388, 0xFFF8, 0xFF95, 0xFF74, 0xFFF7, 0x5A44, 0x62E7, 0xFFF8, 0xF755, 0x6A65, 0x0000, 0x0101, 
    0x0182, 0x0A03, 0x1263, 0x1284, 0x1284, 0x1284, 0x1264, 0x1243, 0x1223, 0x0A23, 0x0120, 0x8BC9, 
    0xFFD8, 0xFF75, 0xFF75, 0xFFF8, 0x7B48, 0x00C0, 0x09C2, 0x09C2, 0x09E2, 0x0A03, 0x0121, 0x6284, 
    0xFFD7, 0x9C09, 0xDE2F, 0xFF94, 0xFF33, 0xFFD7, 0x9409, 0x00A0, 0x0982, 0x0962, 0x0142, 0x0942, 
    0x00C1, 0x5284, 0xFF98, 0xF732, 0xF6F0, 0xFF31, 0xE692, 0x20A1, 0x0020, 0x0020, 0x0020, 0x28C0, 
    0x4900, 0xC58D, 0xFF73, 0x3962, 0x0000, 0x3940, 0xC4EC, 0xFF76, 0xF6CF, 0xF6D0, 0xEEAF, 0xFF31, 
    0xCD6F, 0x0800, 0x0040, 0x0060, 0x0060, 0x0000, 0x0000, 0x1820, 0x93C9, 0xF733, 0xEEAF, 0xFF32, 
    0xC52C, 0x7264, 0x4941, 0x4961, 0x0860, 0x0040, 0x0060, 0x0040, 0x0040, 0x0040, 0x0040, 0x0020, 
    0x8B88, 0x8AE4, 0x7242, 0x8B04, 0x6A63, 0x0040, 0x00E1, 0x0121, 0x0142, 0x0141, 0x0101, 0x0141, 
    0x0121, 0x0142, 0x0142, 0x0121, 0x0142, 0x0121, 0x0101, 0x0101, 0x0101, 0x0121, 0x0121, 0x0122, 
    0x0122, 0x0122, 0x0101, 0x0101, 0x0101, 0x00E1, 0x00E1, 0x00E1, 0x0121, 0x0121, 0x0101, 0x1162, 
    0x19A2, 0x19A2, 0x19C2, 0x0901, 0x00C0, 0x0101, 0x00E0, 0x00E1, 0x00E0, 0x00E0, 0x00E0, 0x00C0, 
    0x00C0, 0x00C0, 0x00C0, 0x00C0, 0x00C0, 0x00C0, 0x00A0, 0x00A0, 0x00A0, 0x00A0, 0x00A0, 0x00A0, 
    0x10E1, 0x0060, 0x5244, 0x49A2, 0x6AA6, 0x1060, 0x0060, 0x0080, 0x0060, 0x0040, 0x10A1, 0x6AA4, 
    0x5224, 0x5203, 0x0060, 0x1101, 0x00C0, 0x00A0, 0x00A0, 0x00A0, 0x00C0, 0x00C0, 0x00C0, 0x00C0, 
    0x00C0, 0x00E0, 0x00E1, 0x00E0, 0x00E1, 0x00E0, 0x00E1, 0x00E0, 0x00E0, 0x00E0, 0x0101, 0x00E0, 
    0x0101, 0x19A2, 0x19C2, 0x19C2, 0x19E3, 0x0121, 0x0101, 0x0121, 0x0121, 0x0101, 0x0101, 0x0101, 
    0x0101, 0x0121, 0x0121, 0x0121, 0x0121, 0x0121, 0x0142, 0x0121, 0x0121, 0x0142, 0x0121, 0x0142, 
    0x0142, 0x0142, 0x0141, 0x0142, 0x0141, 0x0142, 0x0121, 0x0121, 0x0121, 0x0101, 0x00A0, 0x0040, 
    0x20C1, 0x7263, 0x7A83, 0x9B65, 0x5A23, 0x0000, 0x0060, 0x0040, 0x0040, 0x0060, 0x0060, 0x0060, 
    0x0040, 0x0000, 0x0820, 0x0000, 0xAC49, 0xEE4D, 0xE60C, 0xE64D, 0xE64D, 0xF6D0, 0xD5AE, 0x4920, 
    0x0020, 0x0000, 0x0040, 0x0000, 0x7B47, 0xFF73, 0xF6D0, 0xF6F1, 0xF712, 0xFF12, 0xF713, 0x82C4, 
    0x18A0, 0x00A0, 0x00C1, 0x0020, 0x5A65, 0xFF52, 0xF6CF, 0xF6F0, 0xFF52, 0xDE30, 0x4120, 0x00A0, 
    0x0101, 0x0121, 0x0121, 0x0162, 0x0982, 0x0982, 0x09A2, 0x09A2, 0x09A2, 0x09C2, 0x09A2, 0x09A2, 
    0x00E0, 0x7B88, 0xFFF9, 0x4141, 0x940A, 0xFFD6, 0xFF54, 0xFF54, 0xFFF7, 0x8BA9, 0x00C0, 0x09E2, 
    0x09C2, 0x00E0, 0x4A44, 0xFF95, 0xFF75, 0xFF75, 0xFFB6, 0xEEF3, 0x3100, 0x00C1, 0x09C2, 0x0A23, 
    0x1263, 0x0A23, 0x09E2, 0x0121, 0x0060, 0x0121, 0x0A23, 0x0160, 0x83A9, 0xFFF8, 0xFF74, 0xFF74, 
    0xFF75, 0x9C0A, 0xEEF4, 0xFF75, 0xFFB6, 0xE692, 0x18A0, 0x00C0, 0x09C2, 0x0A43, 0x1284, 0x12A4, 
    0x1284, 0x1263, 0x1264, 0x1243, 0x0A23, 0x0A03, 0x00E0, 0x8BC9, 0xFFF8, 0xFF75, 0xFF76, 0xFFF9, 
    0x7B68, 0x00A0, 0x09C2, 0x09C2, 0x09C2, 0x09C2, 0x0920, 0xBD0C, 0xFFD8, 0x3921, 0xBD2D, 0xFFD6, 
    0xFF33, 0xFFB6, 0xD5CF, 0x08C0, 0x0162, 0x0962, 0x0962, 0x0121, 0x10C0, 0xCD8F, 0xFFD7, 0xFF33, 
    0xF732, 0xFFB4, 0x8BCA, 0x0000, 0x0060, 0x0040, 0x0040, 0x0020, 0x30C0, 0x8326, 0xFF74, 0x3963, 
    0x0000, 0x4160, 0xC4EC, 0xFF77, 0xF6F1, 0xF6F1, 0xEECF, 0xFF31, 0xCD8F, 0x0820, 0x0060, 0x0060, 
    0x0080, 0x0060, 0x0000, 0x8347, 0xFF32, 0xF6CF, 0xFF12, 0x8B88, 0x2060, 0x1020, 0x1040, 0x0820, 
    0x0040, 0x0060, 0x0060, 0x0060, 0x0040, 0x0060, 0x0000, 0x5A85, 0xA3E7, 0x7A62, 0x7283, 0x28E1, 
    0x0020, 0x0080, 0x00E1, 0x0121, 0x0121, 0x0141, 0x0121, 0x0121, 0x0121, 0x0121, 0x0142, 0x0142, 
    0x0121, 0x0121, 0x0121, 0x0121, 0x0101, 0x0101, 0x0101, 0x0121, 0x0101, 0x0101, 0x0101, 0x00E1, 
    0x00E1, 0x00E1, 0x00E1, 0x00E1, 0x00E1, 0x00E1, 0x00E1, 0x19A2, 0x19C2, 0x19C2, 0x19A2, 0x00E1, 
    0x00E0, 0x0101, 0x00E0, 0x00E1, 0x00E1, 0x0101, 0x00E1, 0x00E0, 0x00C0, 0x00C0, 0x00C0, 0x00C0, 
    0x00C0, 0x00C0, 0x00C0, 0x00A0, 0x00A0, 0x00A0, 0x00A0, 0x00A0, 0x1101, 0x0060, 0x5244, 0x49C3, 
    0x6AA5, 0x1060, 0x0060, 0x0060, 0x0060, 0x0040, 0x10A1, 0x6AC5, 0x5A24, 0x5223, 0x0060, 0x1101, 
    0x08E1, 0x00A0, 0x00A0, 0x00A0, 0x00C0, 0x00C0, 0x00C0, 0x00E0, 0x00C0, 0x00E0, 0x00E1, 0x00E0, 
    0x00E1, 0x00E0, 0x00E0, 0x00E0, 0x00E0, 0x00E0, 0x00E0, 0x00E0, 0x00E0, 0x1182, 0x19E2, 0x19E2, 
    0x2203, 0x0962, 0x00E1, 0x0121, 0x0121, 0x0121, 0x0121, 0x0101, 0x0101, 0x0121, 0x0142, 0x0121, 
    0x0121, 0x0121, 0x0121, 0x0141, 0x0121, 0x0141, 0x0121, 0x0141, 0x0142, 0x0141, 0x0142, 0x0141, 
    0x0142, 0x0121, 0x0141, 0x0121, 0x0121, 0x00E1, 0x00A0, 0x0080, 0x0020, 0x0840, 0x6A43, 0x82C3, 
    0xA3A6, 0x1060, 0x0020, 0x0060, 0x0060, 0x0060, 0x0060, 0x0060, 0x0060, 0x0020, 0x0000, 0x0000, 
    0xB46A, 0xEE6D, 0xE62C, 0xEE6D, 0xEE6E, 0xF6F1, 0xD5CF, 0x61E1, 0x0840, 0x0040, 0x0060, 0x0000, 
    0x72E6, 0xFF73, 0xF6F1, 0xFF12, 0xFF12, 0xFF74, 0xE650, 0x5180, 0x0860, 0x00A0, 0x00C1, 0x0040, 
    0x5A85, 0xFF74, 0xF711, 0xF711, 0xFF53, 0xDE10, 0x4120, 0x00C1, 0x0121, 0x0141, 0x0141, 0x0162, 
    0x0962, 0x0982, 0x0982, 0x09A2, 0x09A2, 0x09C3, 0x09A2, 0x0182, 0x00C0, 0xD5F1, 0xE694, 0x1820, 
    0x6265, 0xFFB7, 0xFF74, 0xFF54, 0xFFB5, 0xD5D0, 0x0880, 0x0162, 0x09A2, 0x00C0, 0x7368, 0xFFF8, 
    0xFF95, 0xFF95, 0xFFD7, 0xEEB3, 0x28C0, 0x0101, 0x0A02, 0x0A23, 0x0A43, 0x0A43, 0x0A43, 0x01E2, 
    0x0181, 0x0A03, 0x1264, 0x0120, 0x8388, 0xFFD5, 0xFF52, 0xFF73, 0xFF54, 0xFF95, 0xFF74, 0xFF33, 
    0xFF32, 0xFFB3, 0xA449, 0x00A0, 0x0A23, 0x1263, 0x1283, 0x1284, 0x1283, 0x1263, 0x1283, 0x1263, 
    0x0A23, 0x0A03, 0x00A0, 0x93C9, 0xFFF8, 0xFF96, 0xFF96, 0xFFF9, 0x7B48, 0x0080, 0x09C2, 0x09C2, 
    0x09C2, 0x0142, 0x39A1, 0xFF57, 0xD612, 0x2000, 0x9BE9, 0xFFF7, 0xFF33, 0xFF73, 0xFF13, 0x41C2, 
    0x0141, 0x0982, 0x0982, 0x00E1, 0x6263, 0xFF35, 0xFF73, 0xFF53, 0xFF53, 0xFFB6, 0x5224, 0x0000, 
    0x0080, 0x0080, 0x0080, 0x0000, 0x1860, 0x59E2, 0xEEF3, 0x49C3, 0x0000, 0x3920, 0xBCAB, 0xFF97, 
    0xF711, 0xF712, 0xF6F0, 0xFF73, 0xCD90, 0x0000, 0x0060, 0x0080, 0x0060, 0x0020, 0x8B67, 0xFF55, 
    0xF6F2, 0xF6F2, 0x72C6, 0x0000, 0x0000, 0x0020, 0x0000, 0x0020, 0x0060, 0x0060, 0x0060, 0x0060, 
    0x0060, 0x0020, 0x1080, 0xAC48, 0x8AE4, 0x7263, 0x1060, 0x0000, 0x0060, 0x00A1, 0x00E1, 0x0101, 
    0x0141, 0x0121, 0x0141, 0x0121, 0x0142, 0x0142, 0x0142, 0x0141, 0x0142, 0x0141, 0x0121, 0x0121, 
    0x0101, 0x0101, 0x0101, 0x0101, 0x0101, 0x0101, 0x0101, 0x00E1, 0x00E1, 0x0101, 0x0101, 0x0101, 
    0x0101, 0x00E1, 0x0941, 0x21E3, 0x19A2, 0x19C2, 0x1162, 0x00E0, 0x00E0, 0x00E0, 0x00E1, 0x0101, 
    0x00E0, 0x00E0, 0x00E1, 0x00E0, 0x00C0, 0x00C0, 0x00C0, 0x00C0, 0x00C0, 0x00C0, 0x00C0, 0x00C0, 
    0x00A0, 0x00A0, 0x00A0, 0x08C0, 0x1101, 0x0080, 0x5264, 0x49C3, 0x6AA5, 0x1080, 0x0060, 0x0060, 
    0x0060, 0x0040, 0x10A1, 0x72E5, 0x5224, 0x5223, 0x0060, 0x1101, 0x0901, 0x00A0, 0x00C0, 0x00C0, 
    0x00C0, 0x00C0, 0x00C0, 0x00E0, 0x00E0, 0x00E0, 0x00E0, 0x00E0, 0x00E1, 0x0101, 0x0101, 0x0101, 
    0x00E0, 0x0101, 0x0101, 0x0101, 0x0101, 0x0941, 0x21E3, 0x19C2, 0x21E3, 0x19C2, 0x0101, 0x0142, 
    0x0121, 0x0121, 0x0101, 0x0121, 0x0121, 0x0121, 0x0121, 0x0121, 0x0121, 0x0121, 0x0142, 0x0142, 
    0x0162, 0x0141, 0x0141, 0x0142, 0x0141, 0x0121, 0x0121, 0x0141, 0x0141, 0x0121, 0x0142, 0x0121, 
    0x0121, 0x0101, 0x00E1, 0x00A1, 0x0080, 0x0000, 0x28E1, 0x7A83, 0xA3A5, 0x5203, 0x0000, 0x0060, 
    0x0060, 0x0060, 0x0060, 0x0060, 0x0060, 0x0040, 0x0020, 0x0000, 0xB4AA, 0xF6CE, 0xE64D, 0xEE6D, 
    0xEE8E, 0xF711, 0xDDEE, 0x8282, 0x0860, 0x0060, 0x0080, 0x0000, 0x8388, 0xFF94, 0xF6F1, 0xFF32, 
    0xF712, 0xFFD7, 0xAC49, 0x4100, 0x0060, 0x00A0, 0x00E1, 0x0040, 0x5A65, 0xFF74, 0xFF33, 0xFF33, 
    0xFF95, 0xDE31, 0x4140, 0x00A1, 0x0941, 0x0962, 0x0962, 0x0162, 0x0982, 0x0982, 0x0982, 0x09A2, 
    0x09A2, 0x09C2, 0x09C2, 0x0101, 0x39C2, 0xFFFA, 0xA46C, 0x1000, 0x28C1, 0xEED3, 0xFFB6, 0xFF74, 
    0xFF94, 0xFF74, 0x49E3, 0x0101, 0x11C2, 0x00E0, 0x83C8, 0xFFB5, 0xF711, 0xF6CF, 0xFF0F, 0xE60D, 
    0x20E0, 0x0162, 0x0A23, 0x0A43, 0x0A43, 0x0A43, 0x1263, 0x0A43, 0x0A43, 0x1284, 0x1284, 0x0100, 
    0x7B25, 0xFECB, 0xEE49, 0xF66B, 0xFECD, 0xBCEA, 0xDDCC, 0xFEAC, 0xF66B, 0xF66A, 0xFECF, 0x5284, 
    0x01E2, 0x1283, 0x1283, 0x1284, 0x1284, 0x1263, 0x1283, 0x1243, 0x1243, 0x0A23, 0x00E0, 0x8B87, 
    0xFF71, 0xFF11, 0xFF11, 0xFF94, 0x7B26, 0x00A0, 0x09A2, 0x09C2, 0x09C2, 0x00C0, 0x7B47, 0xFFFB, 
    0x8BA9, 0x1000, 0x7263, 0xF754, 0xFF73, 0xFF32, 0xFFB4, 0x8BA8, 0x00E0, 0x0982, 0x0162, 0x0100, 
    0xB469, 0xFFB7, 0xFF52, 0xFF53, 0xFF74, 0xF735, 0x3142, 0x0060, 0x00C1, 0x00C1, 0x00A0, 0x0060, 
    0x0840, 0x5980, 0xDDF0, 0x5A45, 0x0000, 0x28E0, 0xAC4A, 0xFFB7, 0xF732, 0xFF33, 0xF712, 0xFF95, 
    0xCDB0, 0x0000, 0x0060, 0x0060, 0x0000, 0x8305, 0xFF54, 0xFF54, 0xFF13, 0x6A85, 0x0000, 0x0020, 
    0x0020, 0x0020, 0x0040, 0x0040, 0x0060, 0x0080, 0x0080, 0x0060, 0x0060, 0x0000, 0x5A44, 0xAC07, 
    0x7A83, 0x1060, 0x0020, 0x0080, 0x00A0, 0x00E1, 0x0121, 0x0121, 0x0121, 0x0121, 0x0121, 0x0141, 
    0x0142, 0x0141, 0x0142, 0x0141, 0x0141, 0x0121, 0x0121, 0x0142, 0x0121, 0x0101, 0x0101, 0x0101, 
    0x0101, 0x0101, 0x0101, 0x0101, 0x0101, 0x0101, 0x0101, 0x00E1, 0x0101, 0x0101, 0x19A2, 0x19E2, 
    0x19C2, 0x19C2, 0x0921, 0x00E0, 0x0101, 0x00E0, 0x0101, 0x00E1, 0x0101, 0x00E1, 0x0101, 0x00E0, 
    0x00E0, 0x00C0, 0x00C0, 0x00C0, 0x00C0, 0x00C0, 0x00C0, 0x00A0, 0x00A0, 0x00A0, 0x00A0, 0x08E1, 
    0x1101, 0x0060, 0x5A64, 0x51E3, 0x6AC6, 0x1060, 0x0060, 0x0060, 0x0060, 0x0040, 0x10A1, 0x6AA5, 
    0x5224, 0x5A23, 0x0060, 0x1101, 0x1121, 0x00A0, 0x00C0, 0x00C0, 0x00C0, 0x00C0, 0x00E0, 0x00E0, 
    0x00E0, 0x00E0, 0x00E0, 0x00E1, 0x00E0, 0x0101, 0x00E0, 0x0101, 0x00E0, 0x0101, 0x0101, 0x0101, 
    0x0101, 0x0121, 0x19C2, 0x19C2, 0x19E2, 0x2203, 0x0141, 0x0101, 0x0121, 0x0101, 0x0101, 0x0101, 
    0x0101, 0x0121, 0x0121, 0x0121, 0x0121, 0x0121, 0x0121, 0x0141, 0x0141, 0x0142, 0x0142, 0x0142, 
    0x0121, 0x0121, 0x0141, 0x0141, 0x0121, 0x0121, 0x0121, 0x0121, 0x0121, 0x0121, 0x0101, 0x00E1, 
    0x00A1, 0x0080, 0x0020, 0x6222, 0x9324, 0x8305, 0x0000, 0x0060, 0x0060, 0x0060, 0x0060, 0x0060, 
    0x0060, 0x0060, 0x0040, 0x0000, 0xB4AB, 0xF6CF, 0xEE4D, 0xEE8E, 0xEE8F, 0xF711, 0xDDEE, 0x8AE3, 
    0x0860, 0x0060, 0x0081, 0x0000, 0xBD2E, 0xFF94, 0xF712, 0xF712, 0xFF95, 0xDE31, 0x61C1, 0x30E0, 
    0x0060, 0x00E1, 0x00E1, 0x0040, 0x5245, 0xFF74, 0xFF53, 0xFF54, 0xFFB7, 0xE652, 0x4940, 0x00A1, 
    0x0941, 0x0942, 0x0962, 0x0982, 0x0982, 0x09A2, 0x09A2, 0x09A2, 0x09A2, 0x09C2, 0x11C3, 0x00C0, 
    0x83E9, 0xFFFB, 0x7284, 0x0820, 0x0000, 0xACAB, 0xFF51, 0xF6AE, 0xF6AD, 0xFF30, 0xA408, 0x0100, 
    0x09E3, 0x0120, 0x7325, 0xFEAC, 0xEDC7, 0xEDC7, 0xEE07, 0xE5C9, 0x2921, 0x01A2, 0x0A43, 0x0A43, 
    0x1263, 0x0A63, 0x1263, 0x1263, 0x12A4, 0x12A4, 0x1263, 0x00E0, 0x7305, 0xFE8B, 0xEDC8, 0xEDE8, 
    0xFEAC, 0x59E3, 0x6A84, 0xFEAB, 0xEDE8, 0xEE09, 0xF68C, 0xD58C, 0x1181, 0x0A43, 0x1263, 0x1283, 
    0x1283, 0x1263, 0x1284, 0x1264, 0x0A23, 0x0A23, 0x0120, 0x8367, 0xFECC, 0xEE28, 0xEE09, 0xFE8B, 
    0x6AA4, 0x00E1, 0x09E2, 0x09E2, 0x01C2, 0x1140, 0xCD6D, 0xFF33, 0x4182, 0x0000, 0x4940, 0xDE0F, 
    0xFFB4, 0xFF53, 0xFFD5, 0xD5CF, 0x0880, 0x0121, 0x00E1, 0x1900, 0xCD4D, 0xFFB8, 0xFF53, 0xFF54, 
    0xFF94, 0xE671, 0x1080, 0x0080, 0x00C1, 0x00E1, 0x00C1, 0x00C0, 0x0060, 0x51A2, 0x61E2, 0x20E1, 
    0x0020, 0x30E0, 0xB48B, 0xFFB8, 0xFF33, 0xFF53, 0xF732, 0xFFB5, 0xCD90, 0x0020, 0x0081, 0x0000, 
    0x72A5, 0xF713, 0xFF53, 0xF6D2, 0x6264, 0x0000, 0x0020, 0x0020, 0x0040, 0x0040, 0x0060, 0x0060, 
    0x0080, 0x0080, 0x0080, 0x0060, 0x0080, 0x0000, 0x8BA7, 0x9B85, 0x59C2, 0x0000, 0x0080, 0x00A0, 
    0x00E1, 0x0101, 0x0121, 0x0141, 0x0142, 0x0121, 0x0121, 0x0141, 0x0142, 0x0142, 0x0141, 0x0141, 
    0x0141, 0x0142, 0x0101, 0x0121, 0x0121, 0x0101, 0x0101, 0x0101, 0x0101, 0x0101, 0x0101, 0x0101, 
    0x0101, 0x0101, 0x00E1, 0x00E1, 0x00E1, 0x0121, 0x19C3, 0x19E3, 0x21E3, 0x19C3, 0x0101, 0x0101, 
    0x0101, 0x00E0, 0x0101, 0x0101, 0x00E1, 0x00E1, 0x00E1, 0x00E1, 0x00E1, 0x00E0, 0x00C0, 0x00C0, 
    0x00C0, 0x00C0, 0x00C0, 0x00A0, 0x00A0, 0x00A0, 0x00A0, 0x08E1, 0x1101, 0x0060, 0x5A64, 0x51E3, 
    0x72C6, 0x1060, 0x0060, 0x0060, 0x0060, 0x0040, 0x1081, 0x6284, 0x5224, 0x5A23, 0x0080, 0x1121, 
    0x1141, 0x08E1, 0x00C0, 0x00C0, 0x00C0, 0x00C0, 0x00E0, 0x00C0, 0x00E0, 0x00E0, 0x00E1, 0x00E0, 
    0x0101, 0x0101, 0x0101, 0x0101, 0x00E0, 0x0101, 0x0101, 0x0101, 0x0101, 0x0101, 0x1182, 0x19E2, 
    0x19E3, 0x2203, 0x0962, 0x0101, 0x0121, 0x0101, 0x0121, 0x0121, 0x0121, 0x0101, 0x0121, 0x0122, 
    0x0121, 0x0121, 0x0141, 0x0141, 0x0121, 0x0141, 0x0142, 0x0141, 0x0141, 0x0141, 0x0162, 0x0141, 
    0x0141, 0x0141, 0x0121, 0x0121, 0x0121, 0x0121, 0x0121, 0x0101, 0x00C1, 0x00A0, 0x0020, 0x4162, 
    0x9303, 0x9BA6, 0x0040, 0x0060, 0x0060, 0x0060, 0x0060, 0x0060, 0x0060, 0x0060, 0x0060, 0x0000, 
    0xB4AB, 0xFF10, 0xEE6E, 0xEEAF, 0xEEAF, 0xF732, 0xDE0F, 0x82A2, 0x0840, 0x0080, 0x0020, 0x2922, 
    0xF734, 0xFF53, 0xF733, 0xFFB4, 0xE691, 0x61E2, 0x38E0, 0x0840, 0x00A0, 0x0101, 0x0101, 0x0040, 
    0x5245, 0xFF94, 0xFF52, 0xFF53, 0xFFB7, 0xE631, 0x4120, 0x00A1, 0x0941, 0x0142, 0x0982, 0x0982, 
    0x0982, 0x09A2, 0x09A2, 0x09A2, 0x09A2, 0x09E3, 0x09A2, 0x00E0, 0xC52B, 0xEE0C, 0x38E0, 0x0000, 
    0x0000, 0x49A3, 0xF62B, 0xE586, 0xE5A7, 0xEDE9, 0xDD8B, 0x2161, 0x01C2, 0x0101, 0x5223, 0xF62A, 
    0xE586, 0xEDC8, 0xEDC8, 0xEE0A, 0x3982, 0x0182, 0x0A23, 0x0A43, 0x0A63, 0x1283, 0x1283, 0x0A63, 
    0x1263, 0x1264, 0x1223, 0x00E0, 0x7B46, 0xFE6B, 0xE5A7, 0xE5A7, 0xFE4A, 0x6264, 0x0800, 0xCD4A, 
    0xF64A, 0xEE09, 0xEDE9, 0xFE8C, 0x7305, 0x0161, 0x1263, 0x1283, 0x1283, 0x0A43, 0x01A1, 0x01E2, 
    0x0A43, 0x0A43, 0x0120, 0x8367, 0xFE8C, 0xEDE8, 0xEDC8, 0xFE6B, 0x6AC5, 0x0100, 0x09E2, 0x09C2, 
    0x0181, 0x4223, 0xF64C, 0xBC66, 0x0000, 0x0000, 0x1840, 0xAC49, 0xFECE, 0xF66C, 0xF6AE, 0xF6AE, 
    0x3982, 0x00C0, 0x00E1, 0x20E0, 0xC52C, 0xFFB7, 0xFF75, 0xFF75, 0xFFD5, 0xCDCE, 0x0000, 0x00A1, 
    0x00E1, 0x00E1, 0x00E1, 0x00E1, 0x00A0, 0x1060, 0x0020, 0x0060, 0x0040, 0x3100, 0xC4CC, 0xFFB8, 
    0xFF33, 0xFF53, 0xF732, 0xFFB4, 0xCDB0, 0x0860, 0x0020, 0x6A44, 0xF6F4, 0xFF93, 0xEE90, 0x51C3, 
    0x0000, 0x0020, 0x0040, 0x0060, 0x0060, 0x0080, 0x0080, 0x0080, 0x0080, 0x0080, 0x0080, 0x0060, 
    0x0060, 0x0840, 0xAC49, 0x9B24, 0x3921, 0x0000, 0x00A0, 0x00C1, 0x0101, 0x0121, 0x0121, 0x0141, 
    0x0121, 0x0121, 0x0141, 0x0141, 0x0142, 0x0121, 0x0141, 0x0142, 0x0142, 0x0121, 0x0101, 0x0121, 
    0x0121, 0x0121, 0x0122, 0x0121, 0x0121, 0x0121, 0x0101, 0x0101, 0x0101, 0x0101, 0x0101, 0x0101, 
    0x0101, 0x1162, 0x21E3, 0x19C2, 0x2203, 0x11A2, 0x00E0, 0x0101, 0x0101, 0x0100, 0x0101, 0x0101, 
    0x0101, 0x00E1, 0x00E0, 0x00E1, 0x00E0, 0x00E0, 0x00C0, 0x00C0, 0x00C0, 0x00C0, 0x00C0, 0x00C0, 
    0x00A0, 0x00A0, 0x00A0, 0x1101, 0x1101, 0x0080, 0x5A64, 0x51C3, 0x6AA5, 0x1060, 0x0060, 0x0060, 
    0x0080, 0x0060, 0x10A1, 0x6AA5, 0x5224, 0x5223, 0x0080, 0x1121, 0x1141, 0x08E1, 0x00C0, 0x00E0, 
    0x00E0, 0x00E0, 0x00E0, 0x00E0, 0x00E0, 0x00E0, 0x00E0, 0x00E0, 0x0101, 0x0101, 0x0101, 0x0101, 
    0x0100, 0x0101, 0x0101, 0x0101, 0x0121, 0x0101, 0x0941, 0x21E3, 0x19E3, 0x19E3, 0x11C2, 0x0121, 
    0x0121, 0x0121, 0x0121, 0x0121, 0x0122, 0x0121, 0x0121, 0x0142, 0x0121, 0x0141, 0x0141, 0x0141, 
    0x0121, 0x0121, 0x0121, 0x0142, 0x0141, 0x0142, 0x0142, 0x0141, 0x0142, 0x0142, 0x0141, 0x0141, 
    0x0141, 0x0141, 0x0121, 0x0101, 0x00E1, 0x00C1, 0x0060, 0x20E1, 0x8AC3, 0xA3C6, 0x0860, 0x0040, 
    0x0060, 0x0060, 0x0060, 0x0080, 0x0080, 0x0080, 0x0060, 0x0000, 0xB4AB, 0xFF30, 0xEE8E, 0xEECF, 
    0xEED0, 0xFF53, 0xDDEF, 0x7221, 0x0860, 0x0000, 0x0000, 0xB56E, 0xFF94, 0xFF34, 0xFFB5, 0xCD8D, 
    0x59A2, 0x38E0, 0x1060, 0x0040, 0x00E1, 0x0101, 0x0101, 0x0040, 0x5A65, 0xFFB5, 0xFF74, 0xFF74, 
    0xFFD5, 0xD5F0, 0x38E0, 0x00C1, 0x0142, 0x0982, 0x0982, 0x0982, 0x0982, 0x0982, 0x09A2, 0x09A2, 
    0x09C2, 0x09C2, 0x0141, 0x31E3, 0xF60A, 0xAC06, 0x3123, 0x4205, 0x5AA7, 0x83A8, 0xE5AA, 0xE5A8, 
    0xE5A8, 0xE5A8, 0xF64B, 0x5A64, 0x00E1, 0x00C1, 0x2901, 0xDDAA, 0xE566, 0xE587, 0xE567, 0xF62B, 
    0x4A23, 0x0141, 0x0A23, 0x0A23, 0x0A63, 0x12A4, 0x1284, 0x1264, 0x0A43, 0x0A23, 0x1223, 0x0100, 
    0x8387, 0xFE4B, 0xE566, 0xDD46, 0xF5E8, 0x6264, 0x0000, 0x7263, 0xF66C, 0xE5A7, 0xE5A8, 0xE5C8, 
    0xE5AA, 0x29C1, 0x0203, 0x1263, 0x0A43, 0x09E2, 0x4B06, 0x3AC5, 0x01A1, 0x0A02, 0x00E0, 0x7B26, 
    0xF649, 0xE587, 0xE587, 0xF64B, 0x72E4, 0x0100, 0x09C2, 0x09C2, 0x00E0, 0x93E8, 0xFE2A, 0x9BE6, 
    0x39E4, 0x2964, 0x2102, 0x72A5, 0xEE6D, 0xEDA7, 0xE5A7, 0xF629, 0x93A6, 0x00C0, 0x0101, 0x2900, 
    0xB447, 0xF6AD, 0xF68E, 0xF6D0, 0xFF72, 0xC58D, 0x0000, 0x00E1, 0x0101, 0x0101, 0x0101, 0x00E1, 
    0x00C0, 0x0060, 0x0060, 0x00A0, 0x0080, 0x3920, 0xBCCB, 0xFFB7, 0xFF32, 0xFF53, 0xF732, 0xFFB5, 
    0xCDB0, 0x0000, 0x59E3, 0xF6F4, 0xFF95, 0xDE50, 0x3922, 0x0000, 0x0020, 0x0040, 0x0060, 0x0080, 
    0x0080, 0x00A0, 0x00A0, 0x0080, 0x0080, 0x0080, 0x0080, 0x0080, 0x0040, 0x10A1, 0xAC89, 0x8AE3, 
    0x28E1, 0x0020, 0x00A1, 0x00E1, 0x0101, 0x0121, 0x0141, 0x0142, 0x0142, 0x0142, 0x0162, 0x0141, 
    0x0121, 0x0121, 0x0142, 0x0142, 0x0121, 0x0121, 0x0121, 0x0121, 0x0121, 0x0121, 0x0142, 0x0142, 
    0x0121, 0x0121, 0x0101, 0x0101, 0x0101, 0x0101, 0x0121, 0x0101, 0x0121, 0x19E3, 0x2203, 0x19E2, 
    0x2203, 0x0942, 0x0121, 0x0121, 0x0101, 0x0101, 0x0101, 0x0101, 0x0101, 0x00E0, 0x00E0, 0x00E0, 
    0x00E1, 0x00E0, 0x00C0, 0x00C0, 0x00C0, 0x00C0, 0x00C0, 0x00C0, 0x00A0, 0x00A0, 0x08C1, 0x1101, 
    0x1101, 0x0080, 0x5A44, 0x51E3, 0x6AA5, 0x1060, 0x0060, 0x0060, 0x0080, 0x0060, 0x10A1, 0x72C5, 
    0x5244, 0x5224, 0x0060, 0x1121, 0x1141, 0x1121, 0x00C0, 0x00E0, 0x00E0, 0x00E0, 0x00E0, 0x00E0, 
    0x00E1, 0x00E1, 0x0101, 0x00E0, 0x0101, 0x0101, 0x0121, 0x0101, 0x0101, 0x0101, 0x0101, 0x0101, 
    0x0121, 0x0121, 0x0121, 0x19C2, 0x19E2, 0x19E3, 0x1A03, 0x0962, 0x0101, 0x0141, 0x0121, 0x0121, 
    0x0142, 0x0121, 0x0121, 0x0142, 0x0142, 0x0141, 0x0142, 0x0142, 0x0142, 0x0142, 0x0142, 0x0121, 
    0x0121, 0x0142, 0x0142, 0x0141, 0x0162, 0x0162, 0x0141, 0x0142, 0x0142, 0x0141, 0x0121, 0x0101, 
    0x00E1, 0x00C1, 0x0080, 0x2101, 0x9324, 0xA3C6, 0x0840, 0x0060, 0x0060, 0x0060, 0x0080, 0x0080, 
    0x0080, 0x0060, 0x0060, 0x0000, 0xB4CC, 0xFF31, 0xEEAF, 0xF6F0, 0xF6D0, 0xFF73, 0xD5AE, 0x4920, 
    0x0000, 0x2103, 0xB54E, 0xFF71, 0xFF11, 0xEEF3, 0x940B, 0x3922, 0x30C0, 0x0800, 0x0000, 0x00E0, 
    0x0101, 0x0101, 0x0101, 0x0060, 0x62C6, 0xFF52, 0xF6F0, 0xF6CF, 0xFEEE, 0xBCEA, 0x30C0, 0x00C1, 
    0x0162, 0x0982, 0x0982, 0x0982, 0x0982, 0x09A2, 0x0982, 0x09A2, 0x09A2, 0x09A2, 0x00E0, 0x8BE8, 
    0xF5C8, 0xE5CB, 0xF64C, 0xFEAC, 0xFEAB, 0xF62B, 0xE5CA, 0xE5A9, 0xE587, 0xDD67, 0xEE09, 0xA407, 
    0x0040, 0x00E1, 0x0820, 0xC4EA, 0xE588, 0xDD27, 0xDD27, 0xF60B, 0x7325, 0x0101, 0x0A23, 0x0A23, 
    0x0A43, 0x1263, 0x1263, 0x0A23, 0x1223, 0x1A43, 0x0A43, 0x0100, 0x7B66, 0xF609, 0xDD05, 0xDD06, 
    0xEDE9, 0x72A4, 0x0000, 0x2860, 0xBC89, 0xEDA7, 0xDD26, 0xDD47, 0xF60A, 0xA427, 0x0121, 0x09E3, 
    0x09A1, 0xAD0B, 0xFF93, 0xFF0F, 0x8B86, 0x00C1, 0x00A0, 0x8326, 0xF609, 0xDD66, 0xDD67, 0xF62A, 
    0x72C4, 0x00E0, 0x09C2, 0x0161, 0x2181, 0xDDAC, 0xE568, 0xEE0A, 0xFE8C, 0xF68D, 0xE62D, 0xDDCB, 
    0xEE2B, 0xE566, 0xE567, 0xEDC8, 0xD54A, 0x1101, 0x0101, 0x20A0, 0x9BA6, 0xF64B, 0xE587, 0xE5A8, 
    0xEDE8, 0xC509, 0x0880, 0x0101, 0x0121, 0x0101, 0x0101, 0x00E1, 0x00E1, 0x00C1, 0x00C1, 0x00C1, 
    0x0080, 0x3100, 0xB48B, 0xFFD8, 0xFF53, 0xFF54, 0xF733, 0xFFB4, 0xBD0E, 0x3901, 0xEEB2, 0xFF75, 
    0xFF33, 0xEEF3, 0x6265, 0x0000, 0x0040, 0x0060, 0x0080, 0x00A0, 0x00A0, 0x00A0, 0x00A0, 0x0080, 
    0x0080, 0x0080, 0x0080, 0x0080, 0x0040, 0x1081, 0xAC28, 0x82A3, 0x20C1, 0x0060, 0x00C1, 0x0101, 
    0x0121, 0x0121, 0x0141, 0x0142, 0x0141, 0x0121, 0x0142, 0x0121, 0x0142, 0x0141, 0x0121, 0x0121, 
    0x0121, 0x0101, 0x0121, 0x0121, 0x0121, 0x0121, 0x0121, 0x0142, 0x0142, 0x0121, 0x0101, 0x0101, 
    0x0101, 0x0121, 0x0101, 0x0101, 0x0962, 0x2A44, 0x2203, 0x2203, 0x19E3, 0x0101, 0x0101, 0x0121, 
    0x0121, 0x0121, 0x0121, 0x0101, 0x0101, 0x00E0, 0x00E1, 0x00E0, 0x00E0, 0x00E0, 0x00E0, 0x00E0, 
    0x00C0, 0x00C0, 0x00C0, 0x00C0, 0x00A0, 0x00A0, 0x1101, 0x1101, 0x1101, 0x0060, 0x5A44, 0x5203, 
    0x72C5, 0x1060, 0x0060, 0x0060, 0x0080, 0x0060, 0x10A1, 0x6AC5, 0x5224, 0x5203, 0x0040, 0x1941, 
    0x1141, 0x1141, 0x00E0, 0x00C0, 0x00C0, 0x00E0, 0x00E0, 0x00E0, 0x00E0, 0x00E0, 0x0101, 0x0101, 
    0x0101, 0x0121, 0x0121, 0x0121, 0x0101, 0x0101, 0x0101, 0x0100, 0x0121, 0x0141, 0x0121, 0x0961, 
    0x1A03, 0x1A03, 0x1A03, 0x19E3, 0x0142, 0x0141, 0x0121, 0x0141, 0x0142, 0x0162, 0x0162, 0x0141, 
    0x0142, 0x0142, 0x0121, 0x0141, 0x0142, 0x0142, 0x0142, 0x0142, 0x0121, 0x0142, 0x0142, 0x0142, 
    0x0141, 0x0142, 0x0162, 0x0141, 0x0141, 0x0142, 0x0121, 0x0101, 0x00E1, 0x00C1, 0x0060, 0x3962, 
    0xA365, 0x9366, 0x0020, 0x0060, 0x0060, 0x0060, 0x0080, 0x0080, 0x0080, 0x0080, 0x0060, 0x0000, 
    0xB4CC, 0xFF52, 0xF6D0, 0xF6F0, 0xF6F0, 0xFF52, 0xC56E, 0x6266, 0x9CAD, 0xEEB2, 0xFF31, 0xF68E, 
    0xFEF0, 0xEEB0, 0xDE0E, 0xE690, 0xD631, 0xA50F, 0x4A45, 0x0080, 0x0101, 0x0101, 0x0101, 0x0040, 
    0x6AC5, 0xFE6B, 0xE5C8, 0xE5A8, 0xF629, 0xC4C9, 0x3900, 0x00C1, 0x0141, 0x0162, 0x0182, 0x09A2, 
    0x0182, 0x0162, 0x01A2, 0x0982, 0x0982, 0x0162, 0x1941, 0xD56A, 0xDD49, 0xB427, 0x9B84, 0x7AA3, 
    0x6222, 0x4961, 0x7AC4, 0xEE0A, 0xDD27, 0xDD47, 0xDD67, 0xDD8A, 0x20E1, 0x00E1, 0x0000, 0x72A4, 
    0xEDEA, 0xD4E6, 0xDD07, 0xE568, 0xB468, 0x00C0, 0x0A03, 0x0A23, 0x0A43, 0x0A03, 0x1223, 0x0101, 
    0xA4CA, 0x6B25, 0x01E2, 0x0121, 0x7B26, 0xED88, 0xD4A4, 0xD4C5, 0xEDC9, 0x72C4, 0x0020, 0x0020, 
    0x59C2, 0xE5A9, 0xDD05, 0xDD26, 0xD506, 0xE588, 0x41E2, 0x00C1, 0x41E2, 0xFEAD, 0xF66D, 0xDD69, 
    0xCC45, 0x2901, 0x0020, 0x7B26, 0xEDE9, 0xDD06, 0xDD27, 0xEDC9, 0x6A84, 0x00C0, 0x09A2, 0x0120, 
    0x6B05, 0xF60C, 0xBC67, 0x6202, 0x7AA3, 0x8B04, 0x9B85, 0xABC5, 0xC486, 0xE567, 0xDD27, 0xDD47, 
    0xEDEA, 0x41E2, 0x0080, 0x18A0, 0x8B04, 0xEE0A, 0xDD47, 0xE567, 0xE587, 0xCD08, 0x10C1, 0x0101, 
    0x0121, 0x0121, 0x0101, 0x00E1, 0x00E1, 0x00E1, 0x00E1, 0x00C1, 0x0080, 0x28C0, 0xAC29, 0xFF54, 
    0xFF33, 0xFF74, 0xFF53, 0xFFB4, 0xCD8E, 0xCDCF, 0xFFB4, 0xF6F2, 0xF712, 0xFF94, 0xE60F, 0x1060, 
    0x0040, 0x0080, 0x00A1, 0x00C1, 0x00C1, 0x00A1, 0x00A1, 0x00A0, 0x0080, 0x0080, 0x0080, 0x0080, 
    0x0060, 0x0020, 0x9366, 0x9304, 0x2901, 0x0080, 0x00E1, 0x0101, 0x0121, 0x0121, 0x0141, 0x0141, 
    0x0142, 0x0141, 0x0141, 0x0142, 0x0142, 0x0141, 0x0142, 0x0141, 0x0141, 0x0121, 0x0121, 0x0121, 
    0x0121, 0x0121, 0x0141, 0x0142, 0x0142, 0x0121, 0x0121, 0x0121, 0x0121, 0x0122, 0x0121, 0x0101, 
    0x11A2, 0x2203, 0x2203, 0x2223, 0x1182, 0x00E1, 0x0121, 0x0121, 0x0121, 0x0121, 0x0121, 0x0121, 
    0x0101, 0x0101, 0x0101, 0x00E1, 0x00E0, 0x00E0, 0x00E0, 0x00C0, 0x00E0, 0x00C0, 0x00C0, 0x00C0, 
    0x00A0, 0x00C0, 0x1121, 0x1101, 0x1101, 0x0020, 0x5A44, 0x5203, 0x72E6, 0x1080, 0x0060, 0x0060, 
    0x0080, 0x0040, 0x10A1, 0x6AC5, 0x5223, 0x5203, 0x0040, 0x1121, 0x1121, 0x1141, 0x0901, 0x00C0, 
    0x00E0, 0x00E0, 0x00E0, 0x00E0, 0x00E0, 0x00E1, 0x00E0, 0x0101, 0x0101, 0x0101, 0x0101, 0x0101, 
    0x0121, 0x0121, 0x0121, 0x0121, 0x0121, 0x0121, 0x0121, 0x0121, 0x2203, 0x2223, 0x1A03, 0x1A03, 
    0x0162, 0x0121, 0x0121, 0x0141, 0x0162, 0x0142, 0x0141, 0x0142, 0x0121, 0x0141, 0x0121, 0x0121, 
    0x0121, 0x0121, 0x0142, 0x0142, 0x0142, 0x0142, 0x0141, 0x0141, 0x0141, 0x0142, 0x0142, 0x0141, 
    0x0141, 0x0141, 0x0121, 0x0101, 0x00E1, 0x00C0, 0x0020, 0x49A2, 0x9B65, 0x6A43, 0x0000, 0x0060, 
    0x0060, 0x0060, 0x0080, 0x0080, 0x0080, 0x0080, 0x0080, 0x0000, 0xBCED, 0xFF52, 0xF6D0, 0xF6F1, 
    0xF6F1, 0xF711, 0xF6F1, 0xFF71, 0xFFB1, 0xFF0F, 0xFECE, 0xFEEE, 0xF66C, 0xF64B, 0xF66B, 0xF64B, 
    0xF64B, 0xFEEF, 0xFF32, 0x7B05, 0x0060, 0x0101, 0x0901, 0x0040, 0x6AC5, 0xF62A, 0xE587, 0xE588, 
    0xEE0A, 0xCD0A, 0x4120, 0x00E1, 0x0141, 0x0162, 0x0982, 0x0121, 0x2A04, 0x9C8A, 0x2181, 0x0182, 
    0x0962, 0x00C0, 0x5284, 0xEDEA, 0xA3E6, 0x2060, 0x2080, 0x1040, 0x0820, 0x0800, 0x1880, 0xD549, 
    0xDD06, 0xD4E6, 0xD4C5, 0xEDC9, 0x6AA4, 0x00E0, 0x00E1, 0x20A0, 0xC4A8, 0xDD48, 0xD4A6, 0xCCA5, 
    0xDD28, 0x39C2, 0x0181, 0x0A23, 0x0A23, 0x0A23, 0x0141, 0x3A44, 0xE589, 0x3981, 0x01A2, 0x0141, 
    0x8386, 0xE569, 0xCC84, 0xCC85, 0xE547, 0x6A84, 0x0020, 0x0080, 0x1860, 0xB447, 0xE588, 0xD4C5, 
    0xD4A5, 0xDCE6, 0xB446, 0x0880, 0x3141, 0xBC25, 0xCCC6, 0xB3E4, 0x9B02, 0x20E0, 0x0020, 0x8346, 
    0xEDA8, 0xD4C5, 0xD4C6, 0xE589, 0x6263, 0x00A0, 0x01A2, 0x0120, 0xAC69, 0xEDA9, 0x7AE4, 0x0000, 
    0x1040, 0x1840, 0x2060, 0x1020, 0x6223, 0xE5C9, 0xD4E6, 0xD4E6, 0xED88, 0x8345, 0x0040, 0x10A0, 
    0x6A22, 0xE589, 0xDD06, 0xDD27, 0xDD46, 0xD548, 0x2121, 0x0101, 0x0921, 0x0121, 0x0121, 0x0101, 
    0x0101, 0x00E1, 0x00E1, 0x00C1, 0x0080, 0x1880, 0x9BE8, 0xF64B, 0xE5A9, 0xEE0A, 0xEE4C, 0xF68D, 
    0xF6CF, 0xFF31, 0xF66E, 0xF68E, 0xF6AF, 0xF68E, 0xFEAE, 0x6244, 0x0000, 0x00A1, 0x00A1, 0x00C1, 
    0x00C1, 0x00C1, 0x00A1, 0x00A0, 0x00A0, 0x0080, 0x0080, 0x0080, 0x0080, 0x0000, 0x6A43, 0xA365, 
    0x4161, 0x0060, 0x00E1, 0x00E1, 0x0121, 0x0141, 0x0141, 0x0142, 0x0162, 0x0141, 0x0142, 0x0121, 
    0x0141, 0x0141, 0x0121, 0x0121, 0x0121, 0x0121, 0x0121, 0x0142, 0x0142, 0x0141, 0x0142, 0x0142, 
    0x0142, 0x0141, 0x0121, 0x0101, 0x0121, 0x0121, 0x0121, 0x0121, 0x19E3, 0x2203, 0x2203, 0x19E3, 
    0x0121, 0x0121, 0x0121, 0x0121, 0x0121, 0x0121, 0x0121, 0x0121, 0x0101, 0x0101, 0x00E0, 0x00E1, 
    0x00E0, 0x00E0, 0x00E0, 0x00E0, 0x00C0, 0x00C0, 0x00C0, 0x00C0, 0x00A0, 0x08E1, 0x1121, 0x1101, 
    0x1101, 0x0000, 0x5A44, 0x5203, 0x72E6, 0x1080, 0x0060, 0x0060, 0x0080, 0x0040, 0x10A1, 0x72C5, 
    0x5224, 0x5203, 0x0020, 0x1121, 0x1121, 0x1141, 0x1121, 0x00C0, 0x00E1, 0x00E0, 0x00E1, 0x00E1, 
    0x00E0, 0x00E0, 0x0101, 0x0101, 0x0101, 0x0101, 0x0121, 0x0101, 0x0101, 0x0121, 0x0121, 0x0121, 
    0x0121, 0x0121, 0x0121, 0x0101, 0x11C2, 0x2223, 0x19E3, 0x2203, 0x11A2, 0x0141, 0x0141, 0x0141, 
    0x0141, 0x0141, 0x0141, 0x0141, 0x0142, 0x0142, 0x0141, 0x0162, 0x0142, 0x0141, 0x0162, 0x0141, 
    0x0142, 0x0141, 0x0142, 0x0141, 0x0141, 0x0141, 0x0141, 0x0142, 0x0141, 0x0121, 0x0121, 0x0101, 
    0x00E1, 0x0080, 0x0860, 0x8305, 0x9324, 0x3101, 0x0020, 0x0060, 0x0060, 0x0080, 0x0080, 0x0080, 
    0x0080, 0x00A0, 0x0080, 0x0020, 0xC52D, 0xFF51, 0xF6F0, 0xF711, 0xF731, 0xFF32, 0xF6D1, 0xC54B, 
    0x93A7, 0x7AE5, 0x8305, 0xAC48, 0xEE4D, 0xF64C, 0xEDC9, 0xEDE9, 0xE5C9, 0xE587, 0xE5C8, 0xF66F, 
    0x72A3, 0x00A0, 0x0921, 0x0060, 0x6AE5, 0xEDC9, 0xDD26, 0xDD47, 0xE5A9, 0xD54A, 0x4980, 0x0101, 
    0x0141, 0x0162, 0x0962, 0x0060, 0x7388, 0xE5AB, 0x3920, 0x0142, 0x0162, 0x0080, 0x9BE8, 0xDD27, 
    0x7A83, 0x0800, 0x0020, 0x0020, 0x0020, 0x0020, 0x0000, 0xA407, 0xDD27, 0xCC65, 0xCC85, 0xD4E6, 
    0xB448, 0x00C0, 0x0141, 0x0060, 0x4961, 0xCCC8, 0xD4C6, 0xBC25, 0xC486, 0xC4A8, 0x4263, 0x0181, 
    0x0161, 0x01A2, 0x4AC5, 0xCD09, 0xCCA6, 0x2901, 0x0101, 0x00A0, 0x83A7, 0xE58A, 0xCC44, 0xC444, 
    0xDD27, 0x6243, 0x0000, 0x00C1, 0x0060, 0x5181, 0xD508, 0xD4A5, 0xCC85, 0xC444, 0xE568, 0x7B05, 
    0x0020, 0x28C0, 0x61C1, 0x7242, 0x30E0, 0x0080, 0x0040, 0x93C7, 0xE568, 0xCCA5, 0xCC85, 0xDD28, 
    0x49A2, 0x00A0, 0x0121, 0x2982, 0xD52A, 0xD4E7, 0x3941, 0x0000, 0x0020, 0x0020, 0x0020, 0x0000, 
    0x5181, 0xDD89, 0xD4C6, 0xCCC6, 0xDD06, 0xBCA7, 0x0860, 0x0040, 0x3900, 0xC4C6, 0xDD26, 0xD4E6, 
    0xD4E6, 0xE5A9, 0x39A2, 0x00C0, 0x0921, 0x0121, 0x0121, 0x0121, 0x0101, 0x00E1, 0x00E1, 0x00C1, 
    0x0060, 0x20A0, 0xAC48, 0xF66C, 0xE587, 0xE588, 0xE588, 0xDD47, 0xDD67, 0xB426, 0xDD48, 0xE567, 
    0xE567, 0xDD67, 0xEDC8, 0xBCA8, 0x0840, 0x00A1, 0x00C1, 0x00C1, 0x00C1, 0x00C1, 0x00C1, 0x00A1, 
    0x00A0, 0x0080, 0x0080, 0x0080, 0x0080, 0x0020, 0x3101, 0x8AC4, 0x59E3, 0x0040, 0x00C1, 0x0101, 
    0x0121, 0x0142, 0x0141, 0x0141, 0x0162, 0x0121, 0x0121, 0x0121, 0x0121, 0x0121, 0x0121, 0x0141, 
    0x0121, 0x0141, 0x0141, 0x0142, 0x0142, 0x0142, 0x0142, 0x0101, 0x0121, 0x0121, 0x0121, 0x0141, 
    0x0121, 0x0121, 0x0121, 0x1182, 0x2203, 0x19E3, 0x2203, 0x11A2, 0x0121, 0x0121, 0x0121, 0x0141, 
    0x0121, 0x0101, 0x0121, 0x0121, 0x0101, 0x00E0, 0x00E0, 0x0101, 0x00E0, 0x00E0, 0x0101, 0x00E0, 
    0x00C0, 0x00C0, 0x00C0, 0x00C0, 0x00A0, 0x1101, 0x1121, 0x1101, 0x1101, 0x0000, 0x5A64, 0x5A03, 
    0x72E6, 0x1080, 0x0060, 0x0060, 0x0060, 0x0040, 0x10A1, 0x72C5, 0x5204, 0x5A24, 0x0000, 0x1101, 
    0x1141, 0x1141, 0x1962, 0x00E1, 0x00C0, 0x00E0, 0x00E1, 0x00E1, 0x00E1, 0x00E0, 0x0101, 0x0101, 
    0x0101, 0x0101, 0x0121, 0x0121, 0x0121, 0x0121, 0x0121, 0x0121, 0x0121, 0x0121, 0x0121, 0x0121, 
    0x0962, 0x2223, 0x1A03, 0x2223, 0x2223, 0x0162, 0x0142, 0x0142, 0x0142, 0x0162, 0x0142, 0x0141, 
    0x0141, 0x0141, 0x0141, 0x0162, 0x0142, 0x0142, 0x0142, 0x0141, 0x0142, 0x0142, 0x0121, 0x0121, 
    0x0141, 0x0141, 0x0141, 0x0141, 0x0141, 0x0121, 0x0101, 0x00E1, 0x00E1, 0x0020, 0x49E4, 0x9345, 
    0x6A43, 0x0840, 0x0040, 0x0060, 0x0080, 0x0080, 0x0080, 0x0080, 0x0080, 0x00A0, 0x0080, 0x0020, 
    0xC54D, 0xFF73, 0xF6D0, 0xF68E, 0xEE2B, 0xF66C, 0xB4AA, 0x2860, 0x2860, 0x1840, 0x1840, 0x2020, 
    0x59C2, 0xDDAB, 0xE587, 0xE588, 0xE588, 0xE5A8, 0xDD67, 0xEE4C, 0xDDAD, 0x3140, 0x0101, 0x0040, 
    0x72E6, 0xEDC9, 0xD4E6, 0xD507, 0xDD47, 0xD54A, 0x5181, 0x00A0, 0x0141, 0x0141, 0x0141, 0x00A0, 
    0xBD2A, 0xBC46, 0x20A0, 0x0101, 0x0141, 0x2162, 0xC4E9, 0xCCA6, 0x4982, 0x0000, 0x0040, 0x0080, 
    0x0080, 0x0080, 0x0020, 0x6A83, 0xE569, 0xC424, 0xC445, 0xC444, 0xDD4A, 0x39A3, 0x0060, 0x0080, 
    0x0820, 0x4120, 0xAC05, 0xD4C7, 0xC465, 0xCCA6, 0xDD29, 0xA448, 0x8BC7, 0xAC88, 0xE58A, 0xD507, 
    0xABE6, 0x1880, 0x08E1, 0x4A85, 0xD54A, 0xDCE7, 0xCCA6, 0xCCA6, 0xD506, 0xBC88, 0x4224, 0x0921, 
    0x0060, 0x3122, 0xCD29, 0xDD06, 0xCC85, 0xD4A5, 0xD4C5, 0xDD89, 0x5A44, 0x0020, 0x0000, 0x0000, 
    0x0020, 0x00C1, 0x0060, 0xA428, 0xDD27, 0xCC65, 0xCC85, 0xC4A7, 0x20A0, 0x0060, 0x0000, 0x72E5, 
    0xDD28, 0xABC5, 0x0840, 0x0060, 0x0080, 0x0080, 0x0080, 0x0040, 0x30E0, 0xC4E8, 0xD4C6, 0xCC65, 
    0xCC65, 0xD528, 0x3121, 0x0000, 0x1840, 0x8B44, 0xE588, 0xCCA6, 0xCCA6, 0xE588, 0x6284, 0x0060, 
    0x0921, 0x0121, 0x0121, 0x0121, 0x0101, 0x0101, 0x00E1, 0x00C1, 0x0060, 0x30E0, 0xC4E9, 0xEE4B, 
    0xDD47, 0xDD68, 0xDD47, 0xE588, 0xBCA8, 0x1840, 0xBC88, 0xE588, 0xDD27, 0xDD27, 0xDD07, 0xEDC9, 
    0x51E3, 0x0020, 0x00C1, 0x00C1, 0x00C1, 0x00C1, 0x00A1, 0x00A1, 0x00A1, 0x00A0, 0x0080, 0x0080, 
    0x0080, 0x0060, 0x0840, 0x59C2, 0x7A83, 0x20E1, 0x00A0, 0x0121, 0x0121, 0x0142, 0x0162, 0x0141, 
    0x0141, 0x0121, 0x0121, 0x0121, 0x0141, 0x0141, 0x0121, 0x0141, 0x0141, 0x0141, 0x0141, 0x0142, 
    0x0121, 0x0121, 0x0142, 0x0142, 0x0122, 0x0142, 0x0142, 0x0142, 0x0142, 0x0121, 0x0142, 0x1A03, 
    0x2203, 0x2203, 0x2223, 0x0961, 0x0101, 0x0121, 0x0121, 0x0121, 0x0121, 0x0101, 0x0100, 0x0101, 
    0x0101, 0x0101, 0x0100, 0x0101, 0x00E0, 0x00E0, 0x00E1, 0x00E1, 0x00E1, 0x00E0, 0x00E0, 0x00C0, 
    0x00C0, 0x1121, 0x1121, 0x1121, 0x08E1, 0x0000, 0x5A44, 0x5203, 0x7B06, 0x1080, 0x0060, 0x0060, 
    0x0060, 0x0040, 0x10A1, 0x72C5, 0x5203, 0x5223, 0x0000, 0x08E1, 0x1141, 0x1141, 0x1962, 0x0901, 
    0x00C0, 0x00E0, 0x00E0, 0x00E1, 0x0101, 0x0101, 0x0101, 0x0101, 0x00E1, 0x0101, 0x0101, 0x0121, 
    0x0121, 0x0121, 0x0121, 0x0121, 0x0121, 0x0121, 0x0141, 0x0141, 0x0121, 0x19E3, 0x2224, 0x2223, 
    0x2243, 0x11A2, 0x0121, 0x0141, 0x0142, 0x0162, 0x0141, 0x0141, 0x0141, 0x0142, 0x0162, 0x0141, 
    0x0142, 0x0162, 0x0162, 0x0142, 0x0121, 0x0121, 0x0121, 0x0101, 0x00C1, 0x00A0, 0x00A0, 0x00C0, 
    0x0080, 0x0080, 0x00C0, 0x00E1, 0x0060, 0x2122, 0x8B45, 0x7A83, 0x28C1, 0x0000, 0x0060, 0x0060, 
    0x0060, 0x0080, 0x0080, 0x0080, 0x00A0, 0x00A0, 0x0080, 0x0020, 0xBCA9, 0xEE2C, 0xDD68, 0xDD47, 
    0xD526, 0xE588, 0xBCC9, 0x2880, 0x0840, 0x0020, 0x0020, 0x0040, 0x0000, 0x8305, 0xEDE9, 0xDD47, 
    0xE568, 0xDD68, 0xDD68, 0xE5A8, 0xE62D, 0x6A22, 0x0080, 0x0000, 0x7306, 0xE5A9, 0xCCA6, 0xD4C6, 
    0xD4E6, 0xCCE8, 0x4120, 0x0060, 0x0141, 0x0982, 0x00C0, 0x4A85, 0xEDCB, 0x9B84, 0x1060, 0x00E1, 
    0x00A0, 0x62E6, 0xD4E8, 0xABE5, 0x2080, 0x0020, 0x00A0, 0x00C1, 0x00E1, 0x00C1, 0x0000, 0x5265, 
    0xDD48, 0xCC44, 0xD4A6, 0xD4C5, 0xE547, 0xD58C, 0x7BE8, 0x1921, 0x0020, 0x0020, 0x30C0, 0x7AA3, 
    0xBC47, 0xCCE7, 0xCCC6, 0xDD07, 0xDD28, 0xD4E7, 0xABE6, 0x7284, 0x30E0, 0x0020, 0x5A85, 0xC50A, 
    0xA3E6, 0x9BA6, 0xA3C6, 0xA3C6, 0x9BC6, 0xAC07, 0xBCA8, 0x31A2, 0x0080, 0xA3E6, 0xB467, 0xAC26, 
    0xB426, 0xB447, 0xBC67, 0xC4A7, 0xDD8A, 0xA427, 0x0840, 0x0080, 0x00E0, 0x0141, 0x08E0, 0xC50A, 
    0xD4A6, 0xC424, 0xD4E7, 0x8B45, 0x0000, 0x10E2, 0x5AA6, 0xCD09, 0xBBE4, 0xA3C5, 0x0060, 0x00C0, 
    0x0101, 0x00E1, 0x00C0, 0x0080, 0x1060, 0x9BA5, 0xD4E7, 0xBC04, 0xBC05, 0xD4C7, 0x6A84, 0x0000, 
    0x1060, 0x4961, 0xD529, 0xD4A6, 0xCC66, 0xD4E6, 0x9386, 0x0040, 0x0121, 0x0121, 0x0121, 0x0101, 
    0x0101, 0x0101, 0x00E1, 0x00C0, 0x0060, 0x3920, 0xD549, 0xE5E9, 0xD506, 0xD527, 0xD506, 0xE568, 
    0xBCA8, 0x1000, 0x7AA4, 0xEDCA, 0xD4E6, 0xD4E6, 0xD4C6, 0xDD47, 0xB447, 0x0840, 0x00A1, 0x00C1, 
    0x00C1, 0x00C1, 0x00C1, 0x00A1, 0x00A1, 0x00A0, 0x0080, 0x0080, 0x0060, 0x0060, 0x0020, 0x20A0, 
    0x7243, 0x7243, 0x08C1, 0x00C1, 0x0121, 0x00C0, 0x00A0, 0x00E1, 0x0901, 0x08E0, 0x00E0, 0x00E1, 
    0x0121, 0x0121, 0x0121, 0x0121, 0x0141, 0x0141, 0x0142, 0x0142, 0x0121, 0x0142, 0x0141, 0x0142, 
    0x0121, 0x0142, 0x0141, 0x0142, 0x0162, 0x0121, 0x0982, 0x2203, 0x1A03, 0x2223, 0x19E3, 0x0121, 
    0x0121, 0x0121, 0x0121, 0x0121, 0x0121, 0x0121, 0x0101, 0x0101, 0x0101, 0x0101, 0x0101, 0x0100, 
    0x0101, 0x00E0, 0x00E0, 0x00E0, 0x00E0, 0x00E0, 0x00C0, 0x00C0, 0x08E1, 0x1141, 0x1121, 0x1101, 
    0x08A0, 0x0000, 0x5A44, 0x5203, 0x7306, 0x1080, 0x0060, 0x0060, 0x0080, 0x0040, 0x10A1, 0x6AC5, 
    0x5224, 0x5A23, 0x0000, 0x00C1, 0x0921, 0x1141, 0x1161, 0x1141, 0x00C0, 0x00E0, 0x00E0, 0x00E0, 
    0x00E1, 0x0101, 0x0101, 0x0101, 0x0101, 0x0101, 0x0121, 0x0121, 0x0141, 0x0141, 0x0121, 0x0141, 
    0x0141, 0x0141, 0x0141, 0x0161, 0x0121, 0x0962, 0x2223, 0x2223, 0x2244, 0x1A03, 0x0142, 0x0142, 
    0x0162, 0x0162, 0x0162, 0x0162, 0x0162, 0x0141, 0x0142, 0x0162, 0x0141, 0x0162, 0x0162, 0x0142, 
    0x0141, 0x0121, 0x0101, 0x0901, 0x41A1, 0x8304, 0xB448, 0xBCC9, 0xBCEA, 0x8387, 0x1901, 0x0020, 
    0x2102, 0x82E5, 0x7AA3, 0x3941, 0x0000, 0x0040, 0x0060, 0x0060, 0x0080, 0x0080, 0x0080, 0x00A0, 
    0x00A0, 0x00A0, 0x0080, 0x0840, 0xBC67, 0xDD47, 0xD507, 0xD527, 0xD507, 0xDD68, 0xCD2A, 0x4100, 
    0x0020, 0x0020, 0x0020, 0x0040, 0x0000, 0x4182, 0xEDEA, 0xDD26, 0xDD47, 0xDD27, 0xDD27, 0xDD07, 
    0xE60B, 0x9324, 0x0860, 0x0000, 0x7B67, 0xE549, 0xCC45, 0xCC65, 0xD4C6, 0xBC88, 0x28A0, 0x0080, 
    0x0141, 0x0100, 0x1162, 0xC52C, 0xD4E7, 0x8304, 0x0000, 0x0040, 0x0041, 0xAC49, 0xB383, 0xA3E6, 
    0x3142, 0x08C1, 0x00E1, 0x0121, 0x0121, 0x1182, 0x8C09, 0xC509, 0xBC87, 0xBC87, 0xB446, 0xAC06, 
    0x9365, 0x8B25, 0x9BA6, 0x41A2, 0x00A0, 0x0060, 0x0020, 0x1840, 0x38E0, 0x59C2, 0x7243, 0x7263, 
    0x7263, 0x5181, 0x28A0, 0x1020, 0x0040, 0x00A0, 0x20E0, 0x2060, 0x2060, 0x2880, 0x28A0, 0x28A0, 
    0x2080, 0x1020, 0x2040, 0x10A0, 0x08E1, 0x2880, 0x2880, 0x38E0, 0x38E0, 0x38E0, 0x3900, 0x3900, 
    0x3900, 0x5161, 0x10A0, 0x0060, 0x0101, 0x00A0, 0x4A65, 0xD54A, 0xB3A3, 0xCCA6, 0xC488, 0x30E0, 
    0x0060, 0x8B87, 0xCD29, 0xB446, 0xB406, 0xBC87, 0xB4A8, 0x4A64, 0x0101, 0x0161, 0x0121, 0x00E1, 
    0x08A1, 0x8B46, 0xC486, 0xAB84, 0xB3C4, 0xBC05, 0xA3C6, 0x0020, 0x0080, 0x28A0, 0x8B04, 0xDD48, 
    0xBC04, 0xBC05, 0xC487, 0x2101, 0x00E1, 0x0921, 0x0121, 0x0101, 0x0101, 0x00E1, 0x1101, 0x1942, 
    0x0020, 0x4161, 0xDD8A, 0xDDA9, 0xD4C5, 0xD4E6, 0xCCC6, 0xDD27, 0xBCA8, 0x2060, 0x4100, 0xCD29, 
    0xDD07, 0xD4A6, 0xD4A6, 0xCCA6, 0xE569, 0x49E3, 0x0040, 0x00C1, 0x00C1, 0x00C1, 0x00C1, 0x00A1, 
    0x00A0, 0x00A0, 0x0080, 0x0080, 0x0080, 0x0060, 0x0060, 0x0020, 0x3901, 0x7A63, 0x59E2, 0x1080, 
    0x0020, 0x29A3, 0x93E7, 0xB488, 0xAC06, 0x9365, 0x82E4, 0x49C2, 0x08E1, 0x00E1, 0x0121, 0x0121, 
    0x0121, 0x0141, 0x0141, 0x0121, 0x0141, 0x0142, 0x0142, 0x0141, 0x0141, 0x0121, 0x0121, 0x0141, 
    0x0141, 0x0141, 0x19E3, 0x2223, 0x1A03, 0x2223, 0x1182, 0x0121, 0x0141, 0x0121, 0x0121, 0x0121, 
    0x0121, 0x0121, 0x0101, 0x0101, 0x0121, 0x0101, 0x0101, 0x0121, 0x0121, 0x0101, 0x00E0, 0x00E0, 
    0x00E0, 0x00C0, 0x00C0, 0x00C0, 0x1121, 0x1141, 0x1121, 0x1101, 0x00A0, 0x0000, 0x5A64, 0x5203, 
    0x72E6, 0x1080, 0x0060, 0x0060, 0x0080, 0x0040, 0x10A1, 0x6AA5, 0x5244, 0x5A24, 0x0000, 0x00A0, 
    0x08E1, 0x1141, 0x1141, 0x1962, 0x0901, 0x00C0, 0x00E0, 0x00E1, 0x00E0, 0x0100, 0x0101, 0x0101, 
    0x0101, 0x0101, 0x0121, 0x0121, 0x0121, 0x0121, 0x0141, 0x0141, 0x0141, 0x0141, 0x0141, 0x0141, 
    0x0141, 0x0121, 0x1A03, 0x2244, 0x2223, 0x1A23, 0x11C3, 0x0162, 0x0162, 0x0142, 0x0142, 0x0142, 
    0x0141, 0x0141, 0x0162, 0x0162, 0x0142, 0x0162, 0x0141, 0x0142, 0x0121, 0x0101, 0x1921, 0x7AA3, 
    0xABC6, 0x9365, 0x82E5, 0x8B25, 0xAC49, 0xE64F, 0xEEAE, 0x4A04, 0x28C1, 0x6A43, 0x20A0, 0x0020, 
    0x0040, 0x0060, 0x0060, 0x0060, 0x0080, 0x0080, 0x00A0, 0x00A0, 0x00A1, 0x00A0, 0x0080, 0x0860, 
    0xC4A8, 0xDD27, 0xCCC6, 0xD4E6, 0xCCC6, 0xD507, 0xD56A, 0x7202, 0x0820, 0x0040, 0x0060, 0x0060, 
    0x0000, 0x20C1, 0xDD8A, 0xDD06, 0xD4E6, 0xD4E6, 0xD4E6, 0xD4E7, 0xE60B, 0x9B44, 0x1080, 0x0000, 
    0x8388, 0xD4E8, 0xBBE4, 0xBC25, 0xCC86, 0xA407, 0x0800, 0x0000, 0x00C1, 0x31E4, 0xB4EB, 0xCCA6, 
    0xCCC7, 0x7AE5, 0x0000, 0x2943, 0xA46A, 0xD509, 0xBC26, 0xC4A8, 0xD56B, 0x8B46, 0x00A0, 0x0141, 
    0x0141, 0x29A2, 0x82A3, 0x4941, 0x38E0, 0x38E0, 0x30C0, 0x28A0, 0x1860, 0x1020, 0x0800, 0x10A0, 
    0x0121, 0x00E1, 0x0080, 0x0040, 0x0020, 0x0840, 0x1040, 0x1040, 0x1040, 0x0820, 0x0020, 0x0020, 
    0x00A0, 0x0101, 0x00A0, 0x0020, 0x0040, 0x0040, 0x0040, 0x0040, 0x0040, 0x0040, 0x0020, 0x0080, 
    0x00E1, 0x0000, 0x0040, 0x0060, 0x0060, 0x0040, 0x0000, 0x0000, 0x0020, 0x0020, 0x10C1, 0x5AC5, 
    0x1921, 0x31A3, 0xBCEA, 0xBC04, 0xBC46, 0xB447, 0x4121, 0x0020, 0x08E0, 0x38E0, 0x38C0, 0x30E0, 
    0x30E1, 0x3901, 0x61E1, 0x49C2, 0x0101, 0x0982, 0x0121, 0x31A2, 0xBCEB, 0xCD2A, 0xC446, 0xC446, 
    0xC446, 0xBC45, 0xD4C7, 0x6263, 0x0000, 0x1080, 0x40E0, 0x9BC6, 0xCCA6, 0xA363, 0xBC46, 0x9386, 
    0x0080, 0x0121, 0x0921, 0x0921, 0x00E1, 0x0000, 0xA44A, 0x7B26, 0x0000, 0x51C2, 0xE5CB, 0xDD69, 
    0xCC85, 0xCCA6, 0xC466, 0xCCC6, 0xB467, 0x0820, 0x2860, 0x9345, 0xE589, 0xCC65, 0xCC86, 0xCC65, 
    0xD507, 0xAC47, 0x0040, 0x00A1, 0x00C1, 0x00A1, 0x00C1, 0x00A1, 0x00A0, 0x00A1, 0x0080, 0x0080, 
    0x0080, 0x0060, 0x0060, 0x0040, 0x0020, 0x30E1, 0x7263, 0x1880, 0x6B06, 0xFECE, 0xDDCB, 0x9BE6, 
    0x7AA3, 0x7A83, 0x8AE4, 0xA365, 0x7A83, 0x1101, 0x0101, 0x0121, 0x0121, 0x0121, 0x0121, 0x0142, 
    0x0141, 0x0141, 0x0142, 0x0142, 0x0141, 0x0142, 0x0142, 0x0141, 0x0121, 0x11A2, 0x2203, 0x1A03, 
    0x2223, 0x1A03, 0x0121, 0x0141, 0x0141, 0x0141, 0x0121, 0x0121, 0x0121, 0x0121, 0x0121, 0x0121, 
    0x0121, 0x0121, 0x0101, 0x0121, 0x0101, 0x00E1, 0x00E1, 0x00E0, 0x00C0, 0x00C0, 0x00C0, 0x00E1, 
    0x1941, 0x1141, 0x1121, 0x08E1, 0x0080, 0x0000, 0x5A64, 0x5203, 0x7B06, 0x1080, 0x0060, 0x0060, 
    0x0080, 0x0040, 0x10A1, 0x6AA5, 0x5244, 0x5A24, 0x0000, 0x00A0, 0x00C0, 0x1121, 0x1161, 0x1962, 
    0x1141, 0x00C0, 0x00E1, 0x0101, 0x0101, 0x0101, 0x0101, 0x0121, 0x0101, 0x0101, 0x0101, 0x0101, 
    0x0121, 0x0121, 0x0141, 0x0141, 0x0141, 0x0141, 0x0141, 0x0141, 0x0162, 0x0141, 0x11A2, 0x2243, 
    0x2244, 0x2244, 0x2244, 0x0162, 0x0141, 0x0141, 0x0141, 0x0141, 0x0141, 0x0141, 0x0141, 0x0141, 
    0x0141, 0x0142, 0x0141, 0x0141, 0x0121, 0x00E1, 0x5A02, 0xABE7, 0x4183, 0x0000, 0x1020, 0x1860, 
    0x2860, 0x4101, 0xA44A, 0xFF30, 0x39A3, 0x5A24, 0x5A23, 0x0000, 0x0060, 0x0060, 0x0060, 0x0080, 
    0x0080, 0x00A0, 0x00A0, 0x00A1, 0x00A0, 0x00A0, 0x0080, 0x0840, 0xBCA8, 0xD4E6, 0xCC86, 0xCCA6, 
    0xC466, 0xCCC7, 0xD549, 0x82A3, 0x0840, 0x0060, 0x0060, 0x0060, 0x0040, 0x18A0, 0xD56A, 0xD4C6, 
    0xCCA6, 0xD4C6, 0xD4C6, 0xD4E7, 0xDD8A, 0x7222, 0x10A0, 0x0000, 0x7B47, 0xCC87, 0xAB84, 0xB3C4, 
    0xC445, 0xB469, 0x62A6, 0x8387, 0xB488, 0xD529, 0xD4C6, 0xCC85, 0xE58A, 0x6A63, 0x18C1, 0xB468, 
    0x9B85, 0x7AA4, 0x7263, 0x59C2, 0x4120, 0x38E0, 0x08A0, 0x0121, 0x0162, 0x0901, 0x1040, 0x0820, 
    0x0000, 0x0020, 0x0020, 0x0040, 0x0040, 0x0040, 0x0040, 0x00A0, 0x0162, 0x0142, 0x0121, 0x00E1, 
    0x00A0, 0x0080, 0x0080, 0x0080, 0x0080, 0x0080, 0x0080, 0x00C0, 0x0121, 0x0162, 0x0101, 0x00A0, 
    0x00A0, 0x00A0, 0x00A0, 0x00A0, 0x00C0, 0x00C0, 0x00A0, 0x0101, 0x0141, 0x00A0, 0x00A0, 0x00A0, 
    0x0080, 0x0080, 0x0080, 0x0080, 0x0080, 0x0040, 0x7305, 0xF62B, 0xCD29, 0xCD08, 0xBC46, 0xB426, 
    0x8B05, 0x30C0, 0x0000, 0x0080, 0x00C1, 0x0040, 0x0040, 0x0020, 0x0000, 0x0000, 0x0820, 0x0840, 
    0x0101, 0x0962, 0x0121, 0x3141, 0x5181, 0x4140, 0x51A2, 0x7263, 0x8B24, 0xA3E6, 0xB447, 0xCCC9, 
    0x9C08, 0x1081, 0x1040, 0x28A0, 0x9B85, 0xC466, 0xAB84, 0xC447, 0x8366, 0x1121, 0x00A0, 0x0060, 
    0x0060, 0x7327, 0xEDED, 0x5A02, 0x0040, 0x49C1, 0xE5CA, 0xD548, 0xC425, 0xC445, 0xBC25, 0xC466, 
    0xB447, 0x0000, 0x1040, 0x59A1, 0xD56A, 0xCC65, 0xC445, 0xC445, 0xC425, 0xDD28, 0x49C3, 0x0040, 
    0x00C1, 0x00A1, 0x00C1, 0x00A0, 0x00A0, 0x00A0, 0x0080, 0x0080, 0x0080, 0x0060, 0x0060, 0x0040, 
    0x0000, 0x72E6, 0x4982, 0x5266, 0xFF70, 0xA449, 0x4161, 0x1860, 0x1040, 0x1020, 0x2080, 0x4141, 
    0x9366, 0x6202, 0x00C1, 0x0121, 0x0121, 0x0121, 0x0121, 0x0121, 0x0141, 0x0141, 0x0141, 0x0142, 
    0x0162, 0x0142, 0x0121, 0x0121, 0x0142, 0x1A03, 0x1A03, 0x1A03, 0x2244, 0x11A2, 0x0121, 0x0141, 
    0x0141, 0x0121, 0x0121, 0x0121, 0x0121, 0x0141, 0x0121, 0x0121, 0x0121, 0x0121, 0x0101, 0x0101, 
    0x0101, 0x0101, 0x00E0, 0x00E0, 0x00C0, 0x00C0, 0x00C0, 0x0901, 0x1941, 0x1121, 0x1121, 0x00A0, 
    0x0080, 0x0000, 0x5A44, 0x5203, 0x7B27, 0x1080, 0x0060, 0x0060, 0x0080, 0x0040, 0x10A1, 0x6AA5, 
    0x5A44, 0x5A44, 0x0000, 0x00A0, 0x00A0, 0x0921, 0x1141, 0x1961, 0x1982, 0x00E1, 0x00E0, 0x00E0, 
    0x0100, 0x0101, 0x0101, 0x0101, 0x0101, 0x0121, 0x0121, 0x0121, 0x0121, 0x0121, 0x0141, 0x0141, 
    0x0141, 0x0161, 0x0141, 0x0162, 0x0161, 0x0161, 0x0141, 0x1A03, 0x2244, 0x2244, 0x2243, 0x11A2, 
    0x0142, 0x0162, 0x0141, 0x0162, 0x0142, 0x0141, 0x0162, 0x0182, 0x0141, 0x0142, 0x0121, 0x0121, 
    0x0101, 0x1101, 0x8AE3, 0x72E6, 0x2901, 0x9408, 0x62A5, 0x0000, 0x0000, 0x0020, 0x2860, 0xA429, 
    0xE62E, 0x28E1, 0xBCA8, 0x3962, 0x0020, 0x0060, 0x0060, 0x0080, 0x0080, 0x00A0, 0x00A0, 0x00A1, 
    0x00A0, 0x00A1, 0x0080, 0x0840, 0xBC88, 0xCCA6, 0xC445, 0xC465, 0xC445, 0xCCA6, 0xCD29, 0x7A62, 
    0x0040, 0x0060, 0x0080, 0x00A0, 0x0040, 0x2942, 0xDD8B, 0xCC85, 0xCC85, 0xCC85, 0xC465, 0xD507, 
    0xAC27, 0x38C0, 0x0880, 0x0000, 0x8346, 0xBBE5, 0xA343, 0xB3A4, 0xBC04, 0xCCC7, 0xDD69, 0xD507, 
    0xC466, 0xA384, 0x82E4, 0x7284, 0x61E2, 0x4140, 0x10C0, 0x30E0, 0x1840, 0x1040, 0x1040, 0x1060, 
    0x0860, 0x0020, 0x0060, 0x0142, 0x0162, 0x0101, 0x0060, 0x0060, 0x0060, 0x0060, 0x0080, 0x0080, 
    0x00A0, 0x00A0, 0x00A0, 0x0101, 0x09A2, 0x09C2, 0x09A2, 0x0162, 0x0121, 0x0101, 0x00E1, 0x0101, 
    0x0101, 0x0101, 0x0121, 0x0161, 0x01A2, 0x09E2, 0x0162, 0x0121, 0x0121, 0x0121, 0x0121, 0x0121, 
    0x0121, 0x0141, 0x0141, 0x0182, 0x09C2, 0x0161, 0x0121, 0x0101, 0x0101, 0x0101, 0x0121, 0x0101, 
    0x0101, 0x00E1, 0x4161, 0x6A02, 0x7AA3, 0x7263, 0x51A2, 0x38E0, 0x1020, 0x0020, 0x0060, 0x00C1, 
    0x0101, 0x0080, 0x0080, 0x0080, 0x0060, 0x0060, 0x0060, 0x00A1, 0x0141, 0x0182, 0x0121, 0x0040, 
    0x0020, 0x0840, 0x0820, 0x1840, 0x2080, 0x38C0, 0x4100, 0x4120, 0x61E2, 0x1060, 0x0000, 0x1040, 
    0x30C0, 0x8B04, 0xC467, 0xBC05, 0xC425, 0xA3E6, 0x7306, 0x7306, 0xA429, 0xC488, 0xBC05, 0x51E2, 
    0x0000, 0x4161, 0xDD69, 0xD508, 0xBBC4, 0xBBE5, 0xB3C4, 0xBC25, 0xB426, 0x0800, 0x0020, 0x40E0, 
    0xB468, 0xD507, 0xBBE4, 0xBC25, 0xBBE4, 0xC465, 0xA3E6, 0x0020, 0x00A0, 0x00A0, 0x00A1, 0x00A1, 
    0x00A0, 0x0080, 0x0080, 0x0080, 0x0080, 0x0060, 0x0060, 0x0000, 0x49E4, 0xB468, 0x18C1, 0xF6F0, 
    0xA428, 0x1840, 0x0000, 0x0000, 0x0000, 0x5AC7, 0x9C49, 0x4161, 0x6A84, 0x9B24, 0x18E1, 0x00C1, 
    0x0121, 0x0121, 0x0142, 0x0141, 0x0141, 0x0162, 0x0142, 0x0141, 0x0141, 0x0141, 0x0142, 0x0121, 
    0x11C3, 0x2244, 0x1A03, 0x2223, 0x2223, 0x0141, 0x0141, 0x0121, 0x0121, 0x0141, 0x0141, 0x0141, 
    0x0141, 0x0121, 0x0121, 0x0121, 0x0121, 0x0121, 0x0101, 0x0101, 0x0101, 0x00E0, 0x00E0, 0x00E0, 
    0x00E1, 0x00C0, 0x00C0, 0x1141, 0x1941, 0x1141, 0x1121, 0x0080, 0x00A0, 0x0000, 0x5A44, 0x5203, 
    0x72E6, 0x1060, 0x0060, 0x0080, 0x0060, 0x0040, 0x10A1, 0x6A84, 0x5A64, 0x5A64, 0x0000, 0x00C0, 
    0x00A0, 0x08E1, 0x1141, 0x1162, 0x1982, 0x0921, 0x00E0, 0x0101, 0x0100, 0x0101, 0x0101, 0x0101, 
    0x0121, 0x0121, 0x0141, 0x0121, 0x0101, 0x0121, 0x0141, 0x0141, 0x0141, 0x0141, 0x0141, 0x0161, 
    0x0141, 0x0161, 0x0141, 0x11A2, 0x2244, 0x1A23, 0x1A23, 0x2224, 0x0162, 0x0142, 0x0141, 0x0141, 
    0x0161, 0x0161, 0x0162, 0x0162, 0x0162, 0x0162, 0x0141, 0x0121, 0x00E1, 0x2101, 0x9304, 0x6AE6, 
    0xA3A5, 0xEE0B, 0xFF70, 0x62A5, 0x0000, 0x0040, 0x0020, 0x30C0, 0xDDCD, 0x72E6, 0x72C4, 0xBCC9, 
    0x0000, 0x0060, 0x0060, 0x0080, 0x0080, 0x0080, 0x00A0, 0x00A0, 0x00A1, 0x00A1, 0x0080, 0x0860, 
    0xBC88, 0xC445, 0xBBE5, 0xBC05, 0xBBE5, 0xC466, 0xCD29, 0x82A3, 0x0840, 0x0080, 0x00A0, 0x00C0, 
    0x0020, 0x5265, 0xE58A, 0xC404, 0xC445, 0xC445, 0xBC04, 0xD549, 0x7243, 0x1840, 0x0000, 0x31C4, 
    0xCD0A, 0xB3C4, 0xB425, 0xB426, 0xA3A5, 0x82E4, 0x6A43, 0x59C2, 0x4121, 0x28A0, 0x1820, 0x0800, 
    0x0800, 0x0820, 0x0080, 0x0060, 0x0040, 0x0040, 0x0040, 0x0060, 0x0080, 0x00A0, 0x0101, 0x0182, 
    0x0182, 0x0141, 0x00C0, 0x00C0, 0x00E1, 0x00E1, 0x00E1, 0x0101, 0x0101, 0x0121, 0x0141, 0x0162, 
    0x09C2, 0x0A03, 0x0A23, 0x0A03, 0x09E2, 0x01A2, 0x0182, 0x0182, 0x0182, 0x09C2, 0x09E3, 0x0A23, 
    0x0A43, 0x0A43, 0x0A02, 0x01C2, 0x09C2, 0x09C2, 0x09E2, 0x09E2, 0x09E2, 0x01E2, 0x01E2, 0x0A03, 
    0x0A23, 0x09E2, 0x09C2, 0x09C2, 0x01C2, 0x01A2, 0x09A2, 0x01A2, 0x01A2, 0x0161, 0x0060, 0x0820, 
    0x0820, 0x0820, 0x0000, 0x0020, 0x0040, 0x0080, 0x00E1, 0x0141, 0x0142, 0x0121, 0x0101, 0x00E1, 
    0x00E1, 0x00E1, 0x00E1, 0x0121, 0x09A2, 0x09A2, 0x0141, 0x00C0, 0x0080, 0x0080, 0x0060, 0x0040, 
    0x0040, 0x0040, 0x0040, 0x0020, 0x0000, 0x0060, 0x0060, 0x0000, 0x1860, 0x4100, 0x7242, 0x9B85, 
    0xA3C5, 0xB405, 0xBC26, 0xBC46, 0xBC25, 0xABC5, 0xB406, 0x4162, 0x0000, 0x3921, 0xCD29, 0xCCE8, 
    0xAB84, 0xB3A4, 0xAB84, 0xB3C5, 0xABE5, 0x0820, 0x0000, 0x28A0, 0x82A3, 0xD56A, 0xBBC4, 0xBBE5, 
    0xB3E5, 0xB3A4, 0xCCC7, 0x3962, 0x0020, 0x00A1, 0x00A0, 0x00A1, 0x00A0, 0x0080, 0x0080, 0x0080, 
    0x0080, 0x0060, 0x0040, 0x0820, 0xCD6C, 0x5A02, 0x840A, 0xE62D, 0x28A0, 0x0000, 0x0040, 0x0000, 
    0x5286, 0xFFF4, 0xEE0B, 0xABE4, 0x72C5, 0x9344, 0x2901, 0x00C1, 0x0121, 0x0121, 0x0142, 0x0162, 
    0x0141, 0x0142, 0x0142, 0x0142, 0x0141, 0x0162, 0x0162, 0x0162, 0x2223, 0x1A03, 0x19E3, 0x2223, 
    0x0982, 0x0141, 0x0141, 0x0141, 0x0141, 0x0141, 0x0141, 0x0141, 0x0121, 0x0121, 0x0121, 0x0101, 
    0x0101, 0x0101, 0x0101, 0x00E0, 0x00E0, 0x00E0, 0x00E0, 0x00E0, 0x00E0, 0x00C0, 0x0901, 0x1962, 
    0x1141, 0x1961, 0x08E1, 0x0080, 0x00A0, 0x0000, 0x5A44, 0x5203, 0x72E6, 0x1080, 0x0060, 0x0080, 
    0x0060, 0x0040, 0x10C1, 0x6284, 0x5A64, 0x5A65, 0x0000, 0x00C1, 0x00C0, 0x00C0, 0x1161, 0x1162, 
    0x1982, 0x1182, 0x0101, 0x00E0, 0x00E0, 0x00E0, 0x0101, 0x0121, 0x0121, 0x0121, 0x0121, 0x0141, 
    0x0141, 0x0121, 0x0161, 0x0161, 0x0141, 0x0141, 0x0161, 0x0161, 0x0161, 0x0182, 0x0162, 0x0141, 
    0x1A23, 0x2244, 0x2244, 0x2264, 0x1A03, 0x0142, 0x0162, 0x0162, 0x0162, 0x0162, 0x0162, 0x0162, 
    0x0141, 0x0141, 0x0141, 0x0141, 0x0101, 0x10C1, 0x7243, 0x8B67, 0x9344, 0xABE5, 0xF6CF, 0xA428, 
    0x0000, 0x00A0, 0x0060, 0x0000, 0x7AC4, 0xB4A9, 0x3961, 0xEE2C, 0x41A3, 0x0000, 0x0080, 0x0080, 
    0x0080, 0x0080, 0x00A0, 0x00A0, 0x00A0, 0x00A1, 0x0080, 0x1080, 0xC4C9, 0xBBE5, 0xB3A4, 0xB3C5, 
    0xABA4, 0xBC05, 0xCD09, 0x8AA3, 0x0860, 0x00A0, 0x00A0, 0x00C0, 0x0000, 0x9409, 0xD4C7, 0xB3C4, 
    0xBC25, 0xBBE4, 0xCCA7, 0xB448, 0x38C0, 0x0800, 0x62C5, 0xCD6A, 0xA3C5, 0x7AA3, 0x59C2, 0x3900, 
    0x28A0, 0x2060, 0x1020, 0x0820, 0x0820, 0x0020, 0x0020, 0x0020, 0x0020, 0x0060, 0x00A0, 0x00A0, 
    0x00A0, 0x00A0, 0x00C0, 0x00C1, 0x00E1, 0x0141, 0x0141, 0x01A2, 0x09A2, 0x0182, 0x0141, 0x0141, 
    0x0141, 0x0162, 0x0962, 0x0982, 0x0982, 0x09A2, 0x09C2, 0x09C2, 0x09E3, 0x0A03, 0x01C2, 0x01E2, 
    0x01E2, 0x0202, 0x1223, 0x0A03, 0x0A23, 0x0A23, 0x01E2, 0x01E2, 0x01E2, 0x0243, 0x1283, 0x0A43, 
    0x0A43, 0x0A43, 0x0A43, 0x0A43, 0x0A43, 0x0A43, 0x0A43, 0x0A43, 0x0A43, 0x0A23, 0x0A23, 0x0A23, 
    0x0A43, 0x0A43, 0x01A2, 0x01C2, 0x0A03, 0x01C2, 0x00E0, 0x0060, 0x0060, 0x0060, 0x0080, 0x00A0, 
    0x00E1, 0x0121, 0x0162, 0x09A2, 0x09A2, 0x0982, 0x0182, 0x0162, 0x0142, 0x0142, 0x0121, 0x0121, 
    0x0161, 0x0161, 0x0161, 0x0141, 0x0101, 0x00E1, 0x00E0, 0x00C0, 0x00A0, 0x0080, 0x0060, 0x0040, 
    0x0060, 0x00C1, 0x00E1, 0x00A0, 0x0040, 0x0840, 0x20A0, 0x30A0, 0x3900, 0x59C2, 0x7242, 0x7243, 
    0x6A43, 0x51A2, 0x2080, 0x0040, 0x0060, 0x3921, 0xC4C8, 0xCCC8, 0xA343, 0xAB84, 0xAB64, 0xB3A4, 
    0xABE5, 0x0840, 0x0000, 0x1040, 0x5160, 0xB468, 0xBC46, 0xAB84, 0xB3A4, 0xAB84, 0xBC05, 0x9365, 
    0x0000, 0x00A0, 0x00A0, 0x00A0, 0x00A0, 0x0080, 0x0080, 0x0080, 0x0080, 0x0080, 0x0000, 0x5204, 
    0xE5ED, 0x28E1, 0xDE4F, 0x7AA4, 0x0000, 0x0060, 0x00A0, 0x0040, 0x9C48, 0xFEEE, 0xBC67, 0xA385, 
    0x8B46, 0x7A62, 0x20E1, 0x00A0, 0x0121, 0x0141, 0x0141, 0x0161, 0x0162, 0x0142, 0x0162, 0x0142, 
    0x0141, 0x0142, 0x0142, 0x11C3, 0x2223, 0x1A03, 0x1A03, 0x1A03, 0x0141, 0x0141, 0x0141, 0x0141, 
    0x0141, 0x0141, 0x0141, 0x0141, 0x0141, 0x0141, 0x0121, 0x0121, 0x0101, 0x0101, 0x0101, 0x00E0, 
    0x0100, 0x0101, 0x00E0, 0x00C0, 0x00C0, 0x00A0, 0x1142, 0x1962, 0x1141, 0x1141, 0x00C1, 0x00A0, 
    0x00A0, 0x0000, 0x5A44, 0x51E3, 0x72E6, 0x1080, 0x0060, 0x0080, 0x0060, 0x0040, 0x10C1, 0x6284, 
    0x5244, 0x6264, 0x0020, 0x00C1, 0x00C1, 0x00C1, 0x0921, 0x1982, 0x1982, 0x19A2, 0x0121, 0x00E1, 
    0x00E0, 0x00E0, 0x0101, 0x0121, 0x0121, 0x0141, 0x0141, 0x0141, 0x0141, 0x0141, 0x0161, 0x0161, 
    0x0141, 0x0141, 0x0161, 0x0182, 0x0182, 0x0182, 0x0161, 0x0161, 0x09A2, 0x2244, 0x2244, 0x2244, 
    0x2244, 0x09A2, 0x0162, 0x0182, 0x0182, 0x0182, 0x0182, 0x0162, 0x0141, 0x0142, 0x0141, 0x0141, 
    0x0121, 0x0080, 0x4962, 0x8AC4, 0x8AE4, 0x9B44, 0xDD49, 0x6244, 0x0020, 0x00A0, 0x0080, 0x0020, 
    0x28C0, 0xB488, 0x41A2, 0xE5CA, 0x93A7, 0x0000, 0x0080, 0x0080, 0x0080, 0x0080, 0x00A0, 0x00A1, 
    0x00A0, 0x00A0, 0x0080, 0x1080, 0xC4E9, 0xB3A5, 0xAB84, 0xAB84, 0xA364, 0xABC5, 0xBCA7, 0x7202, 
    0x0860, 0x00A0, 0x00C1, 0x0020, 0x2102, 0xD5AC, 0xB3A4, 0xB3E5, 0xB3C4, 0xC425, 0xC4C9, 0x5181, 
    0x2080, 0x0000, 0x4161, 0x4120, 0x2060, 0x1860, 0x1020, 0x0000, 0x0020, 0x0020, 0x0020, 0x0040, 
    0x0040, 0x0060, 0x0080, 0x0080, 0x00A0, 0x00E1, 0x0101, 0x0101, 0x0101, 0x0121, 0x0121, 0x0121, 
    0x0941, 0x0101, 0x5B47, 0x11E2, 0x01E2, 0x09C2, 0x09C2, 0x01A2, 0x09C2, 0x09C2, 0x09A2, 0x09C2, 
    0x09E3, 0x09E3, 0x0A03, 0x1223, 0x01C2, 0x0A03, 0x4347, 0x5BA9, 0x53E9, 0x2B05, 0x0202, 0x1264, 
    0x01C2, 0x1203, 0x4347, 0x5BC9, 0x53C8, 0x2B05, 0x0243, 0x0A84, 0x0A63, 0x0A63, 0x0A43, 0x0A63, 
    0x0A84, 0x0A83, 0x0A83, 0x1283, 0x0A83, 0x0A83, 0x0A63, 0x0A43, 0x1264, 0x01A1, 0x73E9, 0x3AA5, 
    0x01E2, 0x0A03, 0x0161, 0x0101, 0x00E1, 0x0101, 0x0101, 0x0141, 0x0162, 0x09A2, 0x09C2, 0x09E2, 
    0x09E2, 0x09E3, 0x09C2, 0x09A2, 0x09A2, 0x0121, 0x1A03, 0x5347, 0x6387, 0x4AE5, 0x09C2, 0x0162, 
    0x0962, 0x0141, 0x0141, 0x0121, 0x0101, 0x00E1, 0x00C1, 0x00A0, 0x00A0, 0x00E1, 0x0121, 0x0101, 
    0x00C0, 0x0060, 0x0020, 0x0000, 0x0020, 0x0820, 0x1040, 0x0820, 0x0000, 0x0000, 0x0000, 0x0040, 
    0x0000, 0x20A0, 0xBCA8, 0xBC67, 0x9B03, 0xA364, 0xA344, 0xAB84, 0xB3E5, 0x1060, 0x0060, 0x0020, 
    0x3900, 0x82E4, 0xCCE9, 0x9B23, 0xA364, 0xA364, 0xA323, 0xC446, 0x3121, 0x0040, 0x00A1, 0x00A0, 
    0x0080, 0x0080, 0x0080, 0x0080, 0x0080, 0x0080, 0x0000, 0xAC69, 0xC4E9, 0x39A3, 0xDDAB, 0x20A0, 
    0x0020, 0x0080, 0x00C1, 0x0080, 0x5202, 0xD508, 0xAB85, 0x82C4, 0x7A63, 0x59E2, 0x0060, 0x00E1, 
    0x0121, 0x0141, 0x0162, 0x0141, 0x0141, 0x0142, 0x0162, 0x0162, 0x0162, 0x0142, 0x0962, 0x2223, 
    0x2223, 0x2223, 0x2223, 0x0982, 0x0121, 0x0141, 0x0141, 0x0141, 0x0141, 0x0121, 0x0101, 0x0121, 
    0x0141, 0x0141, 0x0121, 0x0121, 0x0121, 0x0121, 0x0101, 0x0101, 0x0101, 0x0100, 0x00E0, 0x00E0, 
    0x00C0, 0x00C0, 0x1982, 0x1962, 0x1962, 0x0921, 0x00A0, 0x00A0, 0x00A0, 0x0000, 0x5A65, 0x5223, 
    0x72E6, 0x1060, 0x0060, 0x0080, 0x0060, 0x0040, 0x10C1, 0x6A84, 0x5244, 0x6264, 0x0000, 0x00C1, 
    0x00C1, 0x00C1, 0x0101, 0x1982, 0x1182, 0x19A2, 0x1161, 0x00E0, 0x0101, 0x0101, 0x0121, 0x0121, 
    0x0121, 0x0141, 0x0121, 0x0121, 0x0121, 0x0161, 0x0141, 0x0161, 0x0141, 0x0141, 0x0161, 0x0141, 
    0x0141, 0x0161, 0x0182, 0x0182, 0x0161, 0x19E3, 0x2243, 0x1A23, 0x2244, 0x1A23, 0x0182, 0x0182, 
    0x0182, 0x0182, 0x0162, 0x0162, 0x0141, 0x0162, 0x0161, 0x0141, 0x0121, 0x00A0, 0x0040, 0x4962, 
    0x7243, 0x7A83, 0x51A2, 0x0860, 0x00A1, 0x00C1, 0x00A0, 0x0080, 0x0840, 0x9386, 0x5A44, 0xD56A, 
    0xC50A, 0x0820, 0x0060, 0x0080, 0x0080, 0x0080, 0x0080, 0x00A0, 0x00A0, 0x00A0, 0x0060, 0x18A0, 
    0xC4C9, 0xA364, 0xA344, 0xA344, 0xA324, 0xABA5, 0xB467, 0x4940, 0x0040, 0x00C0, 0x0080, 0x0020, 
    0xACAA, 0xC467, 0xAB63, 0xAB64, 0xBC05, 0xBC87, 0x59A1, 0x2080, 0x0020, 0x0060, 0x0020, 0x0820, 
    0x0020, 0x0020, 0x0020, 0x0040, 0x0040, 0x0060, 0x0080, 0x00A0, 0x00A0, 0x00C1, 0x00E1, 0x00E1, 
    0x0101, 0x0141, 0x0162, 0x0141, 0x0141, 0x0962, 0x0982, 0x09A2, 0x0121, 0x3245, 0xBD2C, 0x5B05, 
    0x0141, 0x0A03, 0x09E2, 0x09E2, 0x0A03, 0x09E2, 0x09E3, 0x0A03, 0x0A03, 0x0A23, 0x1243, 0x0202, 
    0x3B26, 0x9C4B, 0x9AC8, 0xA2A8, 0xB287, 0xB389, 0x7429, 0x0181, 0x3AE6, 0x9BE9, 0x9AC8, 0xAA46, 
    0xAA46, 0xABE8, 0x6386, 0x01E2, 0x0A63, 0x0A63, 0x0A83, 0x12A4, 0x0A84, 0x0A84, 0x0AA4, 0x12A4, 
    0x12A4, 0x12A4, 0x12A4, 0x1284, 0x0202, 0x2264, 0xBCAC, 0x83C8, 0x01C2, 0x0A03, 0x09C2, 0x09C2, 
    0x01A2, 0x01A2, 0x09A2, 0x01A2, 0x09C2, 0x09E3, 0x0A03, 0x0A03, 0x0A02, 0x09E3, 0x09E3, 0x09E3, 
    0x0141, 0x4AE6, 0x8C0B, 0x7B69, 0x62C7, 0x6AC6, 0x83A6, 0x2A23, 0x0162, 0x09A2, 0x0982, 0x0162, 
    0x0142, 0x0121, 0x0121, 0x0121, 0x0121, 0x0141, 0x0962, 0x0941, 0x0121, 0x00E1, 0x00A0, 0x0060, 
    0x0060, 0x0040, 0x0040, 0x0040, 0x0040, 0x0060, 0x0040, 0x0860, 0x5245, 0x7AE6, 0xC4E9, 0x9B24, 
    0x9B23, 0xA344, 0xA324, 0xA364, 0xABE5, 0x1060, 0x0080, 0x0060, 0x20A0, 0x5140, 0xC4EA, 0xABA5, 
    0x9B03, 0xA324, 0x9B04, 0xB3E5, 0x8B25, 0x0020, 0x00A0, 0x0080, 0x0080, 0x0080, 0x00A0, 0x0080, 
    0x0080, 0x0060, 0x0860, 0xDDED, 0xAC68, 0x5A44, 0xB447, 0x0000, 0x0040, 0x0080, 0x00C1, 0x00E1, 
    0x0080, 0x59E2, 0x82C4, 0x6A02, 0x4161, 0x0860, 0x0080, 0x0101, 0x0142, 0x0162, 0x0162, 0x0162, 
    0x0141, 0x0142, 0x0162, 0x0182, 0x0162, 0x0162, 0x1A24, 0x2244, 0x1A23, 0x2243, 0x1A03, 0x0141, 
    0x0141, 0x0141, 0x0141, 0x0141, 0x0141, 0x0121, 0x0121, 0x0141, 0x0141, 0x0121, 0x0121, 0x0101, 
    0x0121, 0x0101, 0x0101, 0x0101, 0x0101, 0x0101, 0x00E0, 0x00E0, 0x00A0, 0x0921, 0x1962, 0x1162, 
    0x1161, 0x00C1, 0x0080, 0x00A0, 0x00A0, 0x0000, 0x5A65, 0x5203, 0x72E6, 0x1060, 0x0060, 0x0080, 
    0x0060, 0x0040, 0x10A1, 0x6A84, 0x5244, 0x6265, 0x0000, 0x00C1, 0x00C1, 0x00C0, 0x00C1, 0x1141, 
    0x1981, 0x19A2, 0x19C2, 0x0101, 0x0121, 0x0121, 0x0121, 0x0121, 0x0121, 0x0121, 0x0121, 0x0121, 
    0x0141, 0x0161, 0x0141, 0x0141, 0x0141, 0x0161, 0x0161, 0x0161, 0x0161, 0x0161, 0x0982, 0x0161, 
    0x0182, 0x0982, 0x2244, 0x2243, 0x2244, 0x2244, 0x11E3, 0x0161, 0x0162, 0x0162, 0x0162, 0x0162, 
    0x0182, 0x0182, 0x0162, 0x0162, 0x0141, 0x0101, 0x0080, 0x0020, 0x0840, 0x0840, 0x0020, 0x0080, 
    0x00C1, 0x00E1, 0x00C1, 0x0080, 0x0020, 0x6A43, 0x5A44, 0xCD29, 0xD54A, 0x20C0, 0x0020, 0x0080, 
    0x0080, 0x0080, 0x0080, 0x00A0, 0x00A0, 0x00A0, 0x0060, 0x18C1, 0xC4C9, 0x9B04, 0x9B04, 0x9B24, 
    0x9B04, 0xABA5, 0xB447, 0x38A0, 0x0000, 0x0000, 0x1902, 0xA48A, 0xCCA8, 0x9B02, 0xAB84, 0xC467, 
    0xA407, 0x5181, 0x28A0, 0x0820, 0x0020, 0x00A0, 0x00A0, 0x0040, 0x0040, 0x0060, 0x0080, 0x00A0, 
    0x00A0, 0x00C1, 0x00E1, 0x00E1, 0x0101, 0x0121, 0x0141, 0x0962, 0x0962, 0x0982, 0x0982, 0x0182, 
    0x01A2, 0x09C2, 0x09E3, 0x0182, 0x1A03, 0x944A, 0x2124, 0x93E8, 0x3203, 0x0141, 0x0A23, 0x0A23, 
    0x0A23, 0x0A03, 0x0A23, 0x0A23, 0x0A23, 0x0A03, 0x01E2, 0x2AE5, 0xB4AC, 0xA9E6, 0xE38D, 0xEACA, 
    0xE9E7, 0xD0A2, 0xAA05, 0x8C8B, 0xA3C9, 0xB288, 0xDA27, 0xE124, 0xE082, 0xA000, 0xA2E5, 0x5B04, 
    0x0223, 0x12A4, 0x12A4, 0x12A4, 0x12C4, 0x12A4, 0x0AC4, 0x0A83, 0x12A4, 0x1284, 0x1284, 0x12A4, 
    0x0202, 0x94AC, 0xAA27, 0xB2E7, 0x42E5, 0x0161, 0x0A43, 0x0A23, 0x0A23, 0x0A43, 0x0A03, 0x0A23, 
    0x0A03, 0x0A03, 0x0A23, 0x0A23, 0x0A23, 0x0A03, 0x0A03, 0x0181, 0x3AC5, 0x942B, 0x5269, 0x528A, 
    0x39C7, 0x1904, 0x20C2, 0x7AE4, 0x19A2, 0x01C2, 0x09C2, 0x09C2, 0x09A2, 0x0182, 0x09A2, 0x0982, 
    0x0982, 0x0962, 0x0162, 0x0962, 0x0941, 0x0121, 0x0101, 0x00E1, 0x00C1, 0x00C0, 0x00A0, 0x00A0, 
    0x00A0, 0x00C1, 0x00A0, 0x4981, 0xBCA9, 0xC4C9, 0xB406, 0xB3A5, 0xAB84, 0xA323, 0x9B03, 0x92E3, 
    0xBC46, 0x20C1, 0x0020, 0x0080, 0x0040, 0x30A0, 0x8AE4, 0xC487, 0x92C3, 0xA324, 0xA324, 0xA324, 
    0xBC26, 0x20E1, 0x0060, 0x00A0, 0x0080, 0x00A0, 0x00A0, 0x0080, 0x0080, 0x0040, 0x20A0, 0xEE2D, 
    0xAC68, 0x6264, 0x8B45, 0x0000, 0x0080, 0x00A1, 0x00E1, 0x0101, 0x00C1, 0x0040, 0x0840, 0x0040, 
    0x0020, 0x0060, 0x00C0, 0x0121, 0x0162, 0x0162, 0x0162, 0x0182, 0x0162, 0x0162, 0x0162, 0x0182, 
    0x0162, 0x11E3, 0x2244, 0x2223, 0x1A23, 0x2A84, 0x0982, 0x0141, 0x0162, 0x0161, 0x0161, 0x0141, 
    0x0141, 0x0141, 0x0142, 0x0141, 0x0141, 0x0121, 0x0121, 0x0101, 0x0121, 0x0101, 0x0101, 0x0101, 
    0x00E0, 0x00E0, 0x0101, 0x00E1, 0x00E0, 0x1162, 0x1161, 0x1962, 0x1121, 0x00A0, 0x00A0, 0x00A0, 
    0x00C1, 0x0000, 0x5A64, 0x5203, 0x72E6, 0x1060, 0x0060, 0x0080, 0x0060, 0x0040, 0x10A1, 0x6A84, 
    0x5224, 0x5A24, 0x0000, 0x00C1, 0x00C0, 0x00C1, 0x00C1, 0x0921, 0x19A2, 0x19A2, 0x21E3, 0x1182, 
    0x0100, 0x0121, 0x0121, 0x0121, 0x0121, 0x0121, 0x0101, 0x0121, 0x0141, 0x0161, 0x0161, 0x0161, 
    0x0181, 0x0161, 0x0161, 0x0161, 0x0182, 0x0182, 0x0161, 0x0161, 0x0162, 0x0161, 0x11E3, 0x2A64, 
    0x2244, 0x2243, 0x2244, 0x09A2, 0x0162, 0x0162, 0x0161, 0x0162, 0x0162, 0x0182, 0x0162, 0x0162, 
    0x0142, 0x0121, 0x00E1, 0x00A0, 0x0080, 0x0080, 0x00C0, 0x00E1, 0x0101, 0x0101, 0x00E1, 0x00C0, 
    0x0020, 0x4982, 0x6243, 0xC4A7, 0xC4C8, 0x28C0, 0x0040, 0x0080, 0x0080, 0x0080, 0x0080, 0x00A0, 
    0x0080, 0x00A0, 0x0060, 0x20E1, 0xC4C9, 0x92E3, 0x92E3, 0x92E4, 0x92C3, 0x9B24, 0xB467, 0x4962, 
    0x39C4, 0x7327, 0xBCC9, 0xC446, 0xAB63, 0xBC26, 0xBC67, 0x8305, 0x38E0, 0x2080, 0x0820, 0x0020, 
    0x00A0, 0x00E1, 0x00C1, 0x00A0, 0x00A0, 0x00C1, 0x00E1, 0x0101, 0x0101, 0x0121, 0x0121, 0x0141, 
    0x0162, 0x0162, 0x0982, 0x09C2, 0x09C3, 0x09A2, 0x09C2, 0x09C2, 0x09C2, 0x0A03, 0x01C2, 0x09A2, 
    0x944A, 0x5267, 0x52AB, 0x3164, 0x9449, 0x19C3, 0x01E2, 0x0A43, 0x0A43, 0x0A23, 0x0A23, 0x0A23, 
    0x0A23, 0x1243, 0x01C2, 0x7C69, 0xA1E4, 0xF30B, 0xFA89, 0xF1C6, 0xE985, 0xF985, 0xC841, 0x9AA6, 
    0xBA67, 0xFA69, 0xE904, 0xD8C3, 0xD0A2, 0xD041, 0x8800, 0x9B45, 0x1A42, 0x0AA4, 0x12C4, 0x12C4, 
    0x12C4, 0x12C4, 0x0AA4, 0x0AA4, 0x0A83, 0x0A83, 0x1283, 0x01E1, 0x5BC9, 0xB40B, 0xEA69, 0xC0A2, 
    0x93A7, 0x19E2, 0x0223, 0x0A63, 0x0A43, 0x0A43, 0x0A43, 0x0A43, 0x0A23, 0x0A43, 0x0A23, 0x0A23, 
    0x0A43, 0x0A23, 0x0A23, 0x01E2, 0x8429, 0x4A27, 0x4229, 0x3185, 0x3165, 0x3185, 0x10C3, 0x3142, 
    0x5A63, 0x01A2, 0x09E3, 0x09C2, 0x09C2, 0x09C2, 0x09C2, 0x09A2, 0x09A2, 0x0982, 0x0982, 0x0962, 
    0x0161, 0x0161, 0x0141, 0x0941, 0x0121, 0x0101, 0x0101, 0x00E1, 0x00E1, 0x00E1, 0x08C1, 0x4120, 
    0x38C0, 0x4120, 0x51C2, 0x7AA3, 0x9365, 0xA3C5, 0xBC26, 0xB3A5, 0xB3A4, 0x9345, 0x0840, 0x0020, 
    0x0020, 0x1860, 0x5181, 0xBC87, 0xA324, 0x9B03, 0x9B04, 0x9AE3, 0xB3C5, 0x7AC4, 0x0020, 0x00A0, 
    0x0080, 0x00A0, 0x00A0, 0x0080, 0x0080, 0x0040, 0x28E1, 0xD549, 0xB446, 0x6244, 0x6A63, 0x0000, 
    0x0080, 0x00C1, 0x00E1, 0x0101, 0x0101, 0x00C1, 0x00A0, 0x0080, 0x00A0, 0x00E1, 0x0101, 0x0142, 
    0x0162, 0x0182, 0x0182, 0x0162, 0x0162, 0x0182, 0x0162, 0x0182, 0x09C2, 0x2243, 0x1A23, 0x2223, 
    0x2243, 0x1A03, 0x0121, 0x0162, 0x0182, 0x0161, 0x0162, 0x0141, 0x0141, 0x0141, 0x0141, 0x0141, 
    0x0121, 0x0121, 0x0141, 0x0141, 0x0121, 0x0101, 0x0121, 0x0101, 0x0101, 0x00E1, 0x00E1, 0x00E0, 
    0x1161, 0x19A2, 0x1162, 0x1962, 0x0901, 0x00C1, 0x00A1, 0x00A0, 0x00A0, 0x0000, 0x5A65, 0x5A24, 
    0x72E6, 0x1080, 0x0060, 0x0080, 0x0060, 0x0040, 0x10A1, 0x6A84, 0x5224, 0x5A44, 0x0020, 0x00C1, 
    0x00C0, 0x00E1, 0x00E1, 0x00E1, 0x19A2, 0x19C2, 0x19C2, 0x19C2, 0x0121, 0x0101, 0x0121, 0x0121, 
    0x0121, 0x0121, 0x0121, 0x0121, 0x0141, 0x0161, 0x0181, 0x0161, 0x0161, 0x0182, 0x0161, 0x0182, 
    0x0182, 0x0182, 0x0182, 0x0182, 0x0182, 0x0182, 0x0182, 0x2244, 0x2264, 0x1A23, 0x2244, 0x1A23, 
    0x0182, 0x0182, 0x0182, 0x0182, 0x0161, 0x0162, 0x0182, 0x0162, 0x0162, 0x0142, 0x0141, 0x0121, 
    0x00E1, 0x00E1, 0x0121, 0x0141, 0x0141, 0x0121, 0x00E1, 0x00C1, 0x0040, 0x3942, 0x7283, 0xC466, 
    0xA3C6, 0x1040, 0x0040, 0x0080, 0x0080, 0x0080, 0x0080, 0x00A0, 0x00A0, 0x0080, 0x0040, 0x18C1, 
    0xBCA9, 0x92C3, 0x92E3, 0x92E3, 0x92E3, 0x8283, 0x9B65, 0xB468, 0xBCA8, 0xBC46, 0xB3C4, 0xBC26, 
    0xB447, 0x8B04, 0x4941, 0x2080, 0x1060, 0x0000, 0x0040, 0x00A0, 0x00E1, 0x0101, 0x0121, 0x0101, 
    0x0101, 0x0101, 0x0121, 0x0141, 0x0141, 0x0161, 0x0162, 0x0162, 0x0982, 0x0982, 0x09A2, 0x09C2, 
    0x09C3, 0x09E2, 0x09E3, 0x09E3, 0x1203, 0x01A2, 0x09C2, 0x8C4A, 0x62A7, 0x5ACB, 0x5289, 0x39C7, 
    0x39A4, 0x9C8A, 0x1A03, 0x01C2, 0x0A43, 0x0A23, 0x0A23, 0x0A23, 0x0A23, 0x0A23, 0x1263, 0x93E7, 
    0xC103, 0xF1A6, 0xE145, 0xE965, 0xE924, 0xE0E3, 0xE8E3, 0xA861, 0xD924, 0xE0C3, 0xD8C2, 0xD081, 
    0xC841, 0xC041, 0x9000, 0x8A23, 0x3242, 0x0263, 0x12C4, 0x12C4, 0x0AC4, 0x12C4, 0x0AA4, 0x0AA4, 
    0x12A4, 0x12A4, 0x0222, 0x2AC5, 0xAC4B, 0xC288, 0xF9C7, 0xE062, 0xB1A4, 0x83C7, 0x01A1, 0x0A63, 
    0x0A43, 0x0A43, 0x0A43, 0x0A43, 0x0A43, 0x0A43, 0x0A43, 0x0A43, 0x0A43, 0x0A23, 0x0203, 0x1202, 
    0x8387, 0x2945, 0x3185, 0x2965, 0x2944, 0x2104, 0x18E3, 0x10A2, 0x6AA4, 0x0982, 0x09E3, 0x09E3, 
    0x09E3, 0x09C2, 0x09C2, 0x09C2, 0x09C2, 0x09A2, 0x0982, 0x0982, 0x0962, 0x0161, 0x0962, 0x0942, 
    0x0941, 0x0121, 0x0121, 0x0921, 0x0101, 0x0101, 0x00C1, 0x0020, 0x0020, 0x0820, 0x0820, 0x1840, 
    0x2880, 0x4100, 0x61E2, 0x7AC4, 0x9345, 0xBC47, 0xCD2A, 0x41C3, 0x0000, 0x0820, 0x30A0, 0x9BA5, 
    0xBC47, 0x92C3, 0x92E3, 0x92E3, 0x92E3, 0xB3E6, 0x20C1, 0x0040, 0x0080, 0x0080, 0x00A0, 0x0080, 
    0x0080, 0x0040, 0x20A0, 0xB3E6, 0xB406, 0x6A64, 0x59E3, 0x0000, 0x00C0, 0x00E1, 0x0121, 0x0142, 
    0x0142, 0x0101, 0x0101, 0x00E1, 0x0101, 0x0121, 0x0141, 0x0142, 0x0162, 0x0162, 0x0182, 0x0182, 
    0x0162, 0x0182, 0x0182, 0x0162, 0x11E3, 0x1A23, 0x1A23, 0x2223, 0x2244, 0x0161, 0x0161, 0x0161, 
    0x0161, 0x0161, 0x0141, 0x0161, 0x0141, 0x0141, 0x0141, 0x0141, 0x0141, 0x0141, 0x0121, 0x0121, 
    0x0121, 0x0101, 0x0101, 0x0101, 0x0101, 0x0101, 0x00E0, 0x0101, 0x19A2, 0x1982, 0x1962, 0x1162, 
    0x00C1, 0x00C1, 0x00A0, 0x00A0, 0x00C1, 0x0000, 0x5A65, 0x5A24, 0x72E6, 0x1080, 0x0060, 0x0080, 
    0x0060, 0x0040, 0x10A1, 0x6AA4, 0x5A64, 0x6265, 0x0000, 0x00C1, 0x00C1, 0x00C0, 0x00E1, 0x00C1, 
    0x0941, 0x19C2, 0x19A2, 0x21E2, 0x0941, 0x00E1, 0x0121, 0x0121, 0x0121, 0x0141, 0x0141, 0x0141, 
    0x0141, 0x0161, 0x0161, 0x0161, 0x0161, 0x0161, 0x0161, 0x0182, 0x0182, 0x0182, 0x0182, 0x0182, 
    0x01A2, 0x0182, 0x0181, 0x09C2, 0x2264, 0x2244, 0x1A23, 0x2264, 0x1203, 0x0182, 0x01A2, 0x01A2, 
    0x0182, 0x0182, 0x0182, 0x0182, 0x0182, 0x0182, 0x0162, 0x0142, 0x0121, 0x0142, 0x0162, 0x0162, 
    0x0162, 0x0142, 0x0101, 0x00E1, 0x0060, 0x3122, 0x8B04, 0xBC45, 0x82C4, 0x0000, 0x0040, 0x0080, 
    0x0080, 0x0080, 0x0080, 0x0080, 0x0080, 0x0080, 0x0040, 0x2901, 0xBC89, 0x8A83, 0x92E3, 0x8AA3, 
    0x8A82, 0x8A83, 0x8AC3, 0xA364, 0xABA5, 0x9B85, 0x82E4, 0x6202, 0x4120, 0x2880, 0x1040, 0x0000, 
    0x0000, 0x0040, 0x00A0, 0x00E1, 0x0101, 0x0121, 0x0121, 0x0121, 0x0121, 0x0121, 0x0942, 0x0962, 
    0x0962, 0x0962, 0x0962, 0x0982, 0x0982, 0x0982, 0x09A2, 0x09C2, 0x09C2, 0x09E2, 0x09E3, 0x0A03, 
    0x01A2, 0x1A23, 0x8C6A, 0x5A66, 0x526A, 0x4A48, 0x39C7, 0x39C6, 0x2125, 0x3164, 0x9408, 0x2203, 
    0x01A2, 0x0A23, 0x0A23, 0x0A23, 0x0A43, 0x0A43, 0x1283, 0x9B46, 0xC882, 0xE124, 0xE0E3, 0xE0E3, 
    0xD8C3, 0xE0C2, 0xD8A2, 0xE0C2, 0xD882, 0xD061, 0xC841, 0xC841, 0xC020, 0xB820, 0x9000, 0x81E4, 
    0x3A02, 0x0243, 0x12E4, 0x12E4, 0x12E4, 0x12C4, 0x0AA4, 0x0AA4, 0x12A4, 0x0263, 0x12A4, 0xA4AC, 
    0xB268, 0xF1A6, 0xE0E3, 0xE0C2, 0xC821, 0xAAA5, 0x6345, 0x01A2, 0x1243, 0x0A23, 0x0A43, 0x0A63, 
    0x0A63, 0x0A63, 0x0A43, 0x0A43, 0x0A43, 0x1223, 0x01C2, 0x0100, 0x7B26, 0x2124, 0x2945, 0x2104, 
    0x2103, 0x18C3, 0x1081, 0x1081, 0x5A44, 0x00A0, 0x09C2, 0x1203, 0x0A03, 0x09E2, 0x09E2, 0x09A2, 
    0x09C2, 0x09C2, 0x09A2, 0x0982, 0x0962, 0x0962, 0x0962, 0x0962, 0x0942, 0x0141, 0x0941, 0x0921, 
    0x0121, 0x0121, 0x0101, 0x00A0, 0x0060, 0x0040, 0x0020, 0x0020, 0x0020, 0x0820, 0x1020, 0x1840, 
    0x2080, 0x30E0, 0x6A22, 0x4182, 0x0000, 0x1060, 0x7B06, 0xB448, 0xABA5, 0x8A82, 0x92C3, 0x92E3, 
    0x8AA3, 0xA344, 0x6A63, 0x0000, 0x0080, 0x0080, 0x00A0, 0x0080, 0x0080, 0x0060, 0x0840, 0x8AE4, 
    0xB3E6, 0x82A4, 0x49A2, 0x0040, 0x00C1, 0x0101, 0x0141, 0x0162, 0x0162, 0x0142, 0x0141, 0x0141, 
    0x0141, 0x0162, 0x0182, 0x0182, 0x0182, 0x0182, 0x0182, 0x01A2, 0x0182, 0x0182, 0x0182, 0x11E3, 
    0x1A03, 0x1A03, 0x2223, 0x2264, 0x11C2, 0x0161, 0x0182, 0x0161, 0x0162, 0x0182, 0x0141, 0x0161, 
    0x0141, 0x0141, 0x0141, 0x0141, 0x0141, 0x0121, 0x0121, 0x0121, 0x0121, 0x0121, 0x0101, 0x0121, 
    0x0101, 0x0101, 0x00E0, 0x1162, 0x19A2, 0x1982, 0x1982, 0x0921, 0x00C1, 0x00C1, 0x00A1, 0x00C1, 
    0x00C1, 0x0000, 0x5A85, 0x5A24, 0x72E6, 0x1080, 0x0060, 0x0080, 0x0060, 0x0040, 0x10C1, 0x6AA4, 
    0x5A64, 0x6264, 0x0000, 0x00C1, 0x00C1, 0x00A0, 0x00C0, 0x00E1, 0x0101, 0x19A2, 0x19A2, 0x19C2, 
    0x19C2, 0x0121, 0x0101, 0x0121, 0x0121, 0x0121, 0x0141, 0x0141, 0x0141, 0x0141, 0x0141, 0x0182, 
    0x0182, 0x0141, 0x0141, 0x0161, 0x0181, 0x0162, 0x0182, 0x0181, 0x0182, 0x0182, 0x0182, 0x0181, 
    0x1A23, 0x2A84, 0x1A43, 0x1A43, 0x2284, 0x1203, 0x01A2, 0x0182, 0x0182, 0x0182, 0x0182, 0x0182, 
    0x01A2, 0x01A2, 0x0182, 0x0182, 0x0162, 0x0162, 0x0182, 0x0162, 0x0162, 0x0142, 0x0121, 0x0101, 
    0x0060, 0x4162, 0x9B64, 0xABC5, 0x51A2, 0x0000, 0x0060, 0x0080, 0x0080, 0x0080, 0x0080, 0x0080, 
    0x0080, 0x00A0, 0x0000, 0x6AC6, 0xABC7, 0x7A01, 0x92E3, 0xA364, 0xABE6, 0xA3C6, 0x8B25, 0x6A43, 
    0x4961, 0x30A0, 0x2060, 0x1840, 0x0820, 0x0000, 0x0000, 0x0020, 0x0060, 0x00A0, 0x00E1, 0x0101, 
    0x0121, 0x0121, 0x0121, 0x0121, 0x0121, 0x0142, 0x0942, 0x0962, 0x0962, 0x0962, 0x0962, 0x0982, 
    0x0982, 0x0982, 0x09C2, 0x09A2, 0x09A2, 0x09C3, 0x1203, 0x01A2, 0x2264, 0x9C8A, 0x5206, 0x39E7, 
    0x39C7, 0x3186, 0x2965, 0x2924, 0x2944, 0x18C3, 0x20E2, 0x93E8, 0x32A4, 0x01E2, 0x0A43, 0x0A43, 
    0x0A43, 0x0A63, 0x09E2, 0x9387, 0xA861, 0xD882, 0xD0A2, 0xD082, 0xD082, 0xD061, 0xD061, 0xD041, 
    0xC841, 0xC020, 0xB820, 0xB800, 0xB000, 0xA800, 0x8800, 0x8265, 0x31C2, 0x0223, 0x12E4, 0x12E4, 
    0x12E4, 0x0AC4, 0x12A4, 0x12A4, 0x0223, 0x0A43, 0x9CAB, 0xBAE9, 0xE9C7, 0xE904, 0xD8C3, 0xD041, 
    0xD041, 0xA800, 0xA306, 0x4AC4, 0x01A2, 0x0A43, 0x0A63, 0x0A63, 0x0A63, 0x0A63, 0x0A43, 0x0A43, 
    0x0A23, 0x0181, 0x11E3, 0x29C3, 0x9C49, 0x41C5, 0x18C3, 0x20E3, 0x18C3, 0x18A2, 0x0000, 0x39C4, 
    0x7B26, 0x3182, 0x11E2, 0x01C2, 0x1203, 0x09E3, 0x09E3, 0x09E3, 0x09C2, 0x09A2, 0x09A2, 0x09A2, 
    0x0982, 0x0982, 0x0962, 0x0962, 0x0141, 0x0941, 0x0941, 0x0941, 0x0941, 0x0121, 0x0101, 0x00E1, 
    0x00C1, 0x0080, 0x0080, 0x0060, 0x0040, 0x0020, 0x0020, 0x0000, 0x0000, 0x0820, 0x0000, 0x0000, 
    0x0840, 0x5141, 0x8B05, 0x9B85, 0xA385, 0xABA5, 0xA344, 0x92A3, 0x8262, 0x7A22, 0xA365, 0x20E1, 
    0x0040, 0x0080, 0x0080, 0x0080, 0x0080, 0x0060, 0x0000, 0x59C2, 0xA385, 0x8AE4, 0x51A2, 0x0060, 
    0x00E1, 0x0101, 0x0141, 0x0162, 0x0182, 0x0182, 0x0182, 0x0182, 0x0182, 0x0182, 0x0182, 0x0182, 
    0x0182, 0x01A2, 0x01A2, 0x01A2, 0x0182, 0x0182, 0x09C3, 0x1A23, 0x1A23, 0x1A23, 0x2244, 0x1A03, 
    0x0162, 0x0182, 0x0182, 0x0161, 0x0161, 0x0161, 0x0161, 0x0161, 0x0161, 0x0141, 0x0141, 0x0121, 
    0x0121, 0x0121, 0x0121, 0x0141, 0x0141, 0x0121, 0x0121, 0x0121, 0x0101, 0x0101, 0x0101, 0x19A2, 
    0x1982, 0x1982, 0x1982, 0x00E1, 0x00E1, 0x00C1, 0x00A0, 0x00C1, 0x00C1, 0x0000, 0x6285, 0x5A24, 
    0x72E6, 0x1080, 0x0080, 0x0080, 0x0060, 0x0040, 0x10C1, 0x6AA4, 0x5244, 0x6264, 0x0000, 0x00C1, 
    0x00C0, 0x00C0, 0x00C0, 0x00E1, 0x00E1, 0x1161, 0x19C2, 0x19C2, 0x21E3, 0x0961, 0x0101, 0x0141, 
    0x0121, 0x0121, 0x0141, 0x0141, 0x0141, 0x0141, 0x0141, 0x0161, 0x0182, 0x0182, 0x0161, 0x0182, 
    0x0182, 0x0182, 0x0161, 0x0161, 0x0181, 0x0181, 0x0182, 0x01A2, 0x09A2, 0x2264, 0x2264, 0x1A43, 
    0x2264, 0x1A44, 0x01A2, 0x0182, 0x01A2, 0x0182, 0x0182, 0x0182, 0x0182, 0x0182, 0x0182, 0x0182, 
    0x0182, 0x0182, 0x0182, 0x0182, 0x0182, 0x0162, 0x0121, 0x0101, 0x0060, 0x6A23, 0x9B44, 0x9325, 
    0x1880, 0x0000, 0x0060, 0x0060, 0x0060, 0x0080, 0x0080, 0x0080, 0x0080, 0x0000, 0x39A3, 0xB468, 
    0x9B24, 0xABC6, 0xA3A5, 0x8B24, 0x6A43, 0x4961, 0x28A0, 0x1860, 0x0820, 0x0020, 0x0020, 0x0000, 
    0x0020, 0x0020, 0x0060, 0x0080, 0x00C1, 0x00E1, 0x00E1, 0x0101, 0x0121, 0x0121, 0x0121, 0x0942, 
    0x0942, 0x0141, 0x0941, 0x0941, 0x0962, 0x0962, 0x0162, 0x0162, 0x0982, 0x09A2, 0x09A2, 0x09A2, 
    0x09C2, 0x09C2, 0x0161, 0x2223, 0x9C6A, 0x3984, 0x2966, 0x2945, 0x2924, 0x2124, 0x2103, 0x18E3, 
    0x18C3, 0x18C3, 0x1082, 0x1881, 0x93A7, 0x32A4, 0x0203, 0x1264, 0x0A43, 0x0A64, 0x0161, 0x6B05, 
    0x9143, 0xB800, 0xC841, 0xC840, 0xC821, 0xC020, 0xC020, 0xC020, 0xB800, 0xB000, 0xB000, 0xA800, 
    0x9800, 0x9800, 0x7020, 0x93A8, 0x1141, 0x0243, 0x0AC4, 0x0AC4, 0x12C4, 0x12C4, 0x12E4, 0x0263, 
    0x1284, 0x94AA, 0x9A87, 0xD924, 0xE0A2, 0xD882, 0xD041, 0xC820, 0xB800, 0xB000, 0x8800, 0x9AA4, 
    0x5304, 0x0203, 0x0A63, 0x0A43, 0x0A43, 0x0A23, 0x0A23, 0x0A23, 0x01C2, 0x5B88, 0x8C0A, 0x7B69, 
    0x8BA7, 0x6285, 0x1082, 0x18C2, 0x10A2, 0x1082, 0x1081, 0x8388, 0x8347, 0x72E5, 0x8B65, 0x42A4, 
    0x01A2, 0x09E3, 0x09E3, 0x09E3, 0x09C3, 0x09C2, 0x09A2, 0x09A2, 0x0982, 0x0982, 0x0962, 0x0942, 
    0x0141, 0x0941, 0x0942, 0x0141, 0x0121, 0x0121, 0x0121, 0x0101, 0x0101, 0x00E1, 0x00C1, 0x00A0, 
    0x0080, 0x0080, 0x0060, 0x0040, 0x0020, 0x0020, 0x0020, 0x0060, 0x0060, 0x1880, 0x1820, 0x30A0, 
    0x59A1, 0x7AC4, 0x9365, 0x9B65, 0x9B45, 0x82A3, 0x8AA3, 0x9304, 0x0840, 0x0040, 0x0080, 0x0080, 
    0x0080, 0x0060, 0x0020, 0x20A0, 0x8AE4, 0x8AC3, 0x6A23, 0x0060, 0x00E1, 0x0121, 0x0162, 0x0182, 
    0x0182, 0x0182, 0x0182, 0x0182, 0x0182, 0x0182, 0x0182, 0x0182, 0x01A2, 0x01A2, 0x01A2, 0x01A2, 
    0x0162, 0x0182, 0x1A44, 0x1A23, 0x1A23, 0x2244, 0x2244, 0x0982, 0x0182, 0x0161, 0x0182, 0x0162, 
    0x0162, 0x0182, 0x0182, 0x0182, 0x0161, 0x0141, 0x0141, 0x0121, 0x0121, 0x0121, 0x0121, 0x0121, 
    0x0121, 0x0121, 0x0121, 0x0121, 0x0101, 0x00E0, 0x0941, 0x19C2, 0x1982, 0x1982, 0x0941, 0x00C1, 
    0x00E1, 0x00C1, 0x00C0, 0x00C1, 0x00C1, 0x0000, 0x6285, 0x5A44, 0x72E6, 0x1080, 0x0060, 0x0080, 
    0x0060, 0x0040, 0x10C1, 0x6AA4, 0x5A44, 0x6264, 0x0020, 0x00E1, 0x00C1, 0x00C1, 0x00E1, 0x00E1, 
    0x00E1, 0x0101, 0x19A2, 0x19C2, 0x19E2, 0x19C2, 0x0121, 0x0141, 0x0141, 0x0141, 0x0141, 0x0141, 
    0x0141, 0x0162, 0x0161, 0x0161, 0x0182, 0x0182, 0x0182, 0x0182, 0x0182, 0x0182, 0x0161, 0x0161, 
    0x0181, 0x0181, 0x0182, 0x0182, 0x0182, 0x11C2, 0x2264, 0x1A43, 0x1A23, 0x1A23, 0x1A03, 0x01A2, 
    0x01C2, 0x01A2, 0x0182, 0x0182, 0x0182, 0x01A2, 0x0182, 0x01A2, 0x01A2, 0x0182, 0x01A2, 0x0182, 
    0x0182, 0x0162, 0x0141, 0x0101, 0x0880, 0x82C4, 0x9B44, 0x6A23, 0x0000, 0x0040, 0x0060, 0x0060, 
    0x0080, 0x0060, 0x0080, 0x0060, 0x10A1, 0x83A8, 0xCD29, 0x9B65, 0x82E4, 0x6202, 0x4120, 0x2880, 
    0x1840, 0x0820, 0x0020, 0x0000, 0x0000, 0x0020, 0x0040, 0x0040, 0x0060, 0x0080, 0x00A0, 0x00C1, 
    0x00E1, 0x0101, 0x0101, 0x0101, 0x0101, 0x0121, 0x0121, 0x0941, 0x0942, 0x0942, 0x0942, 0x0962, 
    0x0962, 0x0962, 0x0962, 0x0982, 0x0982, 0x09A2, 0x09A2, 0x09A2, 0x09A2, 0x09A2, 0x0982, 0x944A, 
    0x3943, 0x18E4, 0x18E3, 0x18E3, 0x18C3, 0x18C3, 0x10A2, 0x1082, 0x1082, 0x0861, 0x0861, 0x0020, 
    0x1061, 0x7B05, 0x11C2, 0x0A43, 0x0A43, 0x0A43, 0x0182, 0x2982, 0x9B47, 0x8800, 0xB820, 0xB000, 
    0xB000, 0xB000, 0xB000, 0xA800, 0xA800, 0xA000, 0xA000, 0x9800, 0x9820, 0x7000, 0x7A25, 0x6B05, 
    0x00E0, 0x0A84, 0x12C4, 0x0AA4, 0x0AA4, 0x12C4, 0x0283, 0x2B05, 0xACCA, 0x91A4, 0xB8A3, 0xC020, 
    0xC020, 0xC020, 0xC000, 0xB000, 0xA800, 0xA000, 0x9800, 0x8000, 0x9223, 0x6B24, 0x09E2, 0x0A43, 
    0x0A23, 0x0A23, 0x0A43, 0x01E2, 0x63E8, 0x7B69, 0x2925, 0x18E4, 0x1062, 0x18A1, 0x1061, 0x1062, 
    0x1061, 0x0861, 0x10A2, 0x18C2, 0x0000, 0x0000, 0x1040, 0x82E5, 0x3A83, 0x01C2, 0x09E3, 0x09C2, 
    0x09C2, 0x09A2, 0x09A2, 0x09A2, 0x0982, 0x0962, 0x0962, 0x0141, 0x0141, 0x0141, 0x0141, 0x0141, 
    0x0141, 0x0121, 0x0121, 0x0101, 0x0101, 0x0101, 0x00E1, 0x00C1, 0x00A0, 0x00A0, 0x00A0, 0x0080, 
    0x0080, 0x0060, 0x0060, 0x0080, 0x0060, 0x0020, 0x0020, 0x0820, 0x1040, 0x2060, 0x30C0, 0x4941, 
    0x6A23, 0x9325, 0x9B64, 0xB3C5, 0x9345, 0x0881, 0x0040, 0x0080, 0x0060, 0x0060, 0x0040, 0x0000, 
    0x6203, 0x8AE3, 0x7243, 0x10A1, 0x00E1, 0x0141, 0x0162, 0x0182, 0x0162, 0x0182, 0x01A2, 0x0182, 
    0x0182, 0x0182, 0x01A2, 0x01A2, 0x01A2, 0x01A2, 0x0182, 0x01A2, 0x0182, 0x1A03, 0x1A23, 0x1A23, 
    0x2223, 0x2244, 0x11C3, 0x0161, 0x0161, 0x0161, 0x0181, 0x0182, 0x0182, 0x0182, 0x0161, 0x0162, 
    0x0162, 0x0161, 0x0141, 0x0141, 0x0141, 0x0121, 0x0121, 0x0141, 0x0141, 0x0141, 0x0121, 0x0101, 
    0x0101, 0x0101, 0x19A2, 0x19C2, 0x19A2, 0x19A2, 0x0101, 0x00E1, 0x00E1, 0x00C1, 0x00C1, 0x00C1, 
    0x00C1, 0x0000, 0x5A85, 0x5A44, 0x6AC6, 0x1080, 0x0080, 0x0080, 0x0060, 0x0040, 0x10C1, 0x6AA5, 
    0x5A64, 0x6264, 0x0020, 0x00E1, 0x00C1, 0x00C0, 0x00C0, 0x0101, 0x0101, 0x00C0, 0x0941, 0x19C2, 
    0x19C2, 0x2203, 0x1182, 0x0121, 0x0121, 0x0141, 0x0141, 0x0161, 0x0162, 0x0162, 0x0161, 0x0161, 
    0x0161, 0x0161, 0x0182, 0x0182, 0x0182, 0x0182, 0x0161, 0x0182, 0x0182, 0x0182, 0x0182, 0x0182, 
    0x09A2, 0x0161, 0x1A03, 0x2284, 0x1A44, 0x1A43, 0x1A43, 0x1203, 0x0182, 0x0182, 0x0182, 0x01A2, 
    0x0182, 0x01A2, 0x01A2, 0x01A2, 0x01A2, 0x01A2, 0x0182, 0x0182, 0x0182, 0x0182, 0x0161, 0x00E1, 
    0x2942, 0x8AE4, 0x9324, 0x30E1, 0x0000, 0x0060, 0x0060, 0x0060, 0x0060, 0x0060, 0x0060, 0x0020, 
    0x3962, 0xA3C6, 0x59A1, 0x3900, 0x2060, 0x1020, 0x0820, 0x0000, 0x0000, 0x0000, 0x0020, 0x0040, 
    0x0040, 0x0060, 0x0060, 0x0080, 0x00A0, 0x00C0, 0x00C1, 0x00E1, 0x0101, 0x0101, 0x0101, 0x0101, 
    0x0101, 0x0121, 0x0121, 0x0941, 0x0942, 0x0942, 0x0142, 0x0962, 0x0962, 0x0162, 0x0982, 0x0182, 
    0x0982, 0x0182, 0x0982, 0x0982, 0x09A2, 0x0141, 0x5326, 0x6AA6, 0x0021, 0x1082, 0x1061, 0x1082, 
    0x1061, 0x0861, 0x0841, 0x0841, 0x0820, 0x0020, 0x0000, 0x0020, 0x0000, 0x3921, 0x4A63, 0x0203, 
    0x0A43, 0x0A43, 0x0A03, 0x0080, 0x6AC5, 0x9A66, 0x9000, 0xA800, 0xA000, 0xA000, 0x9800, 0x9800, 
    0x9000, 0x9000, 0x9000, 0x9000, 0x8000, 0x7123, 0x93C8, 0x0860, 0x01A2, 0x0AA4, 0x0AA4, 0x0AA4, 
    0x0AA4, 0x0AA4, 0x0AA4, 0x2A22, 0x9BC7, 0x9964, 0x9800, 0xA020, 0xA000, 0xA000, 0xA000, 0x9800, 
    0x9800, 0x9000, 0x8800, 0x7000, 0x8AC6, 0x6243, 0x09C2, 0x0A43, 0x0A23, 0x0A43, 0x0223, 0x2284, 
    0x9408, 0x1082, 0x10A2, 0x1061, 0x1082, 0x0861, 0x0861, 0x0841, 0x0841, 0x0841, 0x0021, 0x0020, 
    0x0020, 0x0020, 0x0000, 0x1060, 0x72A3, 0x0982, 0x09E3, 0x09C3, 0x09C2, 0x09A2, 0x09A2, 0x09A2, 
    0x0982, 0x0962, 0x0962, 0x0142, 0x0942, 0x0141, 0x0141, 0x0141, 0x0121, 0x0121, 0x0121, 0x0121, 
    0x0121, 0x0101, 0x0101, 0x00E1, 0x00E1, 0x00C1, 0x00C1, 0x00C1, 0x00A0, 0x00A0, 0x00A0, 0x00A0, 
    0x00A0, 0x0060, 0x0040, 0x0020, 0x0000, 0x0000, 0x0000, 0x1040, 0x2060, 0x40E0, 0x5981, 0x6A22, 
    0x9B64, 0xBC67, 0x3942, 0x0020, 0x0060, 0x0060, 0x0060, 0x0020, 0x28C1, 0x8AC4, 0x7A43, 0x2121, 
    0x00C1, 0x0162, 0x0162, 0x0182, 0x0182, 0x01A2, 0x0182, 0x01A2, 0x01A2, 0x0182, 0x01A2, 0x01A2, 
    0x01A2, 0x0182, 0x0182, 0x0182, 0x11E3, 0x1A43, 0x1A23, 0x1A23, 0x2243, 0x11E3, 0x0161, 0x0181, 
    0x0182, 0x0182, 0x0182, 0x0182, 0x0182, 0x0182, 0x0182, 0x0182, 0x0182, 0x0162, 0x0161, 0x0141, 
    0x0121, 0x0121, 0x0121, 0x0121, 0x0121, 0x0121, 0x0121, 0x0121, 0x0101, 0x1162, 0x19C2, 0x1182, 
    0x19A2, 0x0941, 0x00C1, 0x00E1, 0x00E1, 0x00E1, 0x00C1, 0x00C1, 0x00C1, 0x0000, 0x6285, 0x5224, 
    0x6AC6, 0x1080, 0x0080, 0x0080, 0x0060, 0x0040, 0x10C1, 0x6AA5, 0x5A44, 0x6285, 0x0020, 0x00C1, 
    0x00C1, 0x00C1, 0x00C1, 0x00E1, 0x00E1, 0x00E1, 0x0101, 0x19E3, 0x19E2, 0x2203, 0x1A03, 0x0121, 
    0x0121, 0x0141, 0x0141, 0x0141, 0x0161, 0x0161, 0x0161, 0x0181, 0x0181, 0x0182, 0x01A2, 0x0182, 
    0x01A2, 0x01A2, 0x01A2, 0x0182, 0x01A2, 0x01A2, 0x0182, 0x0182, 0x09A2, 0x0182, 0x0182, 0x1A44, 
    0x2284, 0x2264, 0x1A44, 0x2244, 0x09E3, 0x0182, 0x0182, 0x01A2, 0x0182, 0x0182, 0x01A2, 0x01A2, 
    0x01A2, 0x01A2, 0x01A2, 0x01A2, 0x01A2, 0x0182, 0x0162, 0x00E1, 0x41A2, 0x8AE4, 0x7283, 0x0000, 
    0x0000, 0x0020, 0x0040, 0x0060, 0x0060, 0x0060, 0x0060, 0x0060, 0x0040, 0x1820, 0x1840, 0x0840, 
    0x0000, 0x0000, 0x0000, 0x0020, 0x0040, 0x0040, 0x0060, 0x0080, 0x0080, 0x00A0, 0x00A0, 0x00A0, 
    0x00C0, 0x00C1, 0x00C1, 0x00E1, 0x0101, 0x0101, 0x0101, 0x0101, 0x0101, 0x0101, 0x0121, 0x0121, 
    0x0141, 0x0141, 0x0942, 0x0962, 0x0962, 0x0161, 0x0982, 0x0982, 0x0982, 0x0182, 0x0182, 0x0982, 
    0x09A2, 0x0141, 0x6AE4, 0x20A1, 0x0020, 0x0820, 0x0020, 0x0020, 0x0020, 0x0020, 0x0000, 0x0000, 
    0x0000, 0x0000, 0x0000, 0x0000, 0x0000, 0x1061, 0x6222, 0x01E2, 0x0A43, 0x0A23, 0x0A03, 0x0162, 
    0x0080, 0x8B86, 0x9225, 0x8000, 0x9000, 0x9000, 0x9000, 0x9000, 0x8800, 0x8800, 0x8800, 0x7800, 
    0x70E2, 0xA409, 0x20E1, 0x00E1, 0x0A43, 0x0AA4, 0x0AA4, 0x0AA4, 0x0AC4, 0x0AC4, 0x0AC4, 0x0182, 
    0x10A0, 0x8BA7, 0x9184, 0x9000, 0x9800, 0x9000, 0x9000, 0x9000, 0x9000, 0x8800, 0x7000, 0x8B06, 
    0x5203, 0x0060, 0x01C2, 0x0A43, 0x0A43, 0x0A63, 0x0203, 0x52E4, 0x6224, 0x0001, 0x0861, 0x0861, 
    0x0841, 0x0841, 0x0841, 0x0020, 0x0020, 0x0020, 0x0000, 0x0000, 0x0000, 0x0000, 0x0020, 0x0000, 
    0x4961, 0x1941, 0x01C3, 0x09E3, 0x09C2, 0x09C2, 0x09A2, 0x0982, 0x0162, 0x0162, 0x0962, 0x0942, 
    0x0941, 0x0941, 0x0121, 0x0121, 0x0121, 0x0101, 0x0101, 0x0121, 0x0101, 0x0101, 0x00E1, 0x00E1, 
    0x00E1, 0x00E1, 0x00E1, 0x00C1, 0x00C1, 0x00C1, 0x00C1, 0x00A0, 0x00A0, 0x0080, 0x0080, 0x0060, 
    0x0040, 0x0020, 0x0020, 0x0000, 0x0000, 0x0020, 0x1040, 0x2080, 0x28A0, 0x4941, 0x20C1, 0x0000, 
    0x0060, 0x0020, 0x0020, 0x0040, 0x0020, 0x6203, 0x7A83, 0x4161, 0x00C1, 0x0162, 0x0182, 0x0182, 
    0x01A2, 0x09C3, 0x01A2, 0x01C2, 0x01C2, 0x0182, 0x01A2, 0x01A2, 0x0182, 0x01A2, 0x0182, 0x09C3, 
    0x1A23, 0x2244, 0x2244, 0x2244, 0x1A23, 0x0182, 0x0182, 0x0182, 0x0182, 0x0182, 0x0182, 0x0182, 
    0x0181, 0x0182, 0x0182, 0x0182, 0x0182, 0x0182, 0x0162, 0x0141, 0x0141, 0x0121, 0x0121, 0x0121, 
    0x0121, 0x0121, 0x0141, 0x0121, 0x0941, 0x19E2, 0x19A2, 0x19A2, 0x1182, 0x0101, 0x0101, 0x00E1, 
    0x00E1, 0x00E1, 0x00C1, 0x00C0, 0x00C0, 0x0000, 0x5A65, 0x5203, 0x6AC6, 0x1080, 0x0060, 0x0080, 
    0x0060, 0x0040, 0x10C1, 0x6264, 0x5224, 0x6285, 0x0020, 0x00C1, 0x00C1, 0x00E1, 0x00E1, 0x00C1, 
    0x00E1, 0x0101, 0x0101, 0x1182, 0x2203, 0x19E2, 0x2203, 0x11A2, 0x0101, 0x0141, 0x0141, 0x0141, 
    0x0141, 0x0161, 0x0162, 0x0181, 0x0182, 0x0161, 0x0181, 0x0182, 0x0182, 0x0182, 0x01A2, 0x0182, 
    0x01A2, 0x0182, 0x0182, 0x01A2, 0x09A2, 0x01A2, 0x0182, 0x09A2, 0x2264, 0x1A44, 0x1A44, 0x1A44, 
    0x1A43, 0x09E2, 0x01A2, 0x01A2, 0x0182, 0x09C3, 0x01C2, 0x01C2, 0x01A2, 0x01A2, 0x01C2, 0x01C2, 
    0x01A2, 0x0182, 0x0162, 0x00C1, 0x51A2, 0x9324, 0x3941, 0x0000, 0x18C1, 0x3982, 0x3142, 0x0060, 
    0x0040, 0x0060, 0x0060, 0x0040, 0x0040, 0x0000, 0x0000, 0x0000, 0x0020, 0x0020, 0x0040, 0x0040, 
    0x0060, 0x0080, 0x00A0, 0x00A0, 0x00C1, 0x00C1, 0x00C1, 0x00C1, 0x00C1, 0x00E1, 0x00E1, 0x00E1, 
    0x0101, 0x0101, 0x0101, 0x0101, 0x0101, 0x0101, 0x0121, 0x0121, 0x0121, 0x0121, 0x0121, 0x00E1, 
    0x0162, 0x0962, 0x0162, 0x0982, 0x0982, 0x0982, 0x0182, 0x0982, 0x09A2, 0x0161, 0x51E2, 0x0820, 
    0x0000, 0x0000, 0x0000, 0x0000, 0x0000, 0x0000, 0x0000, 0x0000, 0x0000, 0x0000, 0x0000, 0x0000, 
    0x0000, 0x0820, 0x59E2, 0x0941, 0x0A23, 0x0A23, 0x0A43, 0x09E2, 0x0121, 0x0860, 0x8BA7, 0x8A25, 
    0x7800, 0x8800, 0x8000, 0x8800, 0x8000, 0x8000, 0x7000, 0x70E2, 0x9BC8, 0x2901, 0x0080, 0x01E2, 
    0x0A84, 0x0AA4, 0x0AA4, 0x0AA4, 0x0AA4, 0x0AA4, 0x0AA4, 0x0A43, 0x00E1, 0x1060, 0x93C7, 0x8943, 
    0x8800, 0x8800, 0x8800, 0x8800, 0x8800, 0x7800, 0x9307, 0x5223, 0x0000, 0x0121, 0x0203, 0x0A63, 
    0x0A63, 0x0A63, 0x01C2, 0x5243, 0x4982, 0x0000, 0x0840, 0x0020, 0x0020, 0x0020, 0x0020, 0x0020, 
    0x0000, 0x0000, 0x0000, 0x0000, 0x0000, 0x0000, 0x0000, 0x0000, 0x4162, 0x2161, 0x0182, 0x09E3, 
    0x09C2, 0x09A2, 0x0982, 0x0162, 0x0162, 0x0142, 0x0962, 0x0121, 0x0101, 0x0141, 0x0141, 0x0121, 
    0x0101, 0x0901, 0x0901, 0x0901, 0x0901, 0x0101, 0x0101, 0x0101, 0x0101, 0x0101, 0x00E1, 0x00E1, 
    0x00E1, 0x00E1, 0x00C1, 0x00C1, 0x00C0, 0x00A0, 0x00A0, 0x0080, 0x0080, 0x0060, 0x0060, 0x0040, 
    0x0020, 0x0020, 0x0000, 0x0000, 0x0820, 0x0000, 0x0000, 0x0040, 0x0000, 0x3142, 0x41E3, 0x10C1, 
    0x0000, 0x28E1, 0x8AE4, 0x51A1, 0x00C1, 0x0162, 0x0182, 0x01A2, 0x09C3, 0x09C3, 0x09C3, 0x09C3, 
    0x01A2, 0x01A2, 0x0182, 0x01A2, 0x01A2, 0x0182, 0x09E3, 0x1A44, 0x1A23, 0x1A23, 0x2243, 0x1A23, 
    0x09C2, 0x0182, 0x0182, 0x01A2, 0x0182, 0x0182, 0x0182, 0x0181, 0x0182, 0x0182, 0x0161, 0x0182, 
    0x0162, 0x0161, 0x0161, 0x0141, 0x0141, 0x0121, 0x0141, 0x0141, 0x0121, 0x0121, 0x0141, 0x0101, 
    0x1182, 0x21E2, 0x19A2, 0x19C2, 0x0941, 0x00E1, 0x0101, 0x00E1, 0x00C1, 0x00E1, 0x00C1, 0x00C0, 
    0x00C1, 0x0000, 0x5A65, 0x51E3, 0x6AC5, 0x1080, 0x0060, 0x0080, 0x0060, 0x0040, 0x10C1, 0x6AA5, 
    0x5224, 0x5A64, 0x0020, 0x00C1, 0x00C1, 0x00C1, 0x00E1, 0x00E1, 0x00E1, 0x0101, 0x0101, 0x0121, 
    0x19C2, 0x19E2, 0x19E2, 0x1A03, 0x0941, 0x0121, 0x0141, 0x0161, 0x0161, 0x0141, 0x0161, 0x0181, 
    0x09A2, 0x01A2, 0x0181, 0x0181, 0x0182, 0x01A2, 0x01A2, 0x01A2, 0x0182, 0x01A2, 0x09A2, 0x01A2, 
    0x0182, 0x01A2, 0x09A2, 0x01A2, 0x09A2, 0x2264, 0x1A64, 0x1A43, 0x1A43, 0x1A43, 0x09C2, 0x01C2, 
    0x01A2, 0x01C2, 0x01C2, 0x01C2, 0x01C2, 0x01C2, 0x01A2, 0x01A2, 0x01A2, 0x0182, 0x0121, 0x00C1, 
    0x6222, 0x8B24, 0x0820, 0x5204, 0xAC06, 0xCCE8, 0xD509, 0x82E5, 0x1080, 0x0060, 0x0060, 0x0060, 
    0x0040, 0x0020, 0x0020, 0x0040, 0x0040, 0x0040, 0x0040, 0x0040, 0x0040, 0x0060, 0x0060, 0x0060, 
    0x0040, 0x0060, 0x0040, 0x0040, 0x0060, 0x0060, 0x0060, 0x0060, 0x0060, 0x0060, 0x0060, 0x0080, 
    0x00A0, 0x00A0, 0x00A0, 0x00C0, 0x00E1, 0x00E1, 0x00A0, 0x83C8, 0x3203, 0x00E1, 0x0982, 0x0162, 
    0x0982, 0x0982, 0x0982, 0x0982, 0x09A2, 0x0141, 0x6243, 0x1060, 0x0000, 0x0000, 0x0000, 0x0000, 
    0x0000, 0x0000, 0x0000, 0x0000, 0x0000, 0x0000, 0x0000, 0x0000, 0x0000, 0x0840, 0x6A64, 0x0101, 
    0x0A23, 0x0A43, 0x0A43, 0x0A23, 0x09E3, 0x0101, 0x0040, 0x8346, 0x8A25, 0x7800, 0x8000, 0x7800, 
    0x7800, 0x7000, 0x70E3, 0x9BE9, 0x28E1, 0x0040, 0x0182, 0x0243, 0x0A84, 0x0AA4, 0x0AA4, 0x0AA4, 
    0x0AA4, 0x0A84, 0x0AA4, 0x0A84, 0x0A03, 0x0101, 0x18C0, 0x9B86, 0x78A1, 0x8000, 0x8000, 0x8000, 
    0x7000, 0x8A46, 0x6B05, 0x0000, 0x0121, 0x01C2, 0x0A43, 0x0A43, 0x0A43, 0x0A63, 0x0203, 0x2982, 
    0x51A2, 0x0000, 0x0020, 0x0000, 0x0000, 0x0000, 0x0000, 0x0000, 0x0000, 0x0000, 0x0000, 0x0000, 
    0x0000, 0x0000, 0x0000, 0x0000, 0x72A5, 0x1101, 0x0182, 0x09C2, 0x09A2, 0x0982, 0x0182, 0x0982, 
    0x0962, 0x0962, 0x00C0, 0x4266, 0x7305, 0x08E0, 0x0101, 0x00E1, 0x00A0, 0x00A0, 0x00A0, 0x0080, 
    0x0080, 0x0080, 0x0060, 0x0060, 0x0060, 0x0060, 0x0060, 0x0060, 0x0060, 0x0060, 0x0060, 0x0040, 
    0x0040, 0x0040, 0x0040, 0x0060, 0x0060, 0x0060, 0x0060, 0x0060, 0x0060, 0x0040, 0x0040, 0x0020, 
    0x0000, 0x0020, 0x0020, 0x0860, 0xAC8A, 0xDDAB, 0xBC46, 0x9324, 0x4182, 0x0820, 0x82C4, 0x59E2, 
    0x00A1, 0x0142, 0x0182, 0x01A2, 0x09E3, 0x01C2, 0x01C3, 0x01C3, 0x01A2, 0x01A2, 0x0182, 0x01A2, 
    0x01A2, 0x09C2, 0x1A23, 0x1A23, 0x1A23, 0x1A44, 0x2244, 0x09C2, 0x0182, 0x0182, 0x0182, 0x0182, 
    0x0182, 0x0182, 0x0182, 0x0182, 0x0182, 0x0182, 0x0182, 0x0162, 0x0182, 0x0182, 0x0161, 0x0162, 
    0x0141, 0x0141, 0x0141, 0x0121, 0x0141, 0x0141, 0x0121, 0x0941, 0x21E3, 0x19C2, 0x19A2, 0x1182, 
    0x00E1, 0x00E1, 0x00E1, 0x00C1, 0x00C1, 0x00C1, 0x00C1, 0x00C1, 0x00C1, 0x0000, 0x5A65, 0x5203, 
    0x7326, 0x1080, 0x0060, 0x0080, 0x0060, 0x0040, 0x18C1, 0x72C5, 0x5224, 0x5A64, 0x0020, 0x00E1, 
    0x00E1, 0x00C1, 0x00C1, 0x0101, 0x0101, 0x00E1, 0x0101, 0x0101, 0x0961, 0x19E3, 0x19C2, 0x19E3, 
    0x19E2, 0x0141, 0x0141, 0x0141, 0x0141, 0x0161, 0x0141, 0x0161, 0x0182, 0x09C2, 0x09A2, 0x0182, 
    0x01C2, 0x01C2, 0x01A2, 0x01C2, 0x01A2, 0x01A2, 0x01A2, 0x0182, 0x0181, 0x0182, 0x01A2, 0x0182, 
    0x09A2, 0x1A43, 0x2284, 0x2264, 0x1A44, 0x1A43, 0x1A44, 0x09E3, 0x01A2, 0x01A2, 0x01A2, 0x01C2, 
    0x01C2, 0x09C3, 0x09C3, 0x09C3, 0x01A2, 0x0182, 0x0141, 0x00A0, 0x7263, 0x7284, 0x3962, 0xB425, 
    0xC487, 0xD5AB, 0xFF10, 0xE5CC, 0x59C3, 0x0040, 0x0060, 0x0060, 0x0060, 0x0060, 0x0060, 0x0060, 
    0x0880, 0x10C1, 0x18E1, 0x2121, 0x3982, 0x41E3, 0x5224, 0x5A84, 0x62A5, 0x6AE5, 0x6B06, 0x7B46, 
    0x83A8, 0x8BE9, 0x9409, 0x9C49, 0x9C6A, 0xA4AB, 0xA4AB, 0xA4AB, 0xA4CB, 0xA4AB, 0xA4AA, 0x9C69, 
    0xA469, 0xA449, 0xAC69, 0xDDCD, 0x8B46, 0x3182, 0x0962, 0x0162, 0x0162, 0x0162, 0x0182, 0x0162, 
    0x0982, 0x0121, 0x4A03, 0x6265, 0x0000, 0x0000, 0x0000, 0x0000, 0x0000, 0x1081, 0x0000, 0x0861, 
    0x0000, 0x0000, 0x0000, 0x0000, 0x0000, 0x5245, 0x6284, 0x0121, 0x0A63, 0x0A63, 0x0A43, 0x0A23, 
    0x0A23, 0x09E3, 0x0101, 0x0060, 0x8B86, 0x89E4, 0x6800, 0x7800, 0x7000, 0x6882, 0xA3C9, 0x3121, 
    0x0060, 0x0161, 0x0203, 0x0A84, 0x0AA4, 0x0A83, 0x0A83, 0x0AA4, 0x0AA4, 0x0A84, 0x0AA4, 0x0AA4, 
    0x0A43, 0x0A03, 0x00A0, 0x3161, 0xA367, 0x7000, 0x7800, 0x7000, 0x7123, 0x8367, 0x0040, 0x0101, 
    0x09E2, 0x0A23, 0x0A23, 0x0A43, 0x0A43, 0x0A43, 0x0A43, 0x00E1, 0x7AA4, 0x2102, 0x0000, 0x0000, 
    0x0000, 0x0000, 0x18E2, 0x3983, 0x0000, 0x41C3, 0x0840, 0x0000, 0x0000, 0x0000, 0x0000, 0x41E4, 
    0x72A4, 0x0060, 0x09A2, 0x09C2, 0x09A2, 0x0982, 0x0162, 0x0962, 0x0162, 0x0141, 0x4A44, 0xC58F, 
    0xB427, 0x8B04, 0x93A7, 0x9C07, 0xA449, 0xA469, 0xA489, 0x9C69, 0x9428, 0x9408, 0x8BC8, 0x83C8, 
    0x8388, 0x7B67, 0x7326, 0x6B06, 0x6AE6, 0x62C5, 0x62A5, 0x5A65, 0x5A24, 0x5203, 0x49E3, 0x41A2, 
    0x3142, 0x2921, 0x1901, 0x10C1, 0x0080, 0x0060, 0x0060, 0x0060, 0x0060, 0x0040, 0x0000, 0x8346, 
    0xFFD2, 0xFF0F, 0xDDCB, 0xA3A5, 0x9B23, 0x3921, 0x6A43, 0x6A02, 0x0080, 0x0141, 0x0182, 0x01A2, 
    0x01C3, 0x01C3, 0x01C3, 0x01C2, 0x01C3, 0x09C3, 0x01A2, 0x01C2, 0x09C2, 0x1A23, 0x1A23, 0x1A23, 
    0x1A43, 0x2264, 0x1A03, 0x0182, 0x0182, 0x0182, 0x0161, 0x0181, 0x01A2, 0x0182, 0x0182, 0x0182, 
    0x0182, 0x0182, 0x0182, 0x0182, 0x0182, 0x0161, 0x0161, 0x0182, 0x0161, 0x0162, 0x0141, 0x0141, 
    0x0141, 0x0121, 0x0100, 0x11C2, 0x19E2, 0x19A2, 0x21E3, 0x0941, 0x00E1, 0x00E1, 0x00E1, 0x00C1, 
    0x00C1, 0x00C1, 0x00C1, 0x00C1, 0x00C1, 0x0000, 0x6285, 0x5223, 0x7B67, 0x18A1, 0x0060, 0x0080, 
    0x0060, 0x0040, 0x10C1, 0x72C5, 0x5A24, 0x6285, 0x0020, 0x00E1, 0x00E1, 0x00E1, 0x00E1, 0x00E1, 
    0x0101, 0x0101, 0x0101, 0x0121, 0x0101, 0x19C2, 0x19E3, 0x19C2, 0x2223, 0x09A2, 0x0141, 0x0161, 
    0x0161, 0x0161, 0x0141, 0x0161, 0x0161, 0x09A2, 0x0182, 0x0181, 0x09C2, 0x09C2, 0x01A2, 0x01A2, 
    0x01A2, 0x01A2, 0x01A2, 0x0182, 0x0182, 0x0161, 0x0181, 0x09E2, 0x1A23, 0x1203, 0x1A44, 0x2284, 
    0x1A43, 0x1A43, 0x1A44, 0x1A43, 0x09E3, 0x01A2, 0x01A2, 0x01C2, 0x01C2, 0x09C3, 0x01C2, 0x01A2, 
    0x01A2, 0x01A2, 0x0141, 0x00A0, 0x6A42, 0x6A64, 0x82C3, 0xA3A5, 0x5A24, 0x9BA6, 0xE5EC, 0xC4EA, 
    0x7223, 0x0840, 0x0060, 0x0060, 0x0060, 0x0080, 0x0060, 0x0860, 0x0860, 0x1080, 0x1080, 0x1080, 
    0x1880, 0x1881, 0x1881, 0x20C1, 0x2901, 0x2921, 0x3121, 0x4161, 0x49C2, 0x51E2, 0x51E2, 0x49C2, 
    0x51C3, 0x5A03, 0x6244, 0x6A63, 0x7284, 0x82C4, 0x82C4, 0x82C3, 0x8AC4, 0x9B24, 0x9B24, 0x8AC3, 
    0x7263, 0x2921, 0x0101, 0x0162, 0x0162, 0x0162, 0x0982, 0x0182, 0x0982, 0x0182, 0x00A0, 0x8306, 
    0x62A6, 0x10A2, 0x0841, 0x1903, 0x7327, 0x7B26, 0x0000, 0x5223, 0x7B27, 0x2123, 0x0881, 0x10C2, 
    0x5287, 0x8347, 0x1080, 0x01A2, 0x0A43, 0x0A43, 0x0A43, 0x0A23, 0x0A23, 0x0A23, 0x01E2, 0x0101, 
    0x0860, 0x8BC6, 0x7964, 0x7000, 0x6020, 0x9BA8, 0x3961, 0x0040, 0x0162, 0x01E3, 0x0A64, 0x0A84, 
    0x0A84, 0x0A84, 0x12A4, 0x0283, 0x0263, 0x0A63, 0x0A64, 0x0A84, 0x0A64, 0x0A43, 0x09E2, 0x0080, 
    0x6AE4, 0x9AA6, 0x6800, 0x5841, 0x9388, 0x20C0, 0x00A0, 0x01C2, 0x0A43, 0x0A23, 0x0A23, 0x0A43, 
    0x0A23, 0x0A23, 0x0A23, 0x0141, 0x20C0, 0x8B66, 0x5266, 0x18E3, 0x18E3, 0x4A26, 0xAC89, 0x5203, 
    0x0000, 0x7AE4, 0x8B66, 0x3963, 0x10A1, 0x18E2, 0x5AA7, 0x8B67, 0x1040, 0x00E1, 0x09A2, 0x09A2, 
    0x0982, 0x0982, 0x0162, 0x0162, 0x0162, 0x0121, 0x3962, 0x9304, 0x7A62, 0x7A83, 0x7A83, 0x7A83, 
    0x7AA3, 0x7AA3, 0x7283, 0x7283, 0x6243, 0x5A03, 0x5A03, 0x5203, 0x49C3, 0x4182, 0x3962, 0x3942, 
    0x3121, 0x2901, 0x20E1, 0x20C1, 0x1880, 0x1880, 0x18A0, 0x10A0, 0x10A0, 0x1060, 0x0860, 0x0040, 
    0x0040, 0x0060, 0x0080, 0x0080, 0x0080, 0x0080, 0x0040, 0xBC89, 0xF68D, 0xF66C, 0xB467, 0x59E2, 
    0x82C3, 0x6A22, 0x6244, 0x6202, 0x0080, 0x0141, 0x01A2, 0x01C2, 0x09E3, 0x09E3, 0x01C2, 0x01A2, 
    0x01C2, 0x01C2, 0x01A2, 0x09E3, 0x1203, 0x1A23, 0x1A24, 0x1A44, 0x1A23, 0x1A23, 0x1A03, 0x1203, 
    0x11C2, 0x0182, 0x0161, 0x0161, 0x0161, 0x0161, 0x0182, 0x0161, 0x0182, 0x0182, 0x0182, 0x0182, 
    0x0162, 0x0161, 0x0161, 0x0182, 0x0162, 0x0161, 0x0141, 0x0141, 0x0141, 0x0101, 0x0962, 0x1A03, 
    0x19C2, 0x19C2, 0x11A2, 0x00E1, 0x00E1, 0x00E1, 0x00C1, 0x00C1, 0x00E1, 0x00C1, 0x00C1, 0x00A0, 
    0x00C1, 0x0000, 0x5A85, 0x5203, 0x7B47, 0x1080, 0x0060, 0x0080, 0x0060, 0x0040, 0x10C1, 0x6AC5, 
    0x5A43, 0x6264, 0x0020, 0x00E1, 0x00E1, 0x00E1, 0x00E1, 0x00E1, 0x0101, 0x0101, 0x0101, 0x0121, 
    0x0101, 0x0141, 0x19E3, 0x19E2, 0x19E3, 0x19E3, 0x0141, 0x0161, 0x0141, 0x0161, 0x0182, 0x0162, 
    0x0182, 0x0182, 0x09A2, 0x0182, 0x01A2, 0x01A2, 0x01A2, 0x01A2, 0x01A2, 0x01A2, 0x01A2, 0x01A2, 
    0x0181, 0x09A2, 0x1203, 0x1A43, 0x1223, 0x1223, 0x1203, 0x11E3, 0x2264, 0x1A43, 0x2264, 0x1A64, 
    0x1A43, 0x09C2, 0x01C2, 0x01C2, 0x01C2, 0x09E3, 0x01A2, 0x01C2, 0x01A2, 0x0182, 0x0162, 0x00A0, 
    0x4981, 0x6203, 0x8B04, 0x59E2, 0x4182, 0xB3E5, 0x9344, 0x9B44, 0x6202, 0x0000, 0x0060, 0x0040, 
    0x0000, 0x0020, 0x0880, 0x18E2, 0x2943, 0x3183, 0x39E4, 0x49E4, 0x41C3, 0x3983, 0x3163, 0x2922, 
    0x18E2, 0x08A1, 0x0040, 0x0000, 0x0000, 0x0000, 0x0000, 0x0000, 0x0000, 0x0000, 0x0020, 0x0020, 
    0x0000, 0x0000, 0x0000, 0x0040, 0x0880, 0x18C1, 0x2901, 0x8B24, 0x3141, 0x0080, 0x0141, 0x0121, 
    0x0141, 0x0162, 0x0982, 0x0182, 0x0982, 0x09A2, 0x0101, 0x0020, 0x5A03, 0x7B06, 0x7B27, 0x7B07, 
    0x9BC7, 0x5A03, 0x0000, 0x3122, 0x9B85, 0x6AC5, 0x8B88, 0x7B27, 0x6244, 0x0840, 0x00E1, 0x0203, 
    0x0A23, 0x0A23, 0x0A23, 0x0A43, 0x0A23, 0x0A23, 0x0A23, 0x01C2, 0x00C1, 0x18C0, 0xA44A, 0x5821, 
    0x82A6, 0x5A63, 0x0020, 0x0161, 0x01E3, 0x0A43, 0x0A64, 0x0A64, 0x0A84, 0x12A4, 0x0284, 0x2AE5, 
    0x2284, 0x0243, 0x0A63, 0x0A63, 0x0A43, 0x0A84, 0x0A43, 0x01A2, 0x0880, 0xA428, 0x7081, 0x7A25, 
    0x5223, 0x0020, 0x0182, 0x0203, 0x0A43, 0x0A23, 0x0A43, 0x0A43, 0x0203, 0x0A03, 0x0A03, 0x09E2, 
    0x00C0, 0x1060, 0x6264, 0x7B47, 0x7B26, 0x5A24, 0x8B66, 0x20E2, 0x0000, 0x51C3, 0x7AA4, 0x51C3, 
    0x72C5, 0x7AE6, 0x6224, 0x0820, 0x0080, 0x0141, 0x0182, 0x0982, 0x0982, 0x0162, 0x0962, 0x0962, 
    0x0141, 0x0121, 0x0020, 0x51E3, 0x7263, 0x1880, 0x0860, 0x0040, 0x0040, 0x0040, 0x0020, 0x0000, 
    0x0000, 0x0000, 0x0000, 0x0000, 0x0000, 0x0000, 0x0000, 0x0000, 0x0040, 0x0881, 0x18E2, 0x2122, 
    0x3183, 0x41C3, 0x49E3, 0x5223, 0x4A03, 0x41C3, 0x3162, 0x3142, 0x2101, 0x08A1, 0x0040, 0x0020, 
    0x0060, 0x00A0, 0x0060, 0x8B05, 0xBC66, 0xABC5, 0xA344, 0x59C2, 0x49A2, 0x7263, 0x6244, 0x4982, 
    0x0080, 0x0141, 0x0182, 0x01C3, 0x01E3, 0x01E3, 0x01C3, 0x09C3, 0x01C2, 0x01A2, 0x09E2, 0x1A43, 
    0x1A23, 0x1A23, 0x1A23, 0x1A23, 0x11E3, 0x1A03, 0x1A03, 0x1203, 0x1203, 0x11E2, 0x0982, 0x0181, 
    0x0182, 0x01A2, 0x01A2, 0x0182, 0x0181, 0x0161, 0x0182, 0x0161, 0x0161, 0x0161, 0x0162, 0x0161, 
    0x0141, 0x0141, 0x0141, 0x0141, 0x0141, 0x0141, 0x19C3, 0x19E3, 0x19E2, 0x19C2, 0x0121, 0x0101, 
    0x00E1, 0x00C1, 0x00E1, 0x00C1, 0x00C1, 0x00C1, 0x00C1, 0x00C1, 0x00C1, 0x0000, 0x5A65, 0x5203, 
    0x7B47, 0x1081, 0x0060, 0x0080, 0x0060, 0x0040, 0x10C1, 0x72E5, 0x5A64, 0x6264, 0x0020, 0x00E1, 
    0x00E1, 0x00E1, 0x00E1, 0x0101, 0x0101, 0x0101, 0x0101, 0x0121, 0x0121, 0x0101, 0x1182, 0x2203, 
    0x19E3, 0x1A03, 0x11C2, 0x0141, 0x0161, 0x0182, 0x0182, 0x0182, 0x0182, 0x0182, 0x09A2, 0x01A2, 
    0x01C2, 0x01C2, 0x01A2, 0x01C2, 0x01A2, 0x0181, 0x0161, 0x09A2, 0x1203, 0x1A43, 0x1A23, 0x1223, 
    0x1A23, 0x11E2, 0x01A2, 0x0162, 0x11E3, 0x2284, 0x1A64, 0x1A64, 0x1A64, 0x1A64, 0x1223, 0x09E3, 
    0x01C2, 0x01C2, 0x01C2, 0x01C2, 0x01C2, 0x01A2, 0x0162, 0x00C1, 0x20E1, 0x61E2, 0x82A3, 0x4162, 
    0x18A1, 0x8AC3, 0x9B24, 0x8AE4, 0x18A1, 0x0000, 0x0000, 0x08A1, 0x41E4, 0x72E5, 0x8B46, 0x9B86, 
    0x9B85, 0x9365, 0x9345, 0x9325, 0x9344, 0x9345, 0x8B25, 0x8B25, 0x8B25, 0x8B25, 0x8305, 0x72C4, 
    0x6284, 0x5224, 0x41C3, 0x2962, 0x10A1, 0x0040, 0x0040, 0x0040, 0x0060, 0x0080, 0x00A0, 0x00C0, 
    0x00A0, 0x00A0, 0x0040, 0x0040, 0x00A0, 0x0101, 0x0121, 0x0121, 0x0141, 0x0162, 0x0982, 0x0982, 
    0x0982, 0x0982, 0x0962, 0x00C1, 0x0000, 0x0000, 0x0000, 0x0840, 0x8386, 0x1040, 0x0000, 0x0000, 
    0x72A4, 0x20C0, 0x0000, 0x0000, 0x0000, 0x00E1, 0x01C2, 0x0203, 0x0A23, 0x0A23, 0x0A23, 0x0A23, 
    0x0A23, 0x0A23, 0x0A23, 0x0A03, 0x09C2, 0x0080, 0x41C2, 0xA3E9, 0x72E5, 0x0020, 0x0141, 0x0203, 
    0x0A43, 0x0A43, 0x0A43, 0x0A64, 0x0A64, 0x0A44, 0x01A2, 0xBD6C, 0x7326, 0x0202, 0x0A84, 0x0A63, 
    0x0A64, 0x0A63, 0x0A43, 0x0A23, 0x00C1, 0x3981, 0xABC8, 0x7AC5, 0x0040, 0x0121, 0x09E3, 0x0A03, 
    0x0A23, 0x0A23, 0x0A23, 0x0A23, 0x0A03, 0x0A03, 0x0A03, 0x0A03, 0x01A2, 0x00C1, 0x0000, 0x0000, 
    0x0000, 0x3142, 0x62A5, 0x0000, 0x0000, 0x0820, 0x8304, 0x0860, 0x0000, 0x0000, 0x0000, 0x00A0, 
    0x0121, 0x0162, 0x0162, 0x0982, 0x0162, 0x0162, 0x0162, 0x0141, 0x0141, 0x0121, 0x0101, 0x00A0, 
    0x0040, 0x0060, 0x00A0, 0x00A0, 0x00C1, 0x00A0, 0x0080, 0x0040, 0x0020, 0x0040, 0x0880, 0x1901, 
    0x3162, 0x41C3, 0x5224, 0x72A5, 0x8305, 0x8305, 0x8B45, 0x9345, 0x9365, 0x8B24, 0x8B04, 0x8B04, 
    0x8AE4, 0x82C3, 0x82A3, 0x82C4, 0x82C4, 0x7AA4, 0x6244, 0x41A3, 0x18E1, 0x0040, 0x0020, 0x20A0, 
    0x82A4, 0x9B24, 0x9304, 0x28E1, 0x4182, 0x8AC4, 0x61E2, 0x3101, 0x00A1, 0x0162, 0x01A2, 0x01C2, 
    0x01C2, 0x09E3, 0x09E3, 0x09E3, 0x09C2, 0x09E2, 0x1223, 0x1A43, 0x1223, 0x1A23, 0x1A24, 0x09C2, 
    0x01A2, 0x09A2, 0x11E3, 0x11E3, 0x1203, 0x1203, 0x1A23, 0x11E3, 0x09A2, 0x01A2, 0x01A2, 0x0182, 
    0x0182, 0x0181, 0x0182, 0x0162, 0x0161, 0x0182, 0x0162, 0x0161, 0x0141, 0x0161, 0x0141, 0x0141, 
    0x0141, 0x11A2, 0x2203, 0x19C2, 0x19C2, 0x1182, 0x0101, 0x0101, 0x00E1, 0x00E1, 0x00E1, 0x00C1, 
    0x00C1, 0x00C1, 0x00C1, 0x00C1, 0x00C1, 0x0000, 0x5A65, 0x5203, 0x8367, 0x1881, 0x0060, 0x0080, 
    0x0080, 0x0040, 0x10C1, 0x72E5, 0x5A44, 0x6264, 0x0020, 0x00E1, 0x00E1, 0x00E1, 0x0101, 0x00E1, 
    0x0101, 0x0101, 0x0101, 0x0121, 0x0121, 0x0121, 0x0141, 0x19E2, 0x1A03, 0x1A03, 0x1A03, 0x0982, 
    0x0182, 0x09A2, 0x0181, 0x0181, 0x0181, 0x0182, 0x0182, 0x0181, 0x01A2, 0x01A2, 0x01C2, 0x09C2, 
    0x0181, 0x0181, 0x09C2, 0x1A23, 0x1A43, 0x1A43, 0x1A43, 0x1223, 0x09C2, 0x01A2, 0x01C2, 0x01C2, 
    0x0182, 0x09E3, 0x2264, 0x1A64, 0x1A43, 0x1A44, 0x1A44, 0x1223, 0x09E3, 0x01A2, 0x01C2, 0x01C2, 
    0x01A2, 0x0182, 0x0162, 0x00E1, 0x0880, 0x4961, 0x7A63, 0x51C2, 0x0000, 0x1080, 0x20C1, 0x1060, 
    0x0000, 0x0020, 0x5A65, 0x9BC7, 0xABC6, 0xA365, 0x9324, 0x8AE4, 0x82C4, 0x7A83, 0x7243, 0x6A43, 
    0x6A43, 0x7263, 0x7A83, 0x7A83, 0x7AA3, 0x8AE4, 0x9325, 0x9B65, 0x9345, 0x9365, 0x9B86, 0x9386, 
    0x7B06, 0x6AA5, 0x5264, 0x39C3, 0x2122, 0x08A1, 0x0060, 0x0080, 0x0080, 0x00A0, 0x00C1, 0x00C1, 
    0x00E1, 0x0101, 0x0121, 0x0121, 0x0141, 0x0162, 0x0162, 0x0962, 0x0962, 0x0962, 0x0982, 0x0162, 
    0x0121, 0x0101, 0x10E1, 0x9449, 0x5245, 0x18C2, 0x20E2, 0x18E2, 0x3183, 0xA448, 0x3182, 0x00E1, 
    0x0161, 0x01A2, 0x09E3, 0x0A03, 0x09E3, 0x01E3, 0x09E3, 0x09E3, 0x0A03, 0x0A03, 0x0A03, 0x0A23, 
    0x0A03, 0x09A2, 0x0060, 0x8B44, 0x3141, 0x00A0, 0x01C2, 0x0A23, 0x0A43, 0x0A63, 0x0A64, 0x0A64, 
    0x1263, 0x01A2, 0x5306, 0xFF32, 0x9B65, 0x21E2, 0x0223, 0x0A84, 0x0A64, 0x0A43, 0x0A23, 0x0A03, 
    0x01A2, 0x0060, 0x8B65, 0x41A2, 0x0080, 0x01C2, 0x0A03, 0x0A23, 0x0A23, 0x0A03, 0x0A03, 0x0A03, 
    0x01E2, 0x01E3, 0x09E3, 0x0A03, 0x09E3, 0x01A2, 0x0141, 0x00A0, 0x41E4, 0x9C4A, 0x2923, 0x20E2, 
    0x2102, 0x18E2, 0x41E4, 0xA468, 0x2162, 0x00E1, 0x0121, 0x0141, 0x0162, 0x0162, 0x0162, 0x0982, 
    0x0162, 0x0142, 0x0141, 0x0121, 0x0121, 0x0121, 0x0121, 0x00E1, 0x00C1, 0x00C1, 0x00A0, 0x0080, 
    0x0060, 0x0080, 0x10E1, 0x3183, 0x49E4, 0x6285, 0x7AE5, 0x8325, 0x8B25, 0x8B25, 0x9345, 0x9B65, 
    0x9345, 0x8B25, 0x8AE4, 0x8B05, 0x8B05, 0x82C4, 0x7284, 0x6A64, 0x7264, 0x7243, 0x7243, 0x6A23, 
    0x7222, 0x7A63, 0x82A3, 0x8B04, 0x8B04, 0x51E3, 0x0020, 0x0000, 0x0020, 0x20E1, 0x18A0, 0x0000, 
    0x6223, 0x82A4, 0x5181, 0x10A1, 0x00C1, 0x0162, 0x01C2, 0x01C2, 0x01E3, 0x01C2, 0x01E3, 0x01E3, 
    0x1203, 0x1203, 0x1203, 0x1223, 0x1A23, 0x1A23, 0x09E3, 0x01A2, 0x01A2, 0x01A2, 0x01A2, 0x09A2, 
    0x1203, 0x1A23, 0x1A23, 0x1A23, 0x1A44, 0x11E3, 0x01A2, 0x0182, 0x0182, 0x0182, 0x0161, 0x0161, 
    0x0162, 0x0162, 0x0161, 0x0161, 0x0162, 0x0162, 0x0141, 0x0141, 0x0141, 0x19C2, 0x19E3, 0x19C3, 
    0x19C2, 0x0141, 0x0101, 0x0101, 0x0101, 0x00E1, 0x00C1, 0x00C1, 0x00C1, 0x00C1, 0x00C1, 0x00A0, 
    0x00E1, 0x0000, 0x5A64, 0x5203, 0x7B47, 0x18A1, 0x0060, 0x0080, 0x0080, 0x0040, 0x10A1, 0x72C4, 
    0x5A43, 0x5A64, 0x0020, 0x00E1, 0x00E1, 0x00E1, 0x00E1, 0x0101, 0x0101, 0x0101, 0x0101, 0x0101, 
    0x0121, 0x0121, 0x0121, 0x0962, 0x1A03, 0x19E3, 0x1A03, 0x1A03, 0x0182, 0x0182, 0x01A2, 0x0181, 
    0x0182, 0x0182, 0x0182, 0x01A2, 0x01A2, 0x01A2, 0x01A2, 0x0181, 0x09A2, 0x1A23, 0x2264, 0x1A43, 
    0x1A43, 0x1A43, 0x1203, 0x09C2, 0x01A2, 0x01C2, 0x01A2, 0x01A2, 0x09C2, 0x01A2, 0x09C2, 0x1A44, 
    0x1A23, 0x1223, 0x1223, 0x1223, 0x1203, 0x01C2, 0x01A2, 0x01A2, 0x01C2, 0x01A2, 0x0162, 0x0121, 
    0x0080, 0x3101, 0x61E2, 0x7AC4, 0x0000, 0x0040, 0x0040, 0x0060, 0x0060, 0x93C7, 0xBC46, 0x9324, 
    0x6A23, 0x3941, 0x18A0, 0x0860, 0x0040, 0x0040, 0x0040, 0x0020, 0x0020, 0x0040, 0x0040, 0x0060, 
    0x0860, 0x10A0, 0x2101, 0x3962, 0x49C2, 0x6223, 0x7AA4, 0x8B05, 0x8B25, 0x8B25, 0x8B46, 0x8325, 
    0x72E5, 0x6AC5, 0x62A5, 0x4A44, 0x31C3, 0x1102, 0x0080, 0x0060, 0x00A0, 0x00E1, 0x0121, 0x0141, 
    0x0141, 0x0942, 0x0942, 0x0942, 0x0962, 0x0962, 0x0962, 0x0182, 0x0982, 0x0161, 0x3A23, 0xAC27, 
    0x7AE6, 0x7B05, 0x7B05, 0x8345, 0x8B46, 0xA3C7, 0x72A3, 0x0162, 0x09E3, 0x09C2, 0x09C2, 0x09E2, 
    0x01C2, 0x09E3, 0x09C2, 0x09C3, 0x09E3, 0x09E3, 0x0A03, 0x0A03, 0x01E3, 0x09E3, 0x0162, 0x0880, 
    0x0080, 0x0162, 0x0A03, 0x0A23, 0x0A03, 0x0A43, 0x0A43, 0x0A43, 0x0A63, 0x09E2, 0xDE4F, 0xFF31, 
    0x9324, 0x6222, 0x0182, 0x0A43, 0x0A43, 0x0A43, 0x0A23, 0x09E3, 0x09C3, 0x0142, 0x10A0, 0x08A0, 
    0x0162, 0x01E3, 0x0A03, 0x0A23, 0x0A03, 0x0A03, 0x09E3, 0x01E2, 0x01E2, 0x09C2, 0x09E3, 0x09E2, 
    0x09E3, 0x09E3, 0x01C2, 0x0141, 0x7B05, 0x9BC7, 0x8B87, 0x8B66, 0x7B05, 0x8305, 0x8326, 0xA3C7, 
    0x5223, 0x0101, 0x0162, 0x0162, 0x0162, 0x0162, 0x0162, 0x0962, 0x0142, 0x0942, 0x0121, 0x0941, 
    0x0141, 0x0121, 0x00E1, 0x0080, 0x0060, 0x0080, 0x1922, 0x3A04, 0x5AA5, 0x6B06, 0x7B05, 0x7B05, 
    0x8305, 0x9346, 0x9366, 0x8B25, 0x7AC4, 0x6A64, 0x6223, 0x41A2, 0x2921, 0x18C0, 0x1080, 0x0860, 
    0x0840, 0x0040, 0x0040, 0x0040, 0x0040, 0x0040, 0x0040, 0x0860, 0x1080, 0x20C0, 0x3101, 0x59C2, 
    0x7A63, 0x9303, 0x7263, 0x0880, 0x0060, 0x0060, 0x0040, 0x0000, 0x9386, 0x61C2, 0x3101, 0x0060, 
    0x0121, 0x0182, 0x01A2, 0x01C2, 0x09E3, 0x01E3, 0x09E3, 0x1223, 0x1203, 0x11E3, 0x1203, 0x1A23, 
    0x1203, 0x09A2, 0x01C2, 0x01C2, 0x01A2, 0x01A2, 0x09C2, 0x01A2, 0x0181, 0x11E3, 0x1A23, 0x1A23, 
    0x2244, 0x2244, 0x1A03, 0x09C2, 0x0181, 0x0182, 0x0161, 0x0161, 0x0141, 0x0162, 0x0161, 0x0161, 
    0x0162, 0x0161, 0x0141, 0x0121, 0x11C2, 0x19E3, 0x19C2, 0x19E3, 0x0962, 0x0101, 0x0101, 0x0101, 
    0x0101, 0x00E1, 0x00E1, 0x00C1, 0x00C1, 0x00E1, 0x00C1, 0x00C1, 0x00E1, 0x0020, 0x5A64, 0x5203, 
    0x7B47, 0x1081, 0x0060, 0x0080, 0x0080, 0x0040, 0x10A1, 0x6AC4, 0x5A44, 0x5A44, 0x0020, 0x00E1, 
    0x00E1, 0x00E1, 0x0101, 0x0101, 0x0121, 0x0101, 0x0101, 0x0101, 0x0121, 0x0141, 0x0121, 0x0121, 
    0x11A2, 0x19E3, 0x2203, 0x2223, 0x11C2, 0x0161, 0x0181, 0x0161, 0x01A2, 0x09A2, 0x01A2, 0x01A2, 
    0x01A2, 0x01A2, 0x09C2, 0x1A23, 0x1A43, 0x1A43, 0x1A43, 0x1A44, 0x1A23, 0x09C2, 0x01A2, 0x01A2, 
    0x01C2, 0x01C2, 0x01C2, 0x09C2, 0x09C2, 0x01C2, 0x01A2, 0x09C2, 0x1203, 0x1223, 0x1223, 0x1223, 
    0x1203, 0x1203, 0x09E2, 0x01A2, 0x01C2, 0x01C2, 0x01A2, 0x0162, 0x00E1, 0x0880, 0x3901, 0x8AE4, 
    0x6AA4, 0x0000, 0x0040, 0x0000, 0x5A64, 0xA3C5, 0x4141, 0x1880, 0x0020, 0x0020, 0x0060, 0x0080, 
    0x00A0, 0x00A1, 0x00C1, 0x00C1, 0x00C1, 0x00C1, 0x00C1, 0x00C1, 0x00A1, 0x0080, 0x0060, 0x0060, 
    0x0040, 0x0020, 0x0040, 0x0880, 0x20E1, 0x3962, 0x5A23, 0x7284, 0x7AE5, 0x82E4, 0x7AE4, 0x7AE5, 
    0x7AE5, 0x72E5, 0x6AE6, 0x5A65, 0x39E3, 0x1962, 0x0922, 0x00E1, 0x00C0, 0x00C0, 0x00E1, 0x0121, 
    0x0942, 0x0962, 0x0962, 0x0982, 0x0962, 0x0162, 0x00C0, 0x0020, 0x0020, 0x0000, 0x0000, 0x0020, 
    0x0040, 0x0040, 0x0060, 0x0141, 0x09A2, 0x01A2, 0x09C2, 0x09C2, 0x09C3, 0x09C2, 0x09C2, 0x09C2, 
    0x09C2, 0x09E2, 0x09E3, 0x09E3, 0x09E3, 0x09E3, 0x01C2, 0x0101, 0x0101, 0x09C3, 0x0A03, 0x0A03, 
    0x09E3, 0x0A03, 0x0202, 0x01E2, 0x01E2, 0x3264, 0xDD89, 0xE5CB, 0x9345, 0x8AC3, 0x1982, 0x01E2, 
    0x01C2, 0x01E2, 0x09E3, 0x09E3, 0x09E3, 0x01C2, 0x0101, 0x0121, 0x01E2, 0x0203, 0x01E2, 0x0A03, 
    0x09E3, 0x09C2, 0x09C2, 0x01C2, 0x01C2, 0x09C3, 0x09C2, 0x01C2, 0x01C2, 0x01A2, 0x09A2, 0x0182, 
    0x00A0, 0x0040, 0x0040, 0x0020, 0x0000, 0x0000, 0x0020, 0x0000, 0x0060, 0x0142, 0x0142, 0x0962, 
    0x0982, 0x0962, 0x0962, 0x0942, 0x0121, 0x00E1, 0x00A0, 0x0060, 0x0080, 0x00E1, 0x1962, 0x3A24, 
    0x5AA5, 0x7306, 0x7B26, 0x7B05, 0x8305, 0x72C4, 0x72A4, 0x72A4, 0x6264, 0x51E3, 0x3142, 0x18A0, 
    0x0040, 0x0040, 0x0040, 0x0040, 0x0060, 0x0080, 0x00A0, 0x00A1, 0x00C1, 0x00C1, 0x00C1, 0x00C1, 
    0x00C1, 0x00C1, 0x00A1, 0x00A0, 0x0080, 0x0060, 0x0040, 0x0000, 0x1060, 0x4141, 0x9303, 0x51E2, 
    0x0000, 0x0040, 0x0000, 0x8BE8, 0x9B86, 0x4921, 0x0880, 0x00C0, 0x0162, 0x01A2, 0x01C3, 0x01C2, 
    0x01C2, 0x0A03, 0x1203, 0x1223, 0x1223, 0x1223, 0x1A23, 0x1A03, 0x01A2, 0x01A2, 0x01C2, 0x01C2, 
    0x01C2, 0x01A2, 0x01A2, 0x01A2, 0x01A2, 0x01A2, 0x09C2, 0x1203, 0x1A43, 0x1A23, 0x1A23, 0x1A23, 
    0x1A03, 0x01A2, 0x0161, 0x0161, 0x0162, 0x0162, 0x0141, 0x0162, 0x0161, 0x0161, 0x0141, 0x1182, 
    0x2203, 0x19E3, 0x19E3, 0x1182, 0x0101, 0x0101, 0x0121, 0x0101, 0x00E1, 0x00E1, 0x00E1, 0x00C1, 
    0x00C1, 0x00C1, 0x00C1, 0x00C1, 0x00E1, 0x0020, 0x5A85, 0x5203, 0x7B47, 0x1080, 0x0060, 0x0080, 
    0x0080, 0x0060, 0x10A1, 0x6AC5, 0x5A64, 0x5A64, 0x0020, 0x00E1, 0x00E1, 0x00E1, 0x0101, 0x0101, 
    0x00E1, 0x0101, 0x0121, 0x0141, 0x0141, 0x0141, 0x0162, 0x0162, 0x0162, 0x19E3, 0x1A03, 0x1A23, 
    0x1A23, 0x09A2, 0x0161, 0x0141, 0x0182, 0x01A2, 0x01A2, 0x0161, 0x0182, 0x11E3, 0x1A43, 0x2244, 
    0x1A23, 0x1A23, 0x1A23, 0x1203, 0x0181, 0x0181, 0x01A2, 0x01A2, 0x01C2, 0x09C2, 0x09E2, 0x01C2, 
    0x01C2, 0x01C2, 0x01C2, 0x01C2, 0x01A2, 0x09E2, 0x1A23, 0x1223, 0x1223, 0x0A03, 0x0A23, 0x0A03, 
    0x09C3, 0x01A2, 0x01A2, 0x0182, 0x0121, 0x00A0, 0x1080, 0x4941, 0xABE6, 0x8BC8, 0x18E2, 0x0000, 
    0x3141, 0x8325, 0x7306, 0x0000, 0x00C0, 0x00C1, 0x00E1, 0x0101, 0x0101, 0x0121, 0x0121, 0x0121, 
    0x0121, 0x0121, 0x0121, 0x0121, 0x0121, 0x0121, 0x0121, 0x0121, 0x0101, 0x0101, 0x00E1, 0x00C1, 
    0x00A0, 0x0060, 0x0020, 0x0040, 0x10A0, 0x2921, 0x41A2, 0x6223, 0x7264, 0x7AA4, 0x82E4, 0x9345, 
    0x9B86, 0x9386, 0x8BA7, 0x7347, 0x5A85, 0x3A04, 0x2183, 0x1122, 0x00E1, 0x00E1, 0x0101, 0x0101, 
    0x00E1, 0x0101, 0x00E1, 0x00C1, 0x00C1, 0x00C1, 0x00C1, 0x00C1, 0x00E1, 0x00E1, 0x0101, 0x0141, 
    0x0982, 0x0982, 0x09A2, 0x09C2, 0x09C2, 0x01C2, 0x01A2, 0x09C2, 0x09C2, 0x01C2, 0x01C2, 0x01C2, 
    0x09E3, 0x09E3, 0x09E3, 0x09C2, 0x09C2, 0x0A03, 0x09E3, 0x0A03, 0x0A03, 0x0161, 0x3243, 0x3A84, 
    0x0101, 0x2982, 0xABA3, 0xBC47, 0x9304, 0x82A3, 0x08A0, 0x19E3, 0x5367, 0x2A43, 0x01C2, 0x0A03, 
    0x01E2, 0x09E3, 0x09C2, 0x09C3, 0x09E3, 0x01E3, 0x09E3, 0x09E2, 0x01C2, 0x01A2, 0x01A2, 0x01A2, 
    0x01C2, 0x01C2, 0x09C2, 0x09A2, 0x09A2, 0x0182, 0x0982, 0x0182, 0x0141, 0x0101, 0x0101, 0x00E1, 
    0x00E1, 0x00E1, 0x00E1, 0x00C1, 0x00E1, 0x0121, 0x0121, 0x0101, 0x00E1, 0x00C0, 0x00A0, 0x0080, 
    0x00A1, 0x1922, 0x3A25, 0x6B48, 0x9449, 0xACEB, 0xB4CA, 0xA407, 0x8B46, 0x8305, 0x7AC4, 0x7284, 
    0x5A03, 0x3982, 0x20E1, 0x0880, 0x0060, 0x0040, 0x0080, 0x00A0, 0x00E1, 0x0101, 0x0121, 0x0121, 
    0x0121, 0x0121, 0x0141, 0x0142, 0x0142, 0x0142, 0x0142, 0x0142, 0x0121, 0x0121, 0x0121, 0x0101, 
    0x0101, 0x00E1, 0x00E1, 0x00C1, 0x0040, 0x6A85, 0xAC07, 0x20C0, 0x0000, 0x2122, 0x9CAA, 0xB469, 
    0x5181, 0x18E1, 0x0080, 0x0121, 0x0182, 0x01A2, 0x01E3, 0x09E3, 0x0A03, 0x1223, 0x1223, 0x1243, 
    0x1203, 0x1203, 0x1203, 0x01A2, 0x01A2, 0x01A2, 0x01C2, 0x01C2, 0x01C2, 0x01A2, 0x01A2, 0x01A2, 
    0x01A2, 0x01A2, 0x01A2, 0x0182, 0x11E3, 0x1A44, 0x1A23, 0x1A23, 0x2244, 0x2244, 0x11E3, 0x0162, 
    0x0141, 0x0161, 0x0161, 0x0161, 0x0161, 0x0141, 0x0982, 0x19E3, 0x19E2, 0x19E2, 0x19C2, 0x0101, 
    0x0101, 0x0121, 0x0101, 0x0121, 0x0121, 0x00E1, 0x00E1, 0x00E1, 0x00C1, 0x00C1, 0x00C1, 0x00C1, 
    0x00E1, 0x0000, 0x62A5, 0x5A24, 0x7B27, 0x1080, 0x0060, 0x0080, 0x0080, 0x0060, 0x10A1, 0x6AA5, 
    0x5A64, 0x6264, 0x0020, 0x00E1, 0x00E1, 0x00E1, 0x00E1, 0x00E1, 0x00E1, 0x0101, 0x0101, 0x0121, 
    0x0121, 0x0142, 0x0142, 0x0141, 0x0141, 0x0962, 0x1A03, 0x1A03, 0x1A03, 0x1A03, 0x0982, 0x0182, 
    0x0182, 0x0182, 0x0182, 0x09C2, 0x1A03, 0x1A23, 0x1A23, 0x1A23, 0x2244, 0x1203, 0x09A2, 0x0181, 
    0x01A2, 0x01A2, 0x01A2, 0x01A2, 0x01C2, 0x01C2, 0x09E2, 0x01C2, 0x01C2, 0x01C2, 0x01C2, 0x01C2, 
    0x01C2, 0x01C2, 0x09E2, 0x1203, 0x1223, 0x1223, 0x1203, 0x0A03, 0x0A03, 0x01C2, 0x01A2, 0x0182, 
    0x0162, 0x0101, 0x00A1, 0x10A0, 0x4121, 0x9386, 0xC4E9, 0xACAA, 0xACCB, 0xC50B, 0x41A2, 0x0080, 
    0x0101, 0x0121, 0x0141, 0x0162, 0x0162, 0x0162, 0x0182, 0x0182, 0x0182, 0x0182, 0x0182, 0x01A2, 
    0x0182, 0x0182, 0x0182, 0x0182, 0x0182, 0x0182, 0x0162, 0x0162, 0x0162, 0x0142, 0x0121, 0x0101, 
    0x00E1, 0x00A1, 0x0080, 0x0060, 0x0060, 0x18E1, 0x3962, 0x51E2, 0x6A43, 0x7AC4, 0x8B05, 0x9345, 
    0xA3A6, 0xA3C6, 0x9BC7, 0x93A7, 0x8BA7, 0x7B66, 0x6306, 0x4A85, 0x31E4, 0x1983, 0x0922, 0x00C1, 
    0x0080, 0x00A0, 0x00C0, 0x00E0, 0x00E1, 0x00E1, 0x0121, 0x0162, 0x0162, 0x0982, 0x0982, 0x0982, 
    0x0982, 0x09A2, 0x09A2, 0x09A2, 0x09A2, 0x09A2, 0x09C2, 0x09A2, 0x09A2, 0x09C2, 0x0162, 0x0121, 
    0x0161, 0x01C2, 0x09E3, 0x0A03, 0x01A2, 0x6B46, 0xFF75, 0xF710, 0x93E5, 0x0881, 0x82A2, 0xAB84, 
    0x92E4, 0x3921, 0x4204, 0xE66D, 0xFF30, 0xDD28, 0x3A02, 0x01C2, 0x09E3, 0x09E2, 0x0161, 0x0141, 
    0x0162, 0x01A2, 0x09C2, 0x01A2, 0x09A2, 0x09A2, 0x01A2, 0x09C2, 0x01C2, 0x09C2, 0x09C2, 0x09A2, 
    0x0982, 0x0982, 0x0182, 0x0162, 0x0141, 0x0121, 0x0101, 0x0100, 0x00E0, 0x00C0, 0x00A0, 0x0080, 
    0x00C0, 0x0922, 0x1163, 0x21A4, 0x3A45, 0x5B06, 0x8408, 0xB50B, 0xD5CC, 0xEE4D, 0xEE2C, 0xD54A, 
    0xB447, 0x8B05, 0x6A23, 0x59C2, 0x4982, 0x3121, 0x18C0, 0x0060, 0x0060, 0x0080, 0x00C1, 0x0101, 
    0x0121, 0x0141, 0x0162, 0x0142, 0x0182, 0x0182, 0x01A2, 0x0182, 0x0182, 0x01A2, 0x01A2, 0x09A2, 
    0x01A2, 0x01A2, 0x01A2, 0x0182, 0x0182, 0x0162, 0x0162, 0x0162, 0x0142, 0x0142, 0x0142, 0x0121, 
    0x00C1, 0x3121, 0xB469, 0xACCA, 0xACCA, 0xC52B, 0x9366, 0x4120, 0x10A1, 0x0080, 0x0101, 0x0162, 
    0x01A2, 0x01E3, 0x09E3, 0x1203, 0x1223, 0x1203, 0x0A03, 0x1223, 0x1203, 0x09E2, 0x01C2, 0x01A2, 
    0x01A2, 0x01C2, 0x01C2, 0x01C2, 0x01C2, 0x01A2, 0x01A2, 0x01A2, 0x01A2, 0x0182, 0x01A2, 0x01A2, 
    0x01A2, 0x09C2, 0x1203, 0x2244, 0x1A44, 0x1A23, 0x1A23, 0x1A03, 0x11C2, 0x0181, 0x0141, 0x0141, 
    0x0141, 0x0141, 0x19E3, 0x19E2, 0x19C2, 0x19E3, 0x0942, 0x0121, 0x0142, 0x0121, 0x0122, 0x0101, 
    0x0101, 0x00E1, 0x00E1, 0x00E1, 0x00C1, 0x00C1, 0x00C1, 0x00A1, 0x00C1, 0x0000, 0x6285, 0x5A44, 
    0x7B27, 0x1080, 0x0060, 0x0080, 0x0080, 0x0060, 0x10A1, 0x6AA4, 0x5244, 0x5A44, 0x0020, 0x00E1, 
    0x00E1, 0x00E1, 0x00E1, 0x0101, 0x0101, 0x0101, 0x0101, 0x0101, 0x0101, 0x0121, 0x0121, 0x0121, 
    0x0142, 0x0142, 0x11A2, 0x19E3, 0x19E3, 0x1A23, 0x19E3, 0x0181, 0x0161, 0x09A2, 0x1A23, 0x1A43, 
    0x1A23, 0x1A23, 0x1A23, 0x1A03, 0x11C2, 0x01A2, 0x0182, 0x01A2, 0x09C2, 0x09C2, 0x01A2, 0x01C2, 
    0x01C2, 0x01C2, 0x01C2, 0x01C2, 0x01C2, 0x01C2, 0x01A2, 0x01A2, 0x01C2, 0x01C2, 0x01A2, 0x01C2, 
    0x0A03, 0x1223, 0x1203, 0x09E2, 0x0A03, 0x1223, 0x09E3, 0x01C2, 0x0182, 0x0141, 0x0121, 0x00C1, 
    0x0060, 0x1040, 0x30E0, 0x5A03, 0x6243, 0x18A0, 0x0060, 0x0101, 0x0142, 0x0162, 0x0182, 0x01A2, 
    0x01A2, 0x09C2, 0x01A2, 0x01C2, 0x01C2, 0x09C2, 0x09C2, 0x01C2, 0x01C2, 0x09C3, 0x01A2, 0x01C2, 
    0x01C3, 0x09C3, 0x09C3, 0x09C2, 0x09C2, 0x09A2, 0x0182, 0x0182, 0x09A2, 0x0182, 0x0162, 0x0141, 
    0x0121, 0x00E1, 0x00C1, 0x0080, 0x0080, 0x08A0, 0x18C1, 0x3121, 0x51E3, 0x6A43, 0x7AA4, 0x8B05, 
    0x9B66, 0x9B86, 0x9BA6, 0xA3E7, 0xA408, 0x9BE8, 0x8BA8, 0x7B47, 0x6B06, 0x5AC6, 0x4A65, 0x31E4, 
    0x2183, 0x1962, 0x1162, 0x0962, 0x0942, 0x0121, 0x0101, 0x0121, 0x0121, 0x0101, 0x0101, 0x0101, 
    0x0121, 0x0121, 0x0141, 0x0161, 0x0141, 0x0101, 0x3A44, 0x7C09, 0x6346, 0x19E2, 0x0161, 0x01C2, 
    0x0961, 0xB488, 0xFF93, 0xF6CE, 0xF609, 0x7304, 0x3961, 0xAB84, 0x7A83, 0x39C3, 0xE64B, 0xF66A, 
    0xE60A, 0xC445, 0x6A42, 0x0142, 0x01A2, 0x0121, 0x5347, 0x8449, 0x4A84, 0x0921, 0x0141, 0x0141, 
    0x0141, 0x0141, 0x0121, 0x0121, 0x0121, 0x0141, 0x0121, 0x0121, 0x0101, 0x0101, 0x0121, 0x0142, 
    0x0942, 0x1142, 0x1963, 0x29E4, 0x3A65, 0x4AA6, 0x6307, 0x7367, 0x9429, 0xACCB, 0xC54C, 0xE62D, 
    0xF68D, 0xEE4C, 0xDDCB, 0xC4E9, 0x9BA6, 0x72A3, 0x4181, 0x28C0, 0x18A0, 0x0880, 0x0060, 0x0060, 
    0x0080, 0x00A0, 0x0101, 0x0121, 0x0142, 0x0162, 0x0162, 0x0182, 0x09A2, 0x0182, 0x01A2, 0x09C3, 
    0x09E3, 0x0A03, 0x0A03, 0x0A03, 0x0A03, 0x0A03, 0x0A03, 0x09E3, 0x09E3, 0x09E3, 0x09E3, 0x09C3, 
    0x09C3, 0x09C3, 0x01A2, 0x0182, 0x0182, 0x0182, 0x0182, 0x0162, 0x0121, 0x0080, 0x18C0, 0x6263, 
    0x6223, 0x30E0, 0x1040, 0x0080, 0x00A0, 0x00E1, 0x0142, 0x0182, 0x01C2, 0x0A03, 0x1203, 0x0A03, 
    0x0A03, 0x0A03, 0x1203, 0x1203, 0x09C2, 0x01A2, 0x01C2, 0x01A2, 0x01A2, 0x01A2, 0x01C2, 0x01A2, 
    0x01C2, 0x01C2, 0x01A2, 0x01A2, 0x01A2, 0x01A2, 0x09C2, 0x01A2, 0x01A2, 0x01A2, 0x0182, 0x09A2, 
    0x1A03, 0x2244, 0x1A03, 0x1A03, 0x1A23, 0x1203, 0x09A2, 0x0161, 0x0141, 0x19E3, 0x19E3, 0x19E3, 
    0x1A03, 0x11A2, 0x0121, 0x0142, 0x0121, 0x0101, 0x0121, 0x0101, 0x0101, 0x0101, 0x0101, 0x00E1, 
    0x00C1, 0x00C1, 0x00C0, 0x00A0, 0x00C1, 0x0000, 0x5A85, 0x5224, 0x7327, 0x1080, 0x0060, 0x0080, 
    0x0080, 0x0060, 0x10C1, 0x6AA5, 0x5244, 0x5A24, 0x0020, 0x00E1, 0x00E1, 0x00E1, 0x00E1, 0x00E1, 
    0x00E1, 0x00E1, 0x00E1, 0x0101, 0x0101, 0x0101, 0x0141, 0x0142, 0x0141, 0x0162, 0x0162, 0x11E3, 
    0x1A03, 0x19E3, 0x1A03, 0x11C2, 0x1203, 0x1A23, 0x1A23, 0x1A23, 0x1A23, 0x1A23, 0x09A2, 0x0181, 
    0x0182, 0x01A2, 0x01A2, 0x09C2, 0x09C2, 0x01C2, 0x01C2, 0x01A2, 0x01A2, 0x01C2, 0x01C2, 0x01A2, 
    0x01C2, 0x01C2, 0x01C2, 0x01C2, 0x01C2, 0x01C2, 0x01C2, 0x01C2, 0x01A2, 0x09E2, 0x09E3, 0x1203, 
    0x1223, 0x0A03, 0x0A03, 0x0A03, 0x09E2, 0x0182, 0x0141, 0x0121, 0x00C1, 0x0080, 0x0060, 0x0060, 
    0x0060, 0x00A1, 0x00E1, 0x0142, 0x01A2, 0x09A2, 0x01C2, 0x09E3, 0x0A03, 0x09E3, 0x09E3, 0x09E3, 
    0x09E3, 0x09C3, 0x09C3, 0x09E3, 0x01E3, 0x0A03, 0x0A03, 0x0A03, 0x09E3, 0x09E3, 0x09E3, 0x09E3, 
    0x0A03, 0x09E3, 0x09E3, 0x09E3, 0x09E3, 0x09C3, 0x09C3, 0x09C3, 0x01A2, 0x0182, 0x09A2, 0x0162, 
    0x0142, 0x0121, 0x00C1, 0x0080, 0x0060, 0x0060, 0x08A0, 0x18E1, 0x2921, 0x3982, 0x49C2, 0x5A03, 
    0x6243, 0x72A4, 0x7AE5, 0x8B25, 0x9B86, 0xA3E7, 0xAC07, 0xA3C6, 0xA3E6, 0xA3E7, 0x9BE7, 0x9BE7, 
    0x93A7, 0x8366, 0x7B46, 0x7B46, 0x7326, 0x6B07, 0x6B06, 0x62E6, 0x6306, 0x62E6, 0x5A85, 0x5264, 
    0x41E3, 0x39A2, 0xABE6, 0xC488, 0xD50A, 0xD56C, 0x7325, 0x0900, 0x00A0, 0x6A22, 0xABA4, 0xD549, 
    0xEE2C, 0xC4C7, 0x3121, 0x8AE3, 0x51A1, 0x83E8, 0xF64B, 0xCCE8, 0x9B44, 0x8AC3, 0x51A1, 0x0020, 
    0x31E3, 0xBD8C, 0xE62E, 0xC4A8, 0xB3C5, 0x7242, 0x3162, 0x5264, 0x5A64, 0x62C5, 0x6B27, 0x6B27, 
    0x6B27, 0x7326, 0x7346, 0x7346, 0x7B46, 0x8387, 0x93E8, 0x9C49, 0xA469, 0xB489, 0xB4AA, 0xBCEA, 
    0xC52A, 0xC509, 0xC4A8, 0xB448, 0xAC07, 0x9BA6, 0x8304, 0x6A43, 0x49A2, 0x28E0, 0x1080, 0x0040, 
    0x0040, 0x0060, 0x00A0, 0x00C1, 0x00E1, 0x00E1, 0x0121, 0x0141, 0x0182, 0x09A2, 0x01A2, 0x09A2, 
    0x09C3, 0x09C3, 0x09E3, 0x09E3, 0x0A03, 0x0A03, 0x09E3, 0x0A23, 0x0A23, 0x0A24, 0x0A24, 0x0A24, 
    0x0A24, 0x0A24, 0x0A03, 0x09E3, 0x0A03, 0x09E3, 0x09E3, 0x09E3, 0x09C3, 0x09E3, 0x09E3, 0x09E3, 
    0x09C3, 0x09C3, 0x01A2, 0x01A2, 0x01A2, 0x0142, 0x00C1, 0x0060, 0x0060, 0x0080, 0x00A0, 0x00E1, 
    0x0142, 0x0182, 0x09C3, 0x09E3, 0x09E3, 0x09E3, 0x09E3, 0x0A03, 0x1223, 0x1203, 0x09E3, 0x01C2, 
    0x01C2, 0x01C2, 0x01C2, 0x01A2, 0x01A2, 0x01C2, 0x01C2, 0x01A2, 0x01A2, 0x01C2, 0x01C2, 0x01A2, 
    0x01A2, 0x01C2, 0x01A2, 0x01A2, 0x01A2, 0x01C2, 0x01C2, 0x01A2, 0x0181, 0x09C2, 0x1A03, 0x1A23, 
    0x1A03, 0x1A03, 0x1A03, 0x11E3, 0x11E3, 0x1A03, 0x19E3, 0x19E3, 0x11C2, 0x0142, 0x0121, 0x0121, 
    0x0121, 0x0121, 0x0101, 0x0101, 0x0101, 0x00E1, 0x00E1, 0x0101, 0x00E1, 0x00E1, 0x00C0, 0x00A0, 
    0x00C1, 0x0000, 0x6285, 0x5A24, 0x7B47, 0x1080, 0x0060, 0x0080, 0x0080, 0x0060, 0x10C1, 0x6AC5, 
    0x5244, 0x5A44, 0x0020, 0x00E1, 0x00C1, 0x00E1, 0x00E1, 0x00E1, 0x0101, 0x0121, 0x0101, 0x0101, 
    0x0101, 0x0121, 0x0141, 0x0121, 0x0141, 0x0161, 0x0162, 0x09A2, 0x1A03, 0x1A03, 0x1A23, 0x1A23, 
    0x1A23, 0x1203, 0x1A23, 0x1A23, 0x11E3, 0x0161, 0x0141, 0x01A2, 0x01A2, 0x01A2, 0x01A2, 0x01A2, 
    0x09C2, 0x09C2, 0x09C2, 0x09C2, 0x01A2, 0x0181, 0x01A2, 0x01C2, 0x01C2, 0x01C2, 0x01C2, 0x01C2, 
    0x01C2, 0x01C2, 0x01A2, 0x01C2, 0x09C2, 0x01C2, 0x01C2, 0x0A03, 0x0A03, 0x0A23, 0x1223, 0x09E3, 
    0x09E3, 0x09C2, 0x01A2, 0x0182, 0x0142, 0x0142, 0x0121, 0x0121, 0x0121, 0x0121, 0x0162, 0x01A2, 
    0x01A2, 0x01A2, 0x09E3, 0x09E3, 0x09E3, 0x09E3, 0x01E3, 0x09E3, 0x09E3, 0x01E3, 0x09E3, 0x0A03, 
    0x09E3, 0x0A03, 0x0A03, 0x0A03, 0x0A03, 0x0A03, 0x0A03, 0x0A03, 0x0A03, 0x0A03, 0x09E3, 0x0A03, 
    0x0A03, 0x0A23, 0x0A03, 0x0A23, 0x0A23, 0x0A03, 0x09E3, 0x09E3, 0x09C3, 0x09C3, 0x09A2, 0x0982, 
    0x0182, 0x0162, 0x0142, 0x0121, 0x00C1, 0x00A0, 0x0060, 0x0060, 0x0080, 0x08A0, 0x10E1, 0x2121, 
    0x3182, 0x41A2, 0x49C2, 0x5A03, 0x6A43, 0x7284, 0x82A4, 0x8AC4, 0x8AE4, 0x9324, 0x9B45, 0xA365, 
    0xA365, 0xA365, 0xA365, 0xA365, 0x9B45, 0x9304, 0x8AC4, 0x8283, 0x7A63, 0x61C2, 0x59A0, 0x30E0, 
    0x59C0, 0x8AC3, 0xB406, 0x8B25, 0x0861, 0x18A0, 0x51C1, 0x5181, 0xABA5, 0xCC86, 0x51C2, 0x6202, 
    0x51E2, 0xB4E9, 0xD4A7, 0x69C1, 0x3100, 0x5181, 0x0000, 0x5203, 0xDDCB, 0xB427, 0x7200, 0x4140, 
    0x3921, 0x69E1, 0x7222, 0x8AE3, 0x8AC3, 0x9324, 0x9B65, 0x9B65, 0x9B45, 0x9B65, 0xA365, 0x9B65, 
    0x9B45, 0x9B65, 0x9B65, 0x9B65, 0x9345, 0x82E5, 0x7284, 0x6A43, 0x51E3, 0x4182, 0x3121, 0x20E1, 
    0x10C1, 0x0880, 0x0060, 0x0060, 0x0060, 0x00A1, 0x00E1, 0x0121, 0x0142, 0x0162, 0x0162, 0x0182, 
    0x0182, 0x0182, 0x09C3, 0x09E3, 0x09E3, 0x0A03, 0x0A03, 0x0A03, 0x0A03, 0x0A24, 0x1224, 0x1244, 
    0x0A24, 0x0A24, 0x0A24, 0x0A23, 0x0A24, 0x0A23, 0x0A24, 0x1244, 0x0A44, 0x0A24, 0x0A03, 0x0A03, 
    0x0A03, 0x0A03, 0x09E3, 0x09E3, 0x09E3, 0x0A03, 0x09E3, 0x09E3, 0x0A03, 0x09E3, 0x09E3, 0x09E3, 
    0x09C3, 0x01A2, 0x0162, 0x0141, 0x0121, 0x0141, 0x0142, 0x0162, 0x01A2, 0x09C2, 0x09E3, 0x0A03, 
    0x1223, 0x0A03, 0x0A03, 0x1244, 0x0A03, 0x01C2, 0x01C3, 0x01C3, 0x01C2, 0x01C2, 0x01C2, 0x01C2, 
    0x01C2, 0x01C2, 0x01C2, 0x01C2, 0x01C2, 0x01C2, 0x01A2, 0x01C2, 0x01C2, 0x01C2, 0x01C2, 0x01C2, 
    0x01C2, 0x01A2, 0x01C2, 0x01C2, 0x0182, 0x0161, 0x0161, 0x09A2, 0x1A03, 0x1A03, 0x19E3, 0x1A03, 
    0x1A03, 0x11C2, 0x19E3, 0x19E3, 0x0162, 0x0142, 0x0142, 0x0121, 0x0121, 0x0101, 0x0101, 0x0101, 
    0x00E1, 0x00E1, 0x00E1, 0x00E1, 0x00E1, 0x00E1, 0x00C0, 0x00C1, 0x00C1, 0x0000, 0x62A5, 0x5A24, 
    0x7B68, 0x1080, 0x0060, 0x0080, 0x0080, 0x0060, 0x10C1, 0x6AC5, 0x5224, 0x5A24, 0x0020, 0x00E1, 
    0x00E1, 0x00E1, 0x00E1, 0x00E1, 0x0101, 0x0101, 0x0101, 0x0101, 0x0101, 0x0101, 0x0121, 0x0141, 
    0x0141, 0x0141, 0x0162, 0x0162, 0x09A2, 0x1A03, 0x1A03, 0x1A03, 0x1A03, 0x1203, 0x09A2, 0x0182, 
    0x0161, 0x0181, 0x0181, 0x0182, 0x01A2, 0x01A2, 0x01A2, 0x01A2, 0x01C2, 0x01C2, 0x09C2, 0x01C2, 
    0x01A2, 0x01A2, 0x01A2, 0x01C2, 0x01C2, 0x01C2, 0x01C2, 0x01C2, 0x01A2, 0x01C2, 0x01A2, 0x01C2, 
    0x09E3, 0x01C2, 0x01A2, 0x01A2, 0x01C2, 0x09E3, 0x0A03, 0x0A03, 0x0A03, 0x0A03, 0x0A03, 0x09E3, 
    0x09E3, 0x01C2, 0x01A2, 0x0182, 0x0182, 0x0182, 0x01A2, 0x09C3, 0x09E3, 0x01C3, 0x09E3, 0x0A03, 
    0x09E3, 0x09E3, 0x0A03, 0x09E3, 0x09E3, 0x0A03, 0x0A03, 0x0A03, 0x0A03, 0x0A23, 0x0A03, 0x0A03, 
    0x0A03, 0x0A03, 0x0A23, 0x0A03, 0x0A03, 0x0A23, 0x0A03, 0x0A23, 0x1244, 0x0A44, 0x1244, 0x0A43, 
    0x0A43, 0x0A44, 0x0A24, 0x0A23, 0x0A23, 0x0A23, 0x0A23, 0x0A03, 0x09E3, 0x09E3, 0x09C3, 0x01C2, 
    0x01A2, 0x01A2, 0x0182, 0x0162, 0x0142, 0x0121, 0x0121, 0x0101, 0x00E1, 0x00A0, 0x0060, 0x0080, 
    0x0060, 0x0060, 0x0080, 0x08A0, 0x08A0, 0x10C0, 0x18E1, 0x20E1, 0x2901, 0x2921, 0x2921, 0x3121, 
    0x3141, 0x3121, 0x2901, 0x2901, 0x2921, 0x2941, 0x10C0, 0x5244, 0x9B85, 0x7A62, 0x61C1, 0x92E3, 
    0x9386, 0x3182, 0x0080, 0x0040, 0x1880, 0xA344, 0x6A42, 0x6243, 0x6AC4, 0xBC86, 0x7221, 0x0040, 
    0x0060, 0x0020, 0x6284, 0xD549, 0x8AE3, 0x61E1, 0x7283, 0x6243, 0x20E1, 0x20E0, 0x3141, 0x3141, 
    0x3141, 0x3141, 0x3141, 0x3121, 0x3121, 0x2901, 0x2101, 0x2101, 0x20E1, 0x18C0, 0x10A0, 0x08A0, 
    0x0080, 0x0060, 0x0060, 0x0080, 0x0080, 0x00A0, 0x00E1, 0x0101, 0x0121, 0x0141, 0x0162, 0x0162, 
    0x0982, 0x09A2, 0x09A2, 0x01A2, 0x01C3, 0x09E3, 0x09E3, 0x09E3, 0x0A03, 0x0A23, 0x0A23, 0x0A44, 
    0x0A23, 0x0A03, 0x0A24, 0x1244, 0x0A24, 0x1244, 0x1264, 0x1244, 0x1224, 0x0A23, 0x0A23, 0x0A24, 
    0x1224, 0x0A24, 0x1244, 0x1244, 0x0A24, 0x1244, 0x0A24, 0x1224, 0x1224, 0x0A03, 0x0A03, 0x09E3, 
    0x0A03, 0x0A03, 0x09E3, 0x0A03, 0x0A03, 0x0A03, 0x0A03, 0x09E3, 0x09E3, 0x01C3, 0x01C2, 0x01A2, 
    0x01A2, 0x01A2, 0x01C2, 0x09C3, 0x09C3, 0x09E3, 0x09E3, 0x0A03, 0x0A03, 0x0A03, 0x0A03, 0x09E3, 
    0x01C2, 0x01A2, 0x01C3, 0x01C3, 0x01C2, 0x01C2, 0x01C2, 0x01C2, 0x01A2, 0x01C2, 0x01C2, 0x01C2, 
    0x01C2, 0x01C2, 0x01C2, 0x01C2, 0x01C2, 0x01C2, 0x01A2, 0x01A2, 0x01A2, 0x01A2, 0x01A2, 0x0182, 
    0x0181, 0x0181, 0x0182, 0x0161, 0x0181, 0x09A2, 0x11E3, 0x1A03, 0x19E3, 0x11E3, 0x19E3, 0x0982, 
    0x0141, 0x0121, 0x0121, 0x0121, 0x0101, 0x0101, 0x0101, 0x00E1, 0x0101, 0x00E1, 0x00E1, 0x00E1, 
    0x00E1, 0x00E1, 0x00E1, 0x00C1, 0x00C1, 0x0000, 0x6285, 0x5A44, 0x7B68, 0x1080, 0x0060, 0x0080, 
    0x0080, 0x0060, 0x10C1, 0x72C5, 0x5224, 0x5A23, 0x0020, 0x00E1, 0x00E1, 0x00E1, 0x00E1, 0x00E1, 
    0x00E1, 0x0101, 0x0121, 0x0121, 0x0121, 0x0121, 0x0121, 0x0141, 0x0142, 0x0162, 0x0182, 0x0162, 
    0x0182, 0x09C2, 0x19E3, 0x19E3, 0x1A03, 0x19E3, 0x0161, 0x0161, 0x0182, 0x01A2, 0x01A2, 0x01A2, 
    0x01A2, 0x09C2, 0x01C2, 0x01C2, 0x09E3, 0x09E2, 0x09E2, 0x01C2, 0x01C2, 0x01C2, 0x01A2, 0x01C2, 
    0x01C2, 0x01C2, 0x01C2, 0x01C2, 0x01C2, 0x01A2, 0x01C2, 0x01E2, 0x01A2, 0x0182, 0x01C2, 0x01C2, 
    0x01C2, 0x01C2, 0x01E2, 0x0A03, 0x1223, 0x0A23, 0x0A03, 0x09E3, 0x09E3, 0x0A03, 0x01E3, 0x09E3, 
    0x09E3, 0x01C3, 0x01E3, 0x09E3, 0x09E3, 0x0A03, 0x0A03, 0x0A23, 0x0A03, 0x0A03, 0x0A23, 0x0A03, 
    0x09E3, 0x09E3, 0x0A03, 0x0A03, 0x0A03, 0x0A03, 0x0A24, 0x0A23, 0x0A23, 0x0A03, 0x0A23, 0x1223, 
    0x1223, 0x0A23, 0x0A24, 0x0A24, 0x0A24, 0x0A44, 0x0A23, 0x0A23, 0x0A44, 0x0A44, 0x0A03, 0x0A44, 
    0x0A23, 0x0A23, 0x0A43, 0x0A43, 0x0A43, 0x0A23, 0x0A03, 0x0A23, 0x0A03, 0x0A03, 0x0A03, 0x01E3, 
    0x09E3, 0x09C3, 0x09C2, 0x09C2, 0x09C2, 0x09A2, 0x09A2, 0x09A2, 0x0182, 0x0162, 0x0162, 0x0142, 
    0x0122, 0x0121, 0x0121, 0x0101, 0x00E1, 0x00E1, 0x00E1, 0x00E1, 0x0101, 0x0101, 0x0101, 0x0101, 
    0x0121, 0x0142, 0x1121, 0xC467, 0x9B43, 0x2901, 0x1080, 0x4941, 0x7A82, 0x9B85, 0x72E3, 0x4202, 
    0x5A83, 0x51A2, 0x59C1, 0x7B05, 0x7AE4, 0x82C3, 0x3121, 0x5A63, 0x41C2, 0x8B65, 0xB446, 0x7A62, 
    0x3100, 0x0880, 0x3961, 0x9324, 0x6202, 0x00A0, 0x0101, 0x0101, 0x0101, 0x0101, 0x00E1, 0x00E1, 
    0x00E1, 0x00E1, 0x00E1, 0x0101, 0x0101, 0x0121, 0x0142, 0x0141, 0x0162, 0x0182, 0x0982, 0x0982, 
    0x09A2, 0x09C3, 0x09C3, 0x09E3, 0x09E3, 0x09E3, 0x09C3, 0x0A03, 0x0A03, 0x0A03, 0x0A03, 0x0A03, 
    0x0A23, 0x0A23, 0x0A03, 0x0A23, 0x0A44, 0x0A64, 0x0A44, 0x1244, 0x1244, 0x1244, 0x0A23, 0x0A24, 
    0x0A23, 0x1244, 0x0A44, 0x1224, 0x0A24, 0x0A24, 0x0A24, 0x1244, 0x0A24, 0x1244, 0x1244, 0x1264, 
    0x1244, 0x0A24, 0x0A24, 0x0A23, 0x0A24, 0x0A03, 0x0A03, 0x09E3, 0x01E3, 0x09E3, 0x09E3, 0x0A03, 
    0x0A03, 0x0A03, 0x0A03, 0x0A03, 0x0A03, 0x09E3, 0x09E3, 0x09E3, 0x01C2, 0x01E3, 0x09E3, 0x09E3, 
    0x01E2, 0x0A03, 0x1223, 0x0A03, 0x09E3, 0x01C2, 0x01C2, 0x01E3, 0x01E3, 0x01C3, 0x01C2, 0x01C2, 
    0x01C2, 0x01C2, 0x01C2, 0x01C2, 0x01C2, 0x01A2, 0x01C2, 0x01C2, 0x01A2, 0x01C2, 0x01C2, 0x01C2, 
    0x01C2, 0x09C2, 0x09C2, 0x01A2, 0x01A2, 0x01A2, 0x01A2, 0x01A2, 0x0182, 0x0182, 0x0182, 0x0182, 
    0x0161, 0x0162, 0x11E2, 0x1A03, 0x1A03, 0x19E3, 0x09A2, 0x0141, 0x0142, 0x0141, 0x0121, 0x0121, 
    0x0101, 0x0101, 0x0101, 0x00E1, 0x00E1, 0x00E1, 0x0101, 0x0101, 0x00E1, 0x00E1, 0x00C1, 0x00C1, 
    0x00E1, 0x0020, 0x5A85, 0x5224, 0x7B68, 0x1080, 0x0060, 0x0080, 0x0080, 0x0060, 0x10C1, 0x72E5, 
    0x5224, 0x5204, 0x0020, 0x00E1, 0x00E1, 0x0101, 0x00E1, 0x00E1, 0x0101, 0x0101, 0x0101, 0x0121, 
    0x0121, 0x0121, 0x0121, 0x0121, 0x0141, 0x0141, 0x0162, 0x0182, 0x0182, 0x0182, 0x11C2, 0x19E3, 
    0x11E3, 0x1A03, 0x11C3, 0x0182, 0x0182, 0x0182, 0x01C2, 0x01A2, 0x01A2, 0x01C2, 0x01C2, 0x01C2, 
    0x09E3, 0x09E2, 0x01C2, 0x01C2, 0x01A2, 0x01A2, 0x01C2, 0x01C2, 0x01C2, 0x01C2, 0x01C3, 0x01C2, 
    0x01A2, 0x01C2, 0x01E2, 0x01E2, 0x01C2, 0x01A2, 0x01E3, 0x01C2, 0x01E3, 0x01C2, 0x01E3, 0x01C2, 
    0x09E3, 0x0A03, 0x0A03, 0x0A03, 0x0A03, 0x0A03, 0x0A23, 0x0A03, 0x0A03, 0x0A03, 0x0A03, 0x09E3, 
    0x09E3, 0x0A03, 0x0A03, 0x0A03, 0x0A03, 0x09E3, 0x0A03, 0x0A03, 0x0A03, 0x09E3, 0x0A03, 0x0A03, 
    0x0A03, 0x0A03, 0x0A24, 0x0A23, 0x0A24, 0x0A23, 0x0A23, 0x1244, 0x0A23, 0x0A24, 0x0A23, 0x0A24, 
    0x0A44, 0x0A44, 0x0A23, 0x1244, 0x0A44, 0x0A44, 0x0A23, 0x1264, 0x0A43, 0x0A23, 0x0A43, 0x1264, 
    0x1264, 0x1264, 0x0A23, 0x1264, 0x1284, 0x1244, 0x1264, 0x0A23, 0x0A03, 0x0A43, 0x0A43, 0x0A23, 
    0x0A23, 0x0A23, 0x0A23, 0x0A44, 0x0A23, 0x0A03, 0x0A03, 0x0A03, 0x0A03, 0x0A03, 0x0A03, 0x09E3, 
    0x09E3, 0x09E3, 0x09E3, 0x0A03, 0x0A03, 0x0A03, 0x0A03, 0x0A23, 0x0A23, 0x0A23, 0x09A2, 0x3961, 
    0x20E0, 0x00E1, 0x0121, 0x0060, 0x2901, 0x6A02, 0x92E3, 0xB3E5, 0x7242, 0x20C1, 0x59C2, 0x9365, 
    0x7A83, 0x5181, 0x18A0, 0x9304, 0xA385, 0x8AE3, 0x59C1, 0x18C1, 0x00A1, 0x0121, 0x00C1, 0x2921, 
    0x1921, 0x01A2, 0x0A03, 0x0A03, 0x0A03, 0x0A03, 0x0A03, 0x09E3, 0x09E3, 0x09E3, 0x09E3, 0x09E3, 
    0x09E3, 0x0A03, 0x0A23, 0x0A03, 0x0A23, 0x0A44, 0x0A24, 0x0A23, 0x0A24, 0x0A44, 0x0A44, 0x0A44, 
    0x1264, 0x1264, 0x1244, 0x0A44, 0x1264, 0x1264, 0x1264, 0x0A44, 0x1244, 0x0A24, 0x0A23, 0x1264, 
    0x1264, 0x1264, 0x1264, 0x0A44, 0x0A23, 0x1244, 0x1244, 0x0A23, 0x0A23, 0x1244, 0x1244, 0x1244, 
    0x0A24, 0x0A44, 0x1244, 0x0A44, 0x0A23, 0x0A24, 0x1244, 0x0A23, 0x1244, 0x0A24, 0x0A44, 0x1244, 
    0x0A23, 0x0A03, 0x0A03, 0x0A03, 0x0A03, 0x0A03, 0x0A03, 0x0A03, 0x0A23, 0x0A23, 0x0A23, 0x0A23, 
    0x0A03, 0x09E3, 0x0A03, 0x09E3, 0x09E3, 0x01E3, 0x0A03, 0x0A23, 0x0A03, 0x0A03, 0x0A03, 0x09E3, 
    0x09E3, 0x01C2, 0x01C2, 0x09E3, 0x01E3, 0x01C2, 0x09E3, 0x01C2, 0x01A2, 0x01A2, 0x01A2, 0x01C2, 
    0x01C3, 0x01A2, 0x01C2, 0x01C2, 0x01C2, 0x01C2, 0x01C2, 0x01C2, 0x01C2, 0x01C2, 0x01A2, 0x01A2, 
    0x01A2, 0x01A2, 0x01A2, 0x0182, 0x0182, 0x0182, 0x0182, 0x0181, 0x0182, 0x11E3, 0x19E3, 0x19E3, 
    0x1A03, 0x11C2, 0x0141, 0x0162, 0x0141, 0x0141, 0x0141, 0x0121, 0x0101, 0x0101, 0x0101, 0x00E1, 
    0x00E1, 0x0101, 0x0101, 0x00E1, 0x00C1, 0x00C1, 0x00E1, 0x00E1, 0x00E1, 0x0020, 0x5A65, 0x5203, 
    0x7B68, 0x1080, 0x0060, 0x0080, 0x0080, 0x0060, 0x10C1, 0x72E5, 0x5203, 0x5203, 0x0020, 0x00E1, 
    0x00E1, 0x00E1, 0x00E1, 0x0101, 0x0101, 0x0101, 0x0101, 0x0101, 0x0121, 0x0121, 0x0121, 0x0141, 
    0x0121, 0x0121, 0x0141, 0x0141, 0x0182, 0x0182, 0x0182, 0x11C2, 0x1A03, 0x11E3, 0x1A23, 0x1203, 
    0x0182, 0x01A2, 0x01A2, 0x01A2, 0x01C2, 0x01A2, 0x01C2, 0x01C2, 0x01C2, 0x01C2, 0x01C2, 0x09C2, 
    0x01C2, 0x01C2, 0x09E2, 0x01C2, 0x01C2, 0x01A2, 0x01C2, 0x01C2, 0x01E3, 0x01E3, 0x01E3, 0x01C2, 
    0x01A2, 0x01C2, 0x01C2, 0x01C2, 0x01C2, 0x01C2, 0x01C3, 0x01E3, 0x01E3, 0x01E3, 0x01C2, 0x09E3, 
    0x0A23, 0x0A24, 0x0A44, 0x0A23, 0x0A03, 0x0A23, 0x0A03, 0x0A23, 0x0A23, 0x0A03, 0x0A03, 0x0A03, 
    0x0A03, 0x0A03, 0x09E3, 0x0A03, 0x0A23, 0x0A03, 0x0A03, 0x0A23, 0x0A23, 0x0A23, 0x0A23, 0x0A03, 
    0x0A23, 0x0A23, 0x0A44, 0x0A23, 0x0A23, 0x0A23, 0x0A23, 0x0A44, 0x0A44, 0x0A23, 0x0A44, 0x1244, 
    0x0A44, 0x0A44, 0x0A44, 0x0A44, 0x0A44, 0x0A43, 0x0A23, 0x0A43, 0x0A23, 0x0A43, 0x1264, 0x1284, 
    0x1284, 0x0A44, 0x0A44, 0x1264, 0x1244, 0x0A64, 0x1284, 0x1284, 0x1264, 0x1264, 0x1284, 0x1264, 
    0x0A64, 0x0A64, 0x1264, 0x0A43, 0x1264, 0x1264, 0x1264, 0x1264, 0x1264, 0x1264, 0x0A64, 0x1244, 
    0x1244, 0x1264, 0x1264, 0x1284, 0x1284, 0x1284, 0x0A44, 0x0162, 0x0162, 0x1224, 0x1244, 0x09E3, 
    0x0121, 0x08E1, 0x20E1, 0x18A0, 0x00C1, 0x1921, 0x6A03, 0x9B23, 0x7A62, 0x4121, 0x00A0, 0x00A0, 
    0x18A0, 0x10C0, 0x0101, 0x0162, 0x0A03, 0x0A23, 0x0A03, 0x0182, 0x01A2, 0x0A64, 0x1284, 0x0A64, 
    0x0A64, 0x0A64, 0x1264, 0x0A64, 0x1264, 0x0A64, 0x1264, 0x1284, 0x0A64, 0x0A64, 0x0A64, 0x0A64, 
    0x1264, 0x1284, 0x1285, 0x1284, 0x1264, 0x12A5, 0x1284, 0x1264, 0x1264, 0x1264, 0x1284, 0x1284, 
    0x1264, 0x1264, 0x1264, 0x1264, 0x0A44, 0x0A44, 0x1264, 0x1244, 0x1264, 0x1264, 0x1284, 0x0A64, 
    0x0A44, 0x1264, 0x1244, 0x1244, 0x0A24, 0x0A24, 0x0A23, 0x0A23, 0x0A44, 0x0A24, 0x1244, 0x1244, 
    0x0A23, 0x0A23, 0x0A24, 0x0A24, 0x1264, 0x1244, 0x1244, 0x0A44, 0x0A23, 0x0A23, 0x0A24, 0x0A03, 
    0x0A23, 0x0A23, 0x0A03, 0x0A23, 0x0A03, 0x0A03, 0x0A03, 0x0A03, 0x0A03, 0x0A03, 0x0A03, 0x0A03, 
    0x0A23, 0x0A24, 0x0A23, 0x0A23, 0x0A03, 0x01E3, 0x01E3, 0x0A03, 0x0A03, 0x01C2, 0x01C3, 0x09E3, 
    0x09E3, 0x01C2, 0x01E3, 0x01C2, 0x01C2, 0x01A2, 0x01A2, 0x01C2, 0x01C2, 0x01C2, 0x01C2, 0x01A2, 
    0x0182, 0x01A2, 0x01A2, 0x01A2, 0x01C2, 0x01A2, 0x01A2, 0x01A2, 0x01A2, 0x01A2, 0x01A2, 0x01A2, 
    0x01A2, 0x0181, 0x0161, 0x0181, 0x11E3, 0x11E2, 0x11E2, 0x1A03, 0x11C3, 0x0162, 0x0162, 0x0162, 
    0x0141, 0x0121, 0x0121, 0x0101, 0x00E1, 0x00E1, 0x00E1, 0x0101, 0x0101, 0x0101, 0x00E1, 0x0101, 
    0x00E1, 0x00E1, 0x00E1, 0x00E1, 0x00C1, 0x0020, 0x5A65, 0x5203, 0x7B68, 0x1080, 0x0060, 0x0080, 
    0x0080, 0x0060, 0x10C1, 0x72E5, 0x5203, 0x5203, 0x0020, 0x00E1, 0x00E1, 0x0101, 0x0101, 0x0101, 
    0x0101, 0x0121, 0x0121, 0x0101, 0x0121, 0x0121, 0x0121, 0x0121, 0x0121, 0x0121, 0x0142, 0x0141, 
    0x0162, 0x0161, 0x0162, 0x0162, 0x11E3, 0x1A03, 0x1A03, 0x1A24, 0x1203, 0x01A2, 0x01A2, 0x01A2, 
    0x01A2, 0x01A2, 0x01C2, 0x01C2, 0x01C2, 0x01C2, 0x01A2, 0x01C2, 0x01C2, 0x01C2, 0x01C2, 0x01C2, 
    0x01C2, 0x01A2, 0x01A2, 0x01C2, 0x01E2, 0x01C2, 0x01C2, 0x01A2, 0x01A2, 0x01A2, 0x01C2, 0x01C2, 
    0x01C2, 0x01C2, 0x01E3, 0x01E3, 0x01C3, 0x09E3, 0x01C3, 0x01E3, 0x0A03, 0x0A03, 0x0A23, 0x0A24, 
    0x0A23, 0x0A23, 0x0A23, 0x0A23, 0x0A23, 0x0A03, 0x0A03, 0x0A03, 0x09E3, 0x09E3, 0x0A03, 0x0A03, 
    0x09E3, 0x0A23, 0x0A23, 0x0A23, 0x0A23, 0x1244, 0x0A24, 0x0A23, 0x0A23, 0x0A24, 0x0A23, 0x0A23, 
    0x0A24, 0x1224, 0x0A24, 0x1244, 0x0A44, 0x0A23, 0x0A44, 0x1244, 0x0A44, 0x0A44, 0x0A43, 0x0A44, 
    0x1264, 0x0A44, 0x0A23, 0x1244, 0x0A44, 0x1244, 0x1264, 0x1284, 0x1284, 0x1264, 0x1264, 0x1244, 
    0x1264, 0x1284, 0x1284, 0x1285, 0x12A4, 0x1284, 0x12A5, 0x1264, 0x1264, 0x1264, 0x1284, 0x1284, 
    0x1284, 0x12A5, 0x1284, 0x12A4, 0x1284, 0x12A5, 0x1284, 0x1284, 0x12A4, 0x1284, 0x1284, 0x12A5, 
    0x12A4, 0x1284, 0x1284, 0x1264, 0x1284, 0x1285, 0x12A5, 0x12C5, 0x0A84, 0x0203, 0x01A2, 0x01C2, 
    0x0A23, 0x01C2, 0x3982, 0x9AE2, 0x8282, 0x1921, 0x01C2, 0x01C3, 0x0182, 0x01C2, 0x0A03, 0x0A64, 
    0x1284, 0x1284, 0x1284, 0x1284, 0x1284, 0x1284, 0x12A4, 0x12A4, 0x1284, 0x1284, 0x1284, 0x1264, 
    0x1284, 0x1284, 0x1284, 0x12A4, 0x1284, 0x12A4, 0x12A4, 0x12A4, 0x1284, 0x1284, 0x1284, 0x12A5, 
    0x1284, 0x12A5, 0x1284, 0x1264, 0x1284, 0x1284, 0x1284, 0x1285, 0x1285, 0x1264, 0x1264, 0x1264, 
    0x1284, 0x12A5, 0x1284, 0x0A44, 0x0A44, 0x1264, 0x1284, 0x1264, 0x1264, 0x1264, 0x1244, 0x0A44, 
    0x0A23, 0x0A23, 0x0A44, 0x1244, 0x1244, 0x0A23, 0x1244, 0x0A24, 0x1224, 0x1244, 0x0A24, 0x1244, 
    0x1244, 0x1244, 0x0A23, 0x1224, 0x0A23, 0x0A23, 0x0A23, 0x0A44, 0x0A24, 0x0A23, 0x0A03, 0x0A03, 
    0x0A03, 0x09E3, 0x0A23, 0x0A03, 0x0A03, 0x0A03, 0x0A03, 0x1244, 0x0A23, 0x0A23, 0x0A23, 0x0A03, 
    0x0A03, 0x0A03, 0x01E3, 0x01E3, 0x09E3, 0x01C3, 0x01E3, 0x0A03, 0x01C3, 0x01C2, 0x01C2, 0x01C2, 
    0x01C2, 0x01C2, 0x01C2, 0x01C2, 0x01C2, 0x01C2, 0x01C2, 0x01A2, 0x0182, 0x01A2, 0x0182, 0x0182, 
    0x01A2, 0x0182, 0x09C2, 0x01A2, 0x01A2, 0x01C2, 0x01C2, 0x01A2, 0x01A2, 0x01A2, 0x0161, 0x11C2, 
    0x1A03, 0x11E3, 0x1A03, 0x11E3, 0x0182, 0x0162, 0x0142, 0x0141, 0x0121, 0x0101, 0x0101, 0x0101, 
    0x0101, 0x0101, 0x0121, 0x0101, 0x0101, 0x00E1, 0x00E1, 0x0101, 0x00E1, 0x00E1, 0x00E1, 0x00C1, 
    0x00C1, 0x0020, 0x5A65, 0x5204, 0x7B47, 0x1080, 0x0060, 0x0080, 0x0080, 0x0060, 0x10C1, 0x72E5, 
    0x5223, 0x5A23, 0x0020, 0x00E1, 0x00E1, 0x00E1, 0x0101, 0x0101, 0x0101, 0x0101, 0x0101, 0x0121, 
    0x0121, 0x0121, 0x0121, 0x0121, 0x0121, 0x0162, 0x0162, 0x0162, 0x0141, 0x0141, 0x0182, 0x0182, 
    0x09A2, 0x1A03, 0x1203, 0x1A03, 0x1A23, 0x11E2, 0x01A2, 0x01A2, 0x01C2, 0x01C2, 0x01C2, 0x01C2, 
    0x01A2, 0x01A2, 0x01C2, 0x01C2, 0x01C2, 0x01C2, 0x01C2, 0x01C2, 0x01C2, 0x01C2, 0x01C2, 0x01C2, 
    0x01C2, 0x01C2, 0x01C2, 0x01C2, 0x01E2, 0x01E2, 0x01C2, 0x01C2, 0x01C2, 0x01E3, 0x01E3, 0x01E3, 
    0x01E3, 0x01E3, 0x0A03, 0x0A03, 0x0A03, 0x0A03, 0x09E3, 0x0A03, 0x0A03, 0x0A23, 0x0A23, 0x0A23, 
    0x0A23, 0x0A03, 0x0A03, 0x0A03, 0x09E3, 0x09E3, 0x01E3, 0x0A03, 0x0A23, 0x0A23, 0x0A24, 0x0A23, 
    0x0A23, 0x0A23, 0x0A03, 0x0A03, 0x0A03, 0x1244, 0x0A24, 0x0A44, 0x1244, 0x1244, 0x0A23, 0x1244, 
    0x0A44, 0x0A44, 0x0A44, 0x0A44, 0x0A64, 0x0A64, 0x0A23, 0x0A23, 0x0A23, 0x0A23, 0x0A23, 0x0A64, 
    0x0A64, 0x0A64, 0x0A44, 0x1264, 0x1284, 0x1285, 0x1284, 0x0A64, 0x1264, 0x1264, 0x1264, 0x1284, 
    0x12A4, 0x1284, 0x1284, 0x1264, 0x1264, 0x1264, 0x1284, 0x1284, 0x12A5, 0x1AC5, 0x1284, 0x1284, 
    0x1285, 0x12A5, 0x1284, 0x1284, 0x12A4, 0x12A4, 0x1284, 0x1284, 0x1284, 0x12A5, 0x12A5, 0x12A4, 
    0x12A5, 0x12A5, 0x12A5, 0x12A4, 0x12A4, 0x12A5, 0x12A4, 0x12A4, 0x12A4, 0x0A63, 0x0121, 0x6222, 
    0x4981, 0x0162, 0x1284, 0x1264, 0x1284, 0x1284, 0x12A4, 0x12A4, 0x12A4, 0x1284, 0x12A4, 0x12A5, 
    0x12A4, 0x12A4, 0x12A5, 0x1284, 0x12C5, 0x12A5, 0x12A5, 0x12A5, 0x1284, 0x12A5, 0x1AA5, 0x1284, 
    0x12A5, 0x12A5, 0x12C5, 0x12A5, 0x1284, 0x1284, 0x12A5, 0x1284, 0x1264, 0x1264, 0x1264, 0x1284, 
    0x12A4, 0x1284, 0x1284, 0x12A4, 0x1284, 0x1284, 0x1264, 0x1264, 0x1284, 0x1284, 0x1264, 0x1264, 
    0x1264, 0x1285, 0x1264, 0x1264, 0x1264, 0x1244, 0x0A24, 0x0A23, 0x0A44, 0x0A44, 0x1264, 0x1244, 
    0x0A44, 0x0A24, 0x0A23, 0x0A23, 0x0A23, 0x0A44, 0x0A44, 0x1244, 0x0A44, 0x0A44, 0x0A44, 0x0A24, 
    0x0A24, 0x0A24, 0x0A03, 0x0A23, 0x0A44, 0x0A44, 0x0A03, 0x0A03, 0x09E3, 0x0A03, 0x0A03, 0x0A03, 
    0x0A23, 0x0A23, 0x0A23, 0x0A44, 0x0A03, 0x01E3, 0x0203, 0x0A03, 0x0A03, 0x0A03, 0x01E3, 0x01E3, 
    0x09E3, 0x01C2, 0x01E3, 0x0A03, 0x09E3, 0x01C3, 0x01C2, 0x01A2, 0x01C2, 0x09E2, 0x01C2, 0x01A2, 
    0x01A2, 0x01A2, 0x01C2, 0x01C2, 0x01A2, 0x01A2, 0x01A2, 0x0182, 0x01A2, 0x01A2, 0x01A2, 0x01C2, 
    0x01A2, 0x01C2, 0x01C2, 0x01A2, 0x01A2, 0x01A2, 0x11E2, 0x1203, 0x11E3, 0x19E3, 0x11C3, 0x0162, 
    0x0162, 0x0162, 0x0142, 0x0142, 0x0121, 0x0101, 0x0101, 0x0121, 0x0121, 0x0101, 0x0101, 0x0101, 
    0x00E1, 0x0101, 0x00E1, 0x00E1, 0x00E1, 0x00E1, 0x00C1, 0x00C1, 0x00E1, 0x0020, 0x5A65, 0x5224, 
    0x7B47, 0x1080, 0x0080, 0x0080, 0x0080, 0x0060, 0x10C1, 0x72E5, 0x5224, 0x5A23, 0x0020, 0x00E1, 
    0x00E1, 0x00E1, 0x0101, 0x00E1, 0x0101, 0x0121, 0x0121, 0x0101, 0x0101, 0x0101, 0x0121, 0x0121, 
    0x0141, 0x0162, 0x0162, 0x0141, 0x0121, 0x0162, 0x0182, 0x01A2, 0x01C2, 0x09C2, 0x11E3, 0x11E3, 
    0x1203, 0x1203, 0x09E2, 0x01A2, 0x01C2, 0x01A2, 0x01C2, 0x01A2, 0x01C2, 0x01C2, 0x01C2, 0x09E3, 
    0x01C2, 0x01C2, 0x09E3, 0x01C2, 0x01C2, 0x01C2, 0x01C2, 0x01C2, 0x01A2, 0x01C3, 0x01C2, 0x01C2, 
    0x0203, 0x0203, 0x01C2, 0x01C2, 0x01C2, 0x01E3, 0x0A03, 0x01E3, 0x01C2, 0x01E3, 0x0A03, 0x01E3, 
    0x09E3, 0x0A03, 0x0A03, 0x0A03, 0x0A03, 0x0A23, 0x0A23, 0x0A23, 0x0A23, 0x0A03, 0x0A03, 0x0A03, 
    0x0A03, 0x0A03, 0x0A03, 0x0A03, 0x0A23, 0x0A43, 0x0A44, 0x0A44, 0x1244, 0x0A23, 0x0A23, 0x0A24, 
    0x1244, 0x0A44, 0x0A44, 0x0A44, 0x0A64, 0x0A44, 0x0A43, 0x0A44, 0x0A44, 0x0A44, 0x0A44, 0x0A64, 
    0x0A64, 0x0A64, 0x0A43, 0x0A44, 0x1244, 0x0A44, 0x1264, 0x0A64, 0x0A64, 0x0A64, 0x0A44, 0x1264, 
    0x1264, 0x1284, 0x12A5, 0x1284, 0x1284, 0x1264, 0x0A44, 0x0A44, 0x1264, 0x1264, 0x1284, 0x0A64, 
    0x1284, 0x1284, 0x1284, 0x1284, 0x1284, 0x1284, 0x1284, 0x12A4, 0x12A5, 0x1284, 0x12A5, 0x12A4, 
    0x12A5, 0x12A4, 0x12A5, 0x12A5, 0x1284, 0x1284, 0x12A5, 0x12C5, 0x1AC5, 0x12A5, 0x12A5, 0x12C5, 
    0x12A5, 0x12C5, 0x12A4, 0x12C5, 0x12A4, 0x1284, 0x0A23, 0x2162, 0x1101, 0x0A23, 0x12C5, 0x12A4, 
    0x12C5, 0x12C5, 0x12C5, 0x12A5, 0x1284, 0x12A4, 0x12A4, 0x12C5, 0x12C5, 0x12A5, 0x12A4, 0x1284, 
    0x12A4, 0x12A4, 0x12C5, 0x12A5, 0x12A5, 0x1284, 0x12A5, 0x12A4, 0x1284, 0x1284, 0x1285, 0x1284, 
    0x1284, 0x1284, 0x1264, 0x1264, 0x1285, 0x1284, 0x1284, 0x12A5, 0x12A5, 0x1284, 0x1284, 0x1264, 
    0x1264, 0x1284, 0x12A5, 0x12A5, 0x1284, 0x0A44, 0x1264, 0x1264, 0x1284, 0x1264, 0x1264, 0x1264, 
    0x0A44, 0x0A44, 0x0A44, 0x0A23, 0x1264, 0x1264, 0x1264, 0x0A44, 0x0A44, 0x1264, 0x1244, 0x1264, 
    0x0A23, 0x0A44, 0x0A23, 0x0A43, 0x1264, 0x1244, 0x1244, 0x0A44, 0x0A23, 0x0A23, 0x0A23, 0x0A43, 
    0x0A44, 0x0A23, 0x0A23, 0x0A23, 0x0A03, 0x09E3, 0x0A03, 0x0A23, 0x0A23, 0x0A44, 0x0A03, 0x0203, 
    0x0A03, 0x0A23, 0x0A23, 0x0A03, 0x0A03, 0x01E3, 0x01C2, 0x01E3, 0x01E3, 0x01E3, 0x01E3, 0x01C2, 
    0x09E3, 0x01E3, 0x01C2, 0x01C2, 0x01C2, 0x01C2, 0x01A2, 0x01C2, 0x01A2, 0x01A2, 0x01C2, 0x01C2, 
    0x01A2, 0x01A2, 0x01A2, 0x01A2, 0x01A2, 0x01A2, 0x0182, 0x01A2, 0x01A2, 0x01A2, 0x01A2, 0x0181, 
    0x0181, 0x1203, 0x1203, 0x1203, 0x1A03, 0x11C3, 0x09A2, 0x0162, 0x0182, 0x0162, 0x0162, 0x0162, 
    0x0121, 0x0121, 0x0142, 0x0121, 0x0122, 0x0101, 0x0101, 0x0101, 0x0101, 0x0101, 0x0101, 0x00E1, 
    0x00E1, 0x00C1, 0x00C0, 0x00C1, 0x00C1, 0x0020, 0x5A85, 0x5A44, 0x7326, 0x1080, 0x0080, 0x0080, 
    0x0080, 0x0060, 0x10C1, 0x72C5, 0x5203, 0x5203, 0x0020, 0x00E1, 0x00E1, 0x00E1, 0x00E1, 0x0101, 
    0x0101, 0x0121, 0x0121, 0x0121, 0x0101, 0x0101, 0x0121, 0x0121, 0x0141, 0x0141, 0x0162, 0x0142, 
    0x0162, 0x0162, 0x01A2, 0x0182, 0x01A2, 0x0182, 0x09A2, 0x11E2, 0x1203, 0x1203, 0x1223, 0x11E2, 
    0x0181, 0x0181, 0x01A2, 0x01A2, 0x01C2, 0x01C2, 0x01C2, 0x09E3, 0x01C2, 0x01C2, 0x01C2, 0x01C2, 
    0x09E3, 0x01E2, 0x01E2, 0x01C2, 0x01E3, 0x01C2, 0x01C2, 0x01E2, 0x01E3, 0x01E3, 0x01A2, 0x01C2, 
    0x01E3, 0x0203, 0x0203, 0x01E3, 0x01E3, 0x01C3, 0x01E3, 0x01E3, 0x09E3, 0x0A23, 0x0A03, 0x0A23, 
    0x0A23, 0x0A44, 0x0A23, 0x0A03, 0x0A23, 0x0A03, 0x0A03, 0x0A03, 0x0A03, 0x1244, 0x0A23, 0x0A23, 
    0x0A23, 0x0A44, 0x0A44, 0x0A23, 0x0A44, 0x0A23, 0x0A44, 0x0A44, 0x0A44, 0x0A24, 0x1244, 0x0A44, 
    0x0A43, 0x0A44, 0x0A64, 0x0A64, 0x1264, 0x1264, 0x1284, 0x0A64, 0x0A44, 0x1264, 0x1264, 0x1264, 
    0x1264, 0x1264, 0x1284, 0x0A64, 0x0A84, 0x0A64, 0x0A64, 0x0A64, 0x1264, 0x1284, 0x12A5, 0x1284, 
    0x1264, 0x1284, 0x1264, 0x0A44, 0x1244, 0x1264, 0x1284, 0x1284, 0x12A5, 0x12A4, 0x0A64, 0x0A64, 
    0x1264, 0x1264, 0x1284, 0x1284, 0x12A4, 0x1284, 0x12A4, 0x1284, 0x12A4, 0x0A64, 0x1284, 0x1284, 
    0x12A5, 0x12A4, 0x1AC5, 0x12C5, 0x12C5, 0x12C5, 0x12C5, 0x12C5, 0x12C5, 0x12C5, 0x12A5, 0x12A4, 
    0x12A4, 0x12A4, 0x1284, 0x01E2, 0x01E3, 0x12A4, 0x1284, 0x1284, 0x12A4, 0x12C5, 0x12A4, 0x12A4, 
    0x1284, 0x12A4, 0x12A4, 0x12A4, 0x12A4, 0x1AC5, 0x12A4, 0x12A5, 0x12A4, 0x1284, 0x12A4, 0x1284, 
    0x12A4, 0x12A5, 0x12C5, 0x12A5, 0x12A5, 0x1285, 0x1284, 0x1264, 0x1264, 0x1284, 0x0A64, 0x1264, 
    0x1264, 0x0A64, 0x1284, 0x1284, 0x1284, 0x1285, 0x1285, 0x1284, 0x1284, 0x1284, 0x1284, 0x1284, 
    0x1264, 0x0A44, 0x0A44, 0x1264, 0x1284, 0x1264, 0x1264, 0x1264, 0x1264, 0x1264, 0x0A44, 0x0A44, 
    0x1244, 0x0A24, 0x1244, 0x0A44, 0x1264, 0x1264, 0x1284, 0x1284, 0x1244, 0x0A44, 0x0A24, 0x0A44, 
    0x0A44, 0x1244, 0x1264, 0x0A44, 0x0A23, 0x0A23, 0x0A23, 0x0A23, 0x0A23, 0x0A23, 0x0A23, 0x0A23, 
    0x0A23, 0x0A23, 0x0A24, 0x0A03, 0x0A03, 0x0A44, 0x0A23, 0x0A03, 0x0A03, 0x09E3, 0x0A03, 0x0A03, 
    0x0A03, 0x0A03, 0x01E3, 0x01E3, 0x0A03, 0x09E3, 0x01C3, 0x09E3, 0x0A03, 0x09E3, 0x09E3, 0x09E3, 
    0x01C2, 0x09C2, 0x01C2, 0x01C2, 0x01C2, 0x01C2, 0x01C2, 0x01A2, 0x01A2, 0x01A2, 0x01A2, 0x01C2, 
    0x01A2, 0x01A2, 0x01A2, 0x01A2, 0x01A2, 0x01A2, 0x01A2, 0x0161, 0x11C2, 0x1A03, 0x11E3, 0x11E3, 
    0x11E3, 0x0182, 0x0182, 0x0182, 0x0162, 0x0142, 0x0162, 0x0162, 0x0141, 0x0121, 0x0121, 0x0121, 
    0x0121, 0x0121, 0x0101, 0x00E1, 0x00E1, 0x0101, 0x00E1, 0x00E1, 0x00E1, 0x00C1, 0x00C0, 0x00C1, 
    0x00C1, 0x0020, 0x5A65, 0x5A24, 0x7326, 0x1080, 0x0080, 0x0080, 0x0080, 0x0060, 0x10A1, 0x72C5, 
    0x5223, 0x5A23, 0x0020, 0x00E1, 0x00E1, 0x00E1, 0x00E1, 0x0101, 0x0101, 0x0101, 0x0121, 0x0101, 
    0x0101, 0x0101, 0x0121, 0x0101, 0x0121, 0x0141, 0x0141, 0x0162, 0x0162, 0x0141, 0x0182, 0x0182, 
    0x0182, 0x01A2, 0x0182, 0x01A2, 0x1203, 0x1203, 0x1203, 0x1203, 0x11E2, 0x01A2, 0x0182, 0x01A2, 
    0x01C2, 0x01C2, 0x01E2, 0x0A03, 0x01E2, 0x09E3, 0x09E3, 0x01C2, 0x01C2, 0x01C2, 0x01C2, 0x01C2, 
    0x01E2, 0x09E3, 0x01E3, 0x0203, 0x01E2, 0x01E2, 0x01C2, 0x01C2, 0x01E3, 0x0203, 0x01E3, 0x0203, 
    0x01E3, 0x01E3, 0x09E3, 0x01E3, 0x01E3, 0x0A23, 0x0A03, 0x0A23, 0x0A23, 0x0A23, 0x0A03, 0x0A23, 
    0x0A23, 0x0A03, 0x0A23, 0x0A23, 0x0A23, 0x0A44, 0x0A44, 0x1264, 0x0A23, 0x0A44, 0x0A24, 0x0A44, 
    0x0A44, 0x0A24, 0x0A23, 0x0A44, 0x1264, 0x1264, 0x1244, 0x0A44, 0x0A44, 0x0A43, 0x0A64, 0x1264, 
    0x0A64, 0x0A64, 0x0A44, 0x0A64, 0x1264, 0x0A44, 0x1284, 0x1284, 0x1284, 0x1264, 0x0A43, 0x0A64, 
    0x0A64, 0x0A64, 0x12A5, 0x1284, 0x1284, 0x1284, 0x0A44, 0x1264, 0x1264, 0x1284, 0x1284, 0x1264, 
    0x1284, 0x1285, 0x1264, 0x1285, 0x1284, 0x1284, 0x0A64, 0x1284, 0x1284, 0x1284, 0x12A4, 0x1284, 
    0x1284, 0x12A4, 0x12A4, 0x1284, 0x1284, 0x1264, 0x1284, 0x1284, 0x12A5, 0x12C5, 0x12A5, 0x1284, 
    0x12A4, 0x12A4, 0x12C5, 0x12C5, 0x12C5, 0x12C5, 0x12C5, 0x12A5, 0x12A4, 0x1284, 0x12A4, 0x0A84, 
    0x12A4, 0x12C5, 0x12A4, 0x1284, 0x12A4, 0x12A5, 0x12A5, 0x12C5, 0x1AC5, 0x12C5, 0x12A4, 0x1284, 
    0x12A4, 0x12A4, 0x12A4, 0x1284, 0x1284, 0x1284, 0x12A4, 0x1284, 0x12A4, 0x12C5, 0x12C5, 0x12A4, 
    0x12A4, 0x1284, 0x1284, 0x1284, 0x1284, 0x1264, 0x1284, 0x1284, 0x1284, 0x1284, 0x1284, 0x1284, 
    0x1284, 0x1264, 0x1284, 0x1284, 0x1284, 0x1264, 0x1285, 0x1284, 0x1284, 0x1264, 0x1264, 0x1264, 
    0x1264, 0x1264, 0x1284, 0x1244, 0x0A64, 0x1264, 0x0A64, 0x1284, 0x1264, 0x0A44, 0x1244, 0x1264, 
    0x0A64, 0x1264, 0x1284, 0x0A44, 0x0A44, 0x0A44, 0x0A23, 0x0A03, 0x0A23, 0x0A44, 0x0A43, 0x0A43, 
    0x0A43, 0x0A44, 0x0A23, 0x0A44, 0x1244, 0x0A23, 0x0A03, 0x0A03, 0x0A24, 0x0A44, 0x1244, 0x0A23, 
    0x0A03, 0x0A23, 0x0A03, 0x0A03, 0x0A24, 0x0A03, 0x0A23, 0x0A03, 0x0A03, 0x09E3, 0x01E3, 0x01E3, 
    0x0A03, 0x09E3, 0x01C2, 0x01E3, 0x01C2, 0x09E3, 0x0A03, 0x09E3, 0x01A2, 0x01A2, 0x01A2, 0x01C2, 
    0x01C2, 0x01C2, 0x01C2, 0x01A2, 0x01A2, 0x0182, 0x01A2, 0x01C2, 0x01C2, 0x01A2, 0x01C2, 0x01C2, 
    0x0182, 0x01A2, 0x01A2, 0x11E2, 0x11E2, 0x11E3, 0x11E3, 0x11E3, 0x01A2, 0x0182, 0x0182, 0x0162, 
    0x0162, 0x0142, 0x0142, 0x0142, 0x0121, 0x0121, 0x0142, 0x0121, 0x0101, 0x0101, 0x0101, 0x0121, 
    0x0101, 0x0101, 0x00E1, 0x00E1, 0x00E1, 0x00E1, 0x00C1, 0x00C1, 0x00C1, 0x0020, 0x5A64, 0x5223, 
    0x7326, 0x1080, 0x0080, 0x00A0, 0x0080, 0x0060, 0x10C1, 0x7305, 0x5224, 0x5A23, 0x0020, 0x00E1, 
    0x00E1, 0x00E1, 0x00E1, 0x00E1, 0x00E1, 0x0101, 0x0101, 0x0101, 0x0121, 0x0121, 0x0121, 0x0121, 
    0x0141, 0x0162, 0x0162, 0x0162, 0x0162, 0x0162, 0x0141, 0x0142, 0x0162, 0x0182, 0x01A2, 0x01A2, 
    0x09C3, 0x1203, 0x1203, 0x1203, 0x1203, 0x11E2, 0x01C2, 0x01A2, 0x01C2, 0x01C2, 0x01C2, 0x01C2, 
    0x01E2, 0x01E2, 0x01C2, 0x01C2, 0x01E2, 0x01C2, 0x01C2, 0x01E2, 0x01C2, 0x01E2, 0x0A03, 0x0A03, 
    0x01C2, 0x0A03, 0x0A03, 0x01E3, 0x01E3, 0x01E2, 0x01E3, 0x01C2, 0x01E3, 0x01E3, 0x09E3, 0x01E3, 
    0x0A03, 0x0A03, 0x0A03, 0x0A03, 0x0A03, 0x0A23, 0x0A24, 0x0A24, 0x0A03, 0x0A03, 0x0A23, 0x1244, 
    0x0A44, 0x0A43, 0x0A64, 0x0A44, 0x0A23, 0x0A44, 0x0A24, 0x0A44, 0x0A64, 0x0A44, 0x0A23, 0x0A44, 
    0x0A44, 0x1264, 0x0A64, 0x0A44, 0x0A44, 0x1264, 0x0A44, 0x1264, 0x1264, 0x0A64, 0x0A64, 0x1264, 
    0x0A64, 0x1264, 0x1264, 0x1284, 0x1284, 0x1264, 0x1284, 0x0A64, 0x0A64, 0x0A64, 0x1284, 0x12A4, 
    0x1284, 0x1264, 0x1264, 0x0A64, 0x1284, 0x1284, 0x0A64, 0x1284, 0x1264, 0x1284, 0x1284, 0x1284, 
    0x1284, 0x1284, 0x1284, 0x12A4, 0x12A4, 0x12A5, 0x1284, 0x12A4, 0x1284, 0x1284, 0x12A4, 0x1264, 
    0x1284, 0x12A4, 0x12A5, 0x1284, 0x1284, 0x12A5, 0x12A5, 0x12A5, 0x12A5, 0x12A4, 0x12A4, 0x12C5, 
    0x12A4, 0x12C5, 0x12C5, 0x12A4, 0x12A5, 0x1284, 0x12A4, 0x12C5, 0x12C5, 0x12C5, 0x1AC5, 0x12A4, 
    0x12A5, 0x12A4, 0x12C5, 0x12C4, 0x12E5, 0x12C5, 0x12C5, 0x12C5, 0x12C5, 0x1284, 0x12A4, 0x1AC5, 
    0x12A4, 0x12A5, 0x1284, 0x12A4, 0x1284, 0x1284, 0x12A5, 0x12A4, 0x12A5, 0x1AC5, 0x1284, 0x1284, 
    0x1284, 0x1284, 0x12A5, 0x1284, 0x1284, 0x1284, 0x1264, 0x1285, 0x1284, 0x0A64, 0x1284, 0x12A5, 
    0x1264, 0x1264, 0x1264, 0x0A44, 0x1264, 0x1284, 0x1284, 0x1284, 0x1284, 0x12A5, 0x1285, 0x1285, 
    0x0A44, 0x0A64, 0x1285, 0x1285, 0x1284, 0x1285, 0x1264, 0x1264, 0x0A44, 0x0A44, 0x1284, 0x1264, 
    0x1264, 0x0A44, 0x0A23, 0x0A23, 0x0A44, 0x0A43, 0x1284, 0x1264, 0x1264, 0x0A44, 0x0A44, 0x0A23, 
    0x1244, 0x0A24, 0x0A23, 0x0A23, 0x0A23, 0x0A23, 0x0A23, 0x0A23, 0x0A03, 0x0A03, 0x0A03, 0x0A03, 
    0x0A03, 0x0A24, 0x0A23, 0x0A03, 0x09E3, 0x01C3, 0x09E3, 0x0A03, 0x0A03, 0x0A23, 0x0A23, 0x0203, 
    0x0A03, 0x0A03, 0x09E3, 0x01C3, 0x01C2, 0x01A2, 0x01A2, 0x01C3, 0x09E3, 0x01C2, 0x01C2, 0x01E3, 
    0x01E2, 0x01C2, 0x01C2, 0x01C2, 0x01A2, 0x01A2, 0x01C2, 0x01A2, 0x0182, 0x01A2, 0x1203, 0x1203, 
    0x11E3, 0x11E3, 0x11C3, 0x0162, 0x0162, 0x0182, 0x0162, 0x0182, 0x0162, 0x0142, 0x0141, 0x0121, 
    0x0121, 0x0141, 0x0121, 0x0142, 0x0142, 0x0121, 0x0121, 0x0121, 0x0121, 0x0101, 0x0101, 0x00E1, 
    0x00E1, 0x00E1, 0x00C1, 0x00C1, 0x00E1, 0x0020, 0x5A85, 0x5A44, 0x7B47, 0x1080, 0x0060, 0x0080, 
    0x0080, 0x0060, 0x10C1, 0x7B05, 0x5223, 0x5A43, 0x0020, 0x00E1, 0x0101, 0x00E1, 0x00E1, 0x0101, 
    0x0101, 0x0101, 0x0101, 0x0121, 0x0141, 0x0142, 0x0121, 0x0121, 0x0141, 0x0141, 0x0141, 0x0141, 
    0x0162, 0x0182, 0x0162, 0x0141, 0x0162, 0x0182, 0x01A2, 0x01A2, 0x01C2, 0x01A2, 0x11E3, 0x1A23, 
    0x1223, 0x1223, 0x1203, 0x09C2, 0x0182, 0x01A2, 0x01C2, 0x01C2, 0x01E2, 0x01C2, 0x01C2, 0x01C2, 
    0x01E2, 0x01E3, 0x01E2, 0x01E2, 0x01E2, 0x01E3, 0x0A03, 0x0A03, 0x01C2, 0x0203, 0x0203, 0x0203, 
    0x0A03, 0x0203, 0x01E3, 0x0A03, 0x0A03, 0x0A03, 0x01E3, 0x01E3, 0x01E3, 0x01E3, 0x0A03, 0x0A03, 
    0x0A03, 0x0A03, 0x0A03, 0x0A03, 0x0A23, 0x0A23, 0x0A23, 0x0A23, 0x0A23, 0x0A44, 0x0A23, 0x0A44, 
    0x0A43, 0x0A44, 0x0A44, 0x0A23, 0x0A43, 0x0A64, 0x0A23, 0x0A23, 0x0A43, 0x0A44, 0x0A64, 0x0A64, 
    0x0A64, 0x1264, 0x0A44, 0x0A44, 0x0A44, 0x1284, 0x1284, 0x0A64, 0x1284, 0x1284, 0x1264, 0x1264, 
    0x0A44, 0x0A64, 0x1284, 0x1284, 0x1284, 0x1284, 0x1284, 0x1284, 0x1264, 0x1264, 0x1284, 0x1264, 
    0x1264, 0x0A64, 0x0A44, 0x1264, 0x1284, 0x1284, 0x12A5, 0x12A5, 0x1264, 0x0A64, 0x1284, 0x12A4, 
    0x1284, 0x12A4, 0x12A5, 0x1284, 0x1284, 0x1284, 0x12A4, 0x1284, 0x12A4, 0x12A4, 0x12A4, 0x12A4, 
    0x12A4, 0x1284, 0x12A5, 0x12A5, 0x12A5, 0x1284, 0x12A4, 0x12A4, 0x12A4, 0x12A5, 0x12A5, 0x12C5, 
    0x12E5, 0x12C5, 0x12C5, 0x12C5, 0x1AE5, 0x12C5, 0x12A5, 0x12A5, 0x12A5, 0x12C5, 0x12C5, 0x12A4, 
    0x12C5, 0x1AE5, 0x1AE5, 0x1AC5, 0x1AC5, 0x12A5, 0x1284, 0x12A5, 0x12C5, 0x12C5, 0x12A5, 0x1284, 
    0x1284, 0x12A4, 0x12A5, 0x12A4, 0x1AC5, 0x12A5, 0x12A4, 0x1284, 0x1284, 0x1284, 0x1285, 0x1284, 
    0x0A64, 0x1284, 0x12A5, 0x1284, 0x1284, 0x1284, 0x1284, 0x12A5, 0x1284, 0x1284, 0x0A64, 0x1264, 
    0x1284, 0x0A64, 0x1284, 0x1284, 0x1284, 0x1284, 0x1284, 0x1284, 0x1264, 0x1264, 0x1264, 0x1264, 
    0x1284, 0x1285, 0x1264, 0x1264, 0x0A44, 0x0A44, 0x1264, 0x1244, 0x1264, 0x0A24, 0x0A44, 0x1264, 
    0x0A23, 0x1244, 0x1264, 0x0A23, 0x0A44, 0x1264, 0x0A44, 0x0A44, 0x0A44, 0x0A23, 0x1264, 0x1244, 
    0x0A23, 0x1244, 0x1244, 0x0A24, 0x09E3, 0x0A03, 0x0A03, 0x0A03, 0x0A03, 0x0A23, 0x0A23, 0x0A03, 
    0x0A03, 0x0A03, 0x0A03, 0x0A03, 0x0A03, 0x0A03, 0x0A23, 0x0A03, 0x0A03, 0x0A03, 0x09E3, 0x01E3, 
    0x01C2, 0x01C2, 0x01C2, 0x01C2, 0x01C2, 0x09C3, 0x01C2, 0x01C2, 0x01E2, 0x01C2, 0x01C2, 0x01A2, 
    0x0182, 0x01A2, 0x0182, 0x0182, 0x09A2, 0x1203, 0x11E3, 0x11E3, 0x1203, 0x11E3, 0x01A2, 0x0182, 
    0x0182, 0x0182, 0x0162, 0x0182, 0x0142, 0x0162, 0x0142, 0x0162, 0x0121, 0x0141, 0x0121, 0x0121, 
    0x0121, 0x0121, 0x0101, 0x0121, 0x0122, 0x0121, 0x0101, 0x00E1, 0x00E1, 0x00C1, 0x00C1, 0x00C1, 
    0x00C1, 0x0020, 0x5A85, 0x6264, 0x7B67, 0x1080, 0x0080, 0x0080, 0x0080, 0x0060, 0x10C1, 0x7305, 
    0x5203, 0x5A23, 0x0020, 0x00E1, 0x00E1, 0x00E1, 0x00E1, 0x0101, 0x0101, 0x0101, 0x0121, 0x0121, 
    0x0121, 0x0162, 0x0141, 0x0141, 0x0141, 0x0121, 0x0141, 0x0141, 0x0141, 0x0162, 0x0162, 0x0182, 
    0x0162, 0x0182, 0x0182, 0x01A2, 0x01A2, 0x01A2, 0x01A2, 0x09E3, 0x1223, 0x1223, 0x1203, 0x1223, 
    0x09E2, 0x01A2, 0x01C2, 0x01A2, 0x01C2, 0x01C2, 0x01A2, 0x01C2, 0x01C2, 0x01E2, 0x09E3, 0x01E2, 
    0x01E2, 0x0A03, 0x0A03, 0x0A03, 0x0A03, 0x01E3, 0x01E3, 0x01E3, 0x0A03, 0x01E2, 0x0203, 0x01E3, 
    0x0A03, 0x0A03, 0x09E3, 0x0A03, 0x01E3, 0x01E2, 0x0203, 0x0A24, 0x0A24, 0x0A03, 0x0A03, 0x0A23, 
    0x0A03, 0x0A23, 0x0A44, 0x0A23, 0x0A43, 0x1244, 0x0A23, 0x0A23, 0x0A44, 0x0A44, 0x0A43, 0x0A23, 
    0x0A64, 0x1264, 0x0A44, 0x0A43, 0x0A23, 0x0A43, 0x0A44, 0x0A43, 0x0A43, 0x0A43, 0x0A43, 0x0A44, 
    0x0A44, 0x0A44, 0x0A44, 0x0A44, 0x0A64, 0x0A64, 0x1264, 0x1264, 0x0A44, 0x1264, 0x1264, 0x12A4, 
    0x12A5, 0x1284, 0x1284, 0x1264, 0x1284, 0x1285, 0x1264, 0x1284, 0x1284, 0x1284, 0x1264, 0x1264, 
    0x1264, 0x1284, 0x1284, 0x1284, 0x1284, 0x1284, 0x12A4, 0x12A4, 0x12A5, 0x1284, 0x12A5, 0x1284, 
    0x1284, 0x1284, 0x12A4, 0x12A4, 0x12A4, 0x12A4, 0x12C5, 0x12A5, 0x12A5, 0x12A5, 0x12A5, 0x12C5, 
    0x12C5, 0x12C5, 0x12C5, 0x12A5, 0x12A4, 0x1284, 0x12A4, 0x12C4, 0x12C5, 0x12C5, 0x12C5, 0x12C5, 
    0x1AC5, 0x12C5, 0x12C5, 0x12A4, 0x12C5, 0x12A4, 0x12C5, 0x12C5, 0x12C5, 0x1AE5, 0x1AE5, 0x12C5, 
    0x12A4, 0x12C5, 0x12A5, 0x12A5, 0x12A4, 0x12C5, 0x1284, 0x0A64, 0x1284, 0x12A5, 0x12A5, 0x12A5, 
    0x12A4, 0x1284, 0x12A5, 0x12A4, 0x12A5, 0x1284, 0x1284, 0x1284, 0x1284, 0x12A5, 0x12A5, 0x1284, 
    0x12A5, 0x1AA5, 0x1284, 0x1264, 0x1264, 0x1284, 0x1284, 0x12A5, 0x1284, 0x12A4, 0x12A4, 0x1284, 
    0x1284, 0x1284, 0x1284, 0x12A5, 0x1284, 0x1264, 0x1244, 0x1285, 0x1284, 0x1284, 0x1264, 0x1264, 
    0x1264, 0x1264, 0x1264, 0x0A44, 0x1264, 0x0A23, 0x0A44, 0x1244, 0x0A44, 0x1264, 0x0A44, 0x0A44, 
    0x0A44, 0x0A23, 0x0A44, 0x0A44, 0x0A44, 0x0A44, 0x0A44, 0x1244, 0x0A24, 0x0A44, 0x0A44, 0x0A23, 
    0x0A23, 0x0A23, 0x0A23, 0x0A03, 0x0A23, 0x0A03, 0x0A03, 0x0A23, 0x0A24, 0x0A03, 0x0A03, 0x01E3, 
    0x09E3, 0x0A03, 0x0A03, 0x0A03, 0x0A03, 0x01E3, 0x09E3, 0x01E3, 0x0A03, 0x01C2, 0x01E3, 0x01C3, 
    0x01C2, 0x09E3, 0x01C2, 0x01C2, 0x01C2, 0x01C2, 0x01C2, 0x01C2, 0x01A2, 0x0182, 0x0182, 0x09C2, 
    0x11E2, 0x1A23, 0x1203, 0x11E3, 0x11C3, 0x0182, 0x01A2, 0x01A2, 0x01A2, 0x0182, 0x0162, 0x0141, 
    0x0162, 0x0141, 0x0142, 0x0141, 0x0121, 0x0121, 0x0121, 0x0121, 0x0121, 0x0101, 0x0121, 0x0121, 
    0x0101, 0x0101, 0x0101, 0x00E1, 0x00E1, 0x00E1, 0x00C1, 0x00C1, 0x00C1, 0x0020, 0x5A85, 0x5A44, 
    0x7B47, 0x1080, 0x0060, 0x0080, 0x00A0, 0x0060, 0x10C1, 0x7B26, 0x5244, 0x5A44, 0x0020, 0x00E1, 
    0x00E1, 0x0101, 0x00E1, 0x0101, 0x0101, 0x0121, 0x0121, 0x0121, 0x0121, 0x0121, 0x0162, 0x0162, 
    0x0162, 0x0141, 0x0121, 0x0182, 0x0162, 0x0162, 0x0182, 0x0182, 0x0162, 0x0182, 0x01A2, 0x01A2, 
    0x0182, 0x01C3, 0x01C2, 0x01C2, 0x0A03, 0x1203, 0x1203, 0x1203, 0x1203, 0x09E2, 0x01C2, 0x01C2, 
    0x01A2, 0x01A2, 0x01C2, 0x0A03, 0x01E3, 0x01E2, 0x01E3, 0x01E3, 0x01E3, 0x09E3, 0x0A03, 0x0A23, 
    0x0A03, 0x09E3, 0x09E3, 0x09E3, 0x0203, 0x0203, 0x0A03, 0x01E3, 0x01E3, 0x01C3, 0x0A03, 0x0A03, 
    0x0A03, 0x01E2, 0x09E3, 0x0A24, 0x0A24, 0x0A03, 0x0A24, 0x0A44, 0x0A23, 0x0A23, 0x0A44, 0x0A23, 
    0x0A23, 0x0A23, 0x0A44, 0x0A23, 0x0A23, 0x1264, 0x1264, 0x0A43, 0x0A44, 0x0A64, 0x1264, 0x1264, 
    0x1264, 0x0A43, 0x0A43, 0x0A44, 0x0A43, 0x0A64, 0x1264, 0x0A44, 0x1284, 0x0A44, 0x0A43, 0x0A43, 
    0x0A44, 0x0A64, 0x1264, 0x1284, 0x1264, 0x1264, 0x1285, 0x1284, 0x1284, 0x1264, 0x1284, 0x0A64, 
    0x1284, 0x1284, 0x1264, 0x0A64, 0x1264, 0x1264, 0x1284, 0x1284, 0x1284, 0x1284, 0x1284, 0x1284, 
    0x12A5, 0x12C5, 0x1284, 0x1284, 0x1284, 0x1284, 0x12A5, 0x1284, 0x12A4, 0x12A5, 0x1284, 0x12A4, 
    0x12A4, 0x12A5, 0x1AC5, 0x12A5, 0x12A5, 0x1AC5, 0x12C5, 0x12C5, 0x1AE5, 0x1B06, 0x12C5, 0x12A5, 
    0x12A5, 0x12C5, 0x12A4, 0x12A4, 0x12A4, 0x12A5, 0x12C5, 0x12A5, 0x12A5, 0x12C5, 0x12C5, 0x12A5, 
    0x12C5, 0x12A5, 0x12C5, 0x12C5, 0x12A4, 0x12A4, 0x1284, 0x12A5, 0x12A5, 0x12C5, 0x1AC5, 0x1AC5, 
    0x12A4, 0x12A4, 0x12A4, 0x1284, 0x1284, 0x1284, 0x1284, 0x12A5, 0x12A5, 0x12A5, 0x12A5, 0x12A5, 
    0x12A4, 0x12A4, 0x1284, 0x12C5, 0x1AC5, 0x1284, 0x1285, 0x12A5, 0x1AC5, 0x1284, 0x1284, 0x12A5, 
    0x1264, 0x1284, 0x1284, 0x1285, 0x1285, 0x1264, 0x12A5, 0x1AA5, 0x1284, 0x1264, 0x1264, 0x1284, 
    0x1284, 0x1284, 0x1284, 0x1285, 0x1284, 0x1264, 0x1244, 0x1244, 0x1264, 0x1264, 0x1284, 0x1264, 
    0x1284, 0x1244, 0x0A44, 0x1244, 0x0A44, 0x1264, 0x1244, 0x1A85, 0x1264, 0x0A24, 0x1244, 0x0A43, 
    0x1264, 0x1264, 0x1264, 0x0A44, 0x0A03, 0x0A44, 0x0A23, 0x0A24, 0x0A24, 0x0A03, 0x0A23, 0x0A23, 
    0x0A23, 0x0A23, 0x0A03, 0x0A23, 0x0A03, 0x01E2, 0x01E2, 0x0A03, 0x0A03, 0x0A03, 0x0A03, 0x01E3, 
    0x01E3, 0x0A03, 0x01E3, 0x01C2, 0x01E3, 0x01E3, 0x01E3, 0x01C2, 0x01E3, 0x0203, 0x01E3, 0x09E3, 
    0x01C2, 0x01C2, 0x01E3, 0x01C2, 0x01A2, 0x09C2, 0x09E3, 0x1203, 0x1203, 0x11E2, 0x1203, 0x09C2, 
    0x01A2, 0x01A2, 0x01A2, 0x01A2, 0x0182, 0x0141, 0x0162, 0x0162, 0x0142, 0x0142, 0x0142, 0x0141, 
    0x0142, 0x0121, 0x0121, 0x0121, 0x0121, 0x0121, 0x0121, 0x0101, 0x0101, 0x0101, 0x0101, 0x00E1, 
    0x00E1, 0x00E1, 0x00E1, 0x00E1, 0x00E1, 0x0020, 0x5A85, 0x5A44, 0x7B67, 0x1081, 0x0060, 0x0080, 
    0x00A0, 0x0060, 0x10C1, 0x7B26, 0x5A64, 0x5A44, 0x0020, 0x0101, 0x0101, 0x00E1, 0x00E1, 0x0101, 
    0x0101, 0x0121, 0x0101, 0x0101, 0x0121, 0x0121, 0x0141, 0x0162, 0x0162, 0x0162, 0x0121, 0x0162, 
    0x0162, 0x0162, 0x0182, 0x0182, 0x0162, 0x0182, 0x0182, 0x0182, 0x0182, 0x01C2, 0x01C2, 0x01E3, 
    0x01E3, 0x09E3, 0x1223, 0x1203, 0x0A03, 0x1223, 0x1203, 0x01C2, 0x01A2, 0x01A2, 0x01C2, 0x01E3, 
    0x01E3, 0x01E3, 0x01E3, 0x0A03, 0x01E3, 0x01E2, 0x0A03, 0x09E3, 0x0A03, 0x0A03, 0x09E3, 0x09E3, 
    0x0A03, 0x0A03, 0x01E3, 0x0A03, 0x01E2, 0x01E3, 0x09E3, 0x0A03, 0x0A03, 0x0A03, 0x09E3, 0x0A24, 
    0x0A23, 0x0A23, 0x0A03, 0x0A23, 0x0A23, 0x0A23, 0x0A44, 0x0A24, 0x0A23, 0x0A23, 0x0A24, 0x0A24, 
    0x1244, 0x0A44, 0x1264, 0x0A23, 0x0A44, 0x0A44, 0x0A44, 0x0A64, 0x1264, 0x0A44, 0x0A44, 0x0A44, 
    0x0A23, 0x0A43, 0x0A44, 0x0A44, 0x0A44, 0x1264, 0x0A44, 0x0A64, 0x0A64, 0x0A44, 0x1264, 0x1284, 
    0x1284, 0x1284, 0x1284, 0x1264, 0x1284, 0x1284, 0x1284, 0x0A64, 0x1284, 0x1284, 0x1284, 0x1264, 
    0x0A44, 0x1264, 0x1264, 0x1284, 0x12A5, 0x1284, 0x1264, 0x1284, 0x12A4, 0x12C5, 0x1284, 0x12A4, 
    0x1284, 0x1284, 0x1284, 0x1284, 0x1284, 0x12A4, 0x12C5, 0x12C5, 0x1284, 0x1284, 0x1284, 0x12A4, 
    0x12A5, 0x12A5, 0x12A5, 0x12C5, 0x1AC5, 0x1AE5, 0x12C5, 0x1AE5, 0x12C5, 0x12C5, 0x12C5, 0x12A5, 
    0x12A4, 0x12A5, 0x12C5, 0x12A5, 0x12A4, 0x12A5, 0x12A5, 0x12C5, 0x12C4, 0x12A4, 0x12A4, 0x12A4, 
    0x12A4, 0x12A5, 0x1284, 0x1AC5, 0x12A4, 0x12A4, 0x12C5, 0x12A5, 0x1284, 0x1284, 0x12A5, 0x12A4, 
    0x12A5, 0x12A5, 0x12A5, 0x12A5, 0x12A4, 0x1AC5, 0x1AC5, 0x12A4, 0x12A5, 0x12A5, 0x12A4, 0x12C5, 
    0x12C5, 0x1285, 0x12A5, 0x1284, 0x12A5, 0x12A5, 0x0A84, 0x12C5, 0x12A5, 0x12A5, 0x12A5, 0x12A5, 
    0x12A5, 0x1284, 0x1AA5, 0x1284, 0x1284, 0x1284, 0x1264, 0x1264, 0x12A5, 0x1AC5, 0x1284, 0x12A5, 
    0x1284, 0x1264, 0x1264, 0x1264, 0x1264, 0x1244, 0x1264, 0x1264, 0x0A44, 0x0A44, 0x0A43, 0x0A44, 
    0x0A23, 0x0A44, 0x1244, 0x0A44, 0x1264, 0x1264, 0x0A44, 0x0A44, 0x0A64, 0x0A44, 0x1264, 0x1264, 
    0x0A24, 0x0A24, 0x0A24, 0x0A44, 0x0A03, 0x0A44, 0x0A23, 0x0A23, 0x0A23, 0x0A24, 0x0A03, 0x09E3, 
    0x0A03, 0x0A03, 0x0A03, 0x0A23, 0x0203, 0x01E3, 0x0A03, 0x01E3, 0x0A03, 0x0A03, 0x01E3, 0x01E3, 
    0x01C3, 0x01C3, 0x01E3, 0x01E3, 0x01E2, 0x01E3, 0x01E2, 0x01E3, 0x01C2, 0x01C2, 0x01A2, 0x0182, 
    0x01C2, 0x1203, 0x1223, 0x1203, 0x1203, 0x1203, 0x09E2, 0x01C2, 0x01A2, 0x01A2, 0x0182, 0x01A2, 
    0x01A2, 0x0182, 0x0182, 0x0162, 0x0142, 0x0142, 0x0141, 0x0142, 0x0142, 0x0121, 0x0121, 0x0141, 
    0x0141, 0x0121, 0x0121, 0x0101, 0x00E1, 0x0101, 0x0121, 0x0101, 0x00E1, 0x00E1, 0x00E1, 0x00E1, 
    0x00E1, 0x0020, 0x62A5, 0x6264, 0x8367, 0x10A1, 0x0080, 0x00A0, 0x00A0, 0x0080, 0x10C1, 0x7B26, 
    0x5A64, 0x5A64, 0x0020, 0x00E1, 0x00E1, 0x00E1, 0x00E1, 0x00E1, 0x00E1, 0x0101, 0x0101, 0x0121, 
    0x0121, 0x0101, 0x0101, 0x0121, 0x0142, 0x0162, 0x0141, 0x0141, 0x0182, 0x0182, 0x0162, 0x0162, 
    0x0162, 0x0162, 0x01A2, 0x01A2, 0x01A2, 0x01C2, 0x01C2, 0x01C3, 0x01C2, 0x01C2, 0x01E3, 0x0A03, 
    0x1223, 0x1203, 0x09E2, 0x09E3, 0x09E2, 0x01C2, 0x01C2, 0x01C2, 0x01E2, 0x01C2, 0x01C2, 0x01E2, 
    0x01E2, 0x01E2, 0x01E3, 0x01E3, 0x0A03, 0x09E3, 0x01E2, 0x09E3, 0x0A03, 0x0A03, 0x0A03, 0x0A03, 
    0x0A03, 0x0A03, 0x01E3, 0x09E3, 0x0A03, 0x0A03, 0x01E3, 0x01E3, 0x0A24, 0x0A23, 0x0A23, 0x0A23, 
    0x0A44, 0x0A24, 0x0A23, 0x0A23, 0x0A23, 0x0A24, 0x0A03, 0x0A23, 0x0A23, 0x0A44, 0x0A23, 0x0A43, 
    0x0A44, 0x1244, 0x0A44, 0x1244, 0x0A44, 0x0A64, 0x0A64, 0x0A43, 0x0A23, 0x0A23, 0x0A23, 0x0A44, 
    0x0A43, 0x1264, 0x1264, 0x0A64, 0x0A44, 0x0A44, 0x0A43, 0x0A44, 0x1264, 0x1284, 0x1284, 0x1264, 
    0x1284, 0x1264, 0x0A64, 0x1264, 0x0A64, 0x1285, 0x12A5, 0x1284, 0x1284, 0x1284, 0x0A64, 0x0A64, 
    0x1284, 0x1284, 0x12A5, 0x1284, 0x12A4, 0x12A4, 0x12A4, 0x1284, 0x1284, 0x1285, 0x12A5, 0x1284, 
    0x12A4, 0x1284, 0x0A84, 0x12A4, 0x1284, 0x1284, 0x1284, 0x1284, 0x12A4, 0x12A5, 0x12C5, 0x12C5, 
    0x12A5, 0x12C5, 0x12C5, 0x1AE5, 0x12E5, 0x12C4, 0x12A4, 0x1284, 0x12A4, 0x12A5, 0x12A5, 0x12A5, 
    0x12A4, 0x1AC5, 0x12A5, 0x12C5, 0x12C5, 0x12C5, 0x12C5, 0x12A5, 0x12A5, 0x12A5, 0x1284, 0x12A5, 
    0x12C5, 0x12C5, 0x12C5, 0x12A4, 0x12A4, 0x12A5, 0x1284, 0x12A5, 0x1AC5, 0x12A5, 0x12A5, 0x12A5, 
    0x1AC5, 0x1AC5, 0x12A4, 0x12A4, 0x12A5, 0x12A5, 0x1AC5, 0x12A5, 0x1AC5, 0x1AC5, 0x1284, 0x12A5, 
    0x12A5, 0x12A5, 0x12A5, 0x12C5, 0x12A5, 0x1284, 0x12A5, 0x12A4, 0x12A4, 0x1AC5, 0x12A5, 0x1285, 
    0x12A5, 0x1284, 0x1284, 0x1284, 0x12A5, 0x1AA5, 0x1284, 0x12A5, 0x1284, 0x1284, 0x1284, 0x1264, 
    0x1285, 0x1264, 0x1264, 0x1264, 0x0A44, 0x0A44, 0x0A44, 0x0A43, 0x1284, 0x0A44, 0x1244, 0x0A44, 
    0x1264, 0x1284, 0x0A44, 0x0A44, 0x0A44, 0x0A44, 0x1244, 0x1264, 0x0A23, 0x0A24, 0x0A44, 0x0A44, 
    0x0A44, 0x0A44, 0x0A03, 0x0A23, 0x0A23, 0x0A23, 0x0A23, 0x0A03, 0x0A03, 0x0A23, 0x01E3, 0x0203, 
    0x0A03, 0x01E3, 0x0A03, 0x0A03, 0x0A03, 0x0203, 0x0A03, 0x01E3, 0x01C3, 0x01C3, 0x01C2, 0x01C2, 
    0x01C2, 0x01C2, 0x01C2, 0x01E3, 0x01C2, 0x01A2, 0x01A2, 0x01A2, 0x09E2, 0x1203, 0x1203, 0x11E3, 
    0x09E3, 0x09C3, 0x01A2, 0x01C2, 0x01A2, 0x01A2, 0x01A2, 0x0182, 0x0182, 0x0182, 0x0182, 0x0162, 
    0x0142, 0x0142, 0x0141, 0x0141, 0x0142, 0x0142, 0x0142, 0x0162, 0x0142, 0x0121, 0x0121, 0x0101, 
    0x0101, 0x0101, 0x00E1, 0x00E1, 0x0101, 0x00E1, 0x00E1, 0x00E1, 0x00E1, 0x0020, 0x62A5, 0x6264, 
    0x7B67, 0x1081, 0x0080, 0x00A0, 0x00A0, 0x0060, 0x10C1, 0x7B26, 0x5A64, 0x5A44, 0x0020, 0x00E1, 
    0x00E1, 0x00C1, 0x00E1, 0x00E1, 0x00E1, 0x0101, 0x0101, 0x0121, 0x0142, 0x0121, 0x0121, 0x0121, 
    0x0142, 0x0162, 0x0162, 0x0162, 0x0162, 0x0182, 0x0182, 0x0162, 0x0182, 0x0182, 0x0182, 0x0182, 
    0x0182, 0x01A2, 0x01A2, 0x01C2, 0x01C3, 0x01C2, 0x01C2, 0x01C2, 0x09E2, 0x09E2, 0x09E2, 0x09E2, 
    0x09E3, 0x09E2, 0x01C2, 0x01C2, 0x01C2, 0x01C2, 0x01E3, 0x01E3, 0x01E3, 0x09E3, 0x09E3, 0x01E3, 
    0x09E3, 0x01E3, 0x01E3, 0x01E3, 0x09E3, 0x01E3, 0x01E3, 0x0A03, 0x0A03, 0x0A03, 0x0A03, 0x0A03, 
    0x0A03, 0x0A03, 0x0A03, 0x0A03, 0x0A24, 0x0A44, 0x0A23, 0x0A24, 0x0A24, 0x0A23, 0x0A03, 0x0A23, 
    0x0A03, 0x0A23, 0x0A23, 0x0A43, 0x0A23, 0x0A23, 0x0A43, 0x0A44, 0x0A43, 0x1284, 0x1264, 0x0A44, 
    0x0A44, 0x1264, 0x1264, 0x0A44, 0x0A44, 0x1264, 0x0A43, 0x0A44, 0x1264, 0x0A64, 0x0A64, 0x1264, 
    0x0A64, 0x1264, 0x0A44, 0x0A64, 0x0A64, 0x0A64, 0x1244, 0x0A43, 0x1264, 0x1264, 0x0A64, 0x12A5, 
    0x1284, 0x1284, 0x1264, 0x1264, 0x1284, 0x1284, 0x0A64, 0x0A64, 0x12A4, 0x1AE5, 0x12A5, 0x12A5, 
    0x1284, 0x12A5, 0x12A5, 0x1284, 0x12A5, 0x1284, 0x12A5, 0x12A4, 0x12A4, 0x1284, 0x12A5, 0x12C5, 
    0x1284, 0x1284, 0x1284, 0x1284, 0x1284, 0x12A5, 0x12A4, 0x12C5, 0x12A5, 0x1284, 0x12A5, 0x12C5, 
    0x12A4, 0x12C5, 0x12A5, 0x1284, 0x1284, 0x12C5, 0x12A4, 0x1AE5, 0x1AE6, 0x12A5, 0x12A5, 0x12A5, 
    0x12A5, 0x12A4, 0x12A4, 0x12A5, 0x12A4, 0x12A5, 0x12A5, 0x12A5, 0x1AC5, 0x12A5, 0x12C5, 0x12A5, 
    0x1284, 0x1284, 0x12C5, 0x12A5, 0x12A5, 0x12A5, 0x12A5, 0x1AC5, 0x1284, 0x1AC5, 0x1284, 0x1284, 
    0x1AC5, 0x12C5, 0x12C5, 0x12C5, 0x12A5, 0x12A4, 0x12A5, 0x12A5, 0x1284, 0x0A64, 0x12A5, 0x1284, 
    0x12A4, 0x12A5, 0x1284, 0x1284, 0x12A5, 0x12A4, 0x1284, 0x1284, 0x1284, 0x1284, 0x1AA5, 0x12A5, 
    0x1285, 0x1284, 0x1284, 0x1284, 0x1284, 0x1285, 0x1264, 0x1244, 0x1264, 0x1264, 0x1285, 0x1264, 
    0x0A44, 0x1264, 0x1264, 0x1264, 0x1264, 0x0A44, 0x1264, 0x1244, 0x0A44, 0x1244, 0x0A44, 0x1244, 
    0x1264, 0x0A44, 0x0A23, 0x0A23, 0x0A44, 0x0A24, 0x0A24, 0x0A44, 0x0A43, 0x0A44, 0x0A44, 0x0A44, 
    0x0A23, 0x0A23, 0x0A24, 0x0A23, 0x0A23, 0x0A23, 0x01E3, 0x0A03, 0x0A23, 0x0A03, 0x0A23, 0x0A03, 
    0x09E3, 0x01E3, 0x01E3, 0x09E3, 0x0A03, 0x01E3, 0x01E2, 0x01E3, 0x01E3, 0x01C2, 0x01C2, 0x01C2, 
    0x01A2, 0x01C2, 0x09E2, 0x09E2, 0x09C2, 0x09E2, 0x11E3, 0x09C2, 0x01C2, 0x01C3, 0x01A2, 0x01A2, 
    0x01A2, 0x01A2, 0x0182, 0x0182, 0x0182, 0x0182, 0x0162, 0x0182, 0x0142, 0x0162, 0x0142, 0x0162, 
    0x0162, 0x0142, 0x0141, 0x0141, 0x0141, 0x0121, 0x0121, 0x0101, 0x0121, 0x0101, 0x0101, 0x00E1, 
    0x00E1, 0x00E1, 0x00E1, 0x00E1, 0x00E1, 0x0000, 0x5AA5, 0x5A64, 0x7B47, 0x1080, 0x0080, 0x0080, 
    0x00A0, 0x0060, 0x10C1, 0x7B06, 0x5A64, 0x5A64, 0x0020, 0x00E1, 0x00E1, 0x00E1, 0x00E1, 0x00E1, 
    0x00E1, 0x0101, 0x0121, 0x0121, 0x0121, 0x0141, 0x0162, 0x0162, 0x0142, 0x0162, 0x0162, 0x0162, 
    0x0162, 0x0162, 0x0182, 0x0162, 0x01A2, 0x01A2, 0x0182, 0x0162, 0x0182, 0x01A2, 0x01C2, 0x01C3, 
    0x01C3, 0x01C2, 0x01C2, 0x01C2, 0x01C2, 0x09C2, 0x09E2, 0x09E3, 0x09E2, 0x09E2, 0x09E3, 0x01E3, 
    0x01C2, 0x01C2, 0x01E3, 0x01E3, 0x01E3, 0x01E3, 0x01E3, 0x09E3, 0x01E2, 0x0A03, 0x0A03, 0x01E3, 
    0x0A03, 0x0A03, 0x09E3, 0x09E3, 0x0A03, 0x0A03, 0x09E3, 0x09E3, 0x0A03, 0x0A24, 0x0A23, 0x0A24, 
    0x0A23, 0x0A23, 0x0A24, 0x0A23, 0x0A03, 0x0A03, 0x0A24, 0x0A23, 0x0A23, 0x0A44, 0x0A23, 0x0A23, 
    0x0A43, 0x1264, 0x0A23, 0x1244, 0x0A44, 0x0A64, 0x0A44, 0x0A23, 0x0A64, 0x1284, 0x1284, 0x1264, 
    0x1264, 0x1264, 0x0A43, 0x0A44, 0x0A43, 0x1264, 0x0A44, 0x0A44, 0x0A44, 0x0A44, 0x0A64, 0x0A44, 
    0x0A64, 0x0A64, 0x1264, 0x1285, 0x1284, 0x1264, 0x1284, 0x12A5, 0x1284, 0x1264, 0x1264, 0x0A64, 
    0x1284, 0x1284, 0x0A44, 0x0A64, 0x1AC5, 0x1AC5, 0x1284, 0x12A5, 0x12A5, 0x12A4, 0x12A5, 0x1284, 
    0x1284, 0x12A5, 0x12A4, 0x12A4, 0x12A4, 0x1284, 0x1AC5, 0x12A5, 0x1284, 0x1284, 0x12A5, 0x12A5, 
    0x1284, 0x12A4, 0x1284, 0x1284, 0x1284, 0x12A5, 0x1AC5, 0x12C5, 0x12C5, 0x12C5, 0x12C5, 0x12A5, 
    0x12A4, 0x12A5, 0x12C5, 0x1AE5, 0x12C5, 0x12A5, 0x12A5, 0x12A4, 0x12A5, 0x1284, 0x1284, 0x12A5, 
    0x12A4, 0x12A4, 0x12A5, 0x12C5, 0x1284, 0x12A5, 0x1AC5, 0x12A5, 0x1284, 0x12A5, 0x12C5, 0x1284, 
    0x1284, 0x12C5, 0x12A4, 0x12A5, 0x1284, 0x12C5, 0x12A5, 0x1284, 0x12A4, 0x12A4, 0x12A5, 0x1284, 
    0x1AC5, 0x12C5, 0x12A5, 0x12A5, 0x1264, 0x1284, 0x1284, 0x12A5, 0x1284, 0x1284, 0x1284, 0x1284, 
    0x1284, 0x12A5, 0x1284, 0x12A5, 0x1AA5, 0x1284, 0x12A5, 0x12A5, 0x12A5, 0x12A4, 0x12A5, 0x1284, 
    0x1284, 0x1AA5, 0x1264, 0x1264, 0x0A44, 0x1264, 0x1284, 0x1264, 0x1264, 0x1264, 0x0A44, 0x1264, 
    0x1264, 0x0A44, 0x1244, 0x0A23, 0x0A43, 0x1244, 0x1244, 0x0A44, 0x0A44, 0x0A03, 0x0A23, 0x0A23, 
    0x0A44, 0x0A23, 0x0A23, 0x0A44, 0x0A23, 0x0A44, 0x0A23, 0x0A23, 0x0A44, 0x0A24, 0x0A44, 0x0A23, 
    0x0A23, 0x0A23, 0x0A03, 0x0A03, 0x0A03, 0x0A03, 0x0A03, 0x09E3, 0x01E3, 0x01C3, 0x01E3, 0x01C2, 
    0x01E3, 0x01E3, 0x01E2, 0x01E3, 0x01C2, 0x01C3, 0x01C2, 0x01C2, 0x09E2, 0x0A03, 0x09E3, 0x09E2, 
    0x09C2, 0x09C2, 0x01A2, 0x01A2, 0x01C2, 0x01A2, 0x01A2, 0x01A2, 0x0182, 0x01A2, 0x01A2, 0x0182, 
    0x0182, 0x0182, 0x0182, 0x0182, 0x0162, 0x0142, 0x0162, 0x0162, 0x0142, 0x0142, 0x0162, 0x0142, 
    0x0141, 0x0121, 0x0101, 0x0101, 0x0101, 0x0101, 0x0101, 0x0101, 0x00E1, 0x00E1, 0x00E1, 0x00C1, 
    0x00E1, 0x0000, 0x62A6, 0x6284, 0x7B67, 0x1081, 0x0060, 0x0080, 0x00A0, 0x0080, 0x10C1, 0x7B06, 
    0x5A84, 0x6265, 0x0020, 0x00E1, 0x00E1, 0x0101, 0x00E1, 0x00E1, 0x00E1, 0x00E1, 0x0121, 0x0121, 
    0x0121, 0x0121, 0x0141, 0x0121, 0x0141, 0x0142, 0x0162, 0x0162, 0x0182, 0x0162, 0x0182, 0x0182, 
    0x0182, 0x0182, 0x01A2, 0x0162, 0x0182, 0x01A2, 0x01C2, 0x01C2, 0x01C3, 0x01C2, 0x01C2, 0x01C2, 
    0x01C2, 0x01C2, 0x01C2, 0x09E3, 0x09E3, 0x09E3, 0x09E3, 0x09E3, 0x09E3, 0x09E3, 0x01E3, 0x01C2, 
    0x01E3, 0x01C2, 0x01E2, 0x0A03, 0x0A03, 0x09E3, 0x01E3, 0x01E3, 0x0A03, 0x09E3, 0x09E3, 0x09E3, 
    0x0A03, 0x0A03, 0x09E3, 0x0A03, 0x0A23, 0x0A44, 0x0A23, 0x0A44, 0x0A23, 0x0A23, 0x0A44, 0x0A44, 
    0x09E3, 0x0A03, 0x0A44, 0x0A23, 0x0A03, 0x0A23, 0x0A23, 0x0A23, 0x0A03, 0x0A23, 0x0A23, 0x0A44, 
    0x0A44, 0x0A23, 0x0A44, 0x0A44, 0x1264, 0x1264, 0x0A64, 0x1264, 0x0A44, 0x0A64, 0x0A64, 0x0A44, 
    0x1264, 0x1264, 0x1244, 0x0A44, 0x0A64, 0x1284, 0x1284, 0x1284, 0x1284, 0x0A64, 0x1284, 0x1284, 
    0x0A64, 0x1284, 0x12A4, 0x12A5, 0x1284, 0x0A64, 0x1284, 0x1284, 0x1285, 0x1284, 0x1284, 0x1284, 
    0x1284, 0x1284, 0x1284, 0x1284, 0x12A4, 0x1284, 0x12A5, 0x12A4, 0x12A4, 0x12A5, 0x1284, 0x12A5, 
    0x12A4, 0x1284, 0x1285, 0x12A5, 0x12A5, 0x12A4, 0x12C5, 0x12A5, 0x12A5, 0x12C5, 0x12C5, 0x12A5, 
    0x12A5, 0x12A5, 0x12A5, 0x12A4, 0x12C5, 0x12A4, 0x1284, 0x12A4, 0x12A4, 0x1284, 0x1AE5, 0x1284, 
    0x12A4, 0x12C5, 0x12C5, 0x12C5, 0x12A5, 0x1AC5, 0x1AC5, 0x12A5, 0x12A5, 0x12C5, 0x12A5, 0x12C5, 
    0x12A5, 0x12A5, 0x1AC5, 0x12A5, 0x12A5, 0x1AE5, 0x12C5, 0x1AE5, 0x12A5, 0x12A4, 0x12A5, 0x1AC5, 
    0x12A4, 0x1284, 0x12A5, 0x12A5, 0x12A4, 0x1284, 0x12A5, 0x1284, 0x12A5, 0x0A84, 0x1284, 0x12A5, 
    0x1284, 0x1284, 0x12A5, 0x1264, 0x1264, 0x1284, 0x1284, 0x12A5, 0x1284, 0x1284, 0x12A4, 0x12C5, 
    0x1284, 0x1284, 0x0A64, 0x12A4, 0x12A5, 0x12A5, 0x12A5, 0x1264, 0x12A5, 0x1284, 0x1264, 0x0A64, 
    0x1285, 0x1284, 0x1285, 0x1264, 0x1264, 0x1264, 0x1264, 0x0A64, 0x1264, 0x0A44, 0x0A44, 0x1264, 
    0x1264, 0x0A23, 0x0A24, 0x0A44, 0x0A23, 0x0A23, 0x0A23, 0x0A23, 0x0A03, 0x0A03, 0x0A23, 0x0A23, 
    0x0A23, 0x0A23, 0x0A24, 0x0A23, 0x0A44, 0x0A23, 0x0A44, 0x0A23, 0x0A03, 0x0A03, 0x0A23, 0x0A03, 
    0x09E3, 0x0A03, 0x0A03, 0x09E3, 0x01E3, 0x01C2, 0x01E3, 0x01E3, 0x01C2, 0x01E3, 0x01C2, 0x01C2, 
    0x01C2, 0x01C2, 0x01E3, 0x0A03, 0x0A03, 0x0A03, 0x09E3, 0x09E3, 0x09E3, 0x09E3, 0x01C3, 0x01A2, 
    0x01A2, 0x01A2, 0x01A2, 0x01A2, 0x01A2, 0x01A2, 0x01A2, 0x01A2, 0x0182, 0x0182, 0x0182, 0x0182, 
    0x0162, 0x0162, 0x0162, 0x0142, 0x0141, 0x0142, 0x0141, 0x0121, 0x0142, 0x0121, 0x0121, 0x0101, 
    0x0101, 0x00E1, 0x00E1, 0x00E1, 0x00E1, 0x00E1, 0x00C1, 0x00C1, 0x00E1, 0x0000, 0x62C6, 0x62A5, 
    0x8367, 0x10A1, 0x0080, 0x00A0, 0x00A0, 0x0080, 0x18E1, 0x7B46, 0x6284, 0x6264, 0x0020, 0x00E1, 
    0x00E1, 0x0101, 0x0101, 0x00E1, 0x00E1, 0x0101, 0x0121, 0x0142, 0x0121, 0x0142, 0x0121, 0x0121, 
    0x0142, 0x0162, 0x0162, 0x0162, 0x0162, 0x0162, 0x0182, 0x0182, 0x01A2, 0x0182, 0x01A2, 0x0182, 
    0x0182, 0x0182, 0x0182, 0x01C2, 0x01A2, 0x01A2, 0x01C2, 0x01A2, 0x01A2, 0x01C2, 0x01C2, 0x01C2, 
    0x01C2, 0x01E2, 0x09E3, 0x09E2, 0x09E3, 0x0A03, 0x09E3, 0x01E3, 0x01E3, 0x01C2, 0x01E3, 0x0A03, 
    0x09E3, 0x09E3, 0x09E3, 0x01C2, 0x01E3, 0x09E3, 0x0A03, 0x01E3, 0x0A03, 0x0A24, 0x0A03, 0x0A03, 
    0x0A23, 0x0A23, 0x0A03, 0x0A23, 0x0A23, 0x0A03, 0x0A23, 0x0A23, 0x01E3, 0x0A03, 0x0A03, 0x0A23, 
    0x0A23, 0x0A24, 0x0A23, 0x0A44, 0x0A03, 0x0A23, 0x0A23, 0x0A44, 0x0A44, 0x0A44, 0x0A23, 0x0A23, 
    0x1264, 0x1264, 0x1264, 0x0A44, 0x0A64, 0x1284, 0x1264, 0x1264, 0x1264, 0x12A5, 0x1284, 0x1264, 
    0x1284, 0x1284, 0x0A64, 0x1284, 0x1284, 0x1264, 0x1284, 0x1264, 0x0A64, 0x0A64, 0x1284, 0x12A5, 
    0x1284, 0x1284, 0x1264, 0x1284, 0x1284, 0x12A5, 0x12A4, 0x12A4, 0x1284, 0x12A4, 0x12A4, 0x1284, 
    0x12A5, 0x1284, 0x12A5, 0x12A5, 0x12A5, 0x12A5, 0x1AC5, 0x1AC5, 0x12A4, 0x12A5, 0x1284, 0x1284, 
    0x1284, 0x12A4, 0x12A4, 0x12A5, 0x12A5, 0x12A4, 0x12A5, 0x1AC5, 0x12C5, 0x12A4, 0x12A5, 0x12A5, 
    0x1284, 0x12A4, 0x1284, 0x1284, 0x12A4, 0x12A5, 0x12C5, 0x12A5, 0x12C5, 0x1AC5, 0x12A5, 0x1AC5, 
    0x12A5, 0x12C5, 0x12A5, 0x12C5, 0x1AC5, 0x1AC5, 0x12C5, 0x12C5, 0x12A5, 0x12A5, 0x12A4, 0x12A5, 
    0x1284, 0x12A5, 0x12C5, 0x1AC5, 0x12A5, 0x12A5, 0x12A5, 0x12A5, 0x12A4, 0x1284, 0x1284, 0x0A84, 
    0x12A5, 0x1284, 0x1285, 0x1284, 0x12A5, 0x12A4, 0x0A64, 0x1284, 0x1284, 0x1284, 0x12A5, 0x1284, 
    0x1284, 0x1284, 0x1284, 0x1284, 0x1264, 0x1284, 0x1284, 0x12A4, 0x1264, 0x1284, 0x0A44, 0x1284, 
    0x12A5, 0x1284, 0x1264, 0x1264, 0x1264, 0x1264, 0x1264, 0x1264, 0x1264, 0x1284, 0x1264, 0x1264, 
    0x0A44, 0x1244, 0x1264, 0x1264, 0x1284, 0x1264, 0x0A44, 0x1264, 0x0A44, 0x0A43, 0x0A44, 0x0A44, 
    0x0A03, 0x0A23, 0x1264, 0x1244, 0x0A23, 0x0A43, 0x0A23, 0x0A23, 0x0A23, 0x0A44, 0x0A44, 0x0A23, 
    0x0A23, 0x09E3, 0x0A44, 0x0A03, 0x09E3, 0x09E3, 0x0A24, 0x09E3, 0x01C3, 0x0A03, 0x0A03, 0x0203, 
    0x0A03, 0x01E3, 0x01E2, 0x01E3, 0x01E3, 0x01C2, 0x01C2, 0x01C2, 0x09E3, 0x0A03, 0x0A03, 0x0A03, 
    0x0A03, 0x0A03, 0x09E2, 0x09C3, 0x01C3, 0x01C2, 0x01C2, 0x01A2, 0x01A2, 0x01A2, 0x0182, 0x0182, 
    0x01A2, 0x01A2, 0x01A2, 0x01A2, 0x0182, 0x0182, 0x0182, 0x0182, 0x0162, 0x0162, 0x0142, 0x0142, 
    0x0142, 0x0141, 0x0121, 0x0121, 0x0142, 0x0121, 0x0121, 0x0101, 0x0101, 0x00E1, 0x00E1, 0x00E1, 
    0x00C1, 0x00C1, 0x00C1, 0x00C1, 0x00E1, 0x0000, 0x62C6, 0x62A5, 0x8367, 0x10A1, 0x0080, 0x00A0, 
    0x00A0, 0x0060, 0x18E1, 0x7B26, 0x6284, 0x6284, 0x0020, 0x00E1, 0x00E1, 0x00E1, 0x0101, 0x0101, 
    0x0101, 0x0101, 0x0101, 0x0101, 0x0121, 0x0141, 0x0141, 0x0142, 0x0142, 0x0142, 0x0162, 0x0162, 
    0x0142, 0x0162, 0x0162, 0x0182, 0x0182, 0x01A2, 0x01A2, 0x01A2, 0x0182, 0x0182, 0x0162, 0x01A2, 
    0x01A2, 0x01A2, 0x01C2, 0x01A2, 0x01C2, 0x01C2, 0x01C2, 0x09E3, 0x01A2, 0x01C2, 0x09E3, 0x09E3, 
    0x09E3, 0x0A03, 0x09E3, 0x01C2, 0x01E3, 0x09E3, 0x09E3, 0x01E3, 0x01E3, 0x01E3, 0x01E3, 0x01C3, 
    0x01E3, 0x01E3, 0x0A03, 0x0A03, 0x01E3, 0x0A03, 0x0A03, 0x0A03, 0x0A23, 0x0A03, 0x0A03, 0x0A23, 
    0x0203, 0x0A03, 0x0A03, 0x0A03, 0x09E3, 0x09E3, 0x0A03, 0x0A03, 0x0A23, 0x0A23, 0x0A23, 0x0A44, 
    0x0A24, 0x0A24, 0x0A44, 0x0A44, 0x0A44, 0x0A44, 0x1244, 0x1264, 0x0A44, 0x0A43, 0x1264, 0x1264, 
    0x12A5, 0x1284, 0x1264, 0x1284, 0x12A4, 0x1264, 0x1264, 0x1284, 0x1284, 0x1284, 0x1284, 0x0A64, 
    0x1284, 0x1264, 0x1284, 0x0A44, 0x0A44, 0x1284, 0x1264, 0x1264, 0x1284, 0x1264, 0x1264, 0x1284, 
    0x1284, 0x0A64, 0x1264, 0x1284, 0x1284, 0x0A64, 0x12A4, 0x1284, 0x12A5, 0x12A5, 0x1284, 0x12A5, 
    0x1284, 0x12A5, 0x1284, 0x1284, 0x12A4, 0x1284, 0x1284, 0x12A5, 0x12A4, 0x12A4, 0x12A5, 0x1AC5, 
    0x12A5, 0x12A4, 0x12A5, 0x12A4, 0x12A5, 0x1AC5, 0x12C5, 0x12A5, 0x12A5, 0x12A5, 0x12A4, 0x12A4, 
    0x12A5, 0x12A4, 0x12A4, 0x12C5, 0x12C5, 0x12C5, 0x12A5, 0x1AC5, 0x1AC5, 0x12A5, 0x12C5, 0x12C5, 
    0x1284, 0x12A5, 0x1AC5, 0x1AC5, 0x12A5, 0x1284, 0x12A4, 0x1AC5, 0x12A5, 0x1284, 0x12C5, 0x1284, 
    0x12A5, 0x1AE5, 0x1AC5, 0x12C5, 0x12A4, 0x1284, 0x12A5, 0x1284, 0x12A4, 0x1284, 0x12A5, 0x12C5, 
    0x12C5, 0x12A4, 0x0A84, 0x1284, 0x1264, 0x1284, 0x1264, 0x1284, 0x1284, 0x1285, 0x0A64, 0x0A44, 
    0x1264, 0x0A64, 0x1284, 0x1284, 0x0A64, 0x1264, 0x1264, 0x1284, 0x1284, 0x1284, 0x1284, 0x1264, 
    0x0A44, 0x0A44, 0x1264, 0x0A44, 0x1244, 0x1284, 0x1264, 0x1244, 0x1264, 0x1264, 0x0A43, 0x1264, 
    0x0A44, 0x0A23, 0x0A23, 0x1244, 0x0A44, 0x0A44, 0x1264, 0x0A44, 0x0A44, 0x1284, 0x1264, 0x0A23, 
    0x0A23, 0x0A44, 0x0A23, 0x0A03, 0x0A03, 0x0A23, 0x0A23, 0x0A23, 0x0A03, 0x0A23, 0x0A24, 0x0A03, 
    0x0A03, 0x0A03, 0x0A03, 0x0A03, 0x0A03, 0x0A03, 0x0A03, 0x0A03, 0x0A03, 0x01E3, 0x0A03, 0x01E3, 
    0x01E3, 0x01E3, 0x01C2, 0x09E3, 0x0A03, 0x09E3, 0x09E3, 0x0A03, 0x09E3, 0x09E2, 0x01C3, 0x01E3, 
    0x01C2, 0x01C2, 0x01C2, 0x01C2, 0x01C2, 0x01A2, 0x0182, 0x0182, 0x01A2, 0x01C3, 0x01A2, 0x01A2, 
    0x0182, 0x0182, 0x0162, 0x0182, 0x0162, 0x0141, 0x0141, 0x0141, 0x0142, 0x0142, 0x0121, 0x0121, 
    0x0142, 0x0121, 0x0121, 0x0101, 0x0101, 0x0101, 0x0101, 0x00E1, 0x00E1, 0x00E1, 0x00E1, 0x00C1, 
    0x00E1, 0x0000, 0x62C6, 0x6285, 0x7B67, 0x10A1, 0x0080, 0x00A0, 0x00A0, 0x0060, 0x10C1, 0x7B26, 
    0x5A84, 0x6285, 0x0020, 0x00E1, 0x00E1, 0x00E1, 0x00E1, 0x0101, 0x0101, 0x0101, 0x0101, 0x0121, 
    0x0141, 0x0121, 0x0142, 0x0142, 0x0121, 0x0162, 0x0162, 0x0162, 0x0162, 0x0162, 0x0162, 0x0182, 
    0x0162, 0x0182, 0x01A2, 0x01A2, 0x01A2, 0x01A2, 0x01A2, 0x0182, 0x01A2, 0x01C2, 0x01A2, 0x01A2, 
    0x01C2, 0x01A2, 0x09C3, 0x01E3, 0x01C3, 0x01A2, 0x01E3, 0x01E3, 0x01C2, 0x01E3, 0x01E3, 0x09E3, 
    0x09E3, 0x01E3, 0x0A03, 0x0203, 0x01E3, 0x01E3, 0x01C2, 0x01E2, 0x01E3, 0x01C2, 0x01C2, 0x01C2, 
    0x01E3, 0x0A03, 0x0A03, 0x0A03, 0x0A03, 0x0A23, 0x0A23, 0x0A44, 0x0A23, 0x0A23, 0x0A03, 0x0A23, 
    0x0A23, 0x0A03, 0x0A03, 0x0A03, 0x0A23, 0x0A03, 0x0A23, 0x0A23, 0x0A23, 0x1244, 0x0A23, 0x0A43, 
    0x0A23, 0x0A44, 0x0A44, 0x0A64, 0x0A44, 0x0A64, 0x1264, 0x0A64, 0x1284, 0x1284, 0x0A44, 0x1264, 
    0x1284, 0x12A5, 0x1285, 0x1284, 0x12A4, 0x1284, 0x0A64, 0x0A84, 0x0A64, 0x1264, 0x1264, 0x0A44, 
    0x1264, 0x0A64, 0x0A64, 0x1264, 0x1264, 0x1264, 0x1264, 0x0A44, 0x1284, 0x0A64, 0x1264, 0x1284, 
    0x1244, 0x1264, 0x12A5, 0x1284, 0x1284, 0x1284, 0x1284, 0x12A4, 0x1285, 0x1284, 0x1264, 0x1285, 
    0x12A5, 0x12A5, 0x12A4, 0x12A5, 0x12A4, 0x12C5, 0x12A5, 0x12A5, 0x12A5, 0x12A4, 0x12C5, 0x12A5, 
    0x12A5, 0x12A5, 0x12A4, 0x12A5, 0x1284, 0x1284, 0x0A64, 0x0A84, 0x12A5, 0x12A4, 0x1AA5, 0x12A5, 
    0x12A4, 0x12C5, 0x12C5, 0x12A5, 0x12A5, 0x12A5, 0x12A5, 0x12A5, 0x12A4, 0x1284, 0x12A5, 0x12A5, 
    0x12C5, 0x12A4, 0x12C5, 0x12C5, 0x12A5, 0x12A4, 0x12A5, 0x12A5, 0x12A5, 0x1AC5, 0x12A4, 0x12A5, 
    0x1284, 0x12A4, 0x12A5, 0x12A5, 0x1284, 0x0A64, 0x12A4, 0x12A4, 0x0A84, 0x0A84, 0x0A64, 0x1284, 
    0x1284, 0x1284, 0x1264, 0x1264, 0x1264, 0x1264, 0x0A64, 0x1264, 0x0A64, 0x1264, 0x1284, 0x1284, 
    0x1284, 0x1284, 0x1264, 0x0A64, 0x1264, 0x1284, 0x1284, 0x1264, 0x1264, 0x0A44, 0x1264, 0x0A44, 
    0x1244, 0x1264, 0x0A44, 0x0A23, 0x0A43, 0x0A44, 0x0A44, 0x0A44, 0x0A43, 0x0A44, 0x0A44, 0x0A44, 
    0x1264, 0x1264, 0x0A64, 0x0A43, 0x0A44, 0x0A44, 0x0A44, 0x0A44, 0x0A44, 0x0A44, 0x0A24, 0x0A03, 
    0x0A23, 0x0A23, 0x0A23, 0x0A23, 0x0A03, 0x1244, 0x0A23, 0x0A03, 0x0A23, 0x0A23, 0x0A03, 0x0A03, 
    0x0A03, 0x0A03, 0x09E3, 0x01E3, 0x09E3, 0x09E3, 0x0A03, 0x09E3, 0x01E3, 0x01E3, 0x01E3, 0x01E3, 
    0x0A03, 0x09E3, 0x09E3, 0x0A03, 0x09E3, 0x01C3, 0x01C3, 0x01E3, 0x01C2, 0x01A2, 0x01C3, 0x01C3, 
    0x01C3, 0x01C3, 0x01A2, 0x0182, 0x01A2, 0x01A2, 0x0182, 0x01A2, 0x0182, 0x0182, 0x0182, 0x0162, 
    0x0162, 0x0162, 0x0141, 0x0141, 0x0142, 0x0142, 0x0141, 0x0142, 0x0121, 0x0101, 0x0101, 0x0101, 
    0x0101, 0x0101, 0x00E1, 0x00E1, 0x00E1, 0x00E1, 0x00E1, 0x00C1, 0x00E1, 0x0000, 0x62C6, 0x62A5, 
    0x7B67, 0x10A1, 0x0080, 0x00A0, 0x00A0, 0x0060, 0x10C1, 0x7B26, 0x5A84, 0x6285, 0x0020, 0x0101, 
    0x0101, 0x0101, 0x0101, 0x0101, 0x0101, 0x0101, 0x0121, 0x0121, 0x0141, 0x0141, 0x0142, 0x0142, 
    0x0142, 0x0141, 0x0162, 0x0162, 0x0142, 0x0162, 0x0162, 0x0182, 0x0182, 0x0162, 0x0182, 0x01A2, 
    0x01A2, 0x01C2, 0x01C2, 0x01C2, 0x01A2, 0x01A2, 0x01C2, 0x01C2, 0x01C2, 0x01C2, 0x01C2, 0x01E3, 
    0x01E3, 0x01C3, 0x01E3, 0x01C2, 0x01C2, 0x01E3, 0x01C2, 0x09E3, 0x01E2, 0x01E3, 0x0A03, 0x01E3, 
    0x0A03, 0x0A03, 0x0203, 0x01C2, 0x01C2, 0x01E3, 0x09E3, 0x09E3, 0x0A03, 0x0A23, 0x0A03, 0x0A03, 
    0x01E3, 0x0A23, 0x0A23, 0x0A03, 0x0A44, 0x0A23, 0x0A23, 0x0A23, 0x0A43, 0x0A23, 0x0A23, 0x0A23, 
    0x1244, 0x0A23, 0x0A23, 0x0A03, 0x0A03, 0x0A23, 0x0A23, 0x0A43, 0x0A23, 0x0A43, 0x0A44, 0x0A43, 
    0x0A44, 0x0A44, 0x0A44, 0x0A64, 0x0A43, 0x1264, 0x0A44, 0x0A64, 0x1264, 0x1264, 0x1264, 0x1284, 
    0x1284, 0x1284, 0x0A64, 0x0A64, 0x0A64, 0x1284, 0x1284, 0x1264, 0x1264, 0x0A64, 0x0A44, 0x1264, 
    0x0A64, 0x1284, 0x1284, 0x0A64, 0x1264, 0x1284, 0x1284, 0x1264, 0x1264, 0x1264, 0x1284, 0x0A64, 
    0x0A64, 0x0A64, 0x1285, 0x1284, 0x1284, 0x12C5, 0x12A5, 0x1284, 0x12A4, 0x12A5, 0x12C5, 0x12A5, 
    0x12A4, 0x12A4, 0x12C5, 0x12A5, 0x1284, 0x12A4, 0x12A5, 0x12A5, 0x12A5, 0x12A5, 0x12C5, 0x12A5, 
    0x0A84, 0x1284, 0x1284, 0x12A4, 0x12A5, 0x1284, 0x12A5, 0x1284, 0x1284, 0x1284, 0x1284, 0x12A5, 
    0x1284, 0x1284, 0x12C5, 0x12A5, 0x12C5, 0x12A5, 0x1284, 0x1AA5, 0x1AC5, 0x12A4, 0x12A5, 0x12C5, 
    0x12A5, 0x12A4, 0x1284, 0x12A5, 0x12A4, 0x12A5, 0x12C5, 0x12A5, 0x12A5, 0x0A84, 0x1284, 0x1284, 
    0x12A4, 0x12A5, 0x1284, 0x0A84, 0x0A84, 0x0A84, 0x1264, 0x12A5, 0x12A5, 0x1284, 0x12A5, 0x1284, 
    0x1284, 0x1284, 0x1284, 0x0A64, 0x1264, 0x1284, 0x1264, 0x12A5, 0x1284, 0x1264, 0x1264, 0x0A44, 
    0x0A64, 0x0A44, 0x0A44, 0x0A44, 0x1244, 0x1244, 0x1284, 0x1284, 0x1264, 0x1284, 0x1264, 0x0A44, 
    0x0A43, 0x0A44, 0x1244, 0x0A44, 0x1264, 0x1264, 0x0A64, 0x1264, 0x1284, 0x0A43, 0x0A44, 0x0A44, 
    0x0A44, 0x0A44, 0x1284, 0x0A44, 0x0A23, 0x0A23, 0x0A44, 0x0A23, 0x0A23, 0x0A43, 0x0A23, 0x0A23, 
    0x0A03, 0x0A23, 0x0A23, 0x0A24, 0x0A24, 0x0A03, 0x0A03, 0x0203, 0x0203, 0x0A03, 0x0A03, 0x0203, 
    0x0A03, 0x0A44, 0x0A24, 0x0A03, 0x0A03, 0x01E3, 0x09E3, 0x01E2, 0x09E3, 0x09E2, 0x01C2, 0x01E2, 
    0x01E3, 0x01C2, 0x01A2, 0x01C3, 0x01C2, 0x01C2, 0x01C2, 0x01C2, 0x01C2, 0x01C3, 0x01A2, 0x01A2, 
    0x01A3, 0x0182, 0x0182, 0x01A2, 0x01A2, 0x0182, 0x0182, 0x0162, 0x0162, 0x0142, 0x0141, 0x0142, 
    0x0141, 0x0141, 0x0142, 0x0141, 0x0141, 0x0121, 0x0101, 0x0101, 0x0101, 0x0101, 0x0101, 0x00E1, 
    0x00C1, 0x00E1, 0x00E1, 0x00E1, 0x00E1, 0x0000, 0x62C6, 0x62A5, 0x7B67, 0x1081, 0x0080, 0x00A0, 
    0x0080, 0x0060, 0x10C1, 0x7306, 0x5A85, 0x6285, 0x0020, 0x0101, 0x00E1, 0x0101, 0x0101, 0x0101, 
    0x0101, 0x0101, 0x0101, 0x0101, 0x0101, 0x0121, 0x0141, 0x0142, 0x0142, 0x0121, 0x0142, 0x0162, 
    0x0162, 0x0162, 0x0182, 0x0162, 0x0182, 0x0162, 0x0182, 0x0182, 0x0182, 0x01A2, 0x01A2, 0x01A2, 
    0x01A2, 0x0182, 0x01A2, 0x01C2, 0x01C3, 0x09E3, 0x01C2, 0x01A2, 0x01A2, 0x01A2, 0x01C2, 0x01C2, 
    0x01A2, 0x01A2, 0x01C2, 0x01E2, 0x01E3, 0x01E3, 0x01E3, 0x0203, 0x0A03, 0x0A03, 0x01E2, 0x01E3, 
    0x01E2, 0x0A03, 0x01E3, 0x01E3, 0x0A03, 0x0A23, 0x0A23, 0x0A03, 0x0A03, 0x0A23, 0x0A23, 0x0A03, 
    0x0A03, 0x0A03, 0x0A23, 0x0A23, 0x0A03, 0x0A23, 0x0A23, 0x0A24, 0x0A23, 0x0A23, 0x0A24, 0x0A23, 
    0x0A23, 0x0A23, 0x0A43, 0x0A23, 0x1244, 0x0A23, 0x0A23, 0x0A23, 0x0A44, 0x0A44, 0x1264, 0x0A64, 
    0x0A43, 0x1284, 0x1264, 0x1284, 0x1284, 0x0A44, 0x1264, 0x1284, 0x1264, 0x1284, 0x1284, 0x0A44, 
    0x1284, 0x1284, 0x1284, 0x0A64, 0x0A64, 0x1264, 0x1264, 0x1284, 0x1284, 0x1264, 0x0A64, 0x1284, 
    0x1264, 0x1284, 0x1284, 0x0A64, 0x0A64, 0x0A23, 0x0A44, 0x1284, 0x1284, 0x1284, 0x1284, 0x1284, 
    0x0A64, 0x1284, 0x1284, 0x1264, 0x12A5, 0x12A5, 0x1284, 0x1284, 0x1284, 0x1284, 0x1284, 0x12A4, 
    0x1284, 0x12A4, 0x12A5, 0x12A5, 0x12A4, 0x12A4, 0x12A4, 0x1284, 0x12A5, 0x12C5, 0x12A4, 0x12A5, 
    0x12A5, 0x12A5, 0x1284, 0x1284, 0x1284, 0x12A5, 0x1285, 0x12A5, 0x12A5, 0x12A4, 0x12A5, 0x12A4, 
    0x12A4, 0x1284, 0x12A4, 0x12A5, 0x1284, 0x12A5, 0x12A4, 0x12A5, 0x12A4, 0x12A4, 0x12A4, 0x12C5, 
    0x12A5, 0x1284, 0x12A4, 0x1284, 0x1284, 0x0A64, 0x1284, 0x1284, 0x0A64, 0x1264, 0x0A64, 0x12A4, 
    0x1284, 0x12A5, 0x12A5, 0x1264, 0x1284, 0x1284, 0x1264, 0x0A64, 0x1284, 0x1284, 0x0A64, 0x1264, 
    0x1284, 0x12A4, 0x1284, 0x1AA5, 0x1284, 0x1284, 0x12A4, 0x1284, 0x1264, 0x1264, 0x1264, 0x1264, 
    0x0A64, 0x1264, 0x1264, 0x1264, 0x1264, 0x1244, 0x0A44, 0x0A44, 0x1264, 0x1284, 0x1244, 0x1264, 
    0x1244, 0x1264, 0x1264, 0x0A64, 0x0A44, 0x0A43, 0x0A44, 0x1244, 0x0A44, 0x1244, 0x1244, 0x0A44, 
    0x0A03, 0x0A23, 0x0A44, 0x0A03, 0x0A23, 0x0A23, 0x0A03, 0x0A03, 0x0A03, 0x0A23, 0x0A03, 0x0A03, 
    0x0A03, 0x01E3, 0x0A03, 0x0A23, 0x0A23, 0x0A03, 0x0A23, 0x0A24, 0x0A03, 0x0A44, 0x0A03, 0x01E3, 
    0x0A23, 0x0A03, 0x0A03, 0x01E3, 0x01E3, 0x01E2, 0x01E3, 0x0A03, 0x01E3, 0x01C2, 0x09C3, 0x01A2, 
    0x01C2, 0x01C2, 0x01E3, 0x01E3, 0x01C3, 0x01A2, 0x01A2, 0x01A2, 0x0182, 0x0182, 0x0182, 0x0182, 
    0x01A2, 0x0182, 0x0182, 0x0162, 0x0141, 0x0162, 0x0162, 0x0162, 0x0162, 0x0162, 0x0142, 0x0121, 
    0x0121, 0x0121, 0x0101, 0x0101, 0x0101, 0x0101, 0x0101, 0x00E1, 0x00E1, 0x00E1, 0x00E1, 0x00E1, 
    0x00E1, 0x0000, 0x62C6, 0x6285, 0x7B67, 0x1081, 0x0080, 0x00A0, 0x00A0, 0x0060, 0x10C1, 0x7B26, 
    0x62A5, 0x6285, 0x0020, 0x0101, 0x00E1, 0x00E1, 0x0101, 0x0101, 0x0121, 0x0121, 0x0121, 0x0121, 
    0x0121, 0x0121, 0x0141, 0x0162, 0x0142, 0x0121, 0x0141, 0x0142, 0x0162, 0x0162, 0x0182, 0x0182, 
    0x0182, 0x01A2, 0x0182, 0x0162, 0x01A2, 0x0182, 0x0182, 0x0182, 0x01C2, 0x01C2, 0x01C2, 0x01A2, 
    0x01A2, 0x01A2, 0x01A2, 0x01A2, 0x01C2, 0x01A2, 0x01C3, 0x01E3, 0x01C3, 0x01C2, 0x09E3, 0x0203, 
    0x0A03, 0x01E3, 0x01E3, 0x0A03, 0x0A23, 0x0A03, 0x09E3, 0x0A03, 0x0A03, 0x01E3, 0x09E3, 0x0A03, 
    0x0A03, 0x0A03, 0x0A03, 0x0A03, 0x0A23, 0x0A23, 0x0A23, 0x0A23, 0x0A23, 0x0A24, 0x0A23, 0x0A23, 
    0x0A03, 0x0A03, 0x0203, 0x0A23, 0x0A43, 0x0A23, 0x1244, 0x0A23, 0x0A23, 0x0A23, 0x1244, 0x0A03, 
    0x0A23, 0x0A23, 0x0A44, 0x0A23, 0x0A44, 0x0A43, 0x1264, 0x0A64, 0x0A43, 0x1284, 0x1284, 0x1264, 
    0x0A44, 0x0A44, 0x0A64, 0x1284, 0x1285, 0x1284, 0x1284, 0x1264, 0x1285, 0x1264, 0x1284, 0x1284, 
    0x1264, 0x0A43, 0x1264, 0x1284, 0x0A64, 0x0A64, 0x0A64, 0x1284, 0x1284, 0x1264, 0x0A44, 0x1284, 
    0x1264, 0x1264, 0x0A64, 0x1284, 0x12A5, 0x12A5, 0x1284, 0x1284, 0x12A5, 0x12A5, 0x1284, 0x12A5, 
    0x1284, 0x12A5, 0x1284, 0x1284, 0x12A5, 0x12A4, 0x12A4, 0x12A4, 0x12A5, 0x1284, 0x12A4, 0x12A5, 
    0x1284, 0x1284, 0x12A4, 0x0A84, 0x1284, 0x12A4, 0x1284, 0x12A4, 0x12A5, 0x12C5, 0x12A4, 0x12A5, 
    0x12A5, 0x12C5, 0x12A5, 0x12C5, 0x12A5, 0x12A5, 0x12A4, 0x12A4, 0x12A5, 0x12A5, 0x1284, 0x1284, 
    0x1284, 0x12A5, 0x1284, 0x12C5, 0x12A4, 0x12A5, 0x1284, 0x12A5, 0x1284, 0x1284, 0x1284, 0x0A64, 
    0x1284, 0x1284, 0x1284, 0x12A4, 0x1284, 0x1284, 0x12A4, 0x0A84, 0x1264, 0x1284, 0x0A44, 0x1264, 
    0x12A5, 0x0A44, 0x0A44, 0x1284, 0x12A4, 0x12A4, 0x1284, 0x12A5, 0x12A4, 0x1284, 0x12A4, 0x1284, 
    0x1284, 0x1284, 0x1264, 0x1284, 0x1264, 0x1264, 0x0A44, 0x1264, 0x1264, 0x1264, 0x1264, 0x0A43, 
    0x1264, 0x0A64, 0x1264, 0x0A44, 0x1264, 0x1264, 0x0A43, 0x1264, 0x1244, 0x1264, 0x1284, 0x0A44, 
    0x1264, 0x0A44, 0x1264, 0x1284, 0x1AA5, 0x0A44, 0x0A44, 0x1264, 0x0A44, 0x0A23, 0x0A43, 0x0A23, 
    0x0A03, 0x0A03, 0x0A23, 0x0A03, 0x0A23, 0x0A23, 0x09E3, 0x0A03, 0x0203, 0x0A23, 0x0A23, 0x0A23, 
    0x0A44, 0x0A03, 0x0A03, 0x0A23, 0x0A03, 0x0A03, 0x01E3, 0x01E3, 0x0A03, 0x0A03, 0x0A03, 0x09E3, 
    0x01C3, 0x01C2, 0x01E3, 0x01E3, 0x09E3, 0x01E3, 0x01C2, 0x01E3, 0x01C2, 0x01A2, 0x01C3, 0x01C2, 
    0x0182, 0x0182, 0x01A2, 0x01A2, 0x01A2, 0x09C3, 0x01A2, 0x01C2, 0x0182, 0x0182, 0x0162, 0x0162, 
    0x0162, 0x0162, 0x0162, 0x0162, 0x0162, 0x0142, 0x0142, 0x0121, 0x0121, 0x0121, 0x0121, 0x0101, 
    0x0101, 0x00E1, 0x00E1, 0x00E1, 0x00E1, 0x00E1, 0x00E1, 0x00E1, 0x00E1, 0x0000, 0x62C6, 0x6284, 
    0x7B47, 0x10A1, 0x0080, 0x00A0, 0x0080, 0x0060, 0x10C1, 0x7B06, 0x62A5, 0x6285, 0x0020, 0x0101, 
    0x0101, 0x0101, 0x0101, 0x0101, 0x0121, 0x0121, 0x0122, 0x0142, 0x0121, 0x0121, 0x0142, 0x0141, 
    0x0141, 0x0142, 0x0142, 0x0141, 0x0142, 0x0162, 0x0182, 0x0182, 0x0182, 0x01A2, 0x01A2, 0x0182, 
    0x0182, 0x0182, 0x0182, 0x01A2, 0x01C2, 0x01C3, 0x09C3, 0x01C3, 0x01A2, 0x01C2, 0x01C2, 0x01A2, 
    0x01C3, 0x01E3, 0x01E3, 0x01C3, 0x01C2, 0x01C2, 0x01C3, 0x01E3, 0x01E2, 0x01E3, 0x01E3, 0x09E3, 
    0x0A03, 0x0A03, 0x09E3, 0x09E3, 0x0A03, 0x0A03, 0x09E3, 0x0A03, 0x0A03, 0x0A23, 0x0A03, 0x0A03, 
    0x0A44, 0x0A23, 0x0A03, 0x0A23, 0x0A23, 0x0A43, 0x0A44, 0x0A23, 0x0A44, 0x0A44, 0x0A24, 0x0A44, 
    0x0A23, 0x0A44, 0x0A03, 0x0A23, 0x0A23, 0x0A03, 0x0A23, 0x0A23, 0x0A44, 0x0A44, 0x0A44, 0x0A44, 
    0x0A23, 0x0A23, 0x0A23, 0x0A44, 0x1264, 0x1264, 0x0A44, 0x1264, 0x0A24, 0x0A23, 0x0A64, 0x0A43, 
    0x0A64, 0x0A44, 0x1285, 0x1285, 0x1285, 0x1284, 0x1264, 0x1284, 0x1284, 0x1264, 0x0A64, 0x1284, 
    0x12A5, 0x1285, 0x1284, 0x1264, 0x0A64, 0x1284, 0x1284, 0x1284, 0x0A84, 0x0A64, 0x0A44, 0x1284, 
    0x1284, 0x1284, 0x1264, 0x1284, 0x12A4, 0x1284, 0x12A4, 0x1284, 0x12A5, 0x12A5, 0x12A5, 0x12A5, 
    0x12A5, 0x12A4, 0x12A4, 0x12A5, 0x1284, 0x1284, 0x12A5, 0x1284, 0x1284, 0x12A5, 0x12A5, 0x12A5, 
    0x1284, 0x1284, 0x12C5, 0x12C5, 0x1284, 0x12A5, 0x12A5, 0x1AC5, 0x1AA5, 0x12A5, 0x12C5, 0x12A5, 
    0x1AC5, 0x1AC5, 0x12C5, 0x12A5, 0x1AC5, 0x1AE5, 0x12A5, 0x12A4, 0x12A5, 0x12C5, 0x1284, 0x1284, 
    0x12A5, 0x12A5, 0x1284, 0x1284, 0x1284, 0x1AC5, 0x12A5, 0x1AA5, 0x1AA5, 0x1284, 0x12A5, 0x12A4, 
    0x1284, 0x1284, 0x12A4, 0x12A4, 0x1284, 0x1284, 0x0A44, 0x1285, 0x1285, 0x0A64, 0x0A84, 0x12C5, 
    0x1AE5, 0x12C5, 0x1284, 0x1264, 0x1284, 0x1284, 0x1284, 0x1AA5, 0x1284, 0x1284, 0x1264, 0x1284, 
    0x1264, 0x1264, 0x1264, 0x1264, 0x0A44, 0x1284, 0x12A5, 0x12A5, 0x1AA5, 0x1284, 0x0A64, 0x1264, 
    0x1264, 0x0A44, 0x1264, 0x1264, 0x1264, 0x1284, 0x0A44, 0x1264, 0x1284, 0x1244, 0x1264, 0x1284, 
    0x1264, 0x0A44, 0x0A44, 0x0A44, 0x0A44, 0x1244, 0x0A23, 0x0A23, 0x0A23, 0x0A03, 0x0A23, 0x0A23, 
    0x0A23, 0x09E3, 0x0A03, 0x0A23, 0x0203, 0x0A23, 0x0A23, 0x0A03, 0x0A23, 0x01E2, 0x0A03, 0x0A03, 
    0x0A23, 0x0A23, 0x0A03, 0x0A03, 0x0203, 0x01E3, 0x0A03, 0x01C3, 0x01C3, 0x01C3, 0x01E3, 0x01E3, 
    0x01E3, 0x01C2, 0x01E3, 0x0A03, 0x01C2, 0x01C2, 0x01C3, 0x01A2, 0x01A2, 0x01A2, 0x01A2, 0x01A2, 
    0x01A2, 0x0182, 0x0182, 0x0182, 0x0182, 0x0182, 0x0182, 0x0182, 0x0162, 0x0141, 0x0162, 0x0162, 
    0x0162, 0x0141, 0x0142, 0x0142, 0x0121, 0x0141, 0x0121, 0x0121, 0x0101, 0x0101, 0x0101, 0x00E1, 
    0x00E1, 0x00E1, 0x00E1, 0x00E1, 0x00E1, 0x0020, 0x62E6, 0x6264, 0x7B67, 0x10A1, 0x0080, 0x00A0, 
    0x0080, 0x0060, 0x10C1, 0x7305, 0x62A5, 0x6285, 0x0020, 0x0101, 0x00E1, 0x0101, 0x0101, 0x0101, 
    0x0101, 0x0121, 0x0121, 0x0121, 0x0121, 0x0121, 0x0142, 0x0162, 0x0142, 0x0141, 0x0162, 0x0162, 
    0x0142, 0x0162, 0x0182, 0x0162, 0x0162, 0x0182, 0x0182, 0x01A2, 0x01A2, 0x0182, 0x0182, 0x0182, 
    0x01A2, 0x01C3, 0x01C2, 0x01A2, 0x01A2, 0x01C2, 0x01C3, 0x01C3, 0x01C2, 0x01E3, 0x01E3, 0x01C2, 
    0x01C2, 0x01E3, 0x01C2, 0x09E3, 0x09E3, 0x09E3, 0x0A03, 0x09E3, 0x0A03, 0x09E2, 0x09E3, 0x01C2, 
    0x01E3, 0x09E3, 0x0A03, 0x0A24, 0x0A23, 0x0A23, 0x0A23, 0x0A23, 0x0A23, 0x0A03, 0x0A03, 0x0A03, 
    0x0A23, 0x0A23, 0x0A23, 0x0A23, 0x0A23, 0x0A44, 0x0A44, 0x0A03, 0x0A03, 0x0A23, 0x0A23, 0x0A43, 
    0x0A44, 0x0A23, 0x0A23, 0x0A23, 0x0A44, 0x0A43, 0x1244, 0x1244, 0x0A44, 0x0A44, 0x0A23, 0x0A24, 
    0x0A23, 0x0A44, 0x1264, 0x1264, 0x0A64, 0x0A44, 0x0A64, 0x0A44, 0x0A64, 0x1264, 0x1285, 0x0A44, 
    0x1285, 0x12A5, 0x1284, 0x1284, 0x0A64, 0x0A64, 0x1264, 0x1284, 0x1284, 0x1284, 0x1AA5, 0x1284, 
    0x1285, 0x1284, 0x1284, 0x0A84, 0x1284, 0x0A64, 0x0A44, 0x0A64, 0x12A4, 0x12A5, 0x12A5, 0x12A5, 
    0x12A4, 0x12A5, 0x12A5, 0x1284, 0x1284, 0x12A4, 0x1284, 0x12A5, 0x12A5, 0x12A5, 0x12C5, 0x1AC5, 
    0x1284, 0x1284, 0x1284, 0x0A64, 0x1285, 0x12A5, 0x12C5, 0x12C5, 0x12A5, 0x1284, 0x1284, 0x1284, 
    0x12A5, 0x1284, 0x1284, 0x1284, 0x12A5, 0x1284, 0x12C5, 0x12A5, 0x12A5, 0x1284, 0x12A5, 0x12A5, 
    0x12A5, 0x12A5, 0x12C5, 0x1AE5, 0x12A4, 0x12A4, 0x1284, 0x12A5, 0x1285, 0x12A5, 0x1284, 0x12A5, 
    0x12A5, 0x12A5, 0x12A5, 0x12C5, 0x12A5, 0x1264, 0x1AC5, 0x1284, 0x1284, 0x1284, 0x0A43, 0x0A64, 
    0x1284, 0x1284, 0x12A5, 0x12A5, 0x12A5, 0x12A5, 0x12A4, 0x12A5, 0x12A4, 0x1284, 0x1284, 0x0A64, 
    0x12A4, 0x1284, 0x1284, 0x1284, 0x1284, 0x12A4, 0x1284, 0x1284, 0x1264, 0x1264, 0x1264, 0x1244, 
    0x1284, 0x12A5, 0x1284, 0x1284, 0x1284, 0x1264, 0x1264, 0x1264, 0x1264, 0x0A44, 0x0A44, 0x1264, 
    0x12A5, 0x1284, 0x1264, 0x1264, 0x1264, 0x1264, 0x1284, 0x1264, 0x1284, 0x1264, 0x1264, 0x1264, 
    0x1264, 0x1244, 0x1244, 0x0A23, 0x0A23, 0x0A23, 0x0A03, 0x0A03, 0x0A03, 0x0A03, 0x0A23, 0x0A03, 
    0x01E3, 0x0A03, 0x0A03, 0x0A03, 0x0203, 0x0223, 0x0203, 0x0A23, 0x0A43, 0x0A23, 0x01E3, 0x0A03, 
    0x01E3, 0x01E3, 0x01E3, 0x01C3, 0x01E3, 0x01C2, 0x01C2, 0x01E3, 0x01E3, 0x01C2, 0x09E3, 0x01E2, 
    0x01C2, 0x01C3, 0x09E3, 0x01C3, 0x01C3, 0x01A2, 0x01A2, 0x0182, 0x0182, 0x0182, 0x0182, 0x0182, 
    0x0182, 0x0182, 0x0182, 0x0162, 0x0162, 0x0162, 0x0142, 0x0142, 0x0142, 0x0141, 0x0142, 0x0121, 
    0x0141, 0x0142, 0x0121, 0x0121, 0x0101, 0x0101, 0x0101, 0x00E1, 0x00E1, 0x00E1, 0x00E1, 0x00E1, 
    0x00E1, 0x0020, 0x62E6, 0x6285, 0x7B68, 0x10A1, 0x0080, 0x00A0, 0x0080, 0x0060, 0x10C1, 0x7306, 
    0x62A5, 0x5A85, 0x0020, 0x00E1, 0x00E1, 0x00E1, 0x00E1, 0x0101, 0x0121, 0x0121, 0x0101, 0x0121, 
    0x0142, 0x0121, 0x0141, 0x0142, 0x0142, 0x0142, 0x0142, 0x0162, 0x0162, 0x0162, 0x0162, 0x0182, 
    0x0182, 0x0182, 0x0182, 0x0182, 0x01A2, 0x01A2, 0x01A2, 0x0182, 0x01A2, 0x01A2, 0x01C2, 0x09E3, 
    0x01A2, 0x01A2, 0x01C3, 0x01C3, 0x01C2, 0x01C2, 0x01E3, 0x01E3, 0x01E3, 0x01C2, 0x01E3, 0x01E3, 
    0x09E3, 0x01E3, 0x09E3, 0x01E3, 0x09E3, 0x09E3, 0x09E3, 0x0A03, 0x0A03, 0x09C2, 0x0A03, 0x0A03, 
    0x0A03, 0x0A23, 0x0A23, 0x0A23, 0x0A23, 0x0A44, 0x0A23, 0x0A44, 0x0A43, 0x0A23, 0x0A23, 0x0A23, 
    0x0A43, 0x0A64, 0x1264, 0x0A44, 0x0A23, 0x0A23, 0x0A23, 0x0A44, 0x0A43, 0x0A23, 0x0A44, 0x0A23, 
    0x0A24, 0x0A23, 0x0A03, 0x0A03, 0x0A44, 0x1264, 0x0A44, 0x0A44, 0x0A44, 0x0A44, 0x1264, 0x0A44, 
    0x0A64, 0x1264, 0x1264, 0x0A44, 0x1264, 0x0A43, 0x1264, 0x0A64, 0x0A43, 0x1284, 0x1284, 0x0A64, 
    0x1284, 0x0A64, 0x1264, 0x1264, 0x1264, 0x12A5, 0x1284, 0x1264, 0x1284, 0x0A44, 0x1264, 0x0A64, 
    0x0A44, 0x1264, 0x1264, 0x1284, 0x12A5, 0x1284, 0x1284, 0x1284, 0x12A5, 0x12A5, 0x12A4, 0x1AC5, 
    0x12A5, 0x1285, 0x12A5, 0x12A4, 0x1284, 0x12A5, 0x12C5, 0x1284, 0x12A4, 0x12A4, 0x1284, 0x12A5, 
    0x1284, 0x0A64, 0x12C5, 0x12C5, 0x12C5, 0x12A4, 0x1284, 0x1284, 0x1284, 0x1284, 0x1284, 0x1284, 
    0x12A4, 0x1284, 0x12C5, 0x12A5, 0x1285, 0x12A5, 0x12A5, 0x0A64, 0x0A84, 0x12A4, 0x12C5, 0x12C5, 
    0x12A5, 0x12A5, 0x12A4, 0x12A5, 0x1284, 0x12A5, 0x12A5, 0x12A4, 0x12A4, 0x12A4, 0x12A4, 0x12A5, 
    0x1284, 0x1284, 0x1264, 0x1264, 0x1284, 0x0A84, 0x1284, 0x1284, 0x1264, 0x1284, 0x1284, 0x1284, 
    0x1284, 0x0A64, 0x1284, 0x1284, 0x0A64, 0x1284, 0x0A43, 0x1284, 0x12A5, 0x1264, 0x1284, 0x1284, 
    0x1264, 0x1284, 0x1284, 0x1284, 0x1264, 0x1284, 0x1244, 0x1264, 0x1285, 0x1264, 0x1285, 0x12A4, 
    0x1284, 0x1284, 0x1284, 0x1284, 0x1264, 0x1264, 0x1264, 0x1264, 0x1264, 0x1284, 0x1264, 0x1284, 
    0x1285, 0x1264, 0x1284, 0x1264, 0x0A44, 0x1264, 0x1264, 0x0A23, 0x0A43, 0x0A23, 0x0A24, 0x0A23, 
    0x0A44, 0x1264, 0x0A43, 0x0A03, 0x0A23, 0x0A23, 0x0A64, 0x0A23, 0x0A03, 0x0A03, 0x0A03, 0x09E3, 
    0x0A03, 0x0A24, 0x0A44, 0x0203, 0x0A23, 0x0A23, 0x0A03, 0x0A03, 0x01E2, 0x01C3, 0x01C2, 0x01C3, 
    0x01E3, 0x01E3, 0x01C2, 0x01E3, 0x01E3, 0x01E3, 0x0203, 0x01E3, 0x01C2, 0x01C3, 0x01E3, 0x01C2, 
    0x01A2, 0x0182, 0x0182, 0x0182, 0x01A2, 0x01A2, 0x01A2, 0x0182, 0x01A2, 0x0182, 0x0182, 0x0162, 
    0x0142, 0x0162, 0x0162, 0x0162, 0x0142, 0x0141, 0x0162, 0x0121, 0x0142, 0x0141, 0x0101, 0x0121, 
    0x0101, 0x0101, 0x0101, 0x00E1, 0x00E1, 0x00E1, 0x00E1, 0x00C0, 0x00E1, 0x0020, 0x62C6, 0x6285, 
    0x7B68, 0x10A1, 0x0080, 0x00A0, 0x0080, 0x0060, 0x18E1, 0x7B26, 0x5AA5, 0x5A85, 0x0020, 0x00E1, 
    0x00E1, 0x00E1, 0x0101, 0x0101, 0x0101, 0x0121, 0x0121, 0x0121, 0x0121, 0x0141, 0x0142, 0x0141, 
    0x0141, 0x0162, 0x0162, 0x0162, 0x0162, 0x0162, 0x0162, 0x0182, 0x0182, 0x01A2, 0x01A2, 0x0162, 
    0x0182, 0x0182, 0x0182, 0x01A2, 0x01A2, 0x01C2, 0x01C3, 0x01C2, 0x01A2, 0x01A2, 0x01E3, 0x01E3, 
    0x01C2, 0x09E3, 0x01C2, 0x01E3, 0x0A03, 0x01C2, 0x09E3, 0x01E3, 0x01C2, 0x01C3, 0x01E3, 0x01C2, 
    0x09E3, 0x0A03, 0x0A03, 0x0A03, 0x09E3, 0x09E3, 0x0A03, 0x09E3, 0x0A03, 0x0A03, 0x0A03, 0x0A24, 
    0x0A24, 0x0A23, 0x0A23, 0x0A44, 0x0A23, 0x0A23, 0x0A23, 0x0A03, 0x0A23, 0x0A43, 0x1264, 0x0A44, 
    0x0A23, 0x0A43, 0x0A43, 0x0A44, 0x0A43, 0x0A23, 0x0A23, 0x0A44, 0x0A44, 0x0A44, 0x0A23, 0x0A23, 
    0x0A43, 0x0A64, 0x0A23, 0x0A23, 0x0A44, 0x0A44, 0x1264, 0x0A64, 0x0A44, 0x0A64, 0x1264, 0x1264, 
    0x0A44, 0x1264, 0x1285, 0x12A5, 0x1284, 0x1284, 0x1284, 0x0A64, 0x1284, 0x0A64, 0x1284, 0x0A64, 
    0x1284, 0x1285, 0x1244, 0x1264, 0x1264, 0x1264, 0x1284, 0x1284, 0x1284, 0x1264, 0x1284, 0x1284, 
    0x1284, 0x0A64, 0x1264, 0x1284, 0x12A5, 0x12A5, 0x1284, 0x12A5, 0x12A5, 0x12A5, 0x12A5, 0x12A4, 
    0x1284, 0x1284, 0x1AC5, 0x1284, 0x1284, 0x12A4, 0x12A5, 0x12A5, 0x12A4, 0x12A4, 0x12C5, 0x12C5, 
    0x1284, 0x1284, 0x1AC5, 0x12A5, 0x1284, 0x12A5, 0x1284, 0x12A4, 0x1284, 0x1284, 0x12A5, 0x1284, 
    0x12A5, 0x1284, 0x12A5, 0x12A5, 0x1284, 0x12A5, 0x12A5, 0x12A4, 0x12A5, 0x12A4, 0x1284, 0x12A5, 
    0x1284, 0x12A5, 0x1285, 0x1284, 0x1AA5, 0x12A4, 0x1284, 0x1284, 0x1264, 0x0A64, 0x0A64, 0x1284, 
    0x12A4, 0x1284, 0x12A5, 0x1284, 0x12A4, 0x12A5, 0x1264, 0x1284, 0x1284, 0x1264, 0x1284, 0x1AA5, 
    0x1264, 0x1264, 0x1284, 0x1264, 0x1284, 0x1284, 0x1284, 0x1285, 0x12A5, 0x1264, 0x1264, 0x1264, 
    0x1264, 0x12A5, 0x1284, 0x1284, 0x1264, 0x1284, 0x1285, 0x1284, 0x1284, 0x12A5, 0x1284, 0x1284, 
    0x1284, 0x1264, 0x1264, 0x1264, 0x1244, 0x1264, 0x1264, 0x1264, 0x1284, 0x1264, 0x1264, 0x1264, 
    0x1244, 0x1264, 0x1284, 0x0A44, 0x1264, 0x0A44, 0x0A44, 0x1244, 0x1264, 0x0A44, 0x0A23, 0x0A44, 
    0x0A03, 0x0A23, 0x0A44, 0x0A03, 0x0A03, 0x0A23, 0x0A03, 0x0A03, 0x0A44, 0x0A03, 0x0A03, 0x01E3, 
    0x0A23, 0x0A03, 0x0203, 0x0A03, 0x01E3, 0x01E3, 0x09E3, 0x01E3, 0x0A03, 0x01E2, 0x01C2, 0x01C2, 
    0x01C2, 0x01E3, 0x0A03, 0x01E3, 0x01E3, 0x09E3, 0x01C3, 0x01C2, 0x01A2, 0x0182, 0x01A2, 0x01C2, 
    0x01A2, 0x01C3, 0x01C3, 0x01A2, 0x01A2, 0x0182, 0x0182, 0x0162, 0x0182, 0x0182, 0x0162, 0x0182, 
    0x0142, 0x0141, 0x0142, 0x0121, 0x0141, 0x0121, 0x0121, 0x0122, 0x0121, 0x0101, 0x0101, 0x0101, 
    0x00E1, 0x00E1, 0x00E1, 0x00E1, 0x00E1, 0x0020, 0x62C6, 0x6264, 0x7B88, 0x1080, 0x0080, 0x00A0, 
    0x0080, 0x0060, 0x18E1, 0x7B46, 0x5AA5, 0x5A85, 0x0020, 0x0101, 0x00E1, 0x00E1, 0x0101, 0x0121, 
    0x0121, 0x0101, 0x0101, 0x0101, 0x0101, 0x0101, 0x0121, 0x0141, 0x0142, 0x0142, 0x0141, 0x0141, 
    0x0162, 0x0162, 0x0162, 0x0161, 0x0182, 0x0182, 0x0182, 0x0182, 0x01A2, 0x01A2, 0x01A2, 0x01C3, 
    0x01C2, 0x01C2, 0x01C3, 0x01C3, 0x01C3, 0x09E3, 0x01E3, 0x01C2, 0x09E3, 0x01E3, 0x01E3, 0x01C2, 
    0x01E2, 0x01A2, 0x01C2, 0x09E3, 0x01C2, 0x01A2, 0x01C2, 0x01C2, 0x01E3, 0x01E3, 0x0A23, 0x0A23, 
    0x0A23, 0x0A03, 0x0A03, 0x0A03, 0x0A03, 0x0A03, 0x0A03, 0x01E3, 0x0A03, 0x0A03, 0x0A23, 0x0A43, 
    0x0A44, 0x0A23, 0x0A23, 0x0A43, 0x0A23, 0x0A44, 0x0A23, 0x0A44, 0x0A44, 0x0A44, 0x0A44, 0x1244, 
    0x1244, 0x0A44, 0x0A43, 0x1284, 0x1284, 0x0A44, 0x0A44, 0x0A44, 0x1264, 0x0A44, 0x0A24, 0x0A23, 
    0x0A23, 0x0A23, 0x0A23, 0x0A64, 0x0A44, 0x0A23, 0x0A23, 0x1264, 0x0A64, 0x1264, 0x0A64, 0x0A64, 
    0x1284, 0x12A4, 0x1284, 0x0A64, 0x0A64, 0x0A64, 0x1284, 0x1264, 0x1264, 0x1264, 0x1264, 0x1264, 
    0x1264, 0x1264, 0x1284, 0x1264, 0x1284, 0x1285, 0x1284, 0x1284, 0x1264, 0x0A44, 0x0A64, 0x1264, 
    0x1284, 0x1284, 0x1284, 0x1284, 0x1284, 0x12A4, 0x12A5, 0x1284, 0x12A5, 0x1284, 0x12A5, 0x12A5, 
    0x12A5, 0x12C5, 0x12A4, 0x12C5, 0x12A4, 0x12A4, 0x12C5, 0x1AC5, 0x1284, 0x1284, 0x1284, 0x12A5, 
    0x12C5, 0x1AC5, 0x1AC5, 0x12A5, 0x1284, 0x1284, 0x1284, 0x12A5, 0x1AA5, 0x1284, 0x1AC5, 0x12A5, 
    0x1AC5, 0x1AC5, 0x1284, 0x1284, 0x12A4, 0x1284, 0x1284, 0x1284, 0x12A5, 0x1284, 0x1284, 0x1285, 
    0x1284, 0x0A64, 0x1264, 0x0A64, 0x0A64, 0x1284, 0x0A64, 0x0A64, 0x0A84, 0x12A5, 0x1285, 0x1284, 
    0x12A4, 0x1284, 0x12A4, 0x12A5, 0x1284, 0x0A64, 0x1284, 0x1285, 0x1284, 0x1264, 0x1264, 0x1264, 
    0x1264, 0x12A5, 0x1AC5, 0x12A5, 0x1284, 0x1264, 0x1264, 0x1284, 0x12A5, 0x1AA5, 0x1284, 0x1264, 
    0x1284, 0x1284, 0x1285, 0x1284, 0x12A5, 0x1264, 0x0A64, 0x1284, 0x1264, 0x1264, 0x1264, 0x1284, 
    0x1264, 0x1244, 0x1264, 0x1284, 0x1284, 0x1284, 0x1264, 0x0A24, 0x1244, 0x1264, 0x1284, 0x1244, 
    0x1264, 0x1264, 0x0A44, 0x0A23, 0x0A43, 0x0A43, 0x0A23, 0x0A23, 0x0A23, 0x0A43, 0x0A44, 0x0A23, 
    0x0A03, 0x0A23, 0x0A03, 0x0A23, 0x0A23, 0x0A03, 0x0A03, 0x0A03, 0x0A03, 0x0A03, 0x0A23, 0x0A03, 
    0x0A03, 0x0A03, 0x09E3, 0x0A03, 0x0A03, 0x01E3, 0x01E3, 0x01E3, 0x01C2, 0x01C3, 0x01E3, 0x01E3, 
    0x01E3, 0x01C2, 0x01A2, 0x01C2, 0x01A2, 0x01C2, 0x01C2, 0x01A2, 0x01A2, 0x01A2, 0x0182, 0x0182, 
    0x0182, 0x0182, 0x0182, 0x0162, 0x0162, 0x0161, 0x0162, 0x0162, 0x0162, 0x0142, 0x0142, 0x0121, 
    0x0142, 0x0121, 0x0121, 0x0101, 0x0101, 0x0121, 0x0101, 0x0101, 0x00E1, 0x00E1, 0x00E1, 0x00E1, 
    0x00E1, 0x0000, 0x62E6, 0x6285, 0x8388, 0x1080, 0x0080, 0x00A0, 0x0080, 0x0060, 0x18C1, 0x7B46, 
    0x5AA5, 0x62A5, 0x0020, 0x0101, 0x0101, 0x00E1, 0x0101, 0x0101, 0x0101, 0x0101, 0x0121, 0x0101, 
    0x0101, 0x0121, 0x0121, 0x0142, 0x0142, 0x0142, 0x0142, 0x0142, 0x0141, 0x0162, 0x0182, 0x0162, 
    0x0162, 0x0182, 0x01A2, 0x0182, 0x01A2, 0x01A2, 0x01A2, 0x01A2, 0x01A2, 0x01A2, 0x01C2, 0x01C3, 
    0x01C3, 0x01C3, 0x01C2, 0x01C2, 0x01C2, 0x01C2, 0x01E3, 0x09E3, 0x01C2, 0x01C2, 0x01C2, 0x01E3, 
    0x01C2, 0x01A2, 0x01C2, 0x01E3, 0x01E2, 0x01E2, 0x0A03, 0x0A03, 0x0A03, 0x09E3, 0x09E3, 0x0A03, 
    0x0A03, 0x0A23, 0x0A03, 0x0A03, 0x0A03, 0x0A23, 0x0A03, 0x0A03, 0x0A23, 0x0A23, 0x1264, 0x0A64, 
    0x0A43, 0x0A43, 0x0A43, 0x0A43, 0x0A44, 0x0A44, 0x1264, 0x1264, 0x0A44, 0x0A44, 0x1264, 0x0A64, 
    0x0A44, 0x1264, 0x1264, 0x0A43, 0x0A44, 0x0A44, 0x1264, 0x0A44, 0x0A43, 0x0A43, 0x0A03, 0x0A44, 
    0x0A64, 0x0A23, 0x0A43, 0x0A64, 0x0A64, 0x1264, 0x1264, 0x0A44, 0x1264, 0x0A64, 0x0A64, 0x0A64, 
    0x1264, 0x0A64, 0x1264, 0x1285, 0x1264, 0x1284, 0x1285, 0x1284, 0x0A64, 0x0A44, 0x0A44, 0x1244, 
    0x1264, 0x0A64, 0x1284, 0x1284, 0x0A64, 0x0A64, 0x0A63, 0x0A64, 0x1264, 0x1264, 0x0A64, 0x1284, 
    0x1284, 0x12A5, 0x1284, 0x1284, 0x1264, 0x1284, 0x1284, 0x12A5, 0x12A5, 0x12A4, 0x12C5, 0x12C4, 
    0x12C4, 0x12A4, 0x12A5, 0x1284, 0x1284, 0x1284, 0x1284, 0x12A4, 0x1AC5, 0x12C5, 0x12A5, 0x12A5, 
    0x1284, 0x1284, 0x1284, 0x12A5, 0x1AA5, 0x12A5, 0x12C5, 0x12A5, 0x12A5, 0x1AC5, 0x1284, 0x12A5, 
    0x12A5, 0x12A4, 0x12A5, 0x12A5, 0x1284, 0x0A64, 0x12A5, 0x1285, 0x0A64, 0x0A64, 0x1264, 0x0A64, 
    0x1284, 0x1284, 0x1284, 0x1284, 0x12A4, 0x1284, 0x1284, 0x1264, 0x1284, 0x12A5, 0x1284, 0x1284, 
    0x1284, 0x0A64, 0x0A64, 0x12A5, 0x1285, 0x1284, 0x1264, 0x1264, 0x1284, 0x1284, 0x1284, 0x1284, 
    0x1284, 0x1264, 0x1264, 0x1264, 0x1264, 0x1AC5, 0x1284, 0x1284, 0x1284, 0x1285, 0x12A5, 0x12A5, 
    0x12A5, 0x1284, 0x1264, 0x1264, 0x1264, 0x1264, 0x1284, 0x1284, 0x1284, 0x1264, 0x1264, 0x1264, 
    0x1264, 0x1264, 0x1264, 0x1264, 0x0A23, 0x1244, 0x1264, 0x1264, 0x1264, 0x1264, 0x0A23, 0x0A44, 
    0x0A44, 0x0A43, 0x0A23, 0x0A43, 0x0A64, 0x1244, 0x0A23, 0x0A23, 0x0A23, 0x0A43, 0x0A23, 0x0A23, 
    0x0A23, 0x0A03, 0x0A23, 0x0A03, 0x0A03, 0x0A03, 0x0A03, 0x0A24, 0x0A03, 0x01E3, 0x01E3, 0x09E3, 
    0x01E3, 0x0A03, 0x0A03, 0x01E3, 0x01C3, 0x01C3, 0x01C2, 0x01E3, 0x09E3, 0x01E3, 0x01E3, 0x01C3, 
    0x01C3, 0x01C2, 0x01C2, 0x01A2, 0x0182, 0x0182, 0x0182, 0x0182, 0x0182, 0x01A2, 0x0182, 0x0162, 
    0x0162, 0x0162, 0x0162, 0x0162, 0x0162, 0x0142, 0x0142, 0x0141, 0x0121, 0x0121, 0x0121, 0x0101, 
    0x0101, 0x0101, 0x0101, 0x0101, 0x00E1, 0x00E1, 0x00E1, 0x00C1, 0x00E1, 0x0000, 0x62C6, 0x6285, 
    0x7B88, 0x1080, 0x0080, 0x00A0, 0x0080, 0x0060, 0x18E1, 0x8347, 0x5AA5, 0x5AA5, 0x0020, 0x00E1, 
    0x00E1, 0x00E1, 0x0101, 0x0101, 0x0101, 0x0101, 0x0121, 0x0101, 0x0101, 0x0141, 0x0121, 0x0121, 
    0x0121, 0x0142, 0x0142, 0x0162, 0x0162, 0x0162, 0x0162, 0x0162, 0x0182, 0x0182, 0x01A2, 0x01A2, 
    0x01A2, 0x01C3, 0x01C2, 0x01C3, 0x01C2, 0x01C3, 0x01C3, 0x01C3, 0x09E3, 0x09E3, 0x01C2, 0x01C2, 
    0x01C2, 0x01C3, 0x0A03, 0x01E3, 0x01C2, 0x01E3, 0x01C2, 0x01C2, 0x01E3, 0x01C2, 0x01C2, 0x01E2, 
    0x0A03, 0x0A03, 0x0A03, 0x09E3, 0x09C2, 0x09E3, 0x0A03, 0x0A03, 0x0A23, 0x0A03, 0x0A03, 0x0A23, 
    0x0A23, 0x0A03, 0x0A03, 0x0A03, 0x0A23, 0x0A23, 0x1244, 0x0A44, 0x0A43, 0x1264, 0x0A43, 0x0A44, 
    0x0A64, 0x1264, 0x1264, 0x0A44, 0x0A44, 0x1264, 0x0A64, 0x0A44, 0x0A23, 0x0A44, 0x0A23, 0x0A43, 
    0x0A64, 0x1284, 0x1284, 0x0A64, 0x0A64, 0x0A44, 0x0A23, 0x0A44, 0x0A23, 0x0A43, 0x0A64, 0x1284, 
    0x1284, 0x1284, 0x1264, 0x1264, 0x1244, 0x0A44, 0x0A64, 0x1284, 0x0A64, 0x1284, 0x0A44, 0x1264, 
    0x1264, 0x1284, 0x1285, 0x1284, 0x1264, 0x0A44, 0x0A44, 0x1244, 0x1264, 0x1264, 0x0A64, 0x0A64, 
    0x0A64, 0x0A44, 0x0A64, 0x1264, 0x0A64, 0x0A64, 0x0A64, 0x0A44, 0x12A5, 0x12A5, 0x12A5, 0x12C5, 
    0x1284, 0x1284, 0x1AC5, 0x12A5, 0x1284, 0x1284, 0x12C5, 0x12C5, 0x12C5, 0x1284, 0x0A64, 0x12A5, 
    0x1284, 0x1284, 0x1284, 0x12A5, 0x1284, 0x12C5, 0x1AC5, 0x1284, 0x1284, 0x1284, 0x0A64, 0x1264, 
    0x12A5, 0x12A4, 0x12A5, 0x12A4, 0x1284, 0x1284, 0x1284, 0x1284, 0x1284, 0x1284, 0x1284, 0x12A5, 
    0x12A5, 0x12A5, 0x1285, 0x0A64, 0x1284, 0x1264, 0x0A44, 0x0A64, 0x1284, 0x12A5, 0x0A84, 0x12A4, 
    0x12A5, 0x12A4, 0x1284, 0x0A43, 0x0A64, 0x0A64, 0x0A64, 0x0A43, 0x0A64, 0x1284, 0x1264, 0x1285, 
    0x1284, 0x1284, 0x1284, 0x1264, 0x1264, 0x1284, 0x1264, 0x1264, 0x1284, 0x1284, 0x1284, 0x1284, 
    0x1264, 0x12A5, 0x1284, 0x1264, 0x1284, 0x12A5, 0x12A4, 0x12A4, 0x1AC5, 0x1284, 0x1264, 0x0A44, 
    0x1264, 0x1264, 0x1264, 0x1285, 0x1284, 0x1264, 0x0A44, 0x0A24, 0x0A44, 0x0A43, 0x0A44, 0x1264, 
    0x0A23, 0x0A64, 0x1264, 0x1284, 0x1264, 0x0A44, 0x0A24, 0x0A23, 0x0A23, 0x0A43, 0x1244, 0x0A44, 
    0x0A44, 0x0A23, 0x0A43, 0x0A23, 0x0A03, 0x0A43, 0x0A44, 0x0A23, 0x0A03, 0x0A23, 0x0A23, 0x0A03, 
    0x0A23, 0x0203, 0x0A03, 0x0A03, 0x09E3, 0x09E3, 0x0A03, 0x01E2, 0x01E3, 0x01C2, 0x01E3, 0x01C2, 
    0x01C2, 0x09E3, 0x01E3, 0x01C2, 0x01E3, 0x01E3, 0x01C3, 0x01C3, 0x01A2, 0x01A2, 0x01A2, 0x01A2, 
    0x0182, 0x0182, 0x0161, 0x0182, 0x0162, 0x0161, 0x0162, 0x0162, 0x0182, 0x0162, 0x0142, 0x0162, 
    0x0141, 0x0162, 0x0162, 0x0141, 0x0121, 0x0142, 0x0142, 0x0121, 0x0121, 0x0101, 0x0101, 0x0101, 
    0x00E1, 0x00E1, 0x00E1, 0x00C1, 0x00E1, 0x0000, 0x62C5, 0x6264, 0x7B68, 0x1081, 0x0080, 0x0080, 
    0x0080, 0x0060, 0x18E1, 0x8367, 0x62C6, 0x5AA6, 0x0020, 0x0101, 0x00E1, 0x00E1, 0x0101, 0x0101, 
    0x0101, 0x0121, 0x0121, 0x0121, 0x0101, 0x0141, 0x0142, 0x0121, 0x0141, 0x0121, 0x0121, 0x0142, 
    0x0162, 0x0142, 0x0162, 0x0182, 0x0162, 0x0162, 0x0182, 0x0182, 0x01A2, 0x0182, 0x0162, 0x0182, 
    0x01A2, 0x01C2, 0x01C3, 0x01C3, 0x09E3, 0x01C3, 0x01C2, 0x01C2, 0x01E3, 0x01C2, 0x01C3, 0x01E3, 
    0x01E3, 0x01E3, 0x01C2, 0x09C3, 0x01E3, 0x01E3, 0x01C2, 0x01C2, 0x09E3, 0x09E3, 0x09E3, 0x0A03, 
    0x0A03, 0x0A03, 0x0A23, 0x0A03, 0x0A03, 0x0A03, 0x09E3, 0x0A03, 0x0A23, 0x0A23, 0x0A23, 0x0A44, 
    0x0A44, 0x0A44, 0x0A23, 0x0A44, 0x0A43, 0x0A43, 0x0A44, 0x1264, 0x0A64, 0x1264, 0x0A43, 0x0A64, 
    0x0A44, 0x0A43, 0x1264, 0x0A43, 0x0223, 0x0A43, 0x0A64, 0x0A43, 0x12A4, 0x12A4, 0x0A64, 0x12A5, 
    0x0A64, 0x0A64, 0x1244, 0x0A64, 0x0A64, 0x0A44, 0x0A64, 0x0A64, 0x1284, 0x1264, 0x1264, 0x1264, 
    0x1264, 0x1264, 0x0A44, 0x1284, 0x1284, 0x1284, 0x1284, 0x1284, 0x1284, 0x1284, 0x1284, 0x1285, 
    0x1284, 0x1284, 0x0A44, 0x0A64, 0x1284, 0x0A44, 0x0A64, 0x1264, 0x0A64, 0x0A64, 0x1284, 0x1284, 
    0x0A64, 0x0A64, 0x0A64, 0x1284, 0x1284, 0x1264, 0x1284, 0x1284, 0x12A5, 0x12A4, 0x12C5, 0x12C5, 
    0x12A4, 0x12C5, 0x1284, 0x12C5, 0x1284, 0x12A5, 0x12A5, 0x12A4, 0x12A5, 0x12A5, 0x1284, 0x1284, 
    0x1284, 0x1284, 0x0A64, 0x1284, 0x1284, 0x1284, 0x1284, 0x1284, 0x12A5, 0x0A84, 0x12A5, 0x1284, 
    0x12A5, 0x12A4, 0x1284, 0x12A5, 0x12A5, 0x1284, 0x1284, 0x0A64, 0x1284, 0x1284, 0x0A64, 0x1284, 
    0x1284, 0x0A84, 0x12A5, 0x1284, 0x1264, 0x12A5, 0x1284, 0x0A64, 0x1284, 0x1284, 0x1284, 0x1264, 
    0x1284, 0x1285, 0x1264, 0x1284, 0x12A5, 0x1284, 0x12A5, 0x1284, 0x0A64, 0x0A64, 0x1264, 0x1284, 
    0x0A64, 0x0A64, 0x1264, 0x1264, 0x1264, 0x0A64, 0x0A64, 0x0A64, 0x1284, 0x12A5, 0x1264, 0x1264, 
    0x1284, 0x12A5, 0x1284, 0x12A4, 0x1284, 0x1264, 0x1264, 0x1264, 0x1264, 0x1284, 0x0A44, 0x1264, 
    0x1264, 0x0A44, 0x0A44, 0x1264, 0x1244, 0x1244, 0x1264, 0x1264, 0x1264, 0x0A44, 0x0A64, 0x1244, 
    0x0A44, 0x0A43, 0x0A43, 0x1244, 0x0A44, 0x0A44, 0x0A44, 0x0A23, 0x0A23, 0x0A23, 0x0A44, 0x0A44, 
    0x0A44, 0x0A44, 0x0A03, 0x0A03, 0x0A03, 0x0A03, 0x01E3, 0x0203, 0x0203, 0x0203, 0x0A03, 0x0A03, 
    0x09E3, 0x09E3, 0x01E3, 0x01E3, 0x0203, 0x01C2, 0x01C2, 0x01C3, 0x01C2, 0x01E3, 0x09E3, 0x01C2, 
    0x01C3, 0x01C2, 0x01C2, 0x01C3, 0x01C2, 0x01C2, 0x01C2, 0x01A2, 0x01A2, 0x0182, 0x0161, 0x0162, 
    0x0162, 0x0162, 0x0162, 0x0162, 0x0162, 0x0142, 0x0142, 0x0162, 0x0142, 0x0141, 0x0121, 0x0142, 
    0x0141, 0x0121, 0x0142, 0x0141, 0x0121, 0x0121, 0x0101, 0x0101, 0x00E1, 0x00E1, 0x00E1, 0x00C1, 
    0x00E1, 0x0000, 0x62C6, 0x6285, 0x7B68, 0x10A1, 0x0060, 0x00A0, 0x0080, 0x0060, 0x18C1, 0x8367, 
    0x5AA6, 0x62A6, 0x0020, 0x00E1, 0x00E1, 0x00E1, 0x0101, 0x0101, 0x0101, 0x0121, 0x0121, 0x0121, 
    0x0121, 0x0101, 0x0142, 0x0121, 0x0141, 0x0142, 0x0141, 0x0141, 0x0162, 0x0162, 0x0162, 0x0161, 
    0x0162, 0x0182, 0x0182, 0x0182, 0x0182, 0x0182, 0x0162, 0x0162, 0x01A2, 0x01C3, 0x01A2, 0x01A2, 
    0x01C2, 0x01C2, 0x01C3, 0x09E3, 0x01E3, 0x01C2, 0x01C2, 0x0A03, 0x0A03, 0x0A03, 0x01C3, 0x01A2, 
    0x01C2, 0x01C2, 0x01C2, 0x01C2, 0x01C2, 0x01C2, 0x09E3, 0x09E3, 0x0A03, 0x09E3, 0x0A23, 0x0A23, 
    0x0A23, 0x0A03, 0x0A03, 0x09E3, 0x09E3, 0x0A03, 0x0A03, 0x0A23, 0x0A23, 0x0A23, 0x0A23, 0x1264, 
    0x1264, 0x0A44, 0x0A64, 0x0A43, 0x0A43, 0x0A43, 0x1264, 0x0A44, 0x0A23, 0x0A43, 0x1244, 0x0A44, 
    0x0A43, 0x0A23, 0x1264, 0x1264, 0x1284, 0x1284, 0x1284, 0x12A4, 0x1264, 0x1284, 0x1284, 0x0A64, 
    0x0A84, 0x0A64, 0x0A64, 0x0A64, 0x1284, 0x1284, 0x1264, 0x0A64, 0x0A64, 0x1264, 0x0A43, 0x0A64, 
    0x1284, 0x1284, 0x12A5, 0x1284, 0x0A64, 0x0A64, 0x1284, 0x1284, 0x0A64, 0x1284, 0x1284, 0x1284, 
    0x1284, 0x1264, 0x0A64, 0x1264, 0x1264, 0x1284, 0x1284, 0x1284, 0x1264, 0x0A64, 0x0A64, 0x1264, 
    0x1284, 0x1264, 0x1264, 0x1264, 0x1284, 0x12A4, 0x12A5, 0x1284, 0x1284, 0x12A5, 0x1284, 0x1284, 
    0x12A4, 0x12C5, 0x12C5, 0x1284, 0x12A5, 0x12A5, 0x12A5, 0x1284, 0x1284, 0x0A64, 0x1284, 0x1284, 
    0x12A5, 0x1284, 0x1284, 0x12A5, 0x12A4, 0x0A84, 0x1284, 0x1284, 0x1284, 0x1284, 0x12A4, 0x1284, 
    0x1284, 0x0A84, 0x1284, 0x1284, 0x12A5, 0x1284, 0x1284, 0x12A5, 0x1284, 0x1284, 0x12A5, 0x12A4, 
    0x1284, 0x1284, 0x0A84, 0x1284, 0x12A5, 0x12A5, 0x1284, 0x12C5, 0x12A4, 0x1284, 0x12A5, 0x1284, 
    0x12A5, 0x1AC5, 0x1AC5, 0x1284, 0x1264, 0x0A44, 0x1264, 0x1284, 0x1264, 0x1284, 0x1284, 0x1264, 
    0x0A44, 0x1264, 0x1285, 0x1264, 0x1264, 0x1284, 0x1284, 0x1264, 0x1284, 0x0A64, 0x1284, 0x12A5, 
    0x12A5, 0x12A4, 0x1264, 0x0A64, 0x1264, 0x1AA5, 0x1264, 0x1244, 0x0A44, 0x1264, 0x1264, 0x1284, 
    0x1264, 0x1264, 0x1284, 0x1264, 0x1264, 0x0A44, 0x0A23, 0x0A43, 0x0A23, 0x1264, 0x1264, 0x1264, 
    0x0A44, 0x0A44, 0x0A24, 0x0A23, 0x0A23, 0x1244, 0x0A43, 0x0A43, 0x0A44, 0x0A44, 0x0A23, 0x0A23, 
    0x0A23, 0x0A23, 0x0A23, 0x0203, 0x01C2, 0x01E3, 0x0A03, 0x01E3, 0x01E3, 0x01C3, 0x01E3, 0x09E3, 
    0x01E3, 0x01E3, 0x01E3, 0x01C2, 0x09E3, 0x01C2, 0x01C2, 0x01C2, 0x01C2, 0x01A2, 0x01C2, 0x01C2, 
    0x01C2, 0x01C2, 0x01C3, 0x01A2, 0x01A2, 0x0182, 0x0182, 0x0182, 0x0162, 0x0182, 0x0162, 0x0162, 
    0x0162, 0x0162, 0x0162, 0x0142, 0x0141, 0x0141, 0x0121, 0x0141, 0x0141, 0x0141, 0x0162, 0x0162, 
    0x0142, 0x0122, 0x0101, 0x0101, 0x00E1, 0x00E1, 0x00E1, 0x00C1, 0x00E1, 0x0020, 0x62E6, 0x6285, 
    0x83A9, 0x18A1, 0x0080, 0x00A0, 0x0080, 0x0060, 0x10C1, 0x7B46, 0x5AA6, 0x5AA6, 0x0020, 0x00E1, 
    0x00E1, 0x0101, 0x0101, 0x0101, 0x0101, 0x0121, 0x0101, 0x0121, 0x0121, 0x0141, 0x0121, 0x0121, 
    0x0141, 0x0141, 0x0142, 0x0141, 0x0141, 0x0142, 0x0162, 0x0162, 0x0141, 0x0162, 0x0182, 0x0182, 
    0x0182, 0x01A2, 0x0182, 0x0182, 0x01A2, 0x01A2, 0x01A2, 0x01A2, 0x09C3, 0x01C2, 0x01C3, 0x01C2, 
    0x01E3, 0x01E3, 0x0A03, 0x0A03, 0x01E3, 0x0A23, 0x01E3, 0x01E3, 0x09E3, 0x01E3, 0x01C2, 0x01C2, 
    0x01C2, 0x09E3, 0x01C2, 0x01C2, 0x09E2, 0x09E3, 0x0A03, 0x0A03, 0x0A23, 0x0A23, 0x0A23, 0x0A03, 
    0x09E3, 0x09E3, 0x0A03, 0x0A03, 0x0A24, 0x0A23, 0x0A43, 0x0A44, 0x1264, 0x1264, 0x1264, 0x1264, 
    0x0A44, 0x0A43, 0x0A44, 0x0A43, 0x0A44, 0x1244, 0x0A43, 0x0A44, 0x0A64, 0x0A44, 0x0A44, 0x0A43, 
    0x1264, 0x1284, 0x12A5, 0x12A4, 0x12A4, 0x1264, 0x1284, 0x1284, 0x0A64, 0x1284, 0x0A64, 0x1264, 
    0x1264, 0x0A44, 0x0A64, 0x1264, 0x1284, 0x1284, 0x1264, 0x1264, 0x1284, 0x1284, 0x1264, 0x0A64, 
    0x1284, 0x1284, 0x1284, 0x12A5, 0x1284, 0x1284, 0x1284, 0x1284, 0x1284, 0x1284, 0x1264, 0x1264, 
    0x1264, 0x1264, 0x1284, 0x1264, 0x0A64, 0x0A64, 0x0A64, 0x1284, 0x1284, 0x1264, 0x1284, 0x1284, 
    0x1284, 0x1284, 0x12A4, 0x12A4, 0x1284, 0x0A64, 0x0A44, 0x1284, 0x1284, 0x1284, 0x1284, 0x12A5, 
    0x12A4, 0x12A4, 0x1284, 0x1284, 0x1284, 0x1285, 0x1264, 0x1284, 0x12A5, 0x1284, 0x1284, 0x0A64, 
    0x0A64, 0x1284, 0x0A64, 0x0A64, 0x1284, 0x1284, 0x1284, 0x12A4, 0x12A4, 0x12A5, 0x1284, 0x1284, 
    0x1284, 0x1284, 0x1264, 0x1284, 0x12A4, 0x1284, 0x1284, 0x1284, 0x1284, 0x1284, 0x1284, 0x1284, 
    0x12A4, 0x12A5, 0x1284, 0x12C5, 0x12C5, 0x1284, 0x12A5, 0x12C5, 0x12A4, 0x12A5, 0x12A5, 0x12A4, 
    0x1284, 0x0A64, 0x12A5, 0x1284, 0x1264, 0x1284, 0x1264, 0x0A44, 0x1264, 0x1264, 0x1264, 0x1264, 
    0x0A64, 0x1284, 0x1284, 0x1285, 0x1284, 0x1264, 0x1264, 0x1284, 0x12A4, 0x1284, 0x0A64, 0x1264, 
    0x1264, 0x1284, 0x1264, 0x1264, 0x1264, 0x0A44, 0x1264, 0x1264, 0x1264, 0x1264, 0x1264, 0x1264, 
    0x1264, 0x0A44, 0x0A44, 0x1264, 0x0A43, 0x0A43, 0x0A44, 0x1264, 0x1264, 0x0A44, 0x1223, 0x1224, 
    0x0A23, 0x0A44, 0x0A23, 0x0A23, 0x0A23, 0x0A23, 0x0A44, 0x0A23, 0x0A03, 0x0A23, 0x0A03, 0x01E3, 
    0x09E3, 0x01C2, 0x01E3, 0x0A03, 0x09E3, 0x01E3, 0x09E3, 0x01E3, 0x01A2, 0x01C2, 0x01C2, 0x01E2, 
    0x01E3, 0x01E3, 0x09E3, 0x01C2, 0x01C2, 0x01A2, 0x01A2, 0x01A2, 0x01A2, 0x01A2, 0x01A2, 0x01A2, 
    0x0182, 0x0182, 0x0182, 0x0182, 0x0182, 0x0182, 0x0182, 0x0162, 0x0182, 0x0182, 0x0162, 0x0162, 
    0x0142, 0x0162, 0x0141, 0x0121, 0x0142, 0x0121, 0x0121, 0x0121, 0x0121, 0x0121, 0x0101, 0x00E1, 
    0x0101, 0x00E1, 0x00E1, 0x00C1, 0x00E1, 0x0020, 0x62E6, 0x6285, 0x83A9, 0x18A1, 0x0080, 0x00A0, 
    0x0080, 0x0060, 0x10C1, 0x7B46, 0x62C6, 0x5A86, 0x0020, 0x0101, 0x0101, 0x0101, 0x0101, 0x0121, 
    0x0121, 0x0121, 0x0121, 0x0121, 0x0121, 0x0141, 0x0141, 0x0142, 0x0162, 0x0141, 0x0162, 0x0162, 
    0x0162, 0x0162, 0x0142, 0x0141, 0x0162, 0x0182, 0x0182, 0x0182, 0x01A2, 0x01C2, 0x0182, 0x0182, 
    0x01A2, 0x01A2, 0x01A2, 0x01A2, 0x09C3, 0x01C3, 0x01C3, 0x01C3, 0x01E3, 0x01E2, 0x09E3, 0x0A03, 
    0x0A03, 0x09E3, 0x09E3, 0x01C3, 0x01E2, 0x09E3, 0x01E3, 0x0A03, 0x01E2, 0x0A03, 0x09E3, 0x01C2, 
    0x09E3, 0x09E2, 0x0A03, 0x0A23, 0x0A03, 0x0A23, 0x0A23, 0x0A23, 0x0A23, 0x0203, 0x0A03, 0x09E3, 
    0x0A23, 0x0A03, 0x0A03, 0x0A44, 0x0A43, 0x0A64, 0x0A43, 0x0A43, 0x1264, 0x0A23, 0x0A43, 0x0A23, 
    0x0A44, 0x1264, 0x0A43, 0x0A43, 0x0A44, 0x0A43, 0x0A43, 0x0A44, 0x1264, 0x1284, 0x1284, 0x12A4, 
    0x12A4, 0x12A4, 0x1264, 0x1284, 0x1284, 0x1284, 0x1284, 0x1284, 0x1264, 0x0A64, 0x1264, 0x1284, 
    0x0A43, 0x1284, 0x12A4, 0x0A84, 0x1284, 0x1284, 0x1264, 0x1264, 0x1264, 0x0A64, 0x1284, 0x12A5, 
    0x1284, 0x1264, 0x1285, 0x1284, 0x1284, 0x12A5, 0x12C5, 0x12C5, 0x12A5, 0x1284, 0x0A64, 0x0A64, 
    0x0A64, 0x1284, 0x1284, 0x1284, 0x1264, 0x1264, 0x1285, 0x1284, 0x1284, 0x1284, 0x1284, 0x12A4, 
    0x1284, 0x1284, 0x1284, 0x1285, 0x1285, 0x1284, 0x1284, 0x12A5, 0x1284, 0x0A64, 0x1284, 0x1264, 
    0x1284, 0x0A44, 0x1264, 0x1284, 0x0A64, 0x0A84, 0x12C5, 0x1264, 0x0A64, 0x1284, 0x1264, 0x1284, 
    0x1284, 0x0A84, 0x12A4, 0x1AC5, 0x1285, 0x1284, 0x1264, 0x1264, 0x0A44, 0x1264, 0x1284, 0x0A64, 
    0x1284, 0x12A5, 0x1284, 0x1264, 0x1284, 0x1284, 0x0A64, 0x1284, 0x12A5, 0x1284, 0x12A4, 0x1284, 
    0x1284, 0x12A5, 0x12A5, 0x1AC5, 0x12A5, 0x1284, 0x12A5, 0x12A5, 0x12A5, 0x12A4, 0x12A5, 0x1284, 
    0x1264, 0x0A44, 0x0A44, 0x1264, 0x1284, 0x1264, 0x1264, 0x1264, 0x1264, 0x1284, 0x1285, 0x1264, 
    0x1264, 0x1284, 0x12A5, 0x1284, 0x0A64, 0x0A64, 0x1244, 0x1264, 0x1264, 0x0A43, 0x0A43, 0x1264, 
    0x1284, 0x1284, 0x1264, 0x0A44, 0x1244, 0x0A44, 0x0A64, 0x0A44, 0x0A44, 0x0A44, 0x0A43, 0x0A64, 
    0x0A43, 0x0A64, 0x0A44, 0x0A43, 0x0A23, 0x0A23, 0x0A23, 0x0A43, 0x0A24, 0x0A23, 0x0A23, 0x0A23, 
    0x0A44, 0x1244, 0x0A44, 0x0A23, 0x0A23, 0x0A03, 0x01E3, 0x01E3, 0x0A23, 0x09E3, 0x01C2, 0x0A03, 
    0x0A23, 0x01E3, 0x0A03, 0x01E3, 0x01C3, 0x01E3, 0x01C2, 0x09E3, 0x09E3, 0x0A03, 0x0203, 0x01E3, 
    0x01C2, 0x01C2, 0x0182, 0x01A2, 0x01A2, 0x01A2, 0x0182, 0x01A2, 0x01A2, 0x01A2, 0x0182, 0x0182, 
    0x0182, 0x0182, 0x0182, 0x0162, 0x0162, 0x0162, 0x0162, 0x0162, 0x0162, 0x0162, 0x0141, 0x0121, 
    0x0121, 0x0121, 0x0121, 0x0121, 0x0121, 0x0101, 0x0101, 0x00E1, 0x00E1, 0x00E1, 0x00E1, 0x00E1, 
    0x00E1, 0x0000, 0x6B06, 0x6AA5, 0x8388, 0x10A1, 0x0080, 0x00A0, 0x0080, 0x0060, 0x10C1, 0x8346, 
    0x62C6, 0x62A6, 0x0020, 0x0101, 0x0101, 0x0121, 0x0121, 0x0121, 0x0121, 0x0142, 0x0142, 0x0121, 
    0x0121, 0x0141, 0x0141, 0x0142, 0x0162, 0x0161, 0x0162, 0x0162, 0x0162, 0x0182, 0x0162, 0x0141, 
    0x0162, 0x0182, 0x0182, 0x0182, 0x0182, 0x01A2, 0x01C2, 0x01A2, 0x01A2, 0x01A2, 0x01A2, 0x0182, 
    0x01A2, 0x01C2, 0x09E3, 0x01E3, 0x09E3, 0x01C3, 0x01E3, 0x0A03, 0x09E3, 0x01E3, 0x09E3, 0x01C2, 
    0x09E3, 0x0A23, 0x0A03, 0x09E3, 0x01C2, 0x09E3, 0x09E3, 0x09E3, 0x09E3, 0x0A03, 0x0A23, 0x0A23, 
    0x0A03, 0x0A23, 0x0A03, 0x0A23, 0x0A23, 0x0A03, 0x0203, 0x0A23, 0x0A44, 0x0A23, 0x0A23, 0x0A03, 
    0x0A23, 0x0A23, 0x0A44, 0x0A43, 0x0A43, 0x0A43, 0x1244, 0x1244, 0x0A44, 0x1264, 0x1264, 0x0A23, 
    0x0A43, 0x1264, 0x0A43, 0x0A64, 0x0A84, 0x0A43, 0x0A64, 0x1284, 0x12A4, 0x1284, 0x1264, 0x1264, 
    0x1284, 0x0A64, 0x1264, 0x1284, 0x12A5, 0x1284, 0x1284, 0x1284, 0x1284, 0x0A64, 0x0A84, 0x0A84, 
    0x0A64, 0x1284, 0x1264, 0x1284, 0x1284, 0x1264, 0x1264, 0x1264, 0x1264, 0x1284, 0x1264, 0x1284, 
    0x12A4, 0x12A5, 0x1284, 0x12A5, 0x1285, 0x1284, 0x1284, 0x1284, 0x1284, 0x1AA5, 0x12A5, 0x12A5, 
    0x1284, 0x1284, 0x1284, 0x12A5, 0x1284, 0x1284, 0x1284, 0x0A64, 0x0A64, 0x1284, 0x1284, 0x1264, 
    0x1284, 0x0A64, 0x1284, 0x1284, 0x1264, 0x1284, 0x1285, 0x1264, 0x1284, 0x1284, 0x1284, 0x1284, 
    0x12A5, 0x1284, 0x1284, 0x1284, 0x1284, 0x1264, 0x0A64, 0x0A64, 0x1284, 0x0A84, 0x1284, 0x1284, 
    0x1284, 0x1285, 0x1AC5, 0x12A5, 0x0A64, 0x1284, 0x12C5, 0x0A64, 0x0A64, 0x1284, 0x0A64, 0x1284, 
    0x12A4, 0x1284, 0x0A64, 0x12A5, 0x12A5, 0x1284, 0x12A5, 0x1284, 0x1284, 0x1284, 0x0A64, 0x0A64, 
    0x12A5, 0x1284, 0x1284, 0x12A5, 0x12A4, 0x1284, 0x12A5, 0x1284, 0x1284, 0x1264, 0x1284, 0x1264, 
    0x0A44, 0x0A44, 0x1284, 0x12A5, 0x1284, 0x12A4, 0x1264, 0x1264, 0x1284, 0x1264, 0x1284, 0x1264, 
    0x0A64, 0x0A44, 0x1244, 0x0A44, 0x1284, 0x1284, 0x1284, 0x12A4, 0x1264, 0x0A44, 0x0A64, 0x0A44, 
    0x0A43, 0x0A44, 0x0A43, 0x0A44, 0x0A44, 0x0A44, 0x0A23, 0x0A64, 0x0A64, 0x1284, 0x1264, 0x0A23, 
    0x0223, 0x0A23, 0x0A23, 0x0A23, 0x0A23, 0x0A23, 0x0A23, 0x0A03, 0x0A23, 0x0A23, 0x0A03, 0x0A23, 
    0x0A03, 0x0A03, 0x0A23, 0x0A23, 0x0A23, 0x0A23, 0x0A03, 0x0A03, 0x01E3, 0x01E3, 0x0A03, 0x01E3, 
    0x09E3, 0x01E3, 0x09E3, 0x01C3, 0x01C3, 0x09E3, 0x0A03, 0x01C3, 0x01C2, 0x09C3, 0x01C2, 0x01C3, 
    0x01A2, 0x0182, 0x0182, 0x01A2, 0x01A2, 0x01A2, 0x0182, 0x0182, 0x0182, 0x0162, 0x0162, 0x0162, 
    0x0162, 0x0161, 0x0162, 0x0162, 0x0142, 0x0141, 0x0141, 0x0142, 0x0142, 0x0141, 0x0142, 0x0121, 
    0x0121, 0x0101, 0x0122, 0x0101, 0x0101, 0x0101, 0x00E1, 0x00E1, 0x00E1, 0x0000, 0x6B07, 0x6AC5, 
    0x8389, 0x10A1, 0x0080, 0x00A0, 0x0080, 0x0060, 0x10C1, 0x7B46, 0x62A5, 0x5AA5, 0x0020, 0x0101, 
    0x0101, 0x0101, 0x0101, 0x0121, 0x0121, 0x0121, 0x0121, 0x0121, 0x0121, 0x0141, 0x0141, 0x0142, 
    0x0141, 0x0162, 0x0162, 0x0162, 0x0182, 0x0162, 0x0182, 0x0162, 0x0162, 0x0182, 0x01A2, 0x0182, 
    0x0182, 0x0182, 0x01A2, 0x0182, 0x01A2, 0x01A2, 0x01A2, 0x0182, 0x0182, 0x01C2, 0x01C2, 0x01C2, 
    0x01E3, 0x01E3, 0x01E3, 0x09E3, 0x01C2, 0x01E3, 0x09E3, 0x09E3, 0x01E2, 0x01E2, 0x01C2, 0x01E2, 
    0x09E3, 0x09E3, 0x09E3, 0x0A03, 0x0A03, 0x09E3, 0x09E3, 0x0A03, 0x0A23, 0x0A23, 0x0A03, 0x0A03, 
    0x0A23, 0x0203, 0x0A23, 0x0A23, 0x0A43, 0x0A43, 0x0203, 0x0A03, 0x0A03, 0x0A23, 0x0A23, 0x0A23, 
    0x0A23, 0x0A43, 0x1264, 0x1264, 0x0A44, 0x0A23, 0x0A43, 0x0A44, 0x1264, 0x1264, 0x0A44, 0x0A44, 
    0x0A43, 0x0A64, 0x0A64, 0x0A43, 0x1264, 0x0A64, 0x0A44, 0x1264, 0x0A64, 0x1264, 0x1284, 0x12A4, 
    0x12A4, 0x1284, 0x0A64, 0x1284, 0x0A64, 0x0A64, 0x1284, 0x1284, 0x1284, 0x0A64, 0x1264, 0x1284, 
    0x0A64, 0x1264, 0x0A44, 0x0A64, 0x1284, 0x12A4, 0x0A64, 0x0A64, 0x1284, 0x1264, 0x1284, 0x1284, 
    0x1284, 0x1264, 0x1284, 0x12A5, 0x1284, 0x1284, 0x1284, 0x1284, 0x0A64, 0x1284, 0x1284, 0x1264, 
    0x1264, 0x1284, 0x1264, 0x1284, 0x1284, 0x12A5, 0x1284, 0x0A64, 0x1284, 0x0A84, 0x1284, 0x0A64, 
    0x1284, 0x1284, 0x1264, 0x1284, 0x12A5, 0x1284, 0x0A84, 0x1284, 0x1284, 0x1264, 0x0A64, 0x1284, 
    0x0A64, 0x1284, 0x0A84, 0x0A84, 0x1284, 0x0A64, 0x1284, 0x1284, 0x12A5, 0x1284, 0x1284, 0x1284, 
    0x1284, 0x1284, 0x12A5, 0x1285, 0x1284, 0x1284, 0x1284, 0x12A4, 0x1284, 0x1284, 0x1284, 0x1284, 
    0x12A4, 0x1284, 0x1264, 0x1264, 0x0A64, 0x0A44, 0x1284, 0x1284, 0x1264, 0x1284, 0x1284, 0x12A4, 
    0x1284, 0x1284, 0x1264, 0x1264, 0x1284, 0x0A64, 0x0A44, 0x1264, 0x1284, 0x0A64, 0x1284, 0x1284, 
    0x0A84, 0x1284, 0x1284, 0x1264, 0x1264, 0x1264, 0x1284, 0x0A64, 0x0A64, 0x0A64, 0x0A44, 0x0A64, 
    0x0A44, 0x0A43, 0x1264, 0x1284, 0x0A44, 0x1264, 0x0A64, 0x1264, 0x0A64, 0x0A43, 0x0A23, 0x0A43, 
    0x0A44, 0x0A44, 0x0A44, 0x1264, 0x0A64, 0x0A44, 0x0A43, 0x0A43, 0x0A23, 0x0A23, 0x0A23, 0x0A03, 
    0x0A23, 0x0A03, 0x0A23, 0x0A03, 0x0A03, 0x0A03, 0x0A03, 0x0A03, 0x0A03, 0x0A23, 0x0A03, 0x0A23, 
    0x0A23, 0x0A43, 0x0A23, 0x0A03, 0x0A03, 0x01E3, 0x01C2, 0x09E3, 0x01C2, 0x01C2, 0x0A03, 0x01E3, 
    0x09E3, 0x0A03, 0x01E3, 0x01A2, 0x01A2, 0x01A2, 0x01A2, 0x01A2, 0x01A2, 0x0182, 0x01A2, 0x01A2, 
    0x0182, 0x0182, 0x0162, 0x0182, 0x0182, 0x0182, 0x0162, 0x0162, 0x0162, 0x0141, 0x0162, 0x0162, 
    0x0141, 0x0141, 0x0141, 0x0142, 0x0121, 0x0121, 0x0121, 0x0101, 0x0121, 0x0101, 0x0101, 0x0101, 
    0x0101, 0x00E1, 0x00E1, 0x00E1, 0x00E1, 0x0000, 0x6AE6, 0x6AC5, 0x83A9, 0x18A1, 0x0080, 0x00A0, 
    0x0080, 0x0060, 0x10C1, 0x8367, 0x5AA5, 0x5A85, 0x0020, 0x0101, 0x00E1, 0x0101, 0x0101, 0x0121, 
    0x0121, 0x0121, 0x0121, 0x0121, 0x0121, 0x0141, 0x0142, 0x0142, 0x0162, 0x0182, 0x0162, 0x0162, 
    0x0162, 0x0141, 0x0182, 0x0182, 0x0182, 0x0182, 0x0182, 0x01A2, 0x0182, 0x0162, 0x0182, 0x0182, 
    0x0182, 0x0182, 0x01A2, 0x01A2, 0x01A2, 0x01A2, 0x01A2, 0x01C3, 0x01E3, 0x01E3, 0x01C2, 0x01E3, 
    0x01E3, 0x09E3, 0x0A03, 0x01E3, 0x01E2, 0x0A03, 0x09E3, 0x01E3, 0x0A23, 0x0A23, 0x0A03, 0x01E3, 
    0x0A03, 0x09E3, 0x01C2, 0x0A23, 0x0A03, 0x0A03, 0x0A03, 0x0A03, 0x0A23, 0x0A23, 0x0A03, 0x0A44, 
    0x0A23, 0x0A43, 0x0A44, 0x0A44, 0x0A44, 0x0A23, 0x0A03, 0x0A23, 0x0A44, 0x0A43, 0x0A44, 0x0A44, 
    0x0A43, 0x0A44, 0x1264, 0x0A43, 0x0A64, 0x1264, 0x1264, 0x0A44, 0x1264, 0x1284, 0x0A64, 0x0A64, 
    0x0A43, 0x1264, 0x0A64, 0x1264, 0x1264, 0x0A64, 0x1284, 0x12A5, 0x1284, 0x1264, 0x1264, 0x1284, 
    0x1264, 0x1264, 0x1284, 0x0A84, 0x0A84, 0x1284, 0x1284, 0x0A44, 0x0A44, 0x0A44, 0x1264, 0x1264, 
    0x0A64, 0x0A64, 0x1264, 0x1264, 0x1264, 0x1264, 0x12A4, 0x1284, 0x1284, 0x12A4, 0x0A84, 0x1284, 
    0x1284, 0x1284, 0x1284, 0x1264, 0x0A64, 0x1284, 0x1284, 0x1264, 0x1285, 0x1264, 0x1284, 0x1264, 
    0x0A64, 0x1284, 0x0A84, 0x0A84, 0x1284, 0x0A64, 0x1284, 0x0A64, 0x1284, 0x0A64, 0x0A64, 0x1284, 
    0x12A5, 0x1284, 0x1285, 0x0A64, 0x0A44, 0x0A64, 0x1264, 0x0A64, 0x0A64, 0x1285, 0x12A4, 0x1284, 
    0x1284, 0x1264, 0x0A44, 0x0A64, 0x1284, 0x12A5, 0x1284, 0x12A5, 0x12A5, 0x1284, 0x12A5, 0x1284, 
    0x1284, 0x12A5, 0x1264, 0x1284, 0x1284, 0x12A5, 0x1284, 0x0A64, 0x12A5, 0x1284, 0x0A64, 0x0A64, 
    0x12A5, 0x1284, 0x1284, 0x1264, 0x12A5, 0x1284, 0x1264, 0x1284, 0x0A64, 0x0A64, 0x0A64, 0x0A64, 
    0x0A44, 0x0A64, 0x1284, 0x1264, 0x0A64, 0x1284, 0x1284, 0x1264, 0x1284, 0x1284, 0x1284, 0x1284, 
    0x1264, 0x0A43, 0x1264, 0x0A64, 0x1284, 0x0A44, 0x0A44, 0x0A64, 0x1264, 0x0A44, 0x1264, 0x0A44, 
    0x0A64, 0x1284, 0x1264, 0x1264, 0x0A44, 0x0A43, 0x0A23, 0x1264, 0x1264, 0x0A44, 0x0A44, 0x0A64, 
    0x0A43, 0x0A43, 0x0A44, 0x0A64, 0x0A23, 0x0A24, 0x0A23, 0x0A23, 0x0A03, 0x0A23, 0x0A23, 0x0A03, 
    0x0A23, 0x0A03, 0x0A23, 0x0A44, 0x0A23, 0x0A03, 0x0A03, 0x0A03, 0x0A23, 0x0A43, 0x0A23, 0x0A03, 
    0x01E3, 0x09E3, 0x0A03, 0x01E3, 0x01C2, 0x01E3, 0x0A03, 0x0A03, 0x09E3, 0x01E3, 0x01E3, 0x01E3, 
    0x01C3, 0x01C3, 0x01A2, 0x01A2, 0x01A2, 0x01C3, 0x01C3, 0x01A2, 0x0182, 0x0182, 0x0182, 0x0182, 
    0x0182, 0x0182, 0x0182, 0x0162, 0x0162, 0x0162, 0x0162, 0x0162, 0x0142, 0x0162, 0x0162, 0x0141, 
    0x0142, 0x0122, 0x0101, 0x0121, 0x0121, 0x0101, 0x00E1, 0x0101, 0x00E1, 0x00E1, 0x00E1, 0x00C1, 
    0x00C1, 0x0000, 0x62E6, 0x62A5, 0x8389, 0x18A1, 0x0080, 0x00A0, 0x0080, 0x0060, 0x18E1, 0x8367, 
    0x5AA5, 0x5A85, 0x0020, 0x00E1, 0x00E1, 0x0101, 0x0101, 0x0101, 0x0121, 0x0121, 0x0121, 0x0141, 
    0x0141, 0x0141, 0x0162, 0x0142, 0x0162, 0x0162, 0x0182, 0x0182, 0x0182, 0x0182, 0x0182, 0x0182, 
    0x0182, 0x0182, 0x0182, 0x0182, 0x01A2, 0x01A2, 0x0182, 0x01A2, 0x01A2, 0x01C2, 0x01A2, 0x0182, 
    0x01A2, 0x01A2, 0x01A2, 0x01A2, 0x01C2, 0x01C2, 0x01C2, 0x01E3, 0x01E3, 0x01C2, 0x01E3, 0x0A03, 
    0x01E3, 0x0A03, 0x09E3, 0x01E3, 0x01E3, 0x0A03, 0x0A03, 0x01E3, 0x09E3, 0x01E3, 0x01E3, 0x0A23, 
    0x0A23, 0x01E3, 0x0203, 0x0A03, 0x0A23, 0x0A23, 0x0203, 0x0A23, 0x0A44, 0x0A43, 0x1264, 0x0A44, 
    0x0A23, 0x0A43, 0x0A23, 0x0A44, 0x0A43, 0x0A23, 0x0A44, 0x0A44, 0x0A64, 0x0A44, 0x0A44, 0x0A43, 
    0x0A43, 0x1264, 0x0A64, 0x0A64, 0x1284, 0x0A64, 0x1284, 0x0A64, 0x1284, 0x1284, 0x0A64, 0x0A64, 
    0x0A64, 0x1264, 0x0A64, 0x0A64, 0x1284, 0x1284, 0x1284, 0x0A64, 0x1264, 0x1264, 0x0A64, 0x1284, 
    0x0A84, 0x1284, 0x1264, 0x0A64, 0x1264, 0x1264, 0x1264, 0x0A44, 0x1264, 0x1264, 0x1264, 0x1264, 
    0x1284, 0x0A64, 0x1284, 0x1284, 0x1284, 0x0A84, 0x0A84, 0x12A4, 0x12A5, 0x1264, 0x1284, 0x1285, 
    0x0A84, 0x0A84, 0x1284, 0x1284, 0x1284, 0x0A44, 0x0A64, 0x1284, 0x1284, 0x1284, 0x1284, 0x1284, 
    0x0A64, 0x1284, 0x1264, 0x0A44, 0x1284, 0x1284, 0x1284, 0x1284, 0x1264, 0x12A5, 0x12A5, 0x1284, 
    0x1284, 0x1264, 0x0A64, 0x0A64, 0x0A84, 0x12A5, 0x1284, 0x1285, 0x1284, 0x1284, 0x1285, 0x0A84, 
    0x0A43, 0x12A5, 0x1284, 0x12A5, 0x1284, 0x12A4, 0x12A4, 0x1284, 0x1284, 0x12A5, 0x1284, 0x1284, 
    0x12A5, 0x1285, 0x1284, 0x12A5, 0x12A5, 0x1284, 0x1284, 0x1284, 0x1284, 0x1284, 0x1264, 0x1264, 
    0x1284, 0x1284, 0x1264, 0x1284, 0x1284, 0x1284, 0x1284, 0x0A64, 0x0A44, 0x1264, 0x1284, 0x1284, 
    0x1284, 0x1284, 0x0A64, 0x1284, 0x0A84, 0x0A64, 0x1284, 0x1264, 0x1284, 0x12A5, 0x1284, 0x1284, 
    0x12A5, 0x1284, 0x1264, 0x1264, 0x1264, 0x1284, 0x1284, 0x1264, 0x1264, 0x1284, 0x1264, 0x1264, 
    0x0A44, 0x0A44, 0x0A23, 0x0A44, 0x0A23, 0x0A43, 0x0A64, 0x1285, 0x1264, 0x0A64, 0x0A44, 0x1244, 
    0x0A24, 0x0A23, 0x0A23, 0x0A23, 0x0A23, 0x0A23, 0x0A23, 0x0A03, 0x0A23, 0x0A23, 0x0A23, 0x0A23, 
    0x0A23, 0x01E3, 0x0A03, 0x0A23, 0x0A23, 0x0A23, 0x0A23, 0x01E3, 0x01E3, 0x0A03, 0x01E3, 0x01E3, 
    0x01C2, 0x01E3, 0x0A23, 0x0A03, 0x01E2, 0x01C2, 0x01C2, 0x01E3, 0x01C2, 0x01C2, 0x01C3, 0x01A2, 
    0x01A2, 0x01A2, 0x01A2, 0x01A2, 0x01A2, 0x01A2, 0x0182, 0x0182, 0x0182, 0x0182, 0x0182, 0x0182, 
    0x0182, 0x0182, 0x0162, 0x0142, 0x0162, 0x0141, 0x0162, 0x0162, 0x0162, 0x0142, 0x0121, 0x0101, 
    0x0101, 0x0101, 0x0101, 0x00E1, 0x00E1, 0x00E1, 0x00E1, 0x00C0, 0x00C1, 0x0000, 0x62E7, 0x62A5, 
    0x8389, 0x10A1, 0x0080, 0x00A0, 0x0080, 0x0060, 0x18C1, 0x8367, 0x5AA6, 0x5AA6, 0x0020, 0x00E1, 
    0x00E1, 0x00E1, 0x0101, 0x0101, 0x0101, 0x0101, 0x0101, 0x0141, 0x0142, 0x0162, 0x0142, 0x0141, 
    0x0162, 0x0162, 0x0182, 0x0182, 0x0182, 0x0182, 0x0182, 0x0162, 0x0162, 0x0162, 0x0182, 0x0182, 
    0x01A2, 0x0182, 0x01A2, 0x01A2, 0x01A2, 0x01A2, 0x0182, 0x0182, 0x0182, 0x01C2, 0x01C2, 0x0182, 
    0x01A2, 0x01A2, 0x01A2, 0x01C2, 0x01E3, 0x01E3, 0x09E3, 0x01E3, 0x0A03, 0x01E3, 0x09E3, 0x09E3, 
    0x01E3, 0x01E3, 0x01E3, 0x0203, 0x01E3, 0x01E3, 0x09E3, 0x01E3, 0x01C2, 0x0A03, 0x01E3, 0x01E3, 
    0x01E3, 0x0203, 0x0A03, 0x0A23, 0x0A23, 0x0A43, 0x0A23, 0x0A23, 0x0A43, 0x0A44, 0x0A43, 0x0A23, 
    0x0A23, 0x0A23, 0x0A43, 0x0A23, 0x0A43, 0x0A23, 0x0A23, 0x0A23, 0x0A43, 0x0A44, 0x0A64, 0x1284, 
    0x0A64, 0x0A44, 0x0A64, 0x1284, 0x12A4, 0x1284, 0x0A64, 0x0A43, 0x0A64, 0x0A64, 0x1284, 0x0A64, 
    0x0A64, 0x0A43, 0x0A64, 0x0A64, 0x1264, 0x0A64, 0x0A64, 0x1284, 0x1284, 0x1264, 0x1284, 0x1264, 
    0x0A44, 0x0A44, 0x1284, 0x0A23, 0x0A44, 0x1264, 0x1264, 0x0A64, 0x0A44, 0x1284, 0x12A4, 0x0A84, 
    0x0A64, 0x0A43, 0x0A84, 0x0A64, 0x1285, 0x1285, 0x1284, 0x1284, 0x1284, 0x0A84, 0x0A84, 0x12A5, 
    0x0A44, 0x0A64, 0x0A64, 0x0A84, 0x1284, 0x1284, 0x0A64, 0x0A64, 0x0A64, 0x0A64, 0x0A43, 0x0A44, 
    0x1264, 0x1264, 0x0A64, 0x0A64, 0x0A64, 0x0A44, 0x0A64, 0x12A4, 0x1284, 0x0A64, 0x1264, 0x0A64, 
    0x1285, 0x12A5, 0x1285, 0x1284, 0x1264, 0x1285, 0x1284, 0x1285, 0x1284, 0x1284, 0x1284, 0x1264, 
    0x1284, 0x12A4, 0x12C5, 0x12A5, 0x1284, 0x12A4, 0x12A5, 0x12C5, 0x1284, 0x1284, 0x1284, 0x12A5, 
    0x1284, 0x1264, 0x0A64, 0x1264, 0x1264, 0x1244, 0x1264, 0x0A64, 0x0A64, 0x0A64, 0x1284, 0x0A64, 
    0x0A64, 0x0A84, 0x0A64, 0x12A4, 0x12A4, 0x12A5, 0x1285, 0x1284, 0x1284, 0x1284, 0x0A64, 0x1284, 
    0x0A84, 0x1284, 0x0A64, 0x0A64, 0x1284, 0x0A64, 0x1284, 0x12A5, 0x1284, 0x12A4, 0x1284, 0x1284, 
    0x1264, 0x1264, 0x12A4, 0x0A64, 0x0A44, 0x0A64, 0x0A44, 0x1264, 0x0A64, 0x0A64, 0x0A44, 0x0A03, 
    0x0A44, 0x0A64, 0x1264, 0x1264, 0x1285, 0x0A64, 0x0A23, 0x0A23, 0x0A44, 0x0A43, 0x0A23, 0x0A23, 
    0x0A43, 0x0A03, 0x0A03, 0x0A03, 0x0A23, 0x0A24, 0x0A23, 0x0A03, 0x0203, 0x0A23, 0x0A03, 0x01E3, 
    0x0A03, 0x0203, 0x0A23, 0x0A03, 0x01E3, 0x01E2, 0x01E2, 0x0203, 0x0203, 0x01E3, 0x0A03, 0x09E3, 
    0x01E3, 0x09E3, 0x01C2, 0x01C2, 0x01E3, 0x01C3, 0x0182, 0x0182, 0x01A2, 0x0182, 0x01A2, 0x01C2, 
    0x01A2, 0x01A2, 0x0182, 0x0182, 0x0162, 0x0182, 0x0182, 0x0182, 0x0182, 0x0162, 0x0141, 0x0162, 
    0x0141, 0x0121, 0x0141, 0x0162, 0x0142, 0x0122, 0x0101, 0x0101, 0x0101, 0x0101, 0x0101, 0x00E1, 
    0x00E1, 0x00E1, 0x00E1, 0x00E1, 0x00E1, 0x0000, 0x62E6, 0x6AC5, 0x8388, 0x10A1, 0x0080, 0x00A0, 
    0x00A0, 0x0060, 0x10C1, 0x8367, 0x62C6, 0x62A5, 0x0000, 0x00E1, 0x00E1, 0x00E1, 0x0101, 0x0101, 
    0x0101, 0x0101, 0x0101, 0x0141, 0x0141, 0x0141, 0x0141, 0x0142, 0x0162, 0x0182, 0x0182, 0x0162, 
    0x0182, 0x0162, 0x0141, 0x0162, 0x0182, 0x0162, 0x0162, 0x01A2, 0x01A2, 0x01A2, 0x01A2, 0x0182, 
    0x0182, 0x0182, 0x0182, 0x01C2, 0x01A2, 0x01A2, 0x01C2, 0x01A2, 0x01C2, 0x01A2, 0x01A2, 0x01C2, 
    0x01E3, 0x01E3, 0x09E3, 0x01E3, 0x01E3, 0x09E3, 0x09E3, 0x0A03, 0x0A03, 0x0A03, 0x0A03, 0x0A03, 
    0x01E2, 0x01E2, 0x01C2, 0x0203, 0x0A03, 0x0A03, 0x09E3, 0x09E3, 0x0A03, 0x0A44, 0x0A03, 0x0A23, 
    0x0A43, 0x0A23, 0x0A23, 0x0A23, 0x0A43, 0x0A23, 0x0A44, 0x0A43, 0x0A43, 0x0A43, 0x0A23, 0x0A23, 
    0x0A03, 0x0A23, 0x0A23, 0x0A24, 0x0A44, 0x0A44, 0x0A44, 0x0A44, 0x0A23, 0x0A23, 0x0A64, 0x0A64, 
    0x1284, 0x1284, 0x1264, 0x1284, 0x0A44, 0x0A64, 0x0A64, 0x0A64, 0x0A64, 0x0A64, 0x1284, 0x1284, 
    0x1284, 0x1284, 0x1264, 0x0A44, 0x0A23, 0x0A64, 0x1264, 0x1264, 0x0A44, 0x0A64, 0x1264, 0x0A44, 
    0x0A44, 0x1264, 0x0A44, 0x0A64, 0x1264, 0x1264, 0x1284, 0x1284, 0x0A64, 0x1264, 0x1284, 0x1284, 
    0x1284, 0x1264, 0x0A44, 0x12A5, 0x12A5, 0x12A5, 0x12A5, 0x1264, 0x1264, 0x1284, 0x0A64, 0x1284, 
    0x0A64, 0x0A44, 0x1284, 0x0A43, 0x0A44, 0x0A64, 0x0A64, 0x0A64, 0x0A43, 0x0A64, 0x0A44, 0x0A64, 
    0x1284, 0x1264, 0x0A64, 0x0A64, 0x0A84, 0x1284, 0x1284, 0x0A64, 0x0A43, 0x1284, 0x1284, 0x1284, 
    0x1284, 0x1284, 0x1284, 0x12A5, 0x12A5, 0x1284, 0x1284, 0x12A5, 0x12A5, 0x1284, 0x1284, 0x12A4, 
    0x12A5, 0x1284, 0x0A84, 0x0A84, 0x0A84, 0x1284, 0x1285, 0x1264, 0x0A44, 0x0A64, 0x1284, 0x0A64, 
    0x1264, 0x1264, 0x1264, 0x0A64, 0x1264, 0x1264, 0x0A44, 0x0A64, 0x0A84, 0x1264, 0x1284, 0x12A5, 
    0x12C5, 0x12A5, 0x1284, 0x1264, 0x1264, 0x1284, 0x1284, 0x1284, 0x12A4, 0x1284, 0x0A64, 0x0A64, 
    0x0A64, 0x1264, 0x12A4, 0x1284, 0x0A64, 0x0A64, 0x0A64, 0x1284, 0x1284, 0x1264, 0x1284, 0x1264, 
    0x1284, 0x1264, 0x0A44, 0x1264, 0x0A64, 0x0A64, 0x1264, 0x1264, 0x0A44, 0x1264, 0x0A43, 0x1264, 
    0x1264, 0x0A43, 0x0A23, 0x0A23, 0x0A23, 0x0A43, 0x0A03, 0x0A23, 0x0A23, 0x0A23, 0x0A24, 0x0A03, 
    0x0A24, 0x0A44, 0x0A44, 0x0A23, 0x0A23, 0x0A03, 0x0A03, 0x0A03, 0x0A03, 0x01E2, 0x0203, 0x0A23, 
    0x09E3, 0x01E3, 0x01E3, 0x01E3, 0x01E3, 0x01E3, 0x01E3, 0x01E3, 0x09E3, 0x01C2, 0x09E3, 0x0A03, 
    0x01C3, 0x01C2, 0x01A2, 0x01A2, 0x01C2, 0x01A2, 0x01A2, 0x01A2, 0x0182, 0x0182, 0x0182, 0x0162, 
    0x0182, 0x01A2, 0x0182, 0x0182, 0x0162, 0x0141, 0x0142, 0x0142, 0x0141, 0x0142, 0x0142, 0x0121, 
    0x0141, 0x0121, 0x0101, 0x0101, 0x0101, 0x0101, 0x00E1, 0x00E1, 0x00E1, 0x00E1, 0x00E1, 0x00C1, 
    0x00C1, 0x0000, 0x62E6, 0x62A5, 0x8388, 0x10A1, 0x0060, 0x0080, 0x00A0, 0x0060, 0x10C1, 0x8367, 
    0x62E6, 0x5A85, 0x0000, 0x00E1, 0x00E1, 0x00E1, 0x0101, 0x0101, 0x0101, 0x0101, 0x0101, 0x0121, 
    0x0121, 0x0142, 0x0142, 0x0142, 0x0142, 0x0162, 0x0182, 0x0162, 0x0182, 0x0182, 0x0162, 0x0161, 
    0x0182, 0x0182, 0x0182, 0x0182, 0x01A2, 0x01A2, 0x0182, 0x01A2, 0x0182, 0x01A2, 0x01A2, 0x01A2, 
    0x01A2, 0x01A2, 0x01A2, 0x01C3, 0x01C2, 0x01C2, 0x01C2, 0x01C3, 0x01C2, 0x01C2, 0x01C2, 0x01C2, 
    0x01C2, 0x01C2, 0x01E3, 0x01E3, 0x01E3, 0x0A03, 0x0A03, 0x0A03, 0x01E3, 0x01E3, 0x01E2, 0x0203, 
    0x0A23, 0x0A03, 0x01E3, 0x01E2, 0x0A03, 0x0A23, 0x01E2, 0x0A03, 0x0A44, 0x0A44, 0x0203, 0x0A23, 
    0x0A23, 0x0A23, 0x0A44, 0x0A23, 0x0A23, 0x0A43, 0x0A23, 0x0A03, 0x0A03, 0x0A03, 0x0A23, 0x0A44, 
    0x0A44, 0x0A23, 0x0A44, 0x0A43, 0x0A23, 0x0A43, 0x0A43, 0x0A64, 0x0A64, 0x1264, 0x0A64, 0x0A64, 
    0x0A43, 0x1264, 0x0A44, 0x0A64, 0x1264, 0x0A64, 0x0A64, 0x1284, 0x1284, 0x1284, 0x1284, 0x0A64, 
    0x0A44, 0x1264, 0x1264, 0x1264, 0x1284, 0x1284, 0x0A64, 0x0A44, 0x0A44, 0x0A44, 0x0A44, 0x0A44, 
    0x0A64, 0x0A64, 0x0A64, 0x12A4, 0x12A5, 0x0A64, 0x12A5, 0x12A5, 0x12A5, 0x1284, 0x1264, 0x12C5, 
    0x12A4, 0x12A4, 0x1284, 0x0A84, 0x0A64, 0x1284, 0x0A64, 0x1284, 0x1284, 0x0A64, 0x1284, 0x0A64, 
    0x0A64, 0x0A64, 0x0A64, 0x0A84, 0x0A64, 0x0A44, 0x0A64, 0x0A64, 0x1284, 0x0A64, 0x0A84, 0x0A84, 
    0x1284, 0x1284, 0x0A64, 0x1264, 0x1284, 0x0A64, 0x1284, 0x12A5, 0x12A5, 0x1284, 0x12A5, 0x0A84, 
    0x1284, 0x12A5, 0x1284, 0x1284, 0x12A5, 0x1284, 0x1264, 0x1284, 0x12A5, 0x1284, 0x0A84, 0x0A84, 
    0x1284, 0x1284, 0x1285, 0x1284, 0x0A64, 0x12A5, 0x1284, 0x1264, 0x0A64, 0x1264, 0x1264, 0x1264, 
    0x0A64, 0x0A44, 0x0A44, 0x1284, 0x1284, 0x0A64, 0x0A64, 0x12A4, 0x12A4, 0x12A4, 0x1285, 0x0A44, 
    0x0A44, 0x1264, 0x1284, 0x12A5, 0x1284, 0x1284, 0x0A64, 0x0A64, 0x1264, 0x1284, 0x1284, 0x1284, 
    0x1284, 0x1284, 0x12A4, 0x0A84, 0x12A4, 0x1284, 0x0A64, 0x1284, 0x12A5, 0x0A64, 0x1264, 0x1264, 
    0x0A64, 0x0A64, 0x1264, 0x0A64, 0x0A64, 0x0A44, 0x1264, 0x1264, 0x0A23, 0x0A44, 0x0A44, 0x0A44, 
    0x0A03, 0x0A23, 0x0A23, 0x0A23, 0x0A03, 0x0A23, 0x0A03, 0x0A03, 0x0A03, 0x0A03, 0x0A03, 0x0A43, 
    0x0A03, 0x01E3, 0x0A03, 0x0A24, 0x0A03, 0x01E3, 0x01E3, 0x0203, 0x0A03, 0x0A03, 0x0A03, 0x0A03, 
    0x09E3, 0x01E3, 0x01E3, 0x01E3, 0x01E2, 0x01A2, 0x01C2, 0x01E3, 0x01A2, 0x01C2, 0x01A2, 0x01A2, 
    0x01A2, 0x01A2, 0x0182, 0x0162, 0x0182, 0x0182, 0x0182, 0x0182, 0x0182, 0x0182, 0x0182, 0x0182, 
    0x0162, 0x0162, 0x0161, 0x0141, 0x0141, 0x0142, 0x0142, 0x0121, 0x0101, 0x0101, 0x0101, 0x0101, 
    0x0101, 0x0101, 0x00E1, 0x00E1, 0x00E1, 0x00E1, 0x00E1, 0x00C1, 0x00C1, 0x0000, 0x62E7, 0x62A5, 
    0x8388, 0x18A1, 0x0060, 0x0080, 0x00A0, 0x0060, 0x18C1, 0x8367, 0x62C6, 0x5A85, 0x0000, 0x00E1, 
    0x00E1, 0x00E1, 0x0101, 0x0101, 0x0101, 0x0101, 0x0101, 0x0101, 0x0101, 0x0121, 0x0141, 0x0142, 
    0x0141, 0x0141, 0x0162, 0x0162, 0x0162, 0x0162, 0x0162, 0x0162, 0x0162, 0x0182, 0x0182, 0x0182, 
    0x01A2, 0x0182, 0x0182, 0x01A2, 0x01A2, 0x01C2, 0x01C2, 0x01A2, 0x01A2, 0x01C2, 0x01A2, 0x01C2, 
    0x01C2, 0x01E2, 0x09E3, 0x01E3, 0x01C2, 0x01E3, 0x01C3, 0x01E3, 0x09E3, 0x01E3, 0x09E3, 0x0A03, 
    0x0203, 0x01C3, 0x01E3, 0x0A03, 0x01E3, 0x01E3, 0x0A03, 0x01E3, 0x01E3, 0x0A03, 0x0A03, 0x0A03, 
    0x0A23, 0x0A03, 0x01E3, 0x0203, 0x0A43, 0x0A23, 0x0A03, 0x0A03, 0x0A03, 0x0A23, 0x0A43, 0x0A43, 
    0x0A43, 0x0A23, 0x0A44, 0x0A23, 0x0A23, 0x0A23, 0x0A23, 0x0A23, 0x0A23, 0x0A44, 0x0A44, 0x0A23, 
    0x0A44, 0x0A44, 0x0A43, 0x0A44, 0x0A44, 0x0A64, 0x0A64, 0x0A64, 0x0A64, 0x0A44, 0x0A44, 0x0A64, 
    0x0A84, 0x0A84, 0x12A4, 0x1284, 0x0A64, 0x1264, 0x1284, 0x0A64, 0x0A44, 0x1264, 0x0A64, 0x0A64, 
    0x1284, 0x1284, 0x0A44, 0x0A43, 0x0A44, 0x1264, 0x0A64, 0x1264, 0x0A64, 0x1264, 0x0A44, 0x1264, 
    0x0A64, 0x0A64, 0x1284, 0x1284, 0x0A64, 0x1284, 0x1284, 0x12A4, 0x1284, 0x1284, 0x0A84, 0x1284, 
    0x12A4, 0x12A5, 0x1284, 0x0A64, 0x0A64, 0x12A4, 0x0A64, 0x1264, 0x0A64, 0x1284, 0x0A64, 0x0A84, 
    0x1284, 0x0A84, 0x0A84, 0x0A64, 0x0A64, 0x0A64, 0x12A4, 0x1284, 0x0A64, 0x1264, 0x1264, 0x0A64, 
    0x0A64, 0x1284, 0x1284, 0x1284, 0x0A64, 0x0A84, 0x12A4, 0x12A5, 0x0A64, 0x12A5, 0x1284, 0x1264, 
    0x1284, 0x1284, 0x1264, 0x1284, 0x1284, 0x12A4, 0x1284, 0x1284, 0x0A64, 0x0A84, 0x0A64, 0x0A64, 
    0x12A5, 0x1285, 0x1285, 0x1284, 0x1284, 0x1284, 0x1264, 0x1284, 0x0A64, 0x0A64, 0x0A64, 0x1284, 
    0x0A64, 0x0A64, 0x0A43, 0x0A64, 0x0A64, 0x0A84, 0x1284, 0x0A64, 0x0A64, 0x0A64, 0x1284, 0x1284, 
    0x12A4, 0x0A84, 0x0A64, 0x0A64, 0x12A4, 0x1284, 0x1284, 0x1284, 0x0A64, 0x12A4, 0x12A4, 0x1284, 
    0x0A84, 0x0A64, 0x0A64, 0x1284, 0x1284, 0x0A44, 0x1264, 0x0A64, 0x0A64, 0x0A43, 0x0A43, 0x0A64, 
    0x12A5, 0x0A44, 0x0A23, 0x0A23, 0x0A23, 0x0A23, 0x0A44, 0x0A44, 0x0A44, 0x0A44, 0x0A44, 0x0A23, 
    0x0A03, 0x0A03, 0x0A23, 0x0A23, 0x0A03, 0x0A23, 0x0A23, 0x0A23, 0x0A23, 0x0203, 0x0A23, 0x01E3, 
    0x0A03, 0x0A03, 0x0A03, 0x0203, 0x0203, 0x01E2, 0x01E3, 0x0A03, 0x09E3, 0x01C3, 0x01C2, 0x01C2, 
    0x01E3, 0x01E3, 0x01A2, 0x01C3, 0x01C2, 0x01C2, 0x01C2, 0x01A2, 0x01A2, 0x01A2, 0x0182, 0x01A2, 
    0x01C2, 0x01A2, 0x01A2, 0x0182, 0x0182, 0x01A2, 0x0182, 0x0182, 0x0162, 0x0162, 0x0162, 0x0141, 
    0x0141, 0x0121, 0x0121, 0x0121, 0x0101, 0x0121, 0x0121, 0x0101, 0x0101, 0x0101, 0x00E1, 0x00E1, 
    0x00E1, 0x00C1, 0x00E1, 0x00C1, 0x00E1, 0x0000, 0x6AE7, 0x62A5, 0x83A9, 0x18A1, 0x0060, 0x0080, 
    0x00A0, 0x0060, 0x10C1, 0x7B46, 0x62C6, 0x5A85, 0x0000, 0x00E1, 0x00E1, 0x00E1, 0x0101, 0x00E1, 
    0x0101, 0x0101, 0x0101, 0x0101, 0x0101, 0x0121, 0x0142, 0x0142, 0x0142, 0x0142, 0x0142, 0x0141, 
    0x0162, 0x0162, 0x0141, 0x0162, 0x0182, 0x0162, 0x0162, 0x0182, 0x0182, 0x01A2, 0x01A2, 0x0182, 
    0x01C3, 0x01A2, 0x01A2, 0x01A2, 0x01A2, 0x01A2, 0x01A2, 0x01C2, 0x01C2, 0x01C2, 0x01C2, 0x01C2, 
    0x01C2, 0x01C2, 0x01C3, 0x01E3, 0x01E3, 0x01C2, 0x01E3, 0x01E3, 0x01E3, 0x09E3, 0x09E3, 0x01C3, 
    0x01E3, 0x0A03, 0x0A03, 0x0A03, 0x01E3, 0x0A03, 0x0A23, 0x0A03, 0x0A03, 0x01E3, 0x0A03, 0x0A23, 
    0x0203, 0x0A23, 0x0A23, 0x0A23, 0x0A23, 0x0A23, 0x0A43, 0x0A44, 0x0A44, 0x0A23, 0x0A23, 0x0A44, 
    0x0A64, 0x0A23, 0x0A44, 0x0A64, 0x0A64, 0x0A43, 0x0A23, 0x0A23, 0x0A23, 0x0A44, 0x0A23, 0x0A23, 
    0x0A23, 0x0A43, 0x0A43, 0x0A64, 0x0A44, 0x1264, 0x0A64, 0x0A64, 0x1284, 0x1284, 0x1284, 0x1284, 
    0x0A44, 0x0A43, 0x0A43, 0x0A43, 0x0A84, 0x1284, 0x0A64, 0x1264, 0x1264, 0x0A64, 0x1264, 0x1284, 
    0x0A64, 0x0A64, 0x1264, 0x1284, 0x1264, 0x0A64, 0x0A44, 0x0A64, 0x0A64, 0x1284, 0x1264, 0x1284, 
    0x0A64, 0x0A44, 0x0A44, 0x1284, 0x1284, 0x1284, 0x1284, 0x0A64, 0x1284, 0x12A4, 0x12A5, 0x12A5, 
    0x0A84, 0x1284, 0x0A64, 0x0A44, 0x1284, 0x1284, 0x0A44, 0x1284, 0x1284, 0x0A64, 0x0A63, 0x0A64, 
    0x0A84, 0x0A84, 0x1284, 0x0A84, 0x1284, 0x1284, 0x1284, 0x0A64, 0x1284, 0x1285, 0x1284, 0x0A64, 
    0x0A64, 0x0A64, 0x0A64, 0x0A84, 0x0A64, 0x1284, 0x12A5, 0x1284, 0x1264, 0x1264, 0x1284, 0x1285, 
    0x12A5, 0x1284, 0x1284, 0x0A84, 0x0A64, 0x0A64, 0x0A64, 0x0A64, 0x1284, 0x1284, 0x1264, 0x1264, 
    0x1264, 0x0A64, 0x1284, 0x0A64, 0x0A64, 0x0A64, 0x1284, 0x0A64, 0x1264, 0x0A64, 0x0A44, 0x0A44, 
    0x0A44, 0x0A64, 0x1264, 0x1284, 0x12A4, 0x1264, 0x1264, 0x1285, 0x1284, 0x0A84, 0x0A64, 0x1264, 
    0x0A64, 0x1284, 0x12A5, 0x0A63, 0x1264, 0x1284, 0x1284, 0x1284, 0x12A4, 0x0A63, 0x0A64, 0x1264, 
    0x1264, 0x0A64, 0x1264, 0x0A64, 0x0A44, 0x0A44, 0x1284, 0x0A64, 0x1264, 0x0A64, 0x0A23, 0x0A43, 
    0x0A23, 0x0A23, 0x0A23, 0x0A43, 0x0A43, 0x0A43, 0x0A23, 0x0A23, 0x0A23, 0x0A03, 0x0A23, 0x0A23, 
    0x0A23, 0x0A23, 0x0A03, 0x0A23, 0x0A23, 0x0A23, 0x0A23, 0x0A23, 0x0A03, 0x0203, 0x01E2, 0x0A03, 
    0x01E3, 0x01C2, 0x01C2, 0x0A03, 0x0A03, 0x01E3, 0x01C2, 0x01C2, 0x01C2, 0x09E3, 0x01A2, 0x01C3, 
    0x01A2, 0x01A2, 0x01C3, 0x01C3, 0x01A2, 0x0182, 0x0182, 0x01A2, 0x01A2, 0x01A2, 0x0182, 0x0182, 
    0x0182, 0x0162, 0x0162, 0x0182, 0x0162, 0x0161, 0x0141, 0x0142, 0x0141, 0x0121, 0x0121, 0x0121, 
    0x0121, 0x0121, 0x0121, 0x0121, 0x0101, 0x00E1, 0x00E1, 0x00E1, 0x00E1, 0x00E1, 0x00E1, 0x00C0, 
    0x00E1, 0x0000, 0x6AE6, 0x62A5, 0x83A9, 0x10A1, 0x0060, 0x0080, 0x00A0, 0x0060, 0x10C1, 0x7B47, 
    0x62C5, 0x5A85, 0x0000, 0x00E1, 0x00E1, 0x00E1, 0x00E1, 0x0101, 0x0101, 0x0101, 0x0101, 0x0121, 
    0x0101, 0x0121, 0x0142, 0x0142, 0x0142, 0x0141, 0x0142, 0x0141, 0x0141, 0x0142, 0x0162, 0x0162, 
    0x0162, 0x0162, 0x0162, 0x0162, 0x0182, 0x0182, 0x0182, 0x0182, 0x01A2, 0x01C2, 0x01C3, 0x0182, 
    0x01A2, 0x01A2, 0x01A2, 0x01C3, 0x01E3, 0x01E3, 0x01C2, 0x01C2, 0x01A2, 0x01A2, 0x01C2, 0x01C2, 
    0x01C2, 0x0A03, 0x0A03, 0x09E3, 0x09E3, 0x09E3, 0x09E3, 0x01C2, 0x0A03, 0x0A03, 0x0A03, 0x0A03, 
    0x09E3, 0x0A03, 0x0A23, 0x0A23, 0x0A03, 0x01E2, 0x01E3, 0x01E3, 0x0A23, 0x0A23, 0x0A23, 0x0A23, 
    0x0A23, 0x0A23, 0x0A23, 0x0A23, 0x0A23, 0x0A23, 0x0A03, 0x0A23, 0x0A23, 0x0A23, 0x0A43, 0x0A43, 
    0x0A64, 0x0A23, 0x0A44, 0x0A44, 0x0A44, 0x0A44, 0x0A44, 0x0A43, 0x0A44, 0x0A43, 0x0A43, 0x0A64, 
    0x0A23, 0x0A44, 0x0A43, 0x0A43, 0x0A64, 0x0A64, 0x1284, 0x1264, 0x0A64, 0x0A64, 0x0A64, 0x1264, 
    0x0A64, 0x0A64, 0x1264, 0x1264, 0x0A44, 0x1264, 0x1284, 0x0A84, 0x1284, 0x1284, 0x0A43, 0x0A64, 
    0x1284, 0x0A44, 0x1264, 0x0A64, 0x1284, 0x0A84, 0x1264, 0x0A44, 0x1264, 0x0A44, 0x1264, 0x1264, 
    0x1284, 0x0A64, 0x12A4, 0x1284, 0x1284, 0x0A64, 0x12A4, 0x12A4, 0x12A4, 0x1284, 0x1284, 0x12A4, 
    0x12A5, 0x1284, 0x12A5, 0x12A5, 0x1284, 0x0A84, 0x0A84, 0x0A84, 0x0A64, 0x0A64, 0x0A64, 0x0A64, 
    0x1284, 0x12A5, 0x1284, 0x1284, 0x0A84, 0x1264, 0x1264, 0x1264, 0x0A64, 0x0A64, 0x0A64, 0x1284, 
    0x12A5, 0x1284, 0x12A5, 0x1264, 0x1264, 0x1284, 0x1264, 0x1284, 0x1284, 0x0A64, 0x1284, 0x0A84, 
    0x1284, 0x0A64, 0x1284, 0x1284, 0x1284, 0x1285, 0x0A64, 0x1264, 0x1264, 0x1284, 0x1264, 0x0A64, 
    0x0A64, 0x0A64, 0x0A84, 0x0A84, 0x0A64, 0x0A44, 0x1284, 0x1264, 0x1264, 0x1264, 0x1285, 0x1284, 
    0x1284, 0x1264, 0x0A64, 0x1264, 0x1264, 0x1284, 0x0A64, 0x0A64, 0x1284, 0x1284, 0x12A5, 0x1284, 
    0x1284, 0x12A4, 0x1264, 0x0A64, 0x0A64, 0x1284, 0x1284, 0x1264, 0x0A43, 0x1264, 0x0A44, 0x1264, 
    0x1264, 0x1264, 0x0A64, 0x0A44, 0x1264, 0x0A44, 0x0A23, 0x0A23, 0x0A23, 0x0A43, 0x0A43, 0x0A44, 
    0x0A23, 0x0A44, 0x0A23, 0x0A23, 0x0A23, 0x0A03, 0x0A03, 0x0A43, 0x0A23, 0x0A23, 0x09E3, 0x0A03, 
    0x01E3, 0x0A23, 0x0A03, 0x0A03, 0x09E3, 0x0A03, 0x0A23, 0x0A03, 0x01E2, 0x01E3, 0x09E3, 0x01C3, 
    0x09E3, 0x09E3, 0x0A03, 0x01E3, 0x01C2, 0x01C2, 0x01A2, 0x01C3, 0x01A2, 0x01A2, 0x01A2, 0x01A2, 
    0x01A2, 0x0182, 0x0182, 0x0182, 0x0182, 0x0182, 0x0182, 0x0162, 0x0182, 0x0182, 0x0162, 0x0162, 
    0x0162, 0x0162, 0x0162, 0x0121, 0x0141, 0x0121, 0x0141, 0x0121, 0x0121, 0x0121, 0x0101, 0x0101, 
    0x0101, 0x0101, 0x0101, 0x00E1, 0x00E1, 0x00E1, 0x00C1, 0x00C1, 0x00C1, 0x0000, 0x62C6, 0x6285, 
    0x7B88, 0x10A1, 0x0060, 0x0080, 0x00A0, 0x0060, 0x18C1, 0x8367, 0x62C5, 0x5A85, 0x0000, 0x00E1, 
    0x00E1, 0x00E1, 0x00E1, 0x0101, 0x0101, 0x0101, 0x0101, 0x0101, 0x0121, 0x0121, 0x0141, 0x0121, 
    0x0121, 0x0121, 0x0121, 0x0142, 0x0142, 0x0162, 0x0162, 0x0142, 0x0162, 0x0162, 0x0182, 0x0162, 
    0x0162, 0x0182, 0x01A2, 0x01A2, 0x01C3, 0x01C3, 0x01C2, 0x01A2, 0x01C3, 0x01A2, 0x01C2, 0x01C2, 
    0x01C2, 0x01C2, 0x01C2, 0x01C2, 0x01C2, 0x0A03, 0x01C2, 0x01E3, 0x09E3, 0x0A03, 0x09E3, 0x0A03, 
    0x01E3, 0x01E3, 0x01C2, 0x01C3, 0x01E3, 0x01E3, 0x0A03, 0x01E2, 0x0A03, 0x0A03, 0x0A23, 0x0A44, 
    0x0A03, 0x0A03, 0x0203, 0x0A03, 0x0A43, 0x0A23, 0x1264, 0x0A23, 0x0A43, 0x0A44, 0x01E3, 0x0A23, 
    0x0A03, 0x0A43, 0x0A44, 0x0A03, 0x0A23, 0x0A43, 0x1264, 0x0A64, 0x1264, 0x0A64, 0x0A44, 0x0A44, 
    0x0A44, 0x1264, 0x0A44, 0x0A23, 0x0A23, 0x0A43, 0x0203, 0x0A23, 0x0A23, 0x0A23, 0x0A43, 0x0A43, 
    0x0A23, 0x0A44, 0x1264, 0x0A43, 0x1264, 0x0A44, 0x0A64, 0x0A43, 0x1264, 0x0A64, 0x1264, 0x0A44, 
    0x0A64, 0x1264, 0x0A64, 0x1264, 0x0A64, 0x1284, 0x1284, 0x1284, 0x1284, 0x0A64, 0x1284, 0x1284, 
    0x1284, 0x0A64, 0x0A64, 0x0A64, 0x0A44, 0x1284, 0x0A44, 0x0A64, 0x0A64, 0x0A44, 0x1284, 0x1284, 
    0x12C5, 0x12A4, 0x1284, 0x12A4, 0x12A4, 0x0A84, 0x1284, 0x1284, 0x1264, 0x0A64, 0x1284, 0x0A64, 
    0x0A64, 0x0A64, 0x0A84, 0x1284, 0x1284, 0x1264, 0x0A44, 0x1284, 0x12A5, 0x1284, 0x12A4, 0x12A4, 
    0x0A44, 0x0A64, 0x0A44, 0x1284, 0x0A64, 0x1264, 0x0A64, 0x12A5, 0x12A5, 0x12A4, 0x12A5, 0x1284, 
    0x12C5, 0x1284, 0x0A64, 0x1285, 0x1284, 0x12A4, 0x1284, 0x0A64, 0x0A64, 0x1284, 0x1284, 0x1264, 
    0x0A64, 0x1285, 0x1284, 0x1264, 0x1264, 0x1264, 0x1264, 0x0A64, 0x1264, 0x0A64, 0x0A44, 0x0A44, 
    0x0A63, 0x1284, 0x0A64, 0x0A43, 0x1284, 0x1284, 0x0A64, 0x1284, 0x0A64, 0x12A5, 0x1284, 0x0A44, 
    0x1264, 0x1284, 0x1284, 0x1284, 0x12A4, 0x1284, 0x0A64, 0x1284, 0x1284, 0x1284, 0x0A64, 0x1284, 
    0x1264, 0x1284, 0x1284, 0x0A64, 0x0A64, 0x1264, 0x0A44, 0x0A23, 0x1264, 0x1264, 0x0A23, 0x0A64, 
    0x0A44, 0x0A44, 0x0A23, 0x0A44, 0x1264, 0x0A44, 0x0A43, 0x0A43, 0x0A43, 0x0A44, 0x0A23, 0x0A03, 
    0x0A44, 0x0A23, 0x0A23, 0x0A23, 0x0A23, 0x0A03, 0x01C2, 0x01E3, 0x0A03, 0x0A23, 0x0A03, 0x0A03, 
    0x01E2, 0x0A03, 0x01E3, 0x01E2, 0x0A03, 0x09E3, 0x01C3, 0x01E3, 0x01E3, 0x01E3, 0x01E3, 0x01E3, 
    0x01C3, 0x01C2, 0x01C2, 0x01C2, 0x01A2, 0x01C3, 0x01A2, 0x0182, 0x01A2, 0x0182, 0x0182, 0x0182, 
    0x01A2, 0x01A2, 0x0182, 0x0182, 0x0182, 0x0182, 0x0162, 0x0162, 0x0142, 0x0142, 0x0142, 0x0141, 
    0x0141, 0x0121, 0x0121, 0x0121, 0x0121, 0x0101, 0x0121, 0x0101, 0x0101, 0x00E1, 0x00E1, 0x00E1, 
    0x00E1, 0x00E1, 0x00C1, 0x00C1, 0x00C1, 0x0000, 0x62C6, 0x62A5, 0x8388, 0x10A1, 0x0060, 0x0080, 
    0x00A0, 0x0060, 0x18E1, 0x8367, 0x62A5, 0x5A85, 0x0000, 0x00E1, 0x00E1, 0x00E1, 0x00E1, 0x00E1, 
    0x00E1, 0x0101, 0x0101, 0x0101, 0x0101, 0x0101, 0x0121, 0x0121, 0x0121, 0x0141, 0x0141, 0x0141, 
    0x0141, 0x0121, 0x0142, 0x0162, 0x0162, 0x0182, 0x0162, 0x0182, 0x0182, 0x01A2, 0x01A2, 0x01A2, 
    0x01C3, 0x01A2, 0x01C2, 0x01A2, 0x01A2, 0x01C2, 0x01C2, 0x01C2, 0x01A2, 0x01C2, 0x01C2, 0x01C2, 
    0x01C2, 0x01C2, 0x01E2, 0x0A03, 0x0A03, 0x01E2, 0x0A03, 0x0A03, 0x0A03, 0x0A03, 0x01E3, 0x01E3, 
    0x01C2, 0x01C3, 0x01E3, 0x01E3, 0x09E3, 0x0A03, 0x01E3, 0x0A03, 0x0A03, 0x0A44, 0x0A23, 0x0A03, 
    0x0A03, 0x0A23, 0x0A44, 0x1264, 0x0A44, 0x0A23, 0x0A23, 0x0A03, 0x0A03, 0x0A23, 0x1264, 0x0A64, 
    0x0A43, 0x0A44, 0x0A44, 0x0A64, 0x0A44, 0x0A44, 0x0A44, 0x0A64, 0x0A43, 0x0A44, 0x0A43, 0x0A43, 
    0x1264, 0x1244, 0x0A23, 0x0A23, 0x0A43, 0x0A23, 0x0A44, 0x0A44, 0x0A23, 0x1264, 0x1264, 0x0A64, 
    0x0A64, 0x0A23, 0x0A44, 0x0A23, 0x0A44, 0x0A44, 0x0A43, 0x0A44, 0x0A64, 0x0A43, 0x0A43, 0x1264, 
    0x1284, 0x0A64, 0x1264, 0x1284, 0x1284, 0x1284, 0x1284, 0x0A64, 0x12A5, 0x1284, 0x0A43, 0x0A64, 
    0x0A64, 0x0A44, 0x0A64, 0x0A64, 0x0A64, 0x0A64, 0x1284, 0x1264, 0x1284, 0x1284, 0x1264, 0x1284, 
    0x1284, 0x12C5, 0x1284, 0x1284, 0x0A64, 0x1284, 0x1284, 0x1284, 0x0A64, 0x0A64, 0x0A64, 0x0A44, 
    0x0A64, 0x1264, 0x1284, 0x1284, 0x1284, 0x0A64, 0x1284, 0x12A4, 0x1284, 0x0A44, 0x0A44, 0x0A44, 
    0x0A64, 0x1264, 0x1284, 0x1284, 0x12A5, 0x12A5, 0x1284, 0x1285, 0x12A5, 0x1264, 0x0A44, 0x1264, 
    0x1264, 0x0A64, 0x1284, 0x1284, 0x1284, 0x1284, 0x1264, 0x0A43, 0x0A44, 0x0A64, 0x1264, 0x1264, 
    0x1285, 0x1284, 0x0A64, 0x0A64, 0x0A44, 0x0A44, 0x0A23, 0x0A64, 0x12A5, 0x0AA4, 0x0A64, 0x0A64, 
    0x0A64, 0x0A64, 0x0A43, 0x1264, 0x1284, 0x0A64, 0x0A44, 0x1264, 0x12A5, 0x1284, 0x0A84, 0x0A63, 
    0x1284, 0x1284, 0x1284, 0x1284, 0x1264, 0x0A64, 0x1264, 0x1284, 0x1284, 0x1284, 0x1284, 0x0A64, 
    0x1264, 0x0A44, 0x0A44, 0x0A44, 0x1264, 0x1264, 0x1264, 0x0A44, 0x0A44, 0x0A43, 0x0A64, 0x1264, 
    0x0A64, 0x0A64, 0x0A43, 0x0A43, 0x0A23, 0x0A23, 0x0A23, 0x0A23, 0x0A44, 0x0A23, 0x0A23, 0x0A03, 
    0x0A03, 0x0A23, 0x0A23, 0x0A03, 0x0A03, 0x0A03, 0x09E3, 0x0A23, 0x0A23, 0x0A03, 0x01E2, 0x01E3, 
    0x01E3, 0x01E3, 0x09E3, 0x01E2, 0x01C2, 0x01E3, 0x09E3, 0x01E3, 0x01C2, 0x01C2, 0x01A2, 0x01C3, 
    0x01C2, 0x09E3, 0x01C2, 0x01A2, 0x01A2, 0x01A2, 0x0182, 0x01A2, 0x0182, 0x0182, 0x0162, 0x0182, 
    0x0182, 0x0182, 0x0182, 0x0162, 0x0141, 0x0142, 0x0142, 0x0121, 0x0121, 0x0121, 0x0121, 0x0121, 
    0x0101, 0x0101, 0x0101, 0x0101, 0x0101, 0x0101, 0x0101, 0x0101, 0x00E1, 0x00E1, 0x00C1, 0x00C1, 
    0x00C1, 0x0000, 0x62E6, 0x62A5, 0x8388, 0x10A1, 0x0060, 0x0080, 0x00A0, 0x0060, 0x18E1, 0x8367, 
    0x62A5, 0x5A85, 0x0000, 0x00E1, 0x00E1, 0x00E1, 0x0101, 0x0101, 0x00E1, 0x0101, 0x0101, 0x0101, 
    0x0101, 0x0101, 0x0121, 0x0121, 0x0121, 0x0141, 0x0121, 0x0141, 0x0142, 0x0141, 0x0141, 0x0162, 
    0x0162, 0x0162, 0x0182, 0x0162, 0x0182, 0x0182, 0x0182, 0x01A2, 0x01C2, 0x01A2, 0x01A2, 0x01A2, 
    0x01A2, 0x01C3, 0x01A2, 0x01A2, 0x0182, 0x01C2, 0x01A2, 0x01C2, 0x01C2, 0x01C2, 0x09E3, 0x01C2, 
    0x09E3, 0x01E3, 0x0A03, 0x0A03, 0x0A03, 0x01E3, 0x0A03, 0x09E3, 0x01E3, 0x01C2, 0x01C2, 0x01C2, 
    0x09E3, 0x0A03, 0x0A03, 0x0A03, 0x01E3, 0x0A03, 0x0A03, 0x0A03, 0x0A23, 0x0A23, 0x0A23, 0x0A23, 
    0x0A23, 0x0A23, 0x0A23, 0x0A23, 0x0A03, 0x0A23, 0x0A43, 0x0A44, 0x0A43, 0x0A43, 0x1264, 0x1264, 
    0x0A44, 0x0A43, 0x0A64, 0x0A64, 0x0A64, 0x0A64, 0x0A64, 0x0A64, 0x0A64, 0x0A43, 0x0A23, 0x0A44, 
    0x0A64, 0x0A23, 0x0A44, 0x0A64, 0x0A64, 0x0A64, 0x0A64, 0x1284, 0x0A43, 0x0A43, 0x0A64, 0x0A44, 
    0x0A44, 0x0A44, 0x0A43, 0x0A64, 0x0A63, 0x1264, 0x1264, 0x1264, 0x1264, 0x1264, 0x1264, 0x1284, 
    0x1284, 0x1284, 0x1284, 0x1284, 0x0A64, 0x0A64, 0x1264, 0x0A64, 0x0A64, 0x0A64, 0x0A43, 0x0A64, 
    0x0A44, 0x0A64, 0x1284, 0x1284, 0x0A64, 0x1264, 0x12A4, 0x12A4, 0x1284, 0x1284, 0x12A4, 0x0A84, 
    0x1284, 0x1284, 0x0A64, 0x1264, 0x1264, 0x0A44, 0x0A43, 0x0A43, 0x0A64, 0x12A4, 0x12A5, 0x12A4, 
    0x1284, 0x1284, 0x1284, 0x1264, 0x1264, 0x1264, 0x1264, 0x0A44, 0x0A64, 0x1284, 0x1284, 0x1284, 
    0x1284, 0x12A4, 0x0A64, 0x1264, 0x1264, 0x0A44, 0x1284, 0x0A64, 0x0A64, 0x1264, 0x1264, 0x12A4, 
    0x1284, 0x1284, 0x0A44, 0x0A23, 0x0A64, 0x1284, 0x1284, 0x1264, 0x1264, 0x1264, 0x0A64, 0x1264, 
    0x0A43, 0x0A64, 0x0A64, 0x0A84, 0x0A84, 0x0A64, 0x0A64, 0x0A84, 0x0A64, 0x0A43, 0x0A44, 0x1264, 
    0x0A64, 0x0A64, 0x12A5, 0x1284, 0x12A4, 0x1284, 0x0A63, 0x0A64, 0x0A84, 0x1284, 0x1284, 0x1264, 
    0x1284, 0x1264, 0x1284, 0x1264, 0x0A23, 0x1264, 0x0A64, 0x0A64, 0x1284, 0x1264, 0x0A44, 0x0A44, 
    0x0A23, 0x1244, 0x0A43, 0x0A44, 0x0A43, 0x0A43, 0x0A44, 0x1264, 0x0A43, 0x0A64, 0x0A64, 0x0A44, 
    0x0A23, 0x0A23, 0x0A43, 0x0A43, 0x0A44, 0x0A23, 0x0A23, 0x0A23, 0x0A23, 0x0A23, 0x0A23, 0x0A03, 
    0x01E3, 0x01E3, 0x01E3, 0x0A03, 0x0A03, 0x0A03, 0x01E3, 0x09E3, 0x0A03, 0x09E3, 0x09E3, 0x01E3, 
    0x01E3, 0x01C3, 0x01C3, 0x01C2, 0x01C2, 0x01C2, 0x01C2, 0x09C3, 0x01E3, 0x01C3, 0x01C2, 0x01C3, 
    0x01C2, 0x01A2, 0x01C2, 0x0182, 0x0182, 0x0162, 0x0162, 0x0162, 0x0182, 0x0162, 0x0141, 0x0162, 
    0x0142, 0x0142, 0x0141, 0x0121, 0x0121, 0x0121, 0x0121, 0x0101, 0x0101, 0x0101, 0x0101, 0x0101, 
    0x00E1, 0x00E1, 0x0101, 0x00E1, 0x00E1, 0x00E1, 0x00C1, 0x00C0, 0x00C1, 0x0000, 0x62C6, 0x6265, 
    0x8388, 0x1081, 0x0060, 0x0080, 0x00A0, 0x0060, 0x18E1, 0x8347, 0x62A5, 0x5A85, 0x0000, 0x00E1, 
    0x00E1, 0x00E1, 0x0101, 0x0101, 0x00E1, 0x00E1, 0x0101, 0x0101, 0x0121, 0x0121, 0x0121, 0x0121, 
    0x0121, 0x0121, 0x0141, 0x0141, 0x0142, 0x0162, 0x0142, 0x0162, 0x0162, 0x0162, 0x0182, 0x0182, 
    0x0182, 0x0182, 0x0182, 0x0182, 0x0182, 0x0182, 0x0182, 0x01A2, 0x01A2, 0x01C2, 0x01C2, 0x01A2, 
    0x0162, 0x0182, 0x01A2, 0x01C3, 0x01E3, 0x01C2, 0x09E3, 0x09E2, 0x01E3, 0x01E3, 0x01C2, 0x01E3, 
    0x01E3, 0x01C2, 0x01C2, 0x01C2, 0x01E3, 0x01E2, 0x01E3, 0x01C2, 0x01C2, 0x0A03, 0x0A23, 0x0A03, 
    0x09E3, 0x0A03, 0x01E3, 0x0A23, 0x0A23, 0x0A23, 0x0A23, 0x0A03, 0x0A23, 0x0A23, 0x0A23, 0x0A24, 
    0x0A23, 0x0A43, 0x1264, 0x0A43, 0x1264, 0x0A43, 0x0A64, 0x0A44, 0x0A64, 0x0A44, 0x1264, 0x0A23, 
    0x1264, 0x1284, 0x0A64, 0x0A43, 0x0A64, 0x0A23, 0x0A23, 0x1264, 0x1284, 0x0A64, 0x0A64, 0x1284, 
    0x1284, 0x1284, 0x0A64, 0x0A64, 0x0A44, 0x0A43, 0x0A44, 0x0A43, 0x0A43, 0x0A44, 0x0A44, 0x0A64, 
    0x1264, 0x1284, 0x12A5, 0x1264, 0x0A43, 0x0A64, 0x1284, 0x0A64, 0x1264, 0x0A44, 0x0A43, 0x0A64, 
    0x1264, 0x0A44, 0x0A44, 0x0A64, 0x0A43, 0x0A64, 0x0A43, 0x0A64, 0x0A44, 0x0A64, 0x12A5, 0x0A84, 
    0x12A5, 0x1284, 0x1284, 0x1284, 0x0A64, 0x1264, 0x1284, 0x0A64, 0x1284, 0x1284, 0x1284, 0x1284, 
    0x1264, 0x1264, 0x0A44, 0x0A43, 0x0A64, 0x12A4, 0x0A64, 0x0A84, 0x12A4, 0x1284, 0x1285, 0x0A64, 
    0x0A64, 0x1264, 0x0A64, 0x0A64, 0x1264, 0x0A84, 0x0A64, 0x1264, 0x0A64, 0x1284, 0x1284, 0x12A5, 
    0x0A64, 0x0A64, 0x1284, 0x1284, 0x0A64, 0x1284, 0x0A84, 0x1284, 0x1284, 0x1284, 0x1284, 0x1264, 
    0x1284, 0x12A5, 0x0A64, 0x1284, 0x1284, 0x0A44, 0x0A64, 0x1285, 0x1284, 0x0A44, 0x0A64, 0x0A64, 
    0x0A64, 0x0A43, 0x0A64, 0x1284, 0x0A64, 0x0A43, 0x1264, 0x1284, 0x0A64, 0x1264, 0x1285, 0x0A64, 
    0x1284, 0x1284, 0x0A64, 0x1284, 0x0A64, 0x0A44, 0x0A43, 0x1264, 0x1244, 0x1264, 0x1284, 0x0A44, 
    0x0A23, 0x1264, 0x0A43, 0x0A43, 0x0A64, 0x1264, 0x0A43, 0x1244, 0x1244, 0x1244, 0x1244, 0x0A44, 
    0x0A23, 0x1284, 0x0A64, 0x0A44, 0x0A44, 0x0A64, 0x0A64, 0x0A43, 0x0A44, 0x0A43, 0x0A23, 0x0A23, 
    0x0A23, 0x0A03, 0x0A23, 0x0A03, 0x0A23, 0x0203, 0x01E2, 0x01C2, 0x01E3, 0x01E3, 0x09E3, 0x0A03, 
    0x0203, 0x0A23, 0x0203, 0x0A03, 0x09E3, 0x09E3, 0x0A03, 0x09E3, 0x01E3, 0x01E3, 0x01A2, 0x01C2, 
    0x01C3, 0x09C3, 0x09E3, 0x09E3, 0x01C3, 0x01C2, 0x01C3, 0x01C3, 0x01A2, 0x01A2, 0x01A2, 0x0182, 
    0x0182, 0x0182, 0x0162, 0x0162, 0x0182, 0x0162, 0x0142, 0x0162, 0x0142, 0x0142, 0x0141, 0x0142, 
    0x0142, 0x0121, 0x0121, 0x0121, 0x0101, 0x0101, 0x0101, 0x00E1, 0x00E1, 0x00E1, 0x00E1, 0x00E1, 
    0x00E1, 0x00E1, 0x00C1, 0x00C1, 0x00C1, 0x0000, 0x62C6, 0x6265, 0x7B68, 0x10A1, 0x0060, 0x0080, 
    0x00A0, 0x0060, 0x18C1, 0x7B46, 0x5AA5, 0x5A85, 0x0000, 0x00E1, 0x00E1, 0x00E1, 0x00E1, 0x00E1, 
    0x00E1, 0x0101, 0x0101, 0x00E1, 0x0101, 0x0101, 0x0121, 0x0101, 0x0121, 0x0121, 0x0142, 0x0141, 
    0x0121, 0x0142, 0x0162, 0x0162, 0x0162, 0x0162, 0x0162, 0x0162, 0x0162, 0x0182, 0x01A2, 0x0182, 
    0x0182, 0x0182, 0x01A2, 0x01A2, 0x01A2, 0x0182, 0x0182, 0x01A2, 0x0182, 0x01A2, 0x01A2, 0x01A2, 
    0x01C2, 0x01C3, 0x01C3, 0x01E2, 0x0A03, 0x0A03, 0x01C2, 0x01C2, 0x01E3, 0x0A03, 0x01E3, 0x01C2, 
    0x01C3, 0x01E3, 0x01E3, 0x01E3, 0x0A03, 0x0A23, 0x0A03, 0x01E3, 0x0A03, 0x01E3, 0x0A03, 0x0A23, 
    0x0A23, 0x0A23, 0x0A24, 0x0A23, 0x0A03, 0x0A03, 0x0A23, 0x0A44, 0x0A44, 0x0A44, 0x0A44, 0x0A44, 
    0x0A43, 0x0A43, 0x0A43, 0x0A44, 0x0A23, 0x0A43, 0x0A44, 0x0A43, 0x0A44, 0x1264, 0x0A64, 0x0A64, 
    0x0A44, 0x0A43, 0x0A43, 0x0A64, 0x0A43, 0x0A64, 0x0A64, 0x1284, 0x12A4, 0x0A64, 0x0A63, 0x0A44, 
    0x0A64, 0x0A64, 0x0A43, 0x0A44, 0x0A64, 0x0A64, 0x0A44, 0x0A43, 0x0A43, 0x0A64, 0x1284, 0x0A64, 
    0x0A64, 0x0A64, 0x0A44, 0x0A44, 0x1264, 0x0A64, 0x0A64, 0x0A43, 0x0A64, 0x0A64, 0x0A64, 0x0A64, 
    0x0A64, 0x0A43, 0x0A43, 0x0A44, 0x0A64, 0x0A64, 0x1284, 0x1284, 0x1284, 0x0A64, 0x1284, 0x1264, 
    0x1264, 0x12A5, 0x0A64, 0x0A64, 0x1284, 0x1284, 0x0A84, 0x1284, 0x0A44, 0x0A64, 0x0A64, 0x0A64, 
    0x1284, 0x12A5, 0x12A5, 0x1285, 0x1284, 0x1264, 0x0A64, 0x0A44, 0x0A64, 0x0A64, 0x0A64, 0x0A84, 
    0x0A64, 0x0A64, 0x0A64, 0x1284, 0x1285, 0x1285, 0x0A64, 0x1284, 0x1284, 0x12A5, 0x1284, 0x1284, 
    0x12A5, 0x0A84, 0x1284, 0x1284, 0x1284, 0x0A64, 0x1284, 0x0A64, 0x1264, 0x1284, 0x1284, 0x1264, 
    0x0A64, 0x0A64, 0x0A64, 0x0A64, 0x1284, 0x0A64, 0x0A43, 0x0A64, 0x1284, 0x0A64, 0x1264, 0x0A64, 
    0x1264, 0x1284, 0x0A64, 0x1264, 0x12A4, 0x0A64, 0x0A64, 0x1284, 0x1284, 0x1284, 0x0A64, 0x1264, 
    0x0A44, 0x0A64, 0x0A64, 0x1264, 0x0A44, 0x1264, 0x1244, 0x0A44, 0x0A44, 0x0A44, 0x0A43, 0x0A43, 
    0x0A44, 0x0A43, 0x0A23, 0x0A44, 0x1244, 0x1244, 0x0A44, 0x0A44, 0x0A23, 0x1264, 0x0A64, 0x0A64, 
    0x1264, 0x0A43, 0x0A43, 0x0A44, 0x0A44, 0x0A23, 0x0A03, 0x0A24, 0x0A23, 0x0A23, 0x0A23, 0x01E3, 
    0x0A03, 0x01E3, 0x0A03, 0x01E3, 0x01E3, 0x01E3, 0x01E3, 0x0A03, 0x01E3, 0x0A03, 0x0A03, 0x0A03, 
    0x0A03, 0x0A03, 0x0A03, 0x01E3, 0x01E3, 0x01C2, 0x01C3, 0x01C2, 0x01C2, 0x01C2, 0x01C3, 0x09E3, 
    0x09E3, 0x01E3, 0x01C3, 0x01A2, 0x01A2, 0x01C3, 0x01C3, 0x0182, 0x0182, 0x0182, 0x0182, 0x0182, 
    0x0182, 0x0182, 0x0162, 0x0142, 0x0142, 0x0142, 0x0141, 0x0142, 0x0121, 0x0121, 0x0122, 0x0121, 
    0x0121, 0x0101, 0x00E1, 0x0101, 0x0101, 0x0101, 0x00E1, 0x00E1, 0x00E1, 0x00E1, 0x00C1, 0x00C1, 
    0x00C1, 0x0000, 0x6AE6, 0x62A5, 0x7B68, 0x10A1, 0x0060, 0x0080, 0x00A0, 0x0060, 0x18C1, 0x7B26, 
    0x5AA5, 0x5A85, 0x0000, 0x00E1, 0x00E1, 0x00E1, 0x00E1, 0x00E1, 0x00E1, 0x00E1, 0x0101, 0x0101, 
    0x0121, 0x0101, 0x0121, 0x0121, 0x0121, 0x0121, 0x0142, 0x0162, 0x0162, 0x0141, 0x0141, 0x0142, 
    0x0162, 0x0142, 0x0162, 0x0182, 0x0182, 0x0182, 0x0182, 0x0182, 0x0182, 0x0182, 0x0182, 0x01A2, 
    0x01A2, 0x0182, 0x0182, 0x01A2, 0x01C3, 0x01C2, 0x01A2, 0x01A2, 0x01A2, 0x01C2, 0x01A2, 0x01E2, 
    0x0203, 0x0A03, 0x01C2, 0x01C2, 0x01A2, 0x01C3, 0x09E3, 0x01C2, 0x01C2, 0x09E3, 0x01E2, 0x09E3, 
    0x0A03, 0x0A03, 0x0A03, 0x01E3, 0x0A03, 0x0A03, 0x01E3, 0x0A03, 0x0A03, 0x0A23, 0x0A03, 0x0A03, 
    0x0A03, 0x0A23, 0x0A23, 0x0A23, 0x0A23, 0x0A43, 0x0A43, 0x0A44, 0x1244, 0x0A23, 0x0A43, 0x1264, 
    0x0A43, 0x0A44, 0x1264, 0x1264, 0x0A44, 0x0A43, 0x0A43, 0x0A43, 0x0A44, 0x0A23, 0x0A43, 0x0A64, 
    0x0A64, 0x0A64, 0x1284, 0x1284, 0x0A64, 0x1284, 0x1284, 0x0A43, 0x0A44, 0x0A64, 0x0A44, 0x0A64, 
    0x0A64, 0x0A43, 0x0A44, 0x0A64, 0x0A64, 0x0A64, 0x0A44, 0x0A43, 0x0A44, 0x0A43, 0x0A43, 0x0A23, 
    0x0A23, 0x0A23, 0x0A44, 0x0A64, 0x0A64, 0x0A64, 0x0A64, 0x0A43, 0x0A43, 0x0A43, 0x0A23, 0x0A43, 
    0x0A44, 0x0A64, 0x1284, 0x1264, 0x1264, 0x12A4, 0x1284, 0x0A64, 0x1264, 0x0A64, 0x1284, 0x1285, 
    0x1284, 0x1284, 0x1284, 0x1284, 0x0A64, 0x1284, 0x1284, 0x0A43, 0x0A64, 0x1284, 0x0A64, 0x1284, 
    0x1285, 0x0A64, 0x1264, 0x0A64, 0x0A64, 0x1264, 0x0A64, 0x1284, 0x0A84, 0x0A64, 0x1264, 0x0A64, 
    0x1284, 0x12A5, 0x1284, 0x12A4, 0x1284, 0x12A4, 0x0A64, 0x1264, 0x1284, 0x0A64, 0x1264, 0x0A84, 
    0x0A64, 0x0A64, 0x1284, 0x12A5, 0x1284, 0x12A4, 0x12A5, 0x1284, 0x12A5, 0x0A84, 0x0A64, 0x0A64, 
    0x0A64, 0x0A84, 0x0A64, 0x1264, 0x0A64, 0x1284, 0x0A84, 0x0A64, 0x1284, 0x1284, 0x0A43, 0x0A64, 
    0x0A63, 0x1284, 0x0A84, 0x0A64, 0x0A64, 0x0A44, 0x0A44, 0x0A64, 0x1264, 0x1284, 0x1284, 0x0A64, 
    0x0A64, 0x1264, 0x0A44, 0x0A23, 0x0A23, 0x0A23, 0x0A23, 0x0A43, 0x0A23, 0x0A23, 0x0A44, 0x0A44, 
    0x0A44, 0x1244, 0x0A23, 0x0A23, 0x0A23, 0x0A44, 0x0A43, 0x0A43, 0x1264, 0x0A43, 0x0A43, 0x0A23, 
    0x0A23, 0x0A23, 0x0A23, 0x0A23, 0x0203, 0x0203, 0x0A03, 0x01E3, 0x0A03, 0x01E3, 0x0203, 0x01E3, 
    0x0203, 0x0A03, 0x01E3, 0x0203, 0x0A03, 0x09E3, 0x01C2, 0x0A03, 0x01E3, 0x0203, 0x0A03, 0x09E3, 
    0x09E3, 0x01C2, 0x09E3, 0x09E3, 0x01C2, 0x01C2, 0x01C2, 0x01C2, 0x09E3, 0x01C2, 0x01C3, 0x01C2, 
    0x01A2, 0x01A2, 0x0182, 0x01A2, 0x0182, 0x0182, 0x0182, 0x01A2, 0x0182, 0x0162, 0x0141, 0x0141, 
    0x0141, 0x0142, 0x0142, 0x0121, 0x0121, 0x0121, 0x0142, 0x0121, 0x0121, 0x0101, 0x0101, 0x0101, 
    0x00E1, 0x00E1, 0x00E1, 0x00E1, 0x00E1, 0x00C1, 0x00C1, 0x00C0, 0x00E1, 0x0000, 0x6AE6, 0x6AA5, 
    0x7B67, 0x1081, 0x0060, 0x0080, 0x00A0, 0x0060, 0x18C1, 0x7B46, 0x62A5, 0x6285, 0x0000, 0x00E1, 
    0x00E1, 0x00C1, 0x00C1, 0x00E1, 0x00E1, 0x00E1, 0x00E1, 0x0101, 0x0101, 0x0101, 0x0101, 0x0121, 
    0x0121, 0x0121, 0x0141, 0x0121, 0x0121, 0x0141, 0x0141, 0x0141, 0x0162, 0x0182, 0x0182, 0x0182, 
    0x0182, 0x0182, 0x0182, 0x0182, 0x0182, 0x01A2, 0x0182, 0x01A2, 0x0182, 0x01A2, 0x01A2, 0x01A2, 
    0x01A2, 0x01C2, 0x01A2, 0x01A2, 0x01C2, 0x01E3, 0x01C2, 0x01E3, 0x01C2, 0x01C2, 0x01C2, 0x01C2, 
    0x01C2, 0x01E3, 0x01C2, 0x01C2, 0x0A03, 0x09E3, 0x0A03, 0x0A03, 0x09E3, 0x09E3, 0x0A03, 0x01E2, 
    0x0A03, 0x01E3, 0x0A03, 0x0A03, 0x01E3, 0x0A03, 0x0A03, 0x0A03, 0x0A23, 0x0A23, 0x0A23, 0x0A23, 
    0x0A23, 0x0A23, 0x0A23, 0x0A43, 0x0A43, 0x0A43, 0x0A44, 0x1244, 0x0A43, 0x0A43, 0x0A23, 0x0A43, 
    0x0A44, 0x0A64, 0x1264, 0x0A43, 0x0A43, 0x0A43, 0x0A23, 0x0203, 0x0A64, 0x0A64, 0x1284, 0x0A64, 
    0x0A64, 0x0A64, 0x0A64, 0x0A64, 0x0A64, 0x0A64, 0x1264, 0x0A44, 0x0A44, 0x1264, 0x1284, 0x1284, 
    0x1264, 0x0A44, 0x0A23, 0x0A23, 0x0A23, 0x0A43, 0x0223, 0x0A23, 0x0A44, 0x0A44, 0x0A64, 0x0A64, 
    0x1264, 0x1284, 0x1284, 0x0A64, 0x1264, 0x0A43, 0x0A43, 0x0A64, 0x0A64, 0x0A64, 0x1284, 0x1284, 
    0x12A4, 0x1264, 0x0A64, 0x1284, 0x1264, 0x1264, 0x1285, 0x1264, 0x1264, 0x1284, 0x0A44, 0x1284, 
    0x1284, 0x0A84, 0x1284, 0x1284, 0x1264, 0x1264, 0x0A64, 0x1284, 0x0A64, 0x0A64, 0x0A64, 0x0A84, 
    0x1284, 0x0A64, 0x0A64, 0x1284, 0x1264, 0x0A64, 0x1284, 0x1284, 0x1264, 0x1284, 0x12A5, 0x1284, 
    0x1284, 0x1284, 0x12A4, 0x1284, 0x1284, 0x0A64, 0x1264, 0x1284, 0x1284, 0x1284, 0x1284, 0x0A64, 
    0x0A64, 0x1284, 0x0A64, 0x0A64, 0x0A64, 0x1285, 0x1284, 0x0A64, 0x0A64, 0x0A23, 0x0A64, 0x0A64, 
    0x0A64, 0x1284, 0x12A5, 0x12A4, 0x1284, 0x1264, 0x0A43, 0x0A43, 0x0A64, 0x1284, 0x12A5, 0x0A64, 
    0x1264, 0x0A44, 0x0A44, 0x1264, 0x0A43, 0x1284, 0x1264, 0x1264, 0x0A23, 0x0A43, 0x1264, 0x0A23, 
    0x0A23, 0x0A23, 0x0A23, 0x0A23, 0x0A23, 0x0A23, 0x0A23, 0x1244, 0x0A23, 0x0A23, 0x0A44, 0x0A23, 
    0x0A23, 0x0A23, 0x0A44, 0x0A44, 0x1264, 0x0A23, 0x1264, 0x0A23, 0x0A03, 0x0A23, 0x0A03, 0x0A03, 
    0x01E3, 0x0203, 0x01E3, 0x0A03, 0x09E3, 0x0A03, 0x0A03, 0x0A03, 0x0A23, 0x01C2, 0x01E3, 0x0A03, 
    0x0203, 0x0A03, 0x0A03, 0x01E3, 0x01E3, 0x01E3, 0x01E3, 0x09E3, 0x09E3, 0x01C2, 0x01C3, 0x01C2, 
    0x01C2, 0x01E3, 0x01C2, 0x01C2, 0x01C2, 0x01A2, 0x01C3, 0x01C2, 0x01A2, 0x01A2, 0x01A2, 0x01A2, 
    0x0182, 0x01A2, 0x01A2, 0x01A2, 0x0182, 0x0142, 0x0141, 0x0141, 0x0162, 0x0142, 0x0121, 0x0121, 
    0x0121, 0x0101, 0x0121, 0x0121, 0x0121, 0x0101, 0x0101, 0x00E1, 0x00E1, 0x00E1, 0x00E1, 0x00E1, 
    0x00E1, 0x00E1, 0x00C1, 0x00C1, 0x00C1, 0x0000, 0x6AC6, 0x6AA5, 0x7B47, 0x1081, 0x0060, 0x0080, 
    0x00A0, 0x0060, 0x18E1, 0x8367, 0x62C6, 0x62A5, 0x0000, 0x00C1, 0x00C1, 0x00E1, 0x00C1, 0x00C1, 
    0x00C1, 0x0101, 0x00E1, 0x00E1, 0x0101, 0x0101, 0x0101, 0x0121, 0x0121, 0x0121, 0x0142, 0x0121, 
    0x0141, 0x0141, 0x0141, 0x0141, 0x0162, 0x0162, 0x0141, 0x0162, 0x0182, 0x01A2, 0x0182, 0x0182, 
    0x01A2, 0x0182, 0x01A2, 0x0182, 0x0182, 0x0182, 0x0182, 0x0182, 0x0182, 0x01A2, 0x01C2, 0x01A2, 
    0x01C2, 0x01E3, 0x01C3, 0x01C3, 0x01E3, 0x01C2, 0x01E3, 0x01C2, 0x01C2, 0x01E3, 0x01C2, 0x01C2, 
    0x01C2, 0x09E3, 0x01E3, 0x01E3, 0x0A03, 0x0A23, 0x0A23, 0x0A23, 0x0A23, 0x01E3, 0x0A03, 0x0A23, 
    0x0A03, 0x0A23, 0x0A03, 0x0A03, 0x0A23, 0x0A23, 0x0A23, 0x0A43, 0x0A03, 0x0A23, 0x0A44, 0x0A03, 
    0x0A23, 0x0A43, 0x0A43, 0x0A43, 0x0A43, 0x1264, 0x0A23, 0x0A63, 0x0A64, 0x0A44, 0x0A44, 0x0A44, 
    0x0A23, 0x0A44, 0x0A44, 0x0A43, 0x0A43, 0x1284, 0x0A64, 0x0A64, 0x0A44, 0x0A43, 0x0A44, 0x0A64, 
    0x0A43, 0x0A63, 0x0A64, 0x0A64, 0x0A63, 0x0A64, 0x1264, 0x0A44, 0x0A64, 0x0A64, 0x0A43, 0x0A23, 
    0x0A44, 0x0223, 0x0223, 0x0A43, 0x0A64, 0x1264, 0x0A64, 0x0A43, 0x1264, 0x1284, 0x1284, 0x1284, 
    0x0A64, 0x0A43, 0x0A64, 0x1284, 0x0A64, 0x0A44, 0x0A43, 0x0A64, 0x0A84, 0x0A44, 0x0A64, 0x1284, 
    0x1284, 0x1264, 0x1264, 0x0A44, 0x0A64, 0x1264, 0x1264, 0x1284, 0x1284, 0x1284, 0x0A84, 0x1284, 
    0x1284, 0x0A64, 0x0A64, 0x0A64, 0x0A64, 0x1284, 0x0A84, 0x0A64, 0x0A64, 0x0A64, 0x1284, 0x1284, 
    0x1284, 0x1264, 0x1284, 0x1284, 0x1284, 0x1284, 0x1284, 0x1284, 0x1284, 0x1284, 0x0A64, 0x0A43, 
    0x1284, 0x1284, 0x1284, 0x0A64, 0x0A64, 0x1284, 0x1284, 0x0A64, 0x0A44, 0x1284, 0x0A64, 0x0A64, 
    0x1264, 0x1264, 0x0A64, 0x0A64, 0x0A84, 0x1284, 0x0A64, 0x0A64, 0x0A64, 0x1264, 0x0A84, 0x1284, 
    0x0A64, 0x0A64, 0x0A63, 0x0A84, 0x0A64, 0x0A64, 0x1264, 0x0A64, 0x0A43, 0x1264, 0x1264, 0x0A44, 
    0x0A43, 0x1264, 0x0A64, 0x0A64, 0x0A44, 0x0A43, 0x0A64, 0x0A43, 0x0A43, 0x0A23, 0x0A23, 0x0A23, 
    0x0A43, 0x0A43, 0x0A43, 0x0A23, 0x0A23, 0x0A23, 0x0A23, 0x0A43, 0x0A23, 0x0A43, 0x1264, 0x0A23, 
    0x0A23, 0x0A23, 0x0A23, 0x0A23, 0x0A23, 0x0A03, 0x0203, 0x0A03, 0x0203, 0x01E3, 0x01E3, 0x01E3, 
    0x0203, 0x0A23, 0x0A03, 0x0A03, 0x0A23, 0x0203, 0x0A03, 0x0203, 0x0A03, 0x0A23, 0x0A03, 0x01C3, 
    0x01E3, 0x01E3, 0x01C3, 0x09E3, 0x01E3, 0x01E3, 0x01E3, 0x01C3, 0x01C2, 0x01C2, 0x01C3, 0x01A2, 
    0x01C2, 0x01C3, 0x01A2, 0x01A2, 0x01A2, 0x01A2, 0x01A2, 0x0182, 0x0182, 0x01A2, 0x01A3, 0x01A2, 
    0x0162, 0x0162, 0x0161, 0x0162, 0x0162, 0x0141, 0x0121, 0x0121, 0x0121, 0x0101, 0x0121, 0x0121, 
    0x0121, 0x0121, 0x0101, 0x00E1, 0x00E1, 0x00E1, 0x00E1, 0x0101, 0x00E1, 0x00C1, 0x00E1, 0x00C1, 
    0x00C1, 0x0000, 0x62C6, 0x62A5, 0x7B67, 0x1081, 0x0060, 0x0080, 0x0080, 0x0060, 0x10C1, 0x8367, 
    0x62C6, 0x62A5, 0x0000, 0x00C1, 0x00E1, 0x00C1, 0x00E1, 0x00E1, 0x00E1, 0x0101, 0x0101, 0x0121, 
    0x0121, 0x0121, 0x0121, 0x0121, 0x0121, 0x0121, 0x0121, 0x0121, 0x0141, 0x0162, 0x0141, 0x0141, 
    0x0162, 0x0162, 0x0162, 0x0162, 0x0162, 0x0182, 0x01A2, 0x0182, 0x0162, 0x0182, 0x0182, 0x01A2, 
    0x01C2, 0x01C2, 0x01A2, 0x01A2, 0x01A2, 0x01A2, 0x01C2, 0x01C3, 0x01A2, 0x01C2, 0x01C3, 0x01C2, 
    0x01C2, 0x01C2, 0x01A2, 0x01C2, 0x01E2, 0x01E3, 0x09E3, 0x01C2, 0x01C2, 0x01C2, 0x01E2, 0x0A03, 
    0x0A03, 0x0A03, 0x0A23, 0x0203, 0x0203, 0x0A03, 0x0A23, 0x0A03, 0x0A23, 0x0A03, 0x0A03, 0x0A03, 
    0x0A03, 0x0A03, 0x0A23, 0x0A44, 0x0A23, 0x0A23, 0x0A23, 0x0A23, 0x0A23, 0x0A44, 0x0A23, 0x1244, 
    0x1284, 0x0A43, 0x0A43, 0x0A64, 0x0A44, 0x0A44, 0x0A44, 0x0A44, 0x0A43, 0x0A44, 0x0A44, 0x1264, 
    0x0A43, 0x0A43, 0x0A43, 0x0A43, 0x0A43, 0x0A43, 0x0A64, 0x0A64, 0x0A64, 0x0A43, 0x0A43, 0x0A64, 
    0x0A64, 0x1284, 0x0A64, 0x0A44, 0x0A44, 0x0A44, 0x0A44, 0x0A43, 0x0A43, 0x0223, 0x0223, 0x0A23, 
    0x0A43, 0x0A44, 0x0A44, 0x0A64, 0x0A64, 0x0A64, 0x0A64, 0x0A64, 0x0A64, 0x0A43, 0x1264, 0x1284, 
    0x0A64, 0x0A64, 0x0A64, 0x0A44, 0x0A64, 0x0A64, 0x1284, 0x1284, 0x0A84, 0x1284, 0x0A64, 0x0A23, 
    0x0A44, 0x0A44, 0x1264, 0x1284, 0x1284, 0x0A84, 0x0A64, 0x0A64, 0x0A64, 0x0A44, 0x0A44, 0x0A64, 
    0x0A64, 0x0A64, 0x0A84, 0x0A64, 0x0A64, 0x1264, 0x0A64, 0x0A44, 0x1264, 0x1284, 0x0A64, 0x1284, 
    0x1284, 0x1284, 0x1284, 0x1284, 0x0A64, 0x1284, 0x1284, 0x0A84, 0x12A4, 0x0A64, 0x0A64, 0x1284, 
    0x1284, 0x1284, 0x0A84, 0x1284, 0x0A44, 0x1264, 0x1284, 0x1284, 0x0A64, 0x1284, 0x0A64, 0x0A64, 
    0x1284, 0x0A64, 0x0A43, 0x0A43, 0x0A44, 0x0A64, 0x0223, 0x0A64, 0x0A64, 0x0A84, 0x0A84, 0x0A63, 
    0x0A43, 0x0A64, 0x0A44, 0x0A64, 0x0A44, 0x0A64, 0x0A64, 0x0A44, 0x1264, 0x0A44, 0x0A43, 0x0A64, 
    0x1264, 0x0A64, 0x0A43, 0x0A43, 0x0A44, 0x0A23, 0x0A43, 0x0A23, 0x0A43, 0x0A44, 0x1264, 0x0A44, 
    0x0A44, 0x0A44, 0x0A44, 0x0A23, 0x0A23, 0x0A23, 0x0A43, 0x0A23, 0x0A23, 0x0A03, 0x0A23, 0x0203, 
    0x0203, 0x0203, 0x0A23, 0x0A03, 0x0A03, 0x0A03, 0x0A03, 0x0A03, 0x0A03, 0x01E2, 0x01E3, 0x01E3, 
    0x0A03, 0x0A03, 0x0A03, 0x0A23, 0x09E3, 0x01E3, 0x01C2, 0x01C3, 0x01E3, 0x01E3, 0x01C2, 0x09E3, 
    0x0A03, 0x0203, 0x0A03, 0x01E3, 0x01C2, 0x01A2, 0x01C2, 0x01A2, 0x01A2, 0x01A2, 0x0182, 0x01A2, 
    0x01A2, 0x01C3, 0x01A2, 0x01A2, 0x01A2, 0x0182, 0x0182, 0x0182, 0x0162, 0x0162, 0x0162, 0x0162, 
    0x0142, 0x0121, 0x0142, 0x0142, 0x0121, 0x0121, 0x0101, 0x0121, 0x0121, 0x0101, 0x00E1, 0x00E1, 
    0x00E1, 0x00E1, 0x00E1, 0x0101, 0x00E1, 0x00C1, 0x00C1, 0x00C0, 0x00C1, 0x0000, 0x62C6, 0x6285, 
    0x8388, 0x10A1, 0x0060, 0x0080, 0x0080, 0x0060, 0x10C1, 0x7B47, 0x62C5, 0x62A5, 0x0000, 0x00C1, 
    0x00C0, 0x00C0, 0x00E1, 0x00E1, 0x00E1, 0x0101, 0x0101, 0x0101, 0x0101, 0x0121, 0x0121, 0x0121, 
    0x0121, 0x0101, 0x0121, 0x0141, 0x0121, 0x0141, 0x0162, 0x0162, 0x0162, 0x0162, 0x0162, 0x0141, 
    0x0162, 0x0161, 0x0162, 0x0182, 0x0182, 0x01A2, 0x01A2, 0x01A2, 0x01A2, 0x01A2, 0x0182, 0x01A2, 
    0x01A2, 0x01C2, 0x01A2, 0x01C2, 0x01A2, 0x01C2, 0x01E3, 0x01C2, 0x01C3, 0x01C2, 0x01C3, 0x01C2, 
    0x09E3, 0x0A03, 0x09E3, 0x01E3, 0x01C2, 0x01E3, 0x01C2, 0x01C2, 0x01E3, 0x0A03, 0x0203, 0x0A03, 
    0x0A03, 0x0A03, 0x0A23, 0x0A23, 0x0A03, 0x0A03, 0x0A03, 0x09E3, 0x01E3, 0x0A03, 0x0A23, 0x0A03, 
    0x0A23, 0x0A23, 0x0A23, 0x0A44, 0x0A23, 0x0A43, 0x0A23, 0x1244, 0x0A43, 0x0A43, 0x0A43, 0x0A23, 
    0x1264, 0x0A43, 0x0A44, 0x0A64, 0x0A44, 0x0A64, 0x0A64, 0x0A44, 0x0A44, 0x0A44, 0x0A43, 0x0A43, 
    0x0A43, 0x0A43, 0x0A44, 0x0A64, 0x0A44, 0x0A44, 0x0A44, 0x0A64, 0x1264, 0x0A64, 0x0A64, 0x1264, 
    0x0A44, 0x0A43, 0x0A43, 0x0A43, 0x0A44, 0x0A64, 0x0223, 0x0203, 0x0A44, 0x0A23, 0x0A43, 0x0A64, 
    0x0A44, 0x0A44, 0x0A64, 0x1284, 0x0A64, 0x0A43, 0x0A64, 0x0A64, 0x0A43, 0x0A44, 0x0A64, 0x0A64, 
    0x0A44, 0x0A64, 0x0A64, 0x0A84, 0x0A84, 0x0A64, 0x1284, 0x1264, 0x1264, 0x1264, 0x1264, 0x1284, 
    0x0A64, 0x0A64, 0x1284, 0x0A84, 0x0A64, 0x1284, 0x0A64, 0x0A84, 0x0A84, 0x0A84, 0x0A64, 0x0A64, 
    0x1284, 0x0A44, 0x0A23, 0x0A44, 0x1264, 0x0A64, 0x1284, 0x1284, 0x12A4, 0x1284, 0x1284, 0x0A64, 
    0x0A44, 0x0A64, 0x0A64, 0x1284, 0x1284, 0x0A84, 0x0A64, 0x1284, 0x1284, 0x1264, 0x0A64, 0x0A64, 
    0x0A64, 0x1284, 0x0A64, 0x1284, 0x1284, 0x1264, 0x0A44, 0x0A64, 0x0A43, 0x0A23, 0x0A43, 0x0A44, 
    0x0A44, 0x0A64, 0x0A43, 0x0A64, 0x0A64, 0x0A43, 0x0A64, 0x1284, 0x1264, 0x0A64, 0x1264, 0x1244, 
    0x0A44, 0x0A44, 0x0A64, 0x1264, 0x0A64, 0x0A44, 0x0A64, 0x0A43, 0x0A43, 0x0A44, 0x0A43, 0x0A23, 
    0x0A23, 0x0A23, 0x0A44, 0x0A44, 0x0A23, 0x0A44, 0x0A44, 0x0A23, 0x1264, 0x1264, 0x1244, 0x0A43, 
    0x0A03, 0x0A23, 0x0A44, 0x0A44, 0x0A23, 0x0A23, 0x0203, 0x0203, 0x0203, 0x0A03, 0x0A23, 0x0203, 
    0x0A03, 0x0A23, 0x0A03, 0x01E3, 0x01C2, 0x01E3, 0x0A03, 0x0A23, 0x01E3, 0x09E3, 0x01E3, 0x01E3, 
    0x0A03, 0x0A03, 0x01E3, 0x01C2, 0x01E3, 0x01E3, 0x0A03, 0x0A03, 0x01E3, 0x09E3, 0x09E3, 0x01C2, 
    0x01C2, 0x01A2, 0x01C2, 0x01A2, 0x0182, 0x01A2, 0x01A2, 0x0182, 0x01A2, 0x0182, 0x01A2, 0x0182, 
    0x0182, 0x0182, 0x0182, 0x0162, 0x0162, 0x0162, 0x0162, 0x0141, 0x0141, 0x0121, 0x0121, 0x0121, 
    0x0121, 0x0142, 0x0101, 0x0101, 0x0101, 0x0101, 0x0101, 0x00E1, 0x00E1, 0x0101, 0x00E1, 0x00E1, 
    0x00E1, 0x00C1, 0x00C1, 0x00C0, 0x00C1, 0x0000, 0x62A5, 0x6284, 0x8388, 0x10A1, 0x0060, 0x0080, 
    0x00A0, 0x0060, 0x10C1, 0x7B46, 0x62C5, 0x62A5, 0x0000, 0x00C1, 0x00C0, 0x00C0, 0x00E1, 0x00E1, 
    0x00E1, 0x0101, 0x0101, 0x00E1, 0x00E1, 0x0101, 0x0101, 0x0121, 0x0101, 0x0101, 0x0121, 0x0121, 
    0x0141, 0x0142, 0x0141, 0x0162, 0x0142, 0x0162, 0x0141, 0x0162, 0x0162, 0x0182, 0x0182, 0x0162, 
    0x01A2, 0x01A2, 0x01A2, 0x01A2, 0x0182, 0x0182, 0x0182, 0x0182, 0x01A2, 0x01A2, 0x01A2, 0x01A2, 
    0x01C3, 0x01C3, 0x01C3, 0x01C3, 0x09E3, 0x01E3, 0x09E3, 0x09E3, 0x01C2, 0x01A2, 0x01C2, 0x01C2, 
    0x01C2, 0x01E3, 0x01E3, 0x01E3, 0x01E3, 0x0A03, 0x0203, 0x0A03, 0x0A23, 0x0A03, 0x0A23, 0x0A03, 
    0x0A03, 0x0A03, 0x0A03, 0x0A03, 0x09E3, 0x0A03, 0x0A03, 0x09E3, 0x01E3, 0x0A03, 0x0A23, 0x0A43, 
    0x0A23, 0x1244, 0x1264, 0x0A23, 0x0A23, 0x0A43, 0x0A44, 0x0A44, 0x0A44, 0x0A43, 0x0A44, 0x0A43, 
    0x0A43, 0x0A44, 0x0A23, 0x0A23, 0x0A64, 0x0A64, 0x0A44, 0x0A43, 0x0A44, 0x0A44, 0x0A23, 0x0A43, 
    0x0A64, 0x0A64, 0x0A64, 0x0A44, 0x0A43, 0x0A43, 0x0A64, 0x0A64, 0x1284, 0x0A43, 0x1264, 0x0A64, 
    0x0A43, 0x0A43, 0x0A43, 0x0A23, 0x0A23, 0x0A44, 0x0A44, 0x0A44, 0x0A44, 0x0A43, 0x0A43, 0x0A64, 
    0x0A43, 0x0A44, 0x0A43, 0x0A44, 0x0A64, 0x0A43, 0x0A43, 0x0A64, 0x0A64, 0x1284, 0x1284, 0x0A64, 
    0x0A63, 0x0A64, 0x0A64, 0x0A64, 0x0A84, 0x1284, 0x1264, 0x1264, 0x1284, 0x0A64, 0x0A43, 0x0A64, 
    0x0A84, 0x0A84, 0x1284, 0x0A64, 0x0A43, 0x0A64, 0x0A64, 0x0A63, 0x0A64, 0x0A44, 0x1284, 0x0A64, 
    0x1264, 0x1284, 0x0A84, 0x0A64, 0x1284, 0x1284, 0x0A64, 0x1284, 0x1264, 0x0A64, 0x0A64, 0x0A64, 
    0x0A64, 0x1284, 0x0A64, 0x1264, 0x0A64, 0x1284, 0x1284, 0x0A64, 0x0A64, 0x1284, 0x1284, 0x12A5, 
    0x1285, 0x1264, 0x0A44, 0x0A64, 0x0A43, 0x1264, 0x0A84, 0x1284, 0x0A43, 0x0A43, 0x0A64, 0x1284, 
    0x1284, 0x0A64, 0x0A44, 0x0A44, 0x0A64, 0x0A64, 0x0A44, 0x0A44, 0x0A44, 0x0A64, 0x0A64, 0x0A44, 
    0x0A64, 0x0A44, 0x0A44, 0x0A44, 0x0A43, 0x0A43, 0x0A03, 0x0A23, 0x0A44, 0x1244, 0x0A23, 0x0A23, 
    0x0A23, 0x0A44, 0x0A43, 0x1264, 0x1264, 0x0A43, 0x0A43, 0x0A23, 0x0A23, 0x0A23, 0x0A23, 0x0A03, 
    0x0A03, 0x0A03, 0x0A23, 0x0203, 0x0A23, 0x0A23, 0x0203, 0x0A03, 0x0A23, 0x0A03, 0x09E3, 0x0A03, 
    0x09E3, 0x0A03, 0x0A23, 0x0203, 0x01E3, 0x0A03, 0x0A03, 0x01C3, 0x01C3, 0x0A03, 0x01E3, 0x01E3, 
    0x01E3, 0x01E3, 0x01E3, 0x0A03, 0x01E3, 0x01C2, 0x01C2, 0x01C2, 0x01C2, 0x09E3, 0x01C3, 0x0182, 
    0x0182, 0x01A2, 0x01A2, 0x01A2, 0x01A2, 0x0182, 0x0182, 0x0182, 0x0162, 0x0182, 0x0162, 0x0162, 
    0x0162, 0x0162, 0x0142, 0x0141, 0x0121, 0x0121, 0x0121, 0x0121, 0x0121, 0x0121, 0x0101, 0x0121, 
    0x0101, 0x0101, 0x0101, 0x00E1, 0x00E1, 0x00E1, 0x00E1, 0x00C1, 0x00C1, 0x00C1, 0x00E1, 0x00C1, 
    0x00C1, 0x0000, 0x62A5, 0x6284, 0x7B68, 0x1081, 0x0060, 0x0080, 0x00A0, 0x0060, 0x10C1, 0x7B26, 
    0x62C5, 0x6285, 0x0000, 0x00C1, 0x00C1, 0x00E1, 0x00E1, 0x00E1, 0x00E1, 0x00E1, 0x00E1, 0x0101, 
    0x00E1, 0x0121, 0x0142, 0x0121, 0x0121, 0x0121, 0x0121, 0x0101, 0x0121, 0x0142, 0x0141, 0x0141, 
    0x0142, 0x0162, 0x0141, 0x0162, 0x0182, 0x0182, 0x0182, 0x0162, 0x0162, 0x0182, 0x0182, 0x0182, 
    0x0182, 0x01A2, 0x01A2, 0x0182, 0x01A2, 0x01A2, 0x0182, 0x01C3, 0x01E3, 0x01C3, 0x01C2, 0x01C2, 
    0x01E3, 0x01C2, 0x01E3, 0x01E3, 0x01C2, 0x01E3, 0x01C2, 0x01C2, 0x01C2, 0x01E3, 0x01C2, 0x01E3, 
    0x09E3, 0x0A03, 0x0A03, 0x0A03, 0x0A03, 0x0A03, 0x0A03, 0x0A03, 0x0A03, 0x0A03, 0x0A23, 0x0A03, 
    0x09E3, 0x0A03, 0x0A03, 0x0A23, 0x0A23, 0x0A23, 0x0A44, 0x0A23, 0x0A44, 0x0A43, 0x0A43, 0x0A23, 
    0x0A43, 0x0A23, 0x0A44, 0x0A44, 0x0A44, 0x0A43, 0x0A43, 0x0A23, 0x0A23, 0x0A23, 0x0A44, 0x0A44, 
    0x0A43, 0x0A43, 0x0A43, 0x0A64, 0x0A43, 0x0A64, 0x0A43, 0x0A44, 0x1264, 0x0A43, 0x0A44, 0x0A64, 
    0x0A64, 0x0A44, 0x0A44, 0x1264, 0x1284, 0x1284, 0x1264, 0x0A43, 0x1264, 0x0A64, 0x0A43, 0x0A43, 
    0x0A43, 0x0A23, 0x0A44, 0x0A43, 0x0A64, 0x0A43, 0x0A43, 0x0A64, 0x0A43, 0x0A43, 0x0A23, 0x0A44, 
    0x0A44, 0x1264, 0x0A64, 0x0A64, 0x0A64, 0x0A64, 0x0A64, 0x0A64, 0x0A64, 0x0A84, 0x0A64, 0x0A43, 
    0x0A84, 0x1284, 0x1264, 0x1284, 0x1264, 0x1264, 0x0A23, 0x0A43, 0x0A84, 0x0A84, 0x1284, 0x0A64, 
    0x0A43, 0x0A43, 0x0A64, 0x1284, 0x0A64, 0x0A44, 0x0A64, 0x0A64, 0x1284, 0x1284, 0x1284, 0x0A64, 
    0x1284, 0x0A64, 0x0A64, 0x1284, 0x1284, 0x1284, 0x1284, 0x1284, 0x0A64, 0x1284, 0x0A64, 0x0A64, 
    0x0A84, 0x1284, 0x0A84, 0x0A64, 0x0A64, 0x1284, 0x0A64, 0x1264, 0x1284, 0x0A64, 0x0A64, 0x12A4, 
    0x1284, 0x1284, 0x0A84, 0x0A64, 0x0A43, 0x0A43, 0x1284, 0x1264, 0x0A64, 0x1264, 0x0A44, 0x0A64, 
    0x0A44, 0x0A43, 0x0A43, 0x0A44, 0x0A64, 0x0A64, 0x0A44, 0x0A43, 0x0A43, 0x0A44, 0x0A43, 0x0A43, 
    0x0A43, 0x0A43, 0x0A43, 0x0A43, 0x0A23, 0x0A23, 0x0A23, 0x0A23, 0x0A23, 0x0A44, 0x0A23, 0x0A44, 
    0x0A44, 0x0A23, 0x0A43, 0x0A43, 0x0A43, 0x0A43, 0x0A23, 0x0A23, 0x0A23, 0x0203, 0x0A23, 0x0A23, 
    0x0A03, 0x0A23, 0x0A23, 0x0A03, 0x0A03, 0x01E3, 0x09E3, 0x0A03, 0x0A03, 0x0A23, 0x0A03, 0x0A23, 
    0x0A03, 0x09E3, 0x01E3, 0x01E3, 0x01E3, 0x01E3, 0x01C2, 0x01C3, 0x01E3, 0x01E3, 0x01E3, 0x01E3, 
    0x01C2, 0x01C2, 0x01C2, 0x01E3, 0x01E3, 0x01C2, 0x01C2, 0x01A2, 0x01A2, 0x01A2, 0x01A2, 0x01A2, 
    0x01A2, 0x01A2, 0x0162, 0x0182, 0x01A2, 0x0182, 0x0162, 0x0182, 0x0162, 0x0162, 0x0141, 0x0141, 
    0x0141, 0x0141, 0x0141, 0x0121, 0x0142, 0x0121, 0x0101, 0x0121, 0x0101, 0x0101, 0x0101, 0x0101, 
    0x0101, 0x00E1, 0x00E1, 0x00E1, 0x00E1, 0x00E1, 0x00C1, 0x00C1, 0x00C1, 0x0000, 0x62A5, 0x6285, 
    0x7B47, 0x1080, 0x0060, 0x0080, 0x0080, 0x0060, 0x10C1, 0x7B26, 0x62A5, 0x6285, 0x0000, 0x00E1, 
    0x00C1, 0x00E1, 0x00E1, 0x00E1, 0x0101, 0x00E1, 0x0101, 0x0101, 0x0101, 0x0101, 0x0121, 0x0101, 
    0x0121, 0x0142, 0x0141, 0x0101, 0x0121, 0x0121, 0x0121, 0x0121, 0x0141, 0x0141, 0x0141, 0x0141, 
    0x0162, 0x0162, 0x0142, 0x0162, 0x0162, 0x0182, 0x0162, 0x0162, 0x01A2, 0x01A2, 0x0182, 0x0162, 
    0x0162, 0x0182, 0x01A2, 0x01A2, 0x01A2, 0x01A2, 0x01A2, 0x01C2, 0x01E3, 0x09E3, 0x09E3, 0x01C3, 
    0x01E3, 0x09E3, 0x01C2, 0x01C2, 0x01C2, 0x01C2, 0x01C2, 0x01E3, 0x0A03, 0x0A03, 0x0A03, 0x0A03, 
    0x09E3, 0x0A03, 0x0A03, 0x0A23, 0x0A23, 0x0A23, 0x0A43, 0x0A03, 0x0A03, 0x0A03, 0x0A03, 0x0A23, 
    0x0A23, 0x0A23, 0x0A03, 0x0A03, 0x0A03, 0x0A23, 0x0A44, 0x0A44, 0x0A43, 0x0A03, 0x1244, 0x0A64, 
    0x0A43, 0x0A64, 0x0A43, 0x0A23, 0x0A23, 0x0A23, 0x0A64, 0x0A44, 0x0A43, 0x0A43, 0x0A43, 0x0A44, 
    0x0A44, 0x0A64, 0x0A64, 0x1264, 0x0A44, 0x0A44, 0x0A44, 0x0A44, 0x0A43, 0x0A44, 0x1284, 0x1284, 
    0x0A64, 0x0A64, 0x0A43, 0x0A43, 0x1264, 0x0A64, 0x0A64, 0x0A44, 0x0A44, 0x0A23, 0x0A23, 0x0A43, 
    0x0A43, 0x0A43, 0x1264, 0x1284, 0x0A64, 0x0A44, 0x0A64, 0x0A43, 0x0A43, 0x0A43, 0x0A84, 0x1284, 
    0x0A64, 0x0A64, 0x0A64, 0x0A23, 0x0A44, 0x0A44, 0x0A44, 0x1284, 0x0A64, 0x1284, 0x1284, 0x0A64, 
    0x0A64, 0x1264, 0x1284, 0x0A64, 0x1284, 0x0A64, 0x0A64, 0x0A43, 0x0A43, 0x0A44, 0x0A64, 0x1284, 
    0x1284, 0x1284, 0x0A64, 0x0A64, 0x1284, 0x1284, 0x1264, 0x1284, 0x1264, 0x0A43, 0x0A64, 0x0A64, 
    0x1284, 0x12A4, 0x0A64, 0x0A43, 0x0A64, 0x0A43, 0x0A44, 0x0A64, 0x1284, 0x0A64, 0x0A63, 0x0A43, 
    0x1284, 0x1264, 0x1284, 0x1264, 0x0A64, 0x1284, 0x0A64, 0x1284, 0x1284, 0x12A4, 0x1284, 0x1264, 
    0x1264, 0x0A64, 0x1284, 0x0A64, 0x0A64, 0x0A64, 0x1264, 0x0A44, 0x0A44, 0x0A64, 0x0A64, 0x0A43, 
    0x0A43, 0x0A64, 0x0A64, 0x0A23, 0x0A23, 0x0A44, 0x0A03, 0x0A43, 0x0A64, 0x0A44, 0x0A44, 0x0A43, 
    0x0A44, 0x0A43, 0x0A44, 0x0A23, 0x0A23, 0x0A23, 0x0A43, 0x0A43, 0x0A23, 0x0A23, 0x0A43, 0x0A23, 
    0x0A43, 0x1244, 0x0A43, 0x0A23, 0x0203, 0x0A03, 0x0A03, 0x0A23, 0x0A03, 0x0A23, 0x0A23, 0x0A23, 
    0x0A03, 0x0A03, 0x0A03, 0x0A23, 0x0A03, 0x0A23, 0x0A03, 0x0A03, 0x09E3, 0x09E3, 0x09E3, 0x0A03, 
    0x0A03, 0x01E3, 0x01E3, 0x01C3, 0x01C2, 0x01C2, 0x01C2, 0x01A2, 0x01C2, 0x01E2, 0x01E3, 0x09E3, 
    0x01C2, 0x01C2, 0x01C3, 0x01C2, 0x01C2, 0x01A2, 0x01A2, 0x01A2, 0x0182, 0x0182, 0x0182, 0x0182, 
    0x0182, 0x0162, 0x0162, 0x0162, 0x0182, 0x0162, 0x0142, 0x0162, 0x0121, 0x0121, 0x0121, 0x0121, 
    0x0142, 0x0121, 0x0121, 0x0121, 0x0101, 0x0101, 0x0101, 0x0101, 0x0101, 0x00E1, 0x00E1, 0x00E1, 
    0x00C1, 0x00C1, 0x00C1, 0x00C1, 0x00C1, 0x0000, 0x62C6, 0x6285, 0x7B47, 0x1081, 0x0060, 0x0080, 
    0x0080, 0x0060, 0x10A1, 0x7306, 0x62A5, 0x62A5, 0x0000, 0x00C1, 0x00C1, 0x00C1, 0x00E1, 0x00E1, 
    0x00E1, 0x00E1, 0x00E1, 0x00E1, 0x00E1, 0x00E1, 0x0101, 0x0101, 0x0101, 0x0121, 0x0121, 0x0121, 
    0x0121, 0x0121, 0x0141, 0x0142, 0x0141, 0x0162, 0x0182, 0x0162, 0x0182, 0x0162, 0x0162, 0x0182, 
    0x0182, 0x0182, 0x01A2, 0x0182, 0x0182, 0x0182, 0x0182, 0x0182, 0x0182, 0x0182, 0x01A2, 0x01A2, 
    0x0182, 0x01C2, 0x01C2, 0x01C2, 0x01A2, 0x01C2, 0x01C2, 0x01C2, 0x01C3, 0x01A2, 0x09E3, 0x01C2, 
    0x01C2, 0x01E3, 0x01C2, 0x01C2, 0x09E3, 0x09E3, 0x09E3, 0x09E3, 0x09E3, 0x0A03, 0x0A03, 0x0A03, 
    0x0A03, 0x0203, 0x0A03, 0x0A03, 0x0A23, 0x0A23, 0x0A23, 0x0203, 0x0203, 0x0A23, 0x0A23, 0x0A24, 
    0x0A03, 0x0A03, 0x0A03, 0x0A23, 0x0A43, 0x0A44, 0x0A23, 0x0A23, 0x0A44, 0x0A23, 0x0A43, 0x0A23, 
    0x0A43, 0x0A64, 0x0A64, 0x0A64, 0x0A64, 0x0A23, 0x0A43, 0x0A44, 0x0A44, 0x0A64, 0x0A43, 0x0A43, 
    0x0A43, 0x0A23, 0x0A44, 0x0A23, 0x0203, 0x0A64, 0x1284, 0x0A64, 0x0A64, 0x0A43, 0x0A64, 0x1264, 
    0x1264, 0x0A64, 0x0A64, 0x0A43, 0x0A43, 0x0A43, 0x0A23, 0x0A44, 0x0A44, 0x0A44, 0x0A64, 0x0A43, 
    0x0A44, 0x0A64, 0x0A63, 0x0A64, 0x0A43, 0x0A64, 0x0A84, 0x1284, 0x0A64, 0x0A63, 0x0A64, 0x0A43, 
    0x0A44, 0x0A44, 0x0A44, 0x1284, 0x0A64, 0x0A64, 0x1284, 0x1284, 0x1284, 0x1284, 0x0A84, 0x1284, 
    0x12A4, 0x1284, 0x1284, 0x0A64, 0x0A44, 0x0A44, 0x0A43, 0x0A43, 0x1284, 0x0A64, 0x0A64, 0x0A64, 
    0x0A64, 0x0A44, 0x0A44, 0x0A43, 0x0A23, 0x0A64, 0x1284, 0x0A64, 0x0A64, 0x0A63, 0x0A43, 0x0A64, 
    0x0A44, 0x0A64, 0x1284, 0x0A43, 0x0A84, 0x1284, 0x0A64, 0x0A64, 0x1284, 0x0A64, 0x0A64, 0x0A43, 
    0x0A64, 0x1284, 0x1284, 0x0A64, 0x0A63, 0x0A64, 0x0A64, 0x1284, 0x1264, 0x1264, 0x0A44, 0x0A44, 
    0x0A64, 0x0A64, 0x0A64, 0x0A44, 0x0A43, 0x0A43, 0x0A43, 0x0223, 0x0A43, 0x0A43, 0x0A44, 0x0A23, 
    0x0A43, 0x0A23, 0x0A23, 0x0A43, 0x0A44, 0x1264, 0x0A44, 0x0A64, 0x1264, 0x0A44, 0x0A43, 0x0A23, 
    0x0A23, 0x0A23, 0x0A43, 0x0A23, 0x0A43, 0x0A23, 0x0A43, 0x0A44, 0x0A23, 0x0A23, 0x0A23, 0x0A23, 
    0x0203, 0x0203, 0x0A03, 0x0A23, 0x0A03, 0x01E3, 0x0A03, 0x0A23, 0x0203, 0x0A03, 0x09E3, 0x0A03, 
    0x09E3, 0x0A03, 0x0A03, 0x09E3, 0x0A03, 0x09E3, 0x09E3, 0x09E3, 0x01C2, 0x01C2, 0x01C2, 0x01C3, 
    0x01C2, 0x01E3, 0x01A2, 0x01C2, 0x01C2, 0x01E3, 0x01C2, 0x01C2, 0x01A2, 0x01E3, 0x01C3, 0x01C2, 
    0x01C2, 0x01C3, 0x01A2, 0x01A2, 0x01A2, 0x01A2, 0x0182, 0x0182, 0x0162, 0x0182, 0x0162, 0x0182, 
    0x0162, 0x0141, 0x0121, 0x0142, 0x0141, 0x0121, 0x0101, 0x0121, 0x0142, 0x0121, 0x0121, 0x0121, 
    0x0121, 0x0101, 0x00E1, 0x0101, 0x00E1, 0x00E1, 0x00E1, 0x00C1, 0x00C1, 0x00C1, 0x00C1, 0x00C0, 
    0x00C1, 0x0000, 0x6AC6, 0x6285, 0x7B68, 0x18A1, 0x0060, 0x0060, 0x00A0, 0x0060, 0x10A1, 0x7B26, 
    0x62C5, 0x6285, 0x0000, 0x00E1, 0x00C1, 0x00C0, 0x00E1, 0x00C1, 0x00C1, 0x00E1, 0x00E1, 0x00E1, 
    0x00E1, 0x00E1, 0x0101, 0x0121, 0x0121, 0x0142, 0x0121, 0x0121, 0x0121, 0x0142, 0x0141, 0x0142, 
    0x0162, 0x0162, 0x0182, 0x0182, 0x0162, 0x0182, 0x0162, 0x0182, 0x0162, 0x0182, 0x0162, 0x0162, 
    0x0182, 0x0182, 0x0182, 0x01A2, 0x01A2, 0x01A2, 0x0182, 0x0182, 0x01A2, 0x01A2, 0x01C3, 0x01C2, 
    0x01A2, 0x01A2, 0x01A2, 0x01A2, 0x01C2, 0x01C2, 0x01C2, 0x01E3, 0x01E3, 0x01C2, 0x01E3, 0x01C2, 
    0x01E3, 0x01E3, 0x09E3, 0x0A03, 0x0203, 0x0A03, 0x0A03, 0x0A03, 0x0A03, 0x0A03, 0x0A03, 0x0A03, 
    0x0203, 0x0A23, 0x0A23, 0x0A03, 0x0A03, 0x0A23, 0x0A23, 0x0A23, 0x0A23, 0x0A23, 0x0A23, 0x0A23, 
    0x0A23, 0x0A44, 0x0A23, 0x0A23, 0x0A44, 0x0A43, 0x0A43, 0x0A43, 0x0223, 0x0A44, 0x0A64, 0x0A64, 
    0x0A44, 0x0A23, 0x0A64, 0x0A64, 0x0A23, 0x0A64, 0x0A44, 0x0A43, 0x0A44, 0x0A43, 0x0A23, 0x0A23, 
    0x0A43, 0x0A64, 0x0A64, 0x0A64, 0x0A44, 0x1264, 0x1284, 0x1264, 0x1264, 0x1264, 0x0A44, 0x0A44, 
    0x0A43, 0x0A43, 0x0A44, 0x0A64, 0x0A44, 0x0A64, 0x0A64, 0x0A43, 0x0A43, 0x0A43, 0x0A23, 0x0A43, 
    0x0A64, 0x0A64, 0x0A43, 0x0A64, 0x0A84, 0x0A43, 0x0A64, 0x0A64, 0x0A64, 0x0A84, 0x0A44, 0x0A64, 
    0x0A84, 0x1284, 0x0A64, 0x1284, 0x12A4, 0x0A84, 0x0A84, 0x0A84, 0x12A4, 0x0A64, 0x0A84, 0x1264, 
    0x1284, 0x1284, 0x0A43, 0x0A43, 0x1284, 0x0A64, 0x0A64, 0x1264, 0x0A44, 0x0A43, 0x0A44, 0x0A64, 
    0x0A44, 0x0A64, 0x0A64, 0x1284, 0x0A64, 0x0A64, 0x0A84, 0x0A64, 0x0A64, 0x0A64, 0x0A64, 0x0A63, 
    0x0A64, 0x0A43, 0x0A64, 0x0A64, 0x0A64, 0x1284, 0x1284, 0x1284, 0x0A64, 0x0A64, 0x0A64, 0x0A43, 
    0x0A64, 0x0A64, 0x0A43, 0x0A84, 0x1284, 0x0A64, 0x0A64, 0x1264, 0x1264, 0x0A43, 0x1244, 0x1244, 
    0x0A44, 0x0A44, 0x0A43, 0x0A44, 0x0A44, 0x0A44, 0x0A44, 0x0A23, 0x0A43, 0x0A23, 0x0A44, 0x0A23, 
    0x0A43, 0x1264, 0x0A44, 0x0A43, 0x0A64, 0x0A23, 0x0A43, 0x0A43, 0x0A43, 0x0A64, 0x0A43, 0x0A23, 
    0x0A43, 0x0A23, 0x0A44, 0x0A44, 0x0A23, 0x0A23, 0x0A23, 0x0A23, 0x0A23, 0x0A03, 0x0A23, 0x0A23, 
    0x01E3, 0x0A03, 0x0A23, 0x01E3, 0x0A03, 0x0A03, 0x0A03, 0x09E3, 0x0A03, 0x0A23, 0x0A03, 0x0A03, 
    0x0A23, 0x01E3, 0x01E3, 0x01C2, 0x01E3, 0x01C2, 0x01A2, 0x01A2, 0x01C2, 0x01C2, 0x01C2, 0x01C3, 
    0x01C3, 0x01C3, 0x01C2, 0x01E3, 0x01C2, 0x01C2, 0x01C2, 0x01A2, 0x01A2, 0x01A2, 0x01A2, 0x01A2, 
    0x01A2, 0x01A2, 0x01A2, 0x0182, 0x0182, 0x0182, 0x0162, 0x0162, 0x0162, 0x0162, 0x0142, 0x0141, 
    0x0142, 0x0142, 0x0141, 0x0121, 0x0121, 0x0101, 0x0121, 0x0121, 0x0121, 0x0101, 0x0101, 0x0101, 
    0x00E1, 0x00E1, 0x00E1, 0x00E1, 0x00E1, 0x00C0, 0x00C0, 0x00C1, 0x00C1, 0x0000, 0x62C6, 0x62A5, 
    0x7B68, 0x1081, 0x0060, 0x0060, 0x0080, 0x0060, 0x10C1, 0x7B06, 0x62C5, 0x62A5, 0x0000, 0x00C1, 
    0x00C1, 0x00C1, 0x00E1, 0x00C1, 0x00C1, 0x00C1, 0x00E1, 0x00E1, 0x0101, 0x0101, 0x0101, 0x0121, 
    0x0121, 0x0121, 0x0121, 0x0121, 0x0121, 0x0141, 0x0142, 0x0141, 0x0142, 0x0162, 0x0162, 0x0162, 
    0x0162, 0x0182, 0x0182, 0x0182, 0x0162, 0x0162, 0x0182, 0x0162, 0x0182, 0x0182, 0x0162, 0x0182, 
    0x0182, 0x01C3, 0x01A2, 0x01A2, 0x01A2, 0x01A2, 0x01A2, 0x01A2, 0x01C2, 0x01A2, 0x01C2, 0x01C2, 
    0x01A2, 0x01C2, 0x01C2, 0x01C2, 0x01C2, 0x01C2, 0x01E3, 0x01C2, 0x01E2, 0x01E3, 0x01E3, 0x01E3, 
    0x01E3, 0x01E3, 0x09E3, 0x01E3, 0x01E2, 0x01E3, 0x01E3, 0x0A03, 0x0A23, 0x0A03, 0x01E2, 0x0203, 
    0x0A23, 0x0A23, 0x0A23, 0x0A23, 0x0A23, 0x0A23, 0x0A23, 0x0A23, 0x0A43, 0x0A64, 0x0A43, 0x0A23, 
    0x0A23, 0x0A23, 0x0A43, 0x0A43, 0x0A44, 0x0A23, 0x0A43, 0x0A64, 0x0A64, 0x0A64, 0x0A64, 0x0A44, 
    0x0A43, 0x0A43, 0x0A23, 0x0A43, 0x0A43, 0x0A43, 0x0A43, 0x0223, 0x0A23, 0x0A44, 0x0A44, 0x0A44, 
    0x0A44, 0x0A44, 0x0A64, 0x0A43, 0x0A43, 0x0A43, 0x0A64, 0x0A64, 0x0A44, 0x0A44, 0x0A44, 0x0A64, 
    0x0A64, 0x0A64, 0x0A64, 0x0A43, 0x0A43, 0x0A43, 0x0A43, 0x0A63, 0x0A43, 0x0A43, 0x0A64, 0x0A64, 
    0x1284, 0x0A64, 0x0A43, 0x0A64, 0x0A84, 0x1284, 0x1284, 0x0A64, 0x0A64, 0x0A64, 0x0A64, 0x1284, 
    0x1284, 0x0A84, 0x0A84, 0x0A84, 0x0A64, 0x0A43, 0x0A64, 0x0A64, 0x0A64, 0x0A84, 0x12A5, 0x0A84, 
    0x0A64, 0x1264, 0x1264, 0x1264, 0x0A44, 0x0A43, 0x0A64, 0x0A44, 0x0A64, 0x0A43, 0x0A64, 0x0A64, 
    0x1284, 0x0A64, 0x0A44, 0x1264, 0x1284, 0x1284, 0x1284, 0x0A64, 0x1264, 0x1264, 0x1264, 0x0A64, 
    0x1284, 0x1284, 0x1284, 0x0A64, 0x1284, 0x1284, 0x0A64, 0x0A64, 0x0A64, 0x0A64, 0x1284, 0x12A4, 
    0x0A64, 0x0A64, 0x0A64, 0x0A43, 0x0A44, 0x0A43, 0x0A23, 0x0A64, 0x1264, 0x0A43, 0x0A43, 0x0A44, 
    0x0A43, 0x0A43, 0x0A44, 0x0A44, 0x0A43, 0x0A43, 0x0A23, 0x0A44, 0x0A23, 0x0A23, 0x0A43, 0x1264, 
    0x0A64, 0x0A23, 0x0A43, 0x0A43, 0x0A64, 0x0A44, 0x0A23, 0x0A23, 0x0A24, 0x0A23, 0x0A43, 0x0A44, 
    0x0A23, 0x0A23, 0x0A43, 0x0A23, 0x0A03, 0x0A03, 0x0A03, 0x0A23, 0x0A23, 0x0A23, 0x0A03, 0x0A03, 
    0x0A23, 0x0A03, 0x01E3, 0x0203, 0x0A03, 0x0A03, 0x0A23, 0x0A03, 0x0A03, 0x0A03, 0x0A03, 0x09E3, 
    0x09E3, 0x01C2, 0x01C3, 0x01C2, 0x01C3, 0x01C2, 0x01C2, 0x01C2, 0x01E3, 0x01A2, 0x01A2, 0x01C2, 
    0x01C2, 0x01C2, 0x01A2, 0x01C2, 0x01C2, 0x01A3, 0x01A2, 0x0182, 0x0182, 0x0182, 0x0182, 0x0162, 
    0x0182, 0x0162, 0x0142, 0x0162, 0x0162, 0x0162, 0x0162, 0x0142, 0x0141, 0x0141, 0x0121, 0x0121, 
    0x0142, 0x0142, 0x0122, 0x0101, 0x0101, 0x0121, 0x0101, 0x0101, 0x00E1, 0x00E1, 0x00E1, 0x00C1, 
    0x00C1, 0x00C1, 0x00A0, 0x00A0, 0x00C1, 0x0000, 0x62C6, 0x6285, 0x8388, 0x1081, 0x0060, 0x0060, 
    0x0080, 0x0060, 0x10C1, 0x7306, 0x62A5, 0x62A5, 0x0000, 0x00C1, 0x00C1, 0x00C1, 0x00C1, 0x00E1, 
    0x00E1, 0x00C1, 0x00E1, 0x00E1, 0x0101, 0x0101, 0x0101, 0x0101, 0x0101, 0x0101, 0x0121, 0x0142, 
    0x0101, 0x0121, 0x0142, 0x0142, 0x0142, 0x0142, 0x0162, 0x0162, 0x0162, 0x0162, 0x0162, 0x0162, 
    0x0182, 0x0162, 0x0182, 0x0182, 0x0182, 0x0162, 0x0182, 0x0162, 0x0162, 0x0182, 0x01A2, 0x01C3, 
    0x01C3, 0x01A2, 0x0182, 0x01A2, 0x01A2, 0x01A2, 0x01A2, 0x01A2, 0x01C2, 0x01C2, 0x01A2, 0x01A2, 
    0x01C2, 0x01A2, 0x01A2, 0x01C2, 0x01C2, 0x01C2, 0x01C2, 0x01E2, 0x01E3, 0x01C2, 0x01A2, 0x01C2, 
    0x01E2, 0x01E2, 0x01C2, 0x01E3, 0x0A23, 0x0A03, 0x01E2, 0x0203, 0x0A03, 0x0A23, 0x0A03, 0x0A03, 
    0x0A03, 0x0A03, 0x0A23, 0x0A23, 0x0A23, 0x0A23, 0x0A44, 0x0A23, 0x0A23, 0x0A43, 0x0A43, 0x0A23, 
    0x0A23, 0x0A43, 0x0A43, 0x0A44, 0x0A43, 0x0A43, 0x0A64, 0x0A44, 0x0A44, 0x0A23, 0x0A23, 0x0A43, 
    0x0A23, 0x0A43, 0x0A23, 0x0A44, 0x0A44, 0x0A43, 0x0A23, 0x0203, 0x0A44, 0x0A44, 0x0A43, 0x0A43, 
    0x0A43, 0x0A64, 0x0A64, 0x0A64, 0x0A44, 0x0A43, 0x0A64, 0x0A23, 0x0A23, 0x0A43, 0x0A43, 0x0A43, 
    0x0A43, 0x0A64, 0x0A64, 0x1284, 0x0A64, 0x0A43, 0x0A43, 0x0A23, 0x0A64, 0x0A64, 0x0A84, 0x0A64, 
    0x0A64, 0x0A64, 0x0A64, 0x0A64, 0x0A44, 0x0A43, 0x0A64, 0x0A64, 0x0A63, 0x0A84, 0x0A64, 0x1264, 
    0x0A44, 0x0A44, 0x0A84, 0x0A64, 0x0A64, 0x1284, 0x1264, 0x0A44, 0x0A64, 0x1264, 0x1264, 0x0A44, 
    0x0A44, 0x0A64, 0x0A43, 0x0A44, 0x0A64, 0x0A43, 0x0A44, 0x0A43, 0x0A44, 0x0A44, 0x1284, 0x1264, 
    0x1284, 0x1284, 0x1284, 0x1284, 0x1284, 0x1284, 0x0A43, 0x1284, 0x1284, 0x0A64, 0x0A64, 0x1284, 
    0x1264, 0x1264, 0x1264, 0x1284, 0x1284, 0x1284, 0x1284, 0x1284, 0x0A43, 0x0A43, 0x0A44, 0x0A64, 
    0x0A44, 0x0A44, 0x0A23, 0x0A44, 0x0A44, 0x0A44, 0x0A44, 0x0A43, 0x0A44, 0x0A64, 0x0A64, 0x0A64, 
    0x0A44, 0x0A44, 0x0A23, 0x0A23, 0x0A43, 0x0A23, 0x0A64, 0x0A43, 0x0A43, 0x1264, 0x0A43, 0x0A44, 
    0x0A43, 0x0A23, 0x0A23, 0x0A23, 0x0A03, 0x0A43, 0x0A23, 0x0A23, 0x0A23, 0x0A23, 0x0A23, 0x0A03, 
    0x0A03, 0x0A03, 0x0A03, 0x0A03, 0x0A03, 0x0A03, 0x01E3, 0x0A23, 0x09E3, 0x01E3, 0x0203, 0x0A23, 
    0x0A23, 0x0A23, 0x0203, 0x09E3, 0x0A03, 0x01E3, 0x09E3, 0x01E3, 0x09E3, 0x09E3, 0x01E3, 0x01C2, 
    0x01C2, 0x01A2, 0x01C2, 0x01C2, 0x01C3, 0x01A2, 0x01A2, 0x01C2, 0x01C2, 0x01C2, 0x01A2, 0x01C3, 
    0x01A2, 0x01A2, 0x01A2, 0x0182, 0x0182, 0x0162, 0x0162, 0x0162, 0x0162, 0x0162, 0x0162, 0x0162, 
    0x0162, 0x0142, 0x0141, 0x0121, 0x0121, 0x0121, 0x0121, 0x0121, 0x0122, 0x0122, 0x0121, 0x0101, 
    0x0101, 0x00E1, 0x00E1, 0x00E1, 0x00E1, 0x00E1, 0x00E1, 0x00C1, 0x00A0, 0x00C1, 0x00A0, 0x00A0, 
    0x00C1, 0x0000, 0x62C6, 0x6264, 0x7B68, 0x10A1, 0x0060, 0x0080, 0x0080, 0x0060, 0x10C1, 0x7306, 
    0x62A5, 0x6285, 0x0000, 0x00E1, 0x00C1, 0x00C1, 0x00C1, 0x00E1, 0x0101, 0x00E1, 0x00E1, 0x0101, 
    0x00E1, 0x0101, 0x0101, 0x0121, 0x0101, 0x0101, 0x0121, 0x0142, 0x0121, 0x0121, 0x0121, 0x0121, 
    0x0142, 0x0142, 0x0162, 0x0162, 0x0141, 0x0162, 0x0182, 0x0182, 0x0182, 0x0162, 0x0182, 0x0182, 
    0x0162, 0x0141, 0x0182, 0x0182, 0x0182, 0x0182, 0x0182, 0x01A2, 0x01A2, 0x01A2, 0x01A2, 0x01A3, 
    0x01A2, 0x01A2, 0x01A2, 0x01C2, 0x01C2, 0x01C2, 0x01C2, 0x01C3, 0x01A2, 0x01E3, 0x01C2, 0x01C2, 
    0x01A2, 0x01A2, 0x01C2, 0x01C2, 0x01E3, 0x01C2, 0x01C3, 0x09E3, 0x0203, 0x01E2, 0x01E2, 0x01E3, 
    0x01E3, 0x01E3, 0x0203, 0x0A03, 0x0203, 0x0203, 0x01E3, 0x0A03, 0x0A03, 0x0A23, 0x0A23, 0x0A23, 
    0x0A03, 0x0A23, 0x0203, 0x01E3, 0x0A43, 0x0A23, 0x0A23, 0x0A43, 0x0A23, 0x0A23, 0x0A43, 0x0A43, 
    0x0A43, 0x0A43, 0x0A43, 0x0A43, 0x0A43, 0x0A43, 0x0A44, 0x0A44, 0x0A23, 0x0A43, 0x0A43, 0x0A43, 
    0x0A23, 0x0A44, 0x0A43, 0x0A23, 0x0A44, 0x0A23, 0x0A23, 0x0A23, 0x0A43, 0x0A23, 0x0A43, 0x0A23, 
    0x0223, 0x0A23, 0x0A43, 0x0A43, 0x0A43, 0x0A23, 0x0A64, 0x0A64, 0x0A64, 0x0A44, 0x0A64, 0x0A64, 
    0x0A64, 0x0A64, 0x0A43, 0x0A64, 0x0A64, 0x1284, 0x0A84, 0x1284, 0x0A64, 0x0A63, 0x0A43, 0x0A43, 
    0x0A64, 0x0A64, 0x0A43, 0x0A43, 0x0A84, 0x0A63, 0x0A44, 0x0A64, 0x0A84, 0x0A64, 0x0A64, 0x1284, 
    0x1284, 0x0A64, 0x0A64, 0x0A64, 0x0A43, 0x0A43, 0x0A44, 0x0A43, 0x0A43, 0x0A43, 0x0A43, 0x0A84, 
    0x0A84, 0x0A64, 0x0A43, 0x0A44, 0x0A64, 0x0A44, 0x1284, 0x0A64, 0x1284, 0x12A4, 0x1284, 0x1284, 
    0x0A64, 0x0A64, 0x1264, 0x1264, 0x0A64, 0x1264, 0x1284, 0x1284, 0x0A64, 0x1244, 0x0A43, 0x0A64, 
    0x0A64, 0x0A64, 0x0A64, 0x0A84, 0x0A63, 0x0A64, 0x0A44, 0x0A44, 0x0A43, 0x0A43, 0x0A43, 0x0A23, 
    0x0A44, 0x0A44, 0x0A44, 0x0A43, 0x0A43, 0x0A43, 0x0A64, 0x1264, 0x1264, 0x0A43, 0x0A23, 0x0A23, 
    0x0A23, 0x0A23, 0x0A64, 0x0A43, 0x0A23, 0x0A03, 0x0A23, 0x0A23, 0x0A23, 0x0A23, 0x0A23, 0x0A23, 
    0x0A23, 0x0A23, 0x0A23, 0x0A23, 0x0A23, 0x0A43, 0x0A23, 0x0A03, 0x0A03, 0x0A03, 0x0A23, 0x0A03, 
    0x09E3, 0x0A23, 0x0A03, 0x01E3, 0x01E3, 0x01E3, 0x0203, 0x0203, 0x01E3, 0x01E3, 0x01E3, 0x09E3, 
    0x0A03, 0x0A03, 0x09E3, 0x01E3, 0x09E3, 0x01E3, 0x01E2, 0x01E3, 0x01E3, 0x01C2, 0x01E3, 0x01C2, 
    0x01C2, 0x01C2, 0x01C2, 0x01C2, 0x01C2, 0x01A2, 0x01A2, 0x01A2, 0x0162, 0x0182, 0x0182, 0x0182, 
    0x0182, 0x0182, 0x0182, 0x0182, 0x0162, 0x0162, 0x0162, 0x0162, 0x0142, 0x0141, 0x0142, 0x0121, 
    0x0121, 0x0121, 0x0142, 0x0142, 0x0142, 0x0121, 0x0121, 0x0101, 0x00E1, 0x00E1, 0x00E1, 0x00E1, 
    0x00E1, 0x00E1, 0x00E1, 0x00C1, 0x00A0, 0x00C0, 0x00A0, 0x00A0, 0x00C1, 0x0000, 0x62C6, 0x5A64, 
    0x7B68, 0x1081, 0x0060, 0x0080, 0x0080, 0x0060, 0x10C1, 0x7305, 0x62C5, 0x62A5, 0x0000, 0x00C1, 
    0x00C1, 0x00C1, 0x00E1, 0x00E1, 0x00E1, 0x0101, 0x00E1, 0x0101, 0x0101, 0x0101, 0x0101, 0x0101, 
    0x0121, 0x0121, 0x0101, 0x0101, 0x0101, 0x0121, 0x0121, 0x0121, 0x0141, 0x0141, 0x0162, 0x0162, 
    0x0162, 0x0162, 0x0162, 0x0162, 0x0162, 0x0162, 0x0162, 0x0162, 0x0162, 0x0162, 0x0162, 0x0182, 
    0x01A2, 0x0182, 0x0182, 0x01A2, 0x01A2, 0x01A2, 0x01A2, 0x01A2, 0x01A2, 0x01A2, 0x01C3, 0x01C2, 
    0x01C2, 0x01C3, 0x01C3, 0x09E3, 0x01A2, 0x01C3, 0x01A2, 0x01A2, 0x01A2, 0x01C2, 0x01E3, 0x01C2, 
    0x01E3, 0x01E3, 0x01E3, 0x01E3, 0x09E3, 0x01E3, 0x01C2, 0x01E3, 0x01E3, 0x0A23, 0x0A23, 0x0203, 
    0x01E2, 0x0A23, 0x0A23, 0x0203, 0x01E3, 0x0203, 0x0203, 0x0A23, 0x0A23, 0x0A23, 0x0A03, 0x0A23, 
    0x0A23, 0x0A23, 0x0A23, 0x0A43, 0x0A44, 0x0A43, 0x0A43, 0x0A43, 0x0A43, 0x0A64, 0x0A64, 0x0A64, 
    0x0A43, 0x0A44, 0x0A64, 0x0A43, 0x0A23, 0x0A43, 0x0A43, 0x0A64, 0x0A43, 0x0A43, 0x0A43, 0x0A23, 
    0x0A43, 0x0A43, 0x0A44, 0x0A44, 0x0A44, 0x0A43, 0x0A43, 0x0A23, 0x0A23, 0x0A43, 0x0A43, 0x0A43, 
    0x0A64, 0x0A43, 0x0A64, 0x0A64, 0x0A43, 0x0A43, 0x0A44, 0x0A64, 0x0A64, 0x0A43, 0x0A64, 0x0A64, 
    0x0A64, 0x0A64, 0x0A64, 0x0A84, 0x0A44, 0x1264, 0x0A64, 0x0A64, 0x0A84, 0x0A64, 0x0A63, 0x0A43, 
    0x0A84, 0x0A64, 0x0A64, 0x0A43, 0x0A64, 0x0A64, 0x0A64, 0x0A64, 0x1284, 0x1284, 0x1284, 0x0A44, 
    0x0A43, 0x0A43, 0x0A43, 0x0A64, 0x0A64, 0x0A44, 0x0A64, 0x0A64, 0x0A64, 0x0A64, 0x0A64, 0x0A64, 
    0x0A64, 0x0A64, 0x0A43, 0x0A64, 0x0A64, 0x0A64, 0x0A64, 0x0A64, 0x0A44, 0x0A43, 0x0A43, 0x0A43, 
    0x0A64, 0x0A64, 0x1284, 0x1284, 0x0A64, 0x0A43, 0x0A44, 0x1284, 0x0A64, 0x0A43, 0x0A43, 0x0A64, 
    0x0A63, 0x0A64, 0x0A64, 0x0A43, 0x0A64, 0x0A44, 0x0A44, 0x0A23, 0x0A44, 0x0A64, 0x0A43, 0x0A43, 
    0x0A43, 0x0A43, 0x0A44, 0x0A64, 0x0A44, 0x0A43, 0x0A64, 0x0A43, 0x0A43, 0x0A43, 0x0A44, 0x0A43, 
    0x0A23, 0x0A43, 0x0A43, 0x0A23, 0x0A23, 0x0A23, 0x0A23, 0x0A23, 0x0A23, 0x0A03, 0x0A03, 0x0A03, 
    0x0A23, 0x0A23, 0x0A23, 0x0A23, 0x0A03, 0x0A23, 0x0A44, 0x0A23, 0x0A03, 0x0A23, 0x0203, 0x01E3, 
    0x01E3, 0x0A03, 0x0A03, 0x0A03, 0x0203, 0x01E3, 0x01E3, 0x0A03, 0x0A03, 0x0A03, 0x09E3, 0x01E3, 
    0x0A03, 0x01E3, 0x01E3, 0x09E3, 0x01C3, 0x01C2, 0x01C2, 0x01C2, 0x01C3, 0x01C2, 0x01E3, 0x01C3, 
    0x01A2, 0x01A2, 0x0182, 0x0182, 0x0182, 0x0162, 0x0182, 0x01A2, 0x0182, 0x0182, 0x01A2, 0x0162, 
    0x0162, 0x0162, 0x0141, 0x0141, 0x0142, 0x0121, 0x0121, 0x0142, 0x0121, 0x0121, 0x0141, 0x0141, 
    0x0121, 0x0121, 0x0121, 0x0101, 0x00E1, 0x00E1, 0x00E1, 0x00E1, 0x00E1, 0x00E1, 0x00C1, 0x00C1, 
    0x00A0, 0x00C0, 0x00A0, 0x00A0, 0x00C1, 0x0000, 0x62C6, 0x6284, 0x7B47, 0x1080, 0x0060, 0x0060, 
    0x0080, 0x0060, 0x10C1, 0x72E5, 0x62A5, 0x62A5, 0x0000, 0x00C1, 0x00C1, 0x00E1, 0x00C1, 0x00E1, 
    0x00E1, 0x00E1, 0x00E1, 0x00E1, 0x00E1, 0x00E1, 0x0101, 0x0121, 0x0121, 0x0121, 0x0121, 0x0101, 
    0x0101, 0x0101, 0x0101, 0x0121, 0x0121, 0x0142, 0x0162, 0x0162, 0x0182, 0x0162, 0x0141, 0x0141, 
    0x0162, 0x0162, 0x0162, 0x0162, 0x0182, 0x0162, 0x0162, 0x0182, 0x0182, 0x01A2, 0x01A2, 0x01A2, 
    0x01A2, 0x01A2, 0x01A2, 0x01A2, 0x01A2, 0x01C2, 0x01A2, 0x01C2, 0x09E3, 0x01C3, 0x01A2, 0x01C3, 
    0x09C3, 0x01C3, 0x01A2, 0x01C2, 0x01C2, 0x01A2, 0x01E3, 0x01E3, 0x01C2, 0x01C2, 0x01E3, 0x01E2, 
    0x01E3, 0x01C2, 0x01E2, 0x01E3, 0x0A03, 0x0A23, 0x0203, 0x0203, 0x0A03, 0x0A23, 0x01E3, 0x01E3, 
    0x01E3, 0x0A03, 0x0A44, 0x0A23, 0x0A23, 0x0A23, 0x0A03, 0x0A23, 0x0A43, 0x0A43, 0x0A23, 0x0A23, 
    0x0A43, 0x0A43, 0x0A43, 0x0A23, 0x0A44, 0x0A44, 0x0A43, 0x0A43, 0x0A23, 0x0A43, 0x0A43, 0x0A43, 
    0x0A23, 0x0A43, 0x0A23, 0x1284, 0x1284, 0x0A44, 0x0A23, 0x0A44, 0x0A63, 0x0A44, 0x0A64, 0x0A64, 
    0x1284, 0x1284, 0x0A44, 0x0A64, 0x0A43, 0x0A43, 0x0223, 0x0A23, 0x0A43, 0x0A43, 0x0A43, 0x0A44, 
    0x0A44, 0x0A43, 0x0A43, 0x0A43, 0x0A23, 0x0A23, 0x0A23, 0x0A43, 0x0A64, 0x0A64, 0x0A84, 0x0A64, 
    0x0A64, 0x1264, 0x1284, 0x1284, 0x0A84, 0x0A43, 0x0A63, 0x1284, 0x0A64, 0x0A64, 0x0A64, 0x0A64, 
    0x0A63, 0x0A64, 0x0A44, 0x0A44, 0x0A43, 0x0A43, 0x0A44, 0x0A44, 0x0A44, 0x0A43, 0x0A44, 0x0A64, 
    0x1264, 0x0A44, 0x0A64, 0x0A44, 0x0A64, 0x0A64, 0x0A64, 0x0A64, 0x0A44, 0x0A64, 0x0A43, 0x0A43, 
    0x0A43, 0x0A44, 0x0A64, 0x1284, 0x0A64, 0x0A64, 0x0A64, 0x0A64, 0x0A43, 0x0A64, 0x0A64, 0x0A64, 
    0x0A64, 0x0A44, 0x0A64, 0x0A64, 0x0A44, 0x0A43, 0x0A64, 0x0A64, 0x1264, 0x1264, 0x0A64, 0x0A43, 
    0x0A64, 0x0A43, 0x0A43, 0x0A43, 0x0A44, 0x0A64, 0x0A43, 0x0A43, 0x0A43, 0x0A43, 0x0A64, 0x1264, 
    0x0A43, 0x0A64, 0x0A43, 0x0A43, 0x0A43, 0x0A64, 0x0A43, 0x0A43, 0x0A43, 0x0A23, 0x0A23, 0x0A23, 
    0x0A03, 0x0203, 0x0A03, 0x0A03, 0x0A03, 0x0203, 0x0203, 0x0A23, 0x0A23, 0x0A03, 0x0A23, 0x0A23, 
    0x0A23, 0x0A44, 0x0A23, 0x0203, 0x01E2, 0x01E3, 0x01E3, 0x01E3, 0x01E3, 0x0A03, 0x0A03, 0x0A03, 
    0x0A03, 0x0203, 0x0203, 0x0A03, 0x0A03, 0x0A03, 0x01E3, 0x01E3, 0x01E3, 0x01E3, 0x09E3, 0x01E3, 
    0x01A2, 0x01C2, 0x01C3, 0x01C2, 0x01C2, 0x01A2, 0x01A2, 0x0182, 0x01A2, 0x0182, 0x01A2, 0x01A2, 
    0x0182, 0x01A2, 0x0182, 0x0182, 0x0182, 0x0182, 0x0162, 0x0162, 0x0162, 0x0162, 0x0162, 0x0141, 
    0x0141, 0x0121, 0x0121, 0x0142, 0x0121, 0x0121, 0x0121, 0x0121, 0x0141, 0x0121, 0x0101, 0x00E1, 
    0x00E1, 0x00E1, 0x0101, 0x0101, 0x00E1, 0x00E1, 0x00C1, 0x00C1, 0x00C1, 0x00C1, 0x00A0, 0x00A0, 
    0x00A0, 0x0000, 0x62A6, 0x6284, 0x7B47, 0x1080, 0x0060, 0x0060, 0x0080, 0x0060, 0x10C1, 0x72E5, 
    0x5A85, 0x62A5, 0x0000, 0x00C1, 0x00C1, 0x00C1, 0x00E1, 0x00C1, 0x00E1, 0x00E1, 0x00C1, 0x00E1, 
    0x00E1, 0x00E1, 0x0101, 0x0121, 0x00E1, 0x0101, 0x0101, 0x0101, 0x0121, 0x0121, 0x0121, 0x0121, 
    0x0121, 0x0121, 0x0142, 0x0141, 0x0142, 0x0142, 0x0142, 0x0162, 0x0162, 0x0142, 0x0162, 0x0162, 
    0x0162, 0x0142, 0x0162, 0x0182, 0x0182, 0x01A2, 0x01A2, 0x01A2, 0x01A2, 0x01A2, 0x01A3, 0x01A2, 
    0x01A2, 0x01A2, 0x01A2, 0x01A2, 0x01A2, 0x01A2, 0x01A2, 0x01C2, 0x09C3, 0x01C2, 0x01C2, 0x01C2, 
    0x01A2, 0x0182, 0x01C2, 0x01C2, 0x01A2, 0x01C2, 0x01C2, 0x01E2, 0x0A03, 0x01E3, 0x01E3, 0x0A03, 
    0x01E3, 0x0A03, 0x0A03, 0x0A03, 0x01E3, 0x0203, 0x0A03, 0x0A03, 0x0203, 0x0A03, 0x0203, 0x0203, 
    0x0A44, 0x0A23, 0x0A03, 0x0A23, 0x0A03, 0x0A23, 0x0A23, 0x0A23, 0x0A23, 0x0A44, 0x0A23, 0x0A43, 
    0x0A43, 0x0A43, 0x0A23, 0x0A44, 0x0A23, 0x0A23, 0x0A43, 0x0A03, 0x0A43, 0x0A43, 0x0A43, 0x1264, 
    0x0A43, 0x0A43, 0x0A23, 0x1284, 0x0A64, 0x0A64, 0x0A64, 0x0A64, 0x0A64, 0x0A44, 0x0A64, 0x0A43, 
    0x0A43, 0x0A43, 0x0A43, 0x0A43, 0x0A23, 0x0A23, 0x0A23, 0x0A44, 0x0A23, 0x0A43, 0x0A43, 0x0A43, 
    0x0A43, 0x0A23, 0x0A23, 0x0A44, 0x1264, 0x0A64, 0x0A84, 0x0A84, 0x0A43, 0x1264, 0x1264, 0x1284, 
    0x0A84, 0x0A43, 0x0A84, 0x0A84, 0x0A64, 0x0A64, 0x0A64, 0x0A64, 0x0A64, 0x1284, 0x0A64, 0x0A43, 
    0x0A43, 0x0A44, 0x0A43, 0x0A23, 0x0A44, 0x0A23, 0x0A43, 0x0A43, 0x0A23, 0x0A23, 0x0A44, 0x1284, 
    0x0A44, 0x0A43, 0x0A44, 0x0A64, 0x0A64, 0x0A64, 0x0A64, 0x0A64, 0x0A44, 0x0A43, 0x0A44, 0x0A64, 
    0x0A43, 0x0A43, 0x0A84, 0x0A64, 0x0A44, 0x0A23, 0x0A43, 0x0A43, 0x0A44, 0x0A43, 0x0A43, 0x1264, 
    0x0A43, 0x0A43, 0x0A63, 0x0A64, 0x1264, 0x0A64, 0x0A43, 0x0A64, 0x0A64, 0x0A64, 0x0A43, 0x0A44, 
    0x0A43, 0x0A43, 0x0A44, 0x0A44, 0x0A44, 0x0A43, 0x0A64, 0x0A64, 0x0A44, 0x0A43, 0x0A43, 0x0A44, 
    0x0A64, 0x0A44, 0x0A23, 0x0A23, 0x0A23, 0x0A43, 0x0A23, 0x0A23, 0x0A23, 0x0A03, 0x0A23, 0x0A23, 
    0x0A03, 0x0A03, 0x0203, 0x0A03, 0x0A23, 0x0A03, 0x0A03, 0x09E3, 0x0A03, 0x0A03, 0x01E3, 0x0A03, 
    0x0A03, 0x0203, 0x01E3, 0x01E3, 0x0A03, 0x0A03, 0x0A03, 0x0A03, 0x0A03, 0x09E3, 0x01E3, 0x01E3, 
    0x01E3, 0x01C2, 0x01E3, 0x01E3, 0x01E3, 0x09E3, 0x01E3, 0x01C2, 0x01C2, 0x01C3, 0x01A2, 0x01A2, 
    0x0182, 0x0182, 0x0182, 0x01A2, 0x01A2, 0x01A2, 0x01A2, 0x01A2, 0x0182, 0x0162, 0x0161, 0x0141, 
    0x0162, 0x0162, 0x0162, 0x0162, 0x0162, 0x0162, 0x0142, 0x0141, 0x0121, 0x0121, 0x0121, 0x0121, 
    0x0121, 0x0121, 0x0142, 0x0121, 0x0101, 0x0101, 0x0101, 0x00E1, 0x0101, 0x0101, 0x0101, 0x00E1, 
    0x00E1, 0x00C1, 0x00C1, 0x00C1, 0x00C1, 0x00C0, 0x00A0, 0x0080, 0x00A0, 0x0000, 0x62A6, 0x6264, 
    0x7B47, 0x1080, 0x0060, 0x0060, 0x0080, 0x0040, 0x10C1, 0x7306, 0x62A5, 0x6285, 0x0000, 0x00C1, 
    0x00C1, 0x00C1, 0x00C1, 0x00E1, 0x00E1, 0x00E1, 0x00C1, 0x00E1, 0x00E1, 0x00E1, 0x00E1, 0x00E1, 
    0x0101, 0x0121, 0x0101, 0x0101, 0x0101, 0x0121, 0x0142, 0x0121, 0x0121, 0x0121, 0x0121, 0x0162, 
    0x0142, 0x0162, 0x0162, 0x0162, 0x0162, 0x0162, 0x0162, 0x0162, 0x0182, 0x0162, 0x0162, 0x0182, 
    0x0162, 0x0182, 0x01A2, 0x0182, 0x0182, 0x0182, 0x0182, 0x0182, 0x01A2, 0x01A2, 0x01A2, 0x0182, 
    0x01A2, 0x01A2, 0x01C2, 0x01C2, 0x01E3, 0x01C2, 0x01A2, 0x01A2, 0x01C3, 0x01C3, 0x01C2, 0x01C2, 
    0x09E3, 0x01E3, 0x01E3, 0x01E3, 0x01E3, 0x01C2, 0x01E3, 0x01E3, 0x0A03, 0x01E3, 0x0A03, 0x0A23, 
    0x0A23, 0x0A03, 0x0A03, 0x01E3, 0x0203, 0x01E3, 0x0A03, 0x0A03, 0x0A03, 0x0A03, 0x0A03, 0x0A03, 
    0x0A03, 0x0A03, 0x0A23, 0x0A23, 0x1264, 0x0A44, 0x0A43, 0x0A64, 0x0A43, 0x1264, 0x0A44, 0x0A43, 
    0x0A64, 0x0A23, 0x0A43, 0x0A44, 0x0A43, 0x0A43, 0x0A03, 0x0A44, 0x0A23, 0x0A43, 0x1264, 0x0A44, 
    0x0A23, 0x0A44, 0x1264, 0x0A64, 0x0A64, 0x0A64, 0x1264, 0x0A43, 0x0A44, 0x0A44, 0x1264, 0x0A23, 
    0x0A23, 0x0A23, 0x0A43, 0x0A23, 0x0A44, 0x0A64, 0x0A64, 0x0A43, 0x0A43, 0x0A64, 0x1284, 0x1284, 
    0x1284, 0x0A64, 0x0A64, 0x0A64, 0x0A43, 0x1264, 0x1284, 0x1284, 0x0A64, 0x0A64, 0x0A84, 0x0A84, 
    0x1284, 0x0A64, 0x0A43, 0x0A43, 0x1284, 0x0A64, 0x0A43, 0x0A64, 0x0A43, 0x0A43, 0x0A43, 0x0A23, 
    0x0A23, 0x0A23, 0x0A23, 0x1264, 0x0A64, 0x0A64, 0x0A43, 0x0A43, 0x0A64, 0x0A44, 0x0A64, 0x0A64, 
    0x0A64, 0x0A84, 0x0A64, 0x0A64, 0x0A64, 0x0A43, 0x0A43, 0x0A23, 0x0A23, 0x0A43, 0x0A44, 0x0A43, 
    0x0A23, 0x0A43, 0x0A43, 0x0A23, 0x0A23, 0x0A23, 0x0A23, 0x0A44, 0x0A43, 0x0A43, 0x0A43, 0x0A43, 
    0x0A43, 0x0A43, 0x0A64, 0x1284, 0x0A64, 0x0A64, 0x0A44, 0x0A43, 0x0A23, 0x0A23, 0x0A24, 0x0A23, 
    0x0A44, 0x0A44, 0x1264, 0x0A43, 0x0A43, 0x0A43, 0x0A23, 0x0A23, 0x0A44, 0x0A43, 0x0A23, 0x0A43, 
    0x0A43, 0x0A43, 0x0A43, 0x0A23, 0x0A03, 0x0203, 0x0A23, 0x0A03, 0x01E3, 0x0A03, 0x01E2, 0x01E3, 
    0x0A03, 0x0A03, 0x0A03, 0x0A03, 0x0A03, 0x0A03, 0x0A03, 0x0A03, 0x0203, 0x01E3, 0x01C2, 0x01E3, 
    0x0203, 0x0A03, 0x0A03, 0x0A03, 0x0203, 0x01E3, 0x01C2, 0x01E3, 0x01E3, 0x09E3, 0x01E3, 0x01E3, 
    0x09E3, 0x01E3, 0x01C2, 0x01C3, 0x01C3, 0x01A2, 0x01A2, 0x01A2, 0x01A2, 0x0182, 0x0182, 0x0182, 
    0x0182, 0x0182, 0x0182, 0x0182, 0x0162, 0x0162, 0x0182, 0x0182, 0x0162, 0x0162, 0x0162, 0x0182, 
    0x0162, 0x0142, 0x0162, 0x0142, 0x0121, 0x0142, 0x0142, 0x0142, 0x0121, 0x0121, 0x0121, 0x0121, 
    0x0101, 0x0101, 0x00E1, 0x00E1, 0x00E1, 0x00E1, 0x0101, 0x00E1, 0x00E1, 0x00C1, 0x00C1, 0x00C0, 
    0x00C0, 0x00A0, 0x00A0, 0x00A0, 0x00A1, 0x0000, 0x62C6, 0x6284, 0x7B47, 0x1080, 0x0040, 0x0060, 
    0x0080, 0x0040, 0x10C1, 0x7B06, 0x62A5, 0x6285, 0x0000, 0x00C1, 0x00C1, 0x00C1, 0x00C1, 0x00E1, 
    0x00E1, 0x00E1, 0x00E1, 0x00E1, 0x00E1, 0x00E1, 0x00E1, 0x0101, 0x0101, 0x0121, 0x0121, 0x0121, 
    0x0121, 0x0101, 0x0121, 0x0121, 0x0121, 0x0121, 0x0141, 0x0121, 0x0121, 0x0141, 0x0142, 0x0162, 
    0x0162, 0x0162, 0x0182, 0x0182, 0x0182, 0x0182, 0x0162, 0x0161, 0x0182, 0x0182, 0x0182, 0x0162, 
    0x0162, 0x0162, 0x0182, 0x01A2, 0x0182, 0x01C3, 0x01C2, 0x01A2, 0x01C3, 0x01C3, 0x01A2, 0x01C2, 
    0x01C2, 0x01C3, 0x01C2, 0x01C2, 0x01C3, 0x01C3, 0x01C3, 0x01C2, 0x01C3, 0x01E3, 0x01C2, 0x01C3, 
    0x01C3, 0x01E3, 0x01E3, 0x09E3, 0x09E3, 0x0A03, 0x0A03, 0x0A03, 0x0203, 0x01E3, 0x0A03, 0x0A03, 
    0x0A23, 0x0A23, 0x0A03, 0x0A03, 0x0A03, 0x0A23, 0x0203, 0x0203, 0x0A23, 0x0A03, 0x0A23, 0x1264, 
    0x0A43, 0x1264, 0x0A43, 0x0A23, 0x1264, 0x0A44, 0x0A44, 0x0A43, 0x0A43, 0x0A43, 0x0A43, 0x0A44, 
    0x0A64, 0x0A64, 0x0A43, 0x0A23, 0x0A43, 0x0A43, 0x0A23, 0x0A43, 0x0A43, 0x0A44, 0x0A64, 0x0A64, 
    0x0A64, 0x0A84, 0x0A64, 0x0A43, 0x0A43, 0x0A43, 0x0A23, 0x0A23, 0x0A44, 0x0A23, 0x0A23, 0x0A43, 
    0x0A43, 0x0A44, 0x0A43, 0x0A44, 0x0A43, 0x0A43, 0x0A64, 0x0A84, 0x0A64, 0x0A64, 0x0A63, 0x0A43, 
    0x0A64, 0x0A64, 0x0A64, 0x0A64, 0x0A64, 0x0A44, 0x0A43, 0x0A43, 0x0A63, 0x0A43, 0x0A64, 0x1284, 
    0x0A84, 0x0A44, 0x0A43, 0x0A64, 0x0A44, 0x0A43, 0x0A43, 0x0A64, 0x1264, 0x0A44, 0x0A43, 0x0A43, 
    0x0A43, 0x0A64, 0x0A64, 0x0A64, 0x1284, 0x0A64, 0x1284, 0x0A44, 0x0A43, 0x0A44, 0x0A44, 0x1264, 
    0x0A64, 0x0A44, 0x0A43, 0x0A23, 0x0A43, 0x0A44, 0x0A43, 0x0A43, 0x0A44, 0x0A43, 0x0A23, 0x0A23, 
    0x0A44, 0x1284, 0x0A64, 0x0A23, 0x0A23, 0x0A43, 0x0A23, 0x0A23, 0x0A43, 0x0A23, 0x0A43, 0x0A64, 
    0x0A23, 0x0A43, 0x0A44, 0x0A23, 0x0A23, 0x0A23, 0x0A24, 0x0A23, 0x0A44, 0x0A44, 0x1264, 0x0A44, 
    0x0A44, 0x1244, 0x0A23, 0x0A43, 0x0A44, 0x0A44, 0x0A44, 0x0A23, 0x0A43, 0x0A43, 0x0A23, 0x0A03, 
    0x0A23, 0x0A23, 0x0A23, 0x0203, 0x0A03, 0x0A03, 0x0203, 0x0A03, 0x0A03, 0x09E3, 0x0A03, 0x0A03, 
    0x0A03, 0x0A23, 0x09E3, 0x01E3, 0x01E3, 0x01C2, 0x01A2, 0x01C2, 0x0203, 0x0203, 0x09E3, 0x01E3, 
    0x01E2, 0x01E2, 0x01E3, 0x01C2, 0x09E3, 0x09E3, 0x01C3, 0x09E3, 0x01E3, 0x01E3, 0x01C3, 0x01E3, 
    0x01C2, 0x01A2, 0x01A2, 0x0182, 0x01A2, 0x0182, 0x0182, 0x0162, 0x0182, 0x0182, 0x0182, 0x0182, 
    0x0182, 0x0162, 0x0182, 0x0162, 0x0162, 0x0182, 0x0182, 0x0162, 0x0162, 0x0162, 0x0162, 0x0162, 
    0x0162, 0x0142, 0x0121, 0x0121, 0x0121, 0x0121, 0x0101, 0x0121, 0x0101, 0x00E1, 0x0101, 0x00E1, 
    0x00E1, 0x00E1, 0x0101, 0x00E1, 0x00C1, 0x00E1, 0x00C1, 0x00C1, 0x00C1, 0x00A1, 0x00A1, 0x00A0, 
    0x00A0, 0x0000, 0x62C6, 0x6285, 0x7B47, 0x1080, 0x0040, 0x0060, 0x0080, 0x0040, 0x18C1, 0x7B05, 
    0x5A85, 0x6285, 0x0000, 0x00C1, 0x00C1, 0x00C0, 0x00C1, 0x00C1, 0x00E1, 0x00E1, 0x00E1, 0x00E1, 
    0x00E1, 0x00E1, 0x0101, 0x0101, 0x0101, 0x0101, 0x0101, 0x0101, 0x0101, 0x0101, 0x0121, 0x0101, 
    0x0121, 0x0142, 0x0142, 0x0121, 0x0121, 0x0142, 0x0121, 0x0162, 0x0162, 0x0162, 0x0162, 0x0182, 
    0x0182, 0x0162, 0x0162, 0x0182, 0x0162, 0x0182, 0x0162, 0x0162, 0x0182, 0x0162, 0x01A2, 0x01A2, 
    0x0182, 0x0182, 0x01A2, 0x01A2, 0x01A2, 0x01C3, 0x01C3, 0x01A2, 0x01C2, 0x01A2, 0x01A2, 0x01E3, 
    0x01C2, 0x01A2, 0x01A2, 0x01C3, 0x01A2, 0x09C3, 0x01A2, 0x01C3, 0x01C3, 0x01E3, 0x01E3, 0x01C3, 
    0x01C2, 0x09E3, 0x01E3, 0x01E3, 0x01E3, 0x09E3, 0x0A03, 0x09E3, 0x0A03, 0x0A03, 0x0A23, 0x0A03, 
    0x0A03, 0x0A23, 0x0A23, 0x0A03, 0x0203, 0x0A23, 0x0A23, 0x0A23, 0x0A44, 0x0A44, 0x0A23, 0x0A44, 
    0x0A44, 0x0A44, 0x0A43, 0x0A23, 0x0A43, 0x0A43, 0x0A23, 0x0A23, 0x1264, 0x0A44, 0x0A23, 0x0A23, 
    0x0A23, 0x0A43, 0x0A43, 0x0A23, 0x0A23, 0x0A44, 0x0A64, 0x0A43, 0x0A43, 0x0A64, 0x0A64, 0x0A43, 
    0x0A44, 0x0A43, 0x0A43, 0x0A43, 0x0A43, 0x0A23, 0x0A03, 0x0A23, 0x0A23, 0x0A43, 0x0A23, 0x0A23, 
    0x0A64, 0x0A43, 0x0A63, 0x0A64, 0x0A43, 0x0A43, 0x0A43, 0x0A43, 0x0A44, 0x0A43, 0x0A43, 0x0A44, 
    0x0A43, 0x0A64, 0x0A43, 0x0A23, 0x0A23, 0x0A23, 0x0A23, 0x0A64, 0x1284, 0x0A44, 0x0A43, 0x0A44, 
    0x0A43, 0x0A44, 0x0A43, 0x0A43, 0x0A23, 0x0A23, 0x0A23, 0x0A43, 0x0A44, 0x0A64, 0x0A43, 0x0A64, 
    0x0A64, 0x1284, 0x0A64, 0x0A43, 0x0A44, 0x0A44, 0x1264, 0x1284, 0x0A64, 0x0A43, 0x0A43, 0x0A43, 
    0x0A44, 0x0A44, 0x0A43, 0x0A43, 0x0A23, 0x0A03, 0x0A03, 0x0A23, 0x0A64, 0x0A64, 0x0A44, 0x0A03, 
    0x0A03, 0x0A43, 0x0A23, 0x0A23, 0x0A43, 0x0A23, 0x0A23, 0x0A43, 0x0A43, 0x0A43, 0x0A44, 0x0A44, 
    0x0A23, 0x0A03, 0x0A03, 0x0A23, 0x0A44, 0x0A23, 0x0A43, 0x0A43, 0x0A44, 0x0A23, 0x0A43, 0x0A64, 
    0x0A64, 0x0A23, 0x0A23, 0x0A23, 0x0A43, 0x0A23, 0x0A23, 0x0A23, 0x0A23, 0x0203, 0x0203, 0x0A03, 
    0x0A03, 0x0A23, 0x0A23, 0x09E3, 0x01E2, 0x01E2, 0x01E2, 0x09E3, 0x0A03, 0x01E3, 0x01E3, 0x01E3, 
    0x01E3, 0x01C2, 0x01C2, 0x01C2, 0x01E3, 0x0A03, 0x01E3, 0x01E3, 0x0203, 0x01C2, 0x01C2, 0x01C2, 
    0x01C3, 0x01C3, 0x01C3, 0x09E3, 0x09E3, 0x01E3, 0x09E3, 0x09C3, 0x01C2, 0x01A2, 0x01A2, 0x01A2, 
    0x01A2, 0x01A2, 0x0182, 0x0182, 0x0182, 0x0182, 0x0182, 0x0182, 0x0182, 0x0162, 0x0162, 0x0162, 
    0x0162, 0x0162, 0x0182, 0x0162, 0x0162, 0x0162, 0x0162, 0x0142, 0x0121, 0x0121, 0x0121, 0x0121, 
    0x0121, 0x0121, 0x0121, 0x0101, 0x0101, 0x00E1, 0x0101, 0x0101, 0x00E1, 0x0101, 0x00E1, 0x00E1, 
    0x00C1, 0x00E1, 0x00C1, 0x00C1, 0x00C1, 0x00C1, 0x00A1, 0x00A0, 0x00A1, 0x0000, 0x62A6, 0x6284, 
    0x7B47, 0x1080, 0x0040, 0x0060, 0x0080, 0x0040, 0x18C1, 0x7B05, 0x5A85, 0x6285, 0x0000, 0x00C1, 
    0x00A0, 0x00C1, 0x00C1, 0x00C1, 0x00C1, 0x00E1, 0x00E1, 0x00E1, 0x00E1, 0x00E1, 0x0101, 0x0101, 
    0x00E1, 0x0101, 0x0101, 0x0101, 0x0101, 0x0101, 0x0101, 0x0101, 0x0121, 0x0142, 0x0142, 0x0121, 
    0x0101, 0x0142, 0x0162, 0x0141, 0x0162, 0x0162, 0x0142, 0x0162, 0x0162, 0x0182, 0x0182, 0x0182, 
    0x0162, 0x0162, 0x0182, 0x0182, 0x0182, 0x0182, 0x0182, 0x0182, 0x0182, 0x0182, 0x01A2, 0x01A2, 
    0x01A2, 0x01A2, 0x01A2, 0x01C3, 0x01C2, 0x01A2, 0x01A2, 0x01A2, 0x01A2, 0x01A2, 0x01A2, 0x01A2, 
    0x09E3, 0x01C2, 0x01C2, 0x01C3, 0x01C3, 0x01C2, 0x01C2, 0x09C3, 0x01E3, 0x01C2, 0x01E2, 0x0A03, 
    0x09E3, 0x0A03, 0x09E3, 0x0A03, 0x0A03, 0x0A03, 0x0A03, 0x01E3, 0x09E3, 0x0A23, 0x0203, 0x0203, 
    0x0A03, 0x0A23, 0x0A23, 0x0A23, 0x0A44, 0x0A44, 0x0A23, 0x1244, 0x0A44, 0x1244, 0x1264, 0x0A43, 
    0x0A23, 0x0A23, 0x0A44, 0x0A23, 0x0A23, 0x0A43, 0x0203, 0x0A23, 0x0A43, 0x0A23, 0x0A23, 0x0A23, 
    0x0A43, 0x0A23, 0x0A23, 0x0A44, 0x0A43, 0x0A64, 0x0A44, 0x0A44, 0x0A44, 0x0A23, 0x1264, 0x0A64, 
    0x0A64, 0x0A44, 0x0A23, 0x0A23, 0x0A43, 0x0A23, 0x0A43, 0x0A23, 0x0A23, 0x0A43, 0x0223, 0x0A64, 
    0x0A43, 0x0A23, 0x0A43, 0x0A64, 0x0A43, 0x0A43, 0x0A23, 0x0A43, 0x0A23, 0x0A43, 0x0A64, 0x0A43, 
    0x0A43, 0x0A43, 0x0A43, 0x0A64, 0x0A43, 0x0A44, 0x0A44, 0x0A44, 0x0A44, 0x0A43, 0x0A64, 0x1284, 
    0x0A64, 0x0223, 0x0A44, 0x0A44, 0x0A24, 0x0A23, 0x0A44, 0x0A64, 0x0A43, 0x0A64, 0x0A43, 0x0A64, 
    0x1284, 0x1264, 0x1264, 0x1264, 0x1284, 0x1264, 0x0A64, 0x0A43, 0x0A23, 0x0A44, 0x0A64, 0x0A44, 
    0x0A44, 0x0A23, 0x0A23, 0x0A23, 0x0A23, 0x0A23, 0x0A23, 0x0A23, 0x0A23, 0x0A23, 0x0A23, 0x0A23, 
    0x0A23, 0x0A43, 0x0A23, 0x0A23, 0x0A43, 0x0A43, 0x0A23, 0x0A23, 0x0203, 0x0203, 0x0A23, 0x0A44, 
    0x0A44, 0x0A23, 0x0A43, 0x0A43, 0x0A44, 0x0A44, 0x0A43, 0x0A43, 0x0A23, 0x0A23, 0x0A23, 0x0A23, 
    0x0A44, 0x0A43, 0x0A23, 0x0A23, 0x0A23, 0x0A23, 0x0A03, 0x0A03, 0x0A23, 0x0A03, 0x0A03, 0x01C2, 
    0x01E3, 0x01E2, 0x01E2, 0x09E3, 0x01E3, 0x01E3, 0x0A03, 0x01E3, 0x01C3, 0x0A03, 0x01E3, 0x01E3, 
    0x0A03, 0x0203, 0x0203, 0x01E3, 0x01E3, 0x01C3, 0x01A2, 0x01A2, 0x01E3, 0x01E3, 0x01E3, 0x01C3, 
    0x01C2, 0x01C3, 0x01C3, 0x01C2, 0x01C2, 0x01A2, 0x01A2, 0x01A2, 0x01A2, 0x01A2, 0x0182, 0x0182, 
    0x0182, 0x0182, 0x0182, 0x0182, 0x0182, 0x0162, 0x0162, 0x0162, 0x0162, 0x0162, 0x0162, 0x0162, 
    0x0162, 0x0162, 0x0142, 0x0121, 0x0121, 0x0121, 0x0121, 0x0121, 0x0121, 0x0121, 0x0101, 0x0101, 
    0x00E1, 0x0101, 0x0101, 0x0101, 0x0101, 0x0101, 0x00E1, 0x00E1, 0x00E1, 0x00C1, 0x00C0, 0x00C1, 
    0x00C1, 0x00C1, 0x00A0, 0x00A0, 0x00C1, 0x0000, 0x62A5, 0x6264, 0x7B47, 0x1080, 0x0040, 0x0060, 
    0x0080, 0x0040, 0x18C1, 0x7B06, 0x5A85, 0x6285, 0x0000, 0x00C1, 0x00A0, 0x00C1, 0x00C1, 0x00C1, 
    0x00C1, 0x00C1, 0x00E1, 0x00E1, 0x00E1, 0x00E1, 0x0101, 0x00E1, 0x00E1, 0x00E1, 0x0101, 0x0101, 
    0x0101, 0x0101, 0x0101, 0x0121, 0x0121, 0x0121, 0x0142, 0x0121, 0x0101, 0x0142, 0x0142, 0x0141, 
    0x0162, 0x0162, 0x0162, 0x0162, 0x0162, 0x0182, 0x0182, 0x0182, 0x0182, 0x0162, 0x0182, 0x0182, 
    0x0182, 0x01A2, 0x01A2, 0x0182, 0x0182, 0x0182, 0x01A2, 0x01C2, 0x01C2, 0x01C2, 0x01A2, 0x01A2, 
    0x01A2, 0x01C2, 0x01C2, 0x01A2, 0x01A2, 0x01A2, 0x01C2, 0x01C3, 0x01C3, 0x01A2, 0x01A2, 0x01C2, 
    0x01C3, 0x01C2, 0x01E3, 0x01E3, 0x01E3, 0x01C2, 0x09E3, 0x0A03, 0x09E3, 0x09E3, 0x0A03, 0x0A23, 
    0x0A03, 0x0A03, 0x0A03, 0x0A03, 0x0A03, 0x0A03, 0x0A03, 0x0A03, 0x0203, 0x0A23, 0x0A23, 0x0A23, 
    0x0A23, 0x0A44, 0x0A43, 0x0A23, 0x0A43, 0x0A23, 0x0A23, 0x0A03, 0x0A23, 0x0A03, 0x0A23, 0x0A43, 
    0x0203, 0x0A23, 0x0A23, 0x0A23, 0x0A43, 0x0A43, 0x0A43, 0x0A43, 0x0A23, 0x0A23, 0x0A23, 0x0A23, 
    0x0A64, 0x0A64, 0x0A23, 0x0A43, 0x0A23, 0x0A43, 0x0A64, 0x0A64, 0x0A44, 0x0A23, 0x0A23, 0x0A23, 
    0x0A23, 0x0A23, 0x0A23, 0x0A23, 0x0A23, 0x0A43, 0x0A43, 0x0A43, 0x0A43, 0x0A43, 0x0A43, 0x0A43, 
    0x0A43, 0x0A44, 0x0A23, 0x0A23, 0x0A03, 0x0A44, 0x0A43, 0x0A43, 0x0A23, 0x0A43, 0x0A43, 0x0A43, 
    0x0A43, 0x0A43, 0x0A44, 0x0A43, 0x0A43, 0x0A64, 0x1284, 0x0A64, 0x0A64, 0x0A43, 0x0A43, 0x0A23, 
    0x0A23, 0x0A43, 0x0A64, 0x0A64, 0x0A43, 0x0A43, 0x0A44, 0x0A64, 0x1264, 0x1264, 0x0A64, 0x1284, 
    0x0A84, 0x0A44, 0x0A64, 0x0A43, 0x0A44, 0x0A43, 0x0A43, 0x0A43, 0x0A64, 0x0A43, 0x0A23, 0x0A43, 
    0x0A44, 0x0A43, 0x0A43, 0x0A43, 0x0A43, 0x0A23, 0x0A23, 0x0A43, 0x0A43, 0x0A44, 0x0A43, 0x0A44, 
    0x0A23, 0x0A23, 0x0A23, 0x0A23, 0x0A23, 0x0A23, 0x0A43, 0x0A44, 0x0A23, 0x0A23, 0x0A24, 0x0A23, 
    0x0A23, 0x0A44, 0x0A64, 0x0A44, 0x0A43, 0x0A23, 0x0A43, 0x0A23, 0x0A43, 0x0A23, 0x0A23, 0x0A23, 
    0x0A03, 0x0A03, 0x0A03, 0x0A23, 0x0A23, 0x0A03, 0x0203, 0x0203, 0x0203, 0x01E2, 0x0203, 0x0A03, 
    0x0A03, 0x0A03, 0x0A03, 0x0A03, 0x0A03, 0x01E3, 0x01E3, 0x09E3, 0x01E3, 0x01E3, 0x01E3, 0x01C2, 
    0x01C3, 0x01A2, 0x01C2, 0x01C2, 0x01E3, 0x01E3, 0x01E3, 0x01C2, 0x01C3, 0x01C3, 0x01A2, 0x01A2, 
    0x01A2, 0x01A2, 0x01A2, 0x01A2, 0x01A2, 0x01A2, 0x01A2, 0x0182, 0x0182, 0x0182, 0x0182, 0x0182, 
    0x0182, 0x0182, 0x0182, 0x0182, 0x0162, 0x0141, 0x0141, 0x0162, 0x0162, 0x0162, 0x0142, 0x0121, 
    0x0141, 0x0121, 0x0121, 0x0101, 0x0121, 0x0101, 0x0101, 0x0101, 0x0101, 0x0101, 0x0101, 0x00E1, 
    0x00E1, 0x00E1, 0x00E1, 0x00E1, 0x00E1, 0x00E1, 0x00C1, 0x00C1, 0x00C1, 0x00C1, 0x00A0, 0x00A0, 
    0x00C1, 0x0000, 0x6AC6, 0x6285, 0x7B27, 0x1080, 0x0040, 0x0060, 0x0080, 0x0060, 0x18C1, 0x7B06, 
    0x5A85, 0x6285, 0x0000, 0x00C1, 0x00A0, 0x00A0, 0x00C1, 0x00C1, 0x00E1, 0x00C1, 0x00C1, 0x00C1, 
    0x00E1, 0x00E1, 0x00E1, 0x00E1, 0x00E1, 0x00E1, 0x0101, 0x0101, 0x0101, 0x0101, 0x0121, 0x0122, 
    0x0121, 0x0121, 0x0121, 0x0121, 0x0142, 0x0142, 0x0121, 0x0121, 0x0142, 0x0162, 0x0142, 0x0162, 
    0x0162, 0x0141, 0x0141, 0x0182, 0x0182, 0x0182, 0x0182, 0x0182, 0x01C3, 0x01A2, 0x01A2, 0x01A2, 
    0x01A2, 0x01A2, 0x01C2, 0x01C2, 0x01A2, 0x01A2, 0x01C3, 0x01C2, 0x01A2, 0x01A2, 0x01A2, 0x01C2, 
    0x01C3, 0x01A2, 0x01A2, 0x09E3, 0x01C3, 0x01A2, 0x01A2, 0x01A2, 0x01C2, 0x01E3, 0x01C2, 0x01E3, 
    0x09E3, 0x09C3, 0x09E3, 0x0A03, 0x0A03, 0x01E3, 0x01E3, 0x0A03, 0x0A03, 0x0A03, 0x0A23, 0x0A03, 
    0x0203, 0x0203, 0x0A23, 0x0A03, 0x0203, 0x0A03, 0x0A03, 0x0A23, 0x0A43, 0x0A23, 0x0A23, 0x0A44, 
    0x0A23, 0x0A43, 0x0A23, 0x0A23, 0x0A03, 0x0A23, 0x0A23, 0x0A23, 0x0203, 0x0A23, 0x0A43, 0x0A43, 
    0x0A43, 0x0223, 0x0A23, 0x0A43, 0x0A23, 0x0A23, 0x0A23, 0x0A23, 0x0A43, 0x0A23, 0x0203, 0x0A03, 
    0x0A23, 0x0A43, 0x0A23, 0x0A23, 0x0A23, 0x0A23, 0x0A23, 0x0A43, 0x0223, 0x0A23, 0x0A23, 0x0A23, 
    0x0A23, 0x0A43, 0x0A23, 0x0A43, 0x0A43, 0x0A43, 0x0A64, 0x0A64, 0x0A44, 0x0A23, 0x0A03, 0x0A03, 
    0x0A23, 0x0A43, 0x0A43, 0x0A64, 0x0A64, 0x0A43, 0x0A44, 0x0A44, 0x0A43, 0x0A43, 0x0A43, 0x0A43, 
    0x0A64, 0x1284, 0x1264, 0x0A43, 0x0A43, 0x0A43, 0x0223, 0x0A43, 0x0A43, 0x0A43, 0x0A23, 0x0A23, 
    0x0A64, 0x0A64, 0x0A64, 0x1264, 0x0A44, 0x0A64, 0x0A43, 0x0A43, 0x0A64, 0x0A43, 0x0A44, 0x0A43, 
    0x0A43, 0x0A23, 0x0A64, 0x0A64, 0x0A44, 0x0A23, 0x0A43, 0x0A43, 0x0A64, 0x0A23, 0x0A44, 0x0A44, 
    0x0A64, 0x0A23, 0x0A43, 0x0A64, 0x0A43, 0x0A43, 0x0A44, 0x0A43, 0x0A03, 0x0A43, 0x0A23, 0x0A23, 
    0x0A23, 0x0A03, 0x0A23, 0x0203, 0x0A23, 0x0A23, 0x0A03, 0x0A23, 0x0203, 0x0A43, 0x0A44, 0x0A43, 
    0x0A64, 0x0A43, 0x0A23, 0x0A23, 0x0A23, 0x0A23, 0x0A23, 0x0A23, 0x0A03, 0x0A03, 0x0203, 0x0A03, 
    0x0A03, 0x0A03, 0x0A03, 0x0203, 0x01E3, 0x01E3, 0x0A23, 0x0A23, 0x0A23, 0x0A03, 0x0A03, 0x0A03, 
    0x01E3, 0x01C3, 0x0A03, 0x0A03, 0x01E3, 0x01E2, 0x01E3, 0x01C3, 0x01C3, 0x01C2, 0x01C2, 0x01C3, 
    0x01C3, 0x01E3, 0x01E3, 0x01E3, 0x01C2, 0x01C2, 0x01C2, 0x01A2, 0x01C3, 0x01C2, 0x01A3, 0x0182, 
    0x01A2, 0x01A2, 0x01A2, 0x0182, 0x0182, 0x0182, 0x0182, 0x0182, 0x0162, 0x0182, 0x0162, 0x0142, 
    0x0141, 0x0121, 0x0121, 0x0141, 0x0162, 0x0162, 0x0142, 0x0142, 0x0121, 0x0121, 0x0101, 0x0121, 
    0x0121, 0x0101, 0x0101, 0x0101, 0x0101, 0x0101, 0x0101, 0x00E1, 0x00E1, 0x00E1, 0x00E1, 0x00E1, 
    0x00E1, 0x00C1, 0x00C1, 0x00C1, 0x00C1, 0x00A1, 0x00A0, 0x00A0, 0x00A0, 0x0000, 0x6AC6, 0x6285, 
    0x7B48, 0x1080, 0x0040, 0x0040, 0x0080, 0x0060, 0x10C1, 0x7B06, 0x5A85, 0x6285, 0x0000, 0x00C1, 
    0x00A0, 0x00A0, 0x00C1, 0x00C1, 0x00C1, 0x00C1, 0x00C1, 0x00E1, 0x00E1, 0x00E1, 0x00E1, 0x00E1, 
    0x00E1, 0x00E1, 0x0101, 0x0101, 0x0101, 0x0101, 0x0101, 0x0121, 0x0122, 0x0121, 0x0142, 0x0141, 
    0x0141, 0x0121, 0x0121, 0x0121, 0x0142, 0x0141, 0x0141, 0x0142, 0x0162, 0x0141, 0x0162, 0x0162, 
    0x0182, 0x0182, 0x0182, 0x0182, 0x0182, 0x0182, 0x01A2, 0x01C3, 0x01C2, 0x01A2, 0x01A2, 0x01A2, 
    0x01A2, 0x01C2, 0x01A2, 0x01A2, 0x01C2, 0x01C2, 0x0182, 0x01C2, 0x01A2, 0x01A2, 0x01C3, 0x01A2, 
    0x01C3, 0x01C2, 0x01A2, 0x01C2, 0x0A03, 0x01E3, 0x01C2, 0x01E3, 0x01C2, 0x01C2, 0x09C3, 0x01E3, 
    0x01E3, 0x01E3, 0x01E3, 0x0A03, 0x0A03, 0x0A03, 0x01E3, 0x01E3, 0x0203, 0x0A03, 0x0A03, 0x0A03, 
    0x0A23, 0x0A23, 0x0A23, 0x0A43, 0x0A43, 0x0A23, 0x0A23, 0x0A03, 0x0A03, 0x0A23, 0x0A23, 0x0A03, 
    0x0A23, 0x0A03, 0x0A03, 0x0A03, 0x0A23, 0x0A43, 0x0A44, 0x0A23, 0x0A23, 0x0A23, 0x0A23, 0x0A23, 
    0x0A23, 0x0A44, 0x0A23, 0x0A23, 0x0A23, 0x0A23, 0x0A23, 0x0A23, 0x0A23, 0x0A43, 0x0A44, 0x0A23, 
    0x0A03, 0x0A23, 0x0A23, 0x0A23, 0x0A43, 0x0A23, 0x0A23, 0x0A43, 0x0A23, 0x0A23, 0x0A23, 0x0A43, 
    0x0A43, 0x0A43, 0x0A64, 0x0A44, 0x0A23, 0x0A03, 0x0A23, 0x0A03, 0x0A23, 0x0A23, 0x0A23, 0x0A64, 
    0x0A43, 0x0A23, 0x0A44, 0x0A23, 0x0A43, 0x0A64, 0x0223, 0x0A64, 0x0A64, 0x0A43, 0x0A64, 0x0A44, 
    0x0A23, 0x0A44, 0x0A43, 0x0A43, 0x0A64, 0x0A23, 0x0A23, 0x0A23, 0x0A23, 0x0A64, 0x0A03, 0x0A23, 
    0x0A23, 0x0A43, 0x0A44, 0x0A23, 0x0A23, 0x0A23, 0x0A03, 0x0A43, 0x0A43, 0x0A43, 0x0A43, 0x0A43, 
    0x0A43, 0x0A43, 0x0A43, 0x0A44, 0x0A64, 0x0A43, 0x0A64, 0x0A44, 0x0A64, 0x0A43, 0x0A23, 0x0A64, 
    0x0A64, 0x0A43, 0x0A43, 0x0A23, 0x0A03, 0x0A23, 0x0A03, 0x0A44, 0x0A44, 0x0A23, 0x0A23, 0x0203, 
    0x0A03, 0x0A03, 0x0203, 0x0A23, 0x0A03, 0x0A23, 0x0A44, 0x0A64, 0x0A23, 0x0A23, 0x0A44, 0x0A23, 
    0x0A23, 0x0A23, 0x0A23, 0x0A23, 0x0A03, 0x0A03, 0x01E3, 0x09E3, 0x01E3, 0x01E3, 0x01E3, 0x0203, 
    0x01E3, 0x01E3, 0x0A43, 0x0A23, 0x0A23, 0x0A03, 0x0A23, 0x01E3, 0x01C3, 0x0A03, 0x09E3, 0x01E3, 
    0x01E2, 0x01E3, 0x01E2, 0x01C2, 0x01C2, 0x01A2, 0x01C3, 0x01C3, 0x01E3, 0x01C2, 0x01C3, 0x01C3, 
    0x01C2, 0x01C2, 0x01A2, 0x01A2, 0x01C3, 0x01A2, 0x01A2, 0x01A2, 0x01A2, 0x0182, 0x0182, 0x0182, 
    0x0182, 0x0182, 0x0182, 0x0182, 0x0162, 0x0162, 0x0142, 0x0121, 0x0141, 0x0141, 0x0141, 0x0141, 
    0x0162, 0x0142, 0x0121, 0x0121, 0x0121, 0x0121, 0x0101, 0x0121, 0x0101, 0x0101, 0x0101, 0x0101, 
    0x0101, 0x0101, 0x0101, 0x00E1, 0x00E1, 0x00E1, 0x00C1, 0x00E1, 0x00E1, 0x00C1, 0x00C1, 0x00C1, 
    0x00C1, 0x00A1, 0x00A0, 0x00A0, 0x00C1, 0x0000, 0x62A5, 0x6264, 0x7B27, 0x1060, 0x0040, 0x0040, 
    0x0060, 0x0040, 0x18C1, 0x7B06, 0x62A5, 0x6285, 0x0000, 0x00C1, 0x00C1, 0x00C1, 0x00C1, 0x00C1, 
    0x00C1, 0x00E1, 0x00C1, 0x00E1, 0x00E1, 0x00E1, 0x00E1, 0x00E1, 0x00E1, 0x0101, 0x0101, 0x00E1, 
    0x0101, 0x0101, 0x0121, 0x0121, 0x0121, 0x0101, 0x0121, 0x0142, 0x0121, 0x0121, 0x0141, 0x0142, 
    0x0141, 0x0141, 0x0141, 0x0142, 0x0162, 0x0162, 0x0162, 0x0162, 0x0182, 0x0182, 0x0182, 0x0182, 
    0x01A2, 0x0182, 0x01A2, 0x01A2, 0x01A2, 0x01A2, 0x0182, 0x0182, 0x01C3, 0x01A2, 0x01A2, 0x01C3, 
    0x01C3, 0x01C3, 0x01A2, 0x01A2, 0x0182, 0x01A2, 0x01A2, 0x01C3, 0x01C3, 0x01C3, 0x01A2, 0x01E3, 
    0x01E3, 0x01E3, 0x01E3, 0x01E3, 0x09E3, 0x01C3, 0x01C2, 0x01C2, 0x01C2, 0x01E3, 0x01E3, 0x01E3, 
    0x01E3, 0x0203, 0x01E2, 0x01E3, 0x01E3, 0x0203, 0x0203, 0x0A23, 0x0A23, 0x0A23, 0x0A23, 0x0A23, 
    0x0A23, 0x0A23, 0x0A23, 0x0A03, 0x0A03, 0x0A03, 0x0A03, 0x0A23, 0x0223, 0x0203, 0x0203, 0x0A23, 
    0x0A23, 0x0A23, 0x0A23, 0x0A64, 0x0A43, 0x0A23, 0x0A23, 0x0A23, 0x0A23, 0x0A43, 0x0A23, 0x0A23, 
    0x0A23, 0x0A23, 0x0A03, 0x0A23, 0x0A23, 0x0A23, 0x0A44, 0x0A23, 0x0A23, 0x0A43, 0x0A23, 0x0A23, 
    0x0A23, 0x0A23, 0x0A23, 0x0A23, 0x0A23, 0x0A23, 0x0A23, 0x0A43, 0x0A43, 0x0A43, 0x0A44, 0x0A23, 
    0x0A23, 0x0A44, 0x0A23, 0x0A23, 0x0A23, 0x0A23, 0x0A44, 0x0A43, 0x0A23, 0x0A23, 0x0A23, 0x0A43, 
    0x0A23, 0x0A43, 0x0A43, 0x0A64, 0x0A43, 0x0A44, 0x0A23, 0x0A23, 0x0A23, 0x0A43, 0x0A43, 0x0A43, 
    0x0A23, 0x0A43, 0x0A44, 0x0A44, 0x0A23, 0x0A23, 0x0A43, 0x0A43, 0x0A43, 0x0A44, 0x0A44, 0x0A23, 
    0x0A23, 0x0A23, 0x0A23, 0x0A43, 0x0A43, 0x0A44, 0x0A43, 0x0A64, 0x0A43, 0x0A43, 0x0A43, 0x0A23, 
    0x0A44, 0x0A44, 0x0A43, 0x0A23, 0x0A43, 0x0A43, 0x0A64, 0x0A64, 0x1264, 0x0A64, 0x0A44, 0x0A23, 
    0x0A23, 0x0A03, 0x0A03, 0x0A43, 0x0A44, 0x0A23, 0x0A23, 0x0203, 0x0A03, 0x0A23, 0x0A23, 0x0223, 
    0x0A23, 0x0A23, 0x0A23, 0x0A23, 0x0A23, 0x0A64, 0x0A23, 0x0A23, 0x0A43, 0x0A23, 0x0A23, 0x0A23, 
    0x01E3, 0x01E3, 0x09E3, 0x01E2, 0x0203, 0x01E2, 0x01E3, 0x0203, 0x0A03, 0x0A03, 0x0A03, 0x0A03, 
    0x0A23, 0x0A03, 0x0A03, 0x0A03, 0x01E3, 0x01E2, 0x01C2, 0x01E3, 0x01C2, 0x01E3, 0x01C2, 0x01C2, 
    0x01A2, 0x01A2, 0x01C3, 0x01C3, 0x01C3, 0x01C3, 0x01C3, 0x01C2, 0x01A2, 0x01A2, 0x01A2, 0x01A2, 
    0x01A2, 0x01A2, 0x01C3, 0x01A2, 0x0182, 0x0182, 0x0182, 0x01A2, 0x0182, 0x0182, 0x0162, 0x0162, 
    0x0182, 0x0162, 0x0162, 0x0162, 0x0142, 0x0142, 0x0162, 0x0142, 0x0142, 0x0121, 0x0121, 0x0121, 
    0x0121, 0x0121, 0x0101, 0x0121, 0x0122, 0x0101, 0x0121, 0x0121, 0x0101, 0x0101, 0x00E1, 0x00E1, 
    0x00E1, 0x00E1, 0x00E1, 0x00C1, 0x00C1, 0x00C1, 0x00C1, 0x00C1, 0x00A1, 0x00A0, 0x00A0, 0x00A0, 
    0x00A1, 0x0000, 0x6285, 0x6264, 0x7B27, 0x1060, 0x0040, 0x0060, 0x0060, 0x0040, 0x18C1, 0x7B06, 
    0x5AA5, 0x6285, 0x0000, 0x00C1, 0x00C1, 0x00C1, 0x00C1, 0x00C1, 0x00C0, 0x00C1, 0x00C1, 0x00E1, 
    0x00E1, 0x00E1, 0x00E1, 0x00E1, 0x00E1, 0x00E1, 0x0101, 0x0101, 0x0101, 0x0101, 0x0101, 0x0101, 
    0x0101, 0x0121, 0x0101, 0x0121, 0x0121, 0x0141, 0x0162, 0x0142, 0x0141, 0x0141, 0x0141, 0x0142, 
    0x0141, 0x0142, 0x0142, 0x0162, 0x0182, 0x0162, 0x0182, 0x0182, 0x0182, 0x0162, 0x0182, 0x0162, 
    0x0182, 0x01A2, 0x0182, 0x0182, 0x01A2, 0x01C3, 0x01A2, 0x0182, 0x01A2, 0x01A2, 0x0182, 0x01A2, 
    0x01A2, 0x0182, 0x01A2, 0x01C3, 0x01A2, 0x01C2, 0x01C2, 0x01C3, 0x01C3, 0x09E3, 0x01C2, 0x01A2, 
    0x01C2, 0x01A2, 0x01C2, 0x01E3, 0x01E3, 0x01C2, 0x01C2, 0x01E3, 0x01E3, 0x0A03, 0x01E3, 0x01E3, 
    0x01E2, 0x01E2, 0x0203, 0x0A23, 0x0A23, 0x0A23, 0x0A23, 0x0A03, 0x0A03, 0x0A23, 0x0A23, 0x0A23, 
    0x0A23, 0x0A03, 0x0203, 0x0223, 0x0203, 0x0A23, 0x0A23, 0x0A23, 0x0223, 0x0A23, 0x0A23, 0x0A43, 
    0x0A43, 0x0A43, 0x0A23, 0x0A03, 0x0A23, 0x0A23, 0x0A44, 0x0A44, 0x0A43, 0x0A23, 0x0A23, 0x0A23, 
    0x0A23, 0x0A23, 0x0A43, 0x0A64, 0x0A44, 0x0A44, 0x0A23, 0x0A03, 0x0A23, 0x0A23, 0x0A23, 0x0A64, 
    0x0A23, 0x0A43, 0x0A43, 0x0A44, 0x0A43, 0x0A44, 0x0A43, 0x0A23, 0x0A23, 0x0A23, 0x0223, 0x0223, 
    0x0A43, 0x0A44, 0x0A23, 0x0A43, 0x0A23, 0x0A23, 0x0A23, 0x0A23, 0x0A23, 0x0A23, 0x0A43, 0x0A23, 
    0x0A23, 0x0A43, 0x0A23, 0x0A23, 0x0A23, 0x0A44, 0x0A43, 0x0A44, 0x0A43, 0x0A64, 0x0A43, 0x0A43, 
    0x0A23, 0x0A43, 0x0A64, 0x0A44, 0x0A43, 0x0A23, 0x0A23, 0x0A44, 0x0A43, 0x0A23, 0x0A44, 0x0A23, 
    0x0A44, 0x0A44, 0x0A43, 0x0A23, 0x0A23, 0x0A23, 0x0A03, 0x0A03, 0x0A44, 0x0A44, 0x0A44, 0x0A64, 
    0x0A64, 0x0A43, 0x0A43, 0x0A44, 0x0A43, 0x0A43, 0x0A23, 0x0A23, 0x0A23, 0x0A03, 0x0A23, 0x0A23, 
    0x0A23, 0x0A23, 0x0A43, 0x0A43, 0x0A23, 0x0A43, 0x0A23, 0x0A23, 0x0A23, 0x0A03, 0x0A03, 0x0A23, 
    0x0A24, 0x0A44, 0x0A23, 0x0A43, 0x0A43, 0x0A44, 0x0A23, 0x0203, 0x01E3, 0x01E3, 0x01E3, 0x0203, 
    0x01E3, 0x0A03, 0x0203, 0x0203, 0x0A23, 0x0A03, 0x0A23, 0x0A23, 0x0A03, 0x01E3, 0x0A03, 0x01E3, 
    0x09E3, 0x01E3, 0x01E3, 0x01E3, 0x01C2, 0x01C2, 0x01A2, 0x01A2, 0x01A2, 0x01A2, 0x01A2, 0x0182, 
    0x01A2, 0x01C2, 0x01C3, 0x01C2, 0x01C2, 0x01C2, 0x01A2, 0x01A2, 0x01A2, 0x01A2, 0x01A2, 0x01A2, 
    0x01A2, 0x0182, 0x01A2, 0x01A2, 0x0182, 0x0162, 0x0162, 0x0162, 0x0162, 0x0142, 0x0162, 0x0162, 
    0x0141, 0x0141, 0x0162, 0x0142, 0x0141, 0x0141, 0x0141, 0x0121, 0x0101, 0x0121, 0x0121, 0x0101, 
    0x0101, 0x0101, 0x0101, 0x0101, 0x00E1, 0x0101, 0x00E1, 0x00E1, 0x00E1, 0x00E1, 0x00E1, 0x00C1, 
    0x00A0, 0x00C1, 0x00C1, 0x00C1, 0x00A0, 0x00A0, 0x00A0, 0x0080, 0x00A1, 0x0000, 0x6285, 0x6264, 
    0x7B47, 0x1080, 0x0040, 0x0060, 0x0060, 0x0040, 0x18C1, 0x72E5, 0x5A84, 0x6285, 0x0000, 0x00C1, 
    0x00A0, 0x00A0, 0x00A0, 0x00C1, 0x00C1, 0x00C1, 0x00C1, 0x00E1, 0x00E1, 0x00C1, 0x00C1, 0x00E1, 
    0x00E1, 0x00E1, 0x00E1, 0x0101, 0x0101, 0x0101, 0x0101, 0x0101, 0x0121, 0x0122, 0x0101, 0x0121, 
    0x0121, 0x0141, 0x0162, 0x0162, 0x0142, 0x0162, 0x0142, 0x0162, 0x0162, 0x0142, 0x0142, 0x0162, 
    0x0162, 0x0162, 0x0162, 0x0162, 0x0162, 0x0162, 0x0182, 0x0162, 0x0162, 0x0182, 0x0182, 0x0182, 
    0x01A2, 0x01A2, 0x01A2, 0x0182, 0x0182, 0x0182, 0x0162, 0x01A2, 0x01A2, 0x01A2, 0x01A2, 0x01A2, 
    0x01A2, 0x01C3, 0x09E3, 0x01C3, 0x01C2, 0x01C3, 0x01C2, 0x01C2, 0x09E3, 0x09E3, 0x0A03, 0x01E3, 
    0x01C2, 0x01E3, 0x01E3, 0x01C2, 0x01C2, 0x01C3, 0x01A2, 0x01C2, 0x01E3, 0x0203, 0x0203, 0x01E2, 
    0x0203, 0x0203, 0x0203, 0x0A03, 0x01E2, 0x0A03, 0x0A23, 0x0203, 0x0203, 0x0A23, 0x0A03, 0x0A03, 
    0x0A23, 0x0A23, 0x0223, 0x0A23, 0x0A43, 0x0A23, 0x0203, 0x0A23, 0x0A43, 0x0A23, 0x0A23, 0x0A23, 
    0x0A23, 0x0A44, 0x0A43, 0x0A23, 0x0A43, 0x0A23, 0x0A03, 0x0A23, 0x0A23, 0x0A43, 0x0A44, 0x0A23, 
    0x0A43, 0x0A23, 0x0A23, 0x0A03, 0x0A23, 0x0A23, 0x0A23, 0x0A23, 0x0A23, 0x0A43, 0x0A43, 0x0A43, 
    0x0A23, 0x0A23, 0x0A23, 0x0A44, 0x0A23, 0x0A23, 0x0203, 0x0203, 0x0223, 0x0A23, 0x0203, 0x0203, 
    0x0A23, 0x0A23, 0x0A23, 0x0A43, 0x0A23, 0x0223, 0x0203, 0x0A43, 0x0A44, 0x0A43, 0x0A23, 0x0A03, 
    0x0A23, 0x0A64, 0x1284, 0x0A64, 0x0203, 0x0A23, 0x0A23, 0x0A64, 0x0A43, 0x0A43, 0x0A44, 0x0A23, 
    0x0A23, 0x0A43, 0x0A23, 0x0A43, 0x0A43, 0x0A64, 0x0A64, 0x0A44, 0x0A23, 0x0A23, 0x0A23, 0x0A43, 
    0x0A43, 0x0A43, 0x0A43, 0x0A44, 0x0A43, 0x0A43, 0x0A64, 0x0A44, 0x0A64, 0x0A43, 0x0A23, 0x0A44, 
    0x0A23, 0x0A43, 0x0A23, 0x0A23, 0x0A23, 0x0A23, 0x0A23, 0x0A23, 0x0A23, 0x0A23, 0x0A43, 0x0A23, 
    0x0A23, 0x0A23, 0x0A23, 0x0A44, 0x0A23, 0x0203, 0x0A23, 0x0A23, 0x0A23, 0x0A44, 0x0A44, 0x0A23, 
    0x0A23, 0x0203, 0x0223, 0x0203, 0x0A23, 0x0A03, 0x0A03, 0x09E3, 0x0A03, 0x0A03, 0x0A03, 0x0A03, 
    0x0A23, 0x0A03, 0x0203, 0x0A03, 0x0A03, 0x09E3, 0x0A03, 0x01E3, 0x01E3, 0x01E3, 0x01C2, 0x01C3, 
    0x01C2, 0x0182, 0x0182, 0x0182, 0x01A2, 0x01C2, 0x01C2, 0x0182, 0x01A2, 0x01C3, 0x01C2, 0x01A2, 
    0x01A2, 0x01A2, 0x01A2, 0x01A2, 0x01A2, 0x01A2, 0x01A2, 0x01A2, 0x01A2, 0x01A2, 0x0182, 0x0182, 
    0x0182, 0x0182, 0x0162, 0x0161, 0x0142, 0x0142, 0x0142, 0x0142, 0x0162, 0x0162, 0x0162, 0x0141, 
    0x0141, 0x0121, 0x0121, 0x0121, 0x0101, 0x0142, 0x0142, 0x0101, 0x0101, 0x00E1, 0x0101, 0x0101, 
    0x0101, 0x0101, 0x00E1, 0x0101, 0x00E1, 0x00C1, 0x00C1, 0x00C1, 0x00C1, 0x00C1, 0x00C1, 0x00C1, 
    0x00A1, 0x00A0, 0x0080, 0x0080, 0x00A0, 0x0000, 0x6285, 0x6A84, 0x7B47, 0x1080, 0x0040, 0x0060, 
    0x0060, 0x0040, 0x10A1, 0x72C4, 0x5A64, 0x6284, 0x0000, 0x00A1, 0x00A0, 0x00A0, 0x00C0, 0x00C1, 
    0x00C1, 0x00C1, 0x00E1, 0x00E1, 0x00E1, 0x00C1, 0x00C1, 0x00C1, 0x00E1, 0x00E1, 0x00E1, 0x0101, 
    0x0101, 0x0101, 0x0121, 0x0121, 0x0121, 0x0101, 0x0101, 0x0121, 0x0121, 0x0142, 0x0141, 0x0141, 
    0x0141, 0x0162, 0x0162, 0x0162, 0x0142, 0x0142, 0x0141, 0x0162, 0x0162, 0x0162, 0x0162, 0x0142, 
    0x0162, 0x0182, 0x0182, 0x0162, 0x0162, 0x0162, 0x0182, 0x0182, 0x01A2, 0x01C2, 0x0182, 0x0182, 
    0x0182, 0x0182, 0x01A2, 0x0182, 0x01A2, 0x01A2, 0x01A2, 0x01A2, 0x01A2, 0x01C2, 0x01C3, 0x01E3, 
    0x01C3, 0x01C3, 0x01C3, 0x01C2, 0x01C3, 0x09E3, 0x01E3, 0x01E3, 0x01E2, 0x01E3, 0x01E3, 0x01C2, 
    0x01C2, 0x01C2, 0x01C2, 0x01E2, 0x01E2, 0x01E3, 0x0203, 0x01E3, 0x01E3, 0x0203, 0x0A03, 0x0203, 
    0x0203, 0x0A23, 0x0203, 0x0203, 0x0A03, 0x0A03, 0x0203, 0x0A03, 0x0203, 0x0A23, 0x0A23, 0x0A23, 
    0x0A23, 0x0A23, 0x0203, 0x0A03, 0x0203, 0x0A23, 0x0A23, 0x0A23, 0x0A23, 0x0A23, 0x0A23, 0x0A43, 
    0x0A23, 0x0A23, 0x0A23, 0x0A23, 0x0A43, 0x0A23, 0x0A43, 0x0A23, 0x0A44, 0x0A44, 0x0A23, 0x0A23, 
    0x0A23, 0x0A23, 0x0A43, 0x0203, 0x01E3, 0x0A23, 0x0223, 0x0A23, 0x0A23, 0x0223, 0x0223, 0x0A23, 
    0x0A23, 0x0A43, 0x0A23, 0x0A23, 0x0A23, 0x0A03, 0x0203, 0x0A23, 0x0203, 0x0A43, 0x0A43, 0x0A43, 
    0x0A43, 0x0203, 0x01E2, 0x0A03, 0x0A23, 0x0A23, 0x0A43, 0x0A64, 0x1264, 0x0A23, 0x0A44, 0x0A44, 
    0x0A23, 0x0A43, 0x0A43, 0x0A64, 0x0A64, 0x0A64, 0x0A64, 0x0A44, 0x0A64, 0x0A23, 0x0A44, 0x0A43, 
    0x0A23, 0x0A23, 0x0A43, 0x0A43, 0x0A23, 0x0A23, 0x0A03, 0x0A23, 0x0A44, 0x0A23, 0x0A23, 0x0A43, 
    0x0A23, 0x0A43, 0x0A43, 0x0A44, 0x0A43, 0x0A23, 0x0A43, 0x0A64, 0x0A43, 0x0A23, 0x0A23, 0x0A03, 
    0x0A03, 0x0A23, 0x0A23, 0x0A23, 0x0A23, 0x0A44, 0x0A43, 0x0A23, 0x0A23, 0x0A03, 0x0A03, 0x0A03, 
    0x0A23, 0x0A23, 0x0A43, 0x0A23, 0x0A23, 0x0A23, 0x0A03, 0x0A23, 0x0A23, 0x0A23, 0x0A23, 0x0A44, 
    0x0A43, 0x0A23, 0x0A03, 0x01E3, 0x0A03, 0x01E3, 0x09E3, 0x0A03, 0x0A03, 0x0A03, 0x0203, 0x01E3, 
    0x01E3, 0x09E3, 0x09E3, 0x01E2, 0x01C2, 0x01E3, 0x01C2, 0x01C2, 0x01A2, 0x01A2, 0x0182, 0x0182, 
    0x0182, 0x01C2, 0x01A2, 0x01A2, 0x01C3, 0x01A3, 0x01A2, 0x01A2, 0x01C3, 0x01A2, 0x01A2, 0x01C2, 
    0x01C2, 0x01A2, 0x01A2, 0x0182, 0x0182, 0x0182, 0x0182, 0x0162, 0x0162, 0x0162, 0x0162, 0x0162, 
    0x0162, 0x0142, 0x0142, 0x0142, 0x0141, 0x0142, 0x0162, 0x0141, 0x0141, 0x0121, 0x0121, 0x0122, 
    0x0121, 0x0121, 0x0121, 0x0101, 0x0101, 0x0101, 0x0101, 0x00E1, 0x00E1, 0x00E1, 0x00E1, 0x00E1, 
    0x00C1, 0x00C1, 0x00C1, 0x00C1, 0x00C1, 0x00C1, 0x00C1, 0x00A1, 0x00A0, 0x0080, 0x00A0, 0x0080, 
    0x00A0, 0x0000, 0x62A5, 0x6A84, 0x7B26, 0x1080, 0x0040, 0x0060, 0x0080, 0x0040, 0x10A1, 0x7AE5, 
    0x5A84, 0x6284, 0x0000, 0x00A0, 0x00A1, 0x00A0, 0x00C0, 0x00C1, 0x00C1, 0x00C1, 0x00E1, 0x00C1, 
    0x00C1, 0x00C1, 0x00C1, 0x00E1, 0x00C1, 0x00C1, 0x00E1, 0x00E1, 0x0101, 0x0101, 0x0121, 0x0121, 
    0x0101, 0x0101, 0x0101, 0x0121, 0x0142, 0x0141, 0x0142, 0x0141, 0x0162, 0x0162, 0x0162, 0x0162, 
    0x0141, 0x0142, 0x0162, 0x0182, 0x0162, 0x0162, 0x0162, 0x0142, 0x0162, 0x0162, 0x0162, 0x0182, 
    0x0162, 0x0182, 0x0182, 0x01A2, 0x0182, 0x01A2, 0x0182, 0x01A2, 0x01A2, 0x01A2, 0x01A2, 0x0182, 
    0x0182, 0x01A2, 0x01C2, 0x01C2, 0x01C2, 0x01A2, 0x01A2, 0x01C3, 0x01C3, 0x01C3, 0x01C2, 0x01C3, 
    0x01E2, 0x01C2, 0x01C2, 0x0203, 0x01E3, 0x01C2, 0x01C2, 0x01E3, 0x09E3, 0x01E3, 0x01E3, 0x01E2, 
    0x01E3, 0x01E3, 0x01E3, 0x01C2, 0x01C2, 0x01E3, 0x0203, 0x0203, 0x0A23, 0x0203, 0x01E3, 0x0203, 
    0x0203, 0x0A03, 0x0A23, 0x0A23, 0x0203, 0x0A03, 0x0203, 0x0A23, 0x0A23, 0x0A43, 0x0A23, 0x0A03, 
    0x0A03, 0x0A23, 0x0A24, 0x0A23, 0x0A23, 0x0A23, 0x0A24, 0x0A43, 0x0A23, 0x0A23, 0x0A23, 0x0A23, 
    0x0A03, 0x0A23, 0x0A23, 0x0A44, 0x1264, 0x0A64, 0x0A23, 0x0A23, 0x0A44, 0x0A23, 0x0A44, 0x0A43, 
    0x0203, 0x0203, 0x0203, 0x0203, 0x0A43, 0x0A64, 0x0A64, 0x0A43, 0x0A43, 0x0A43, 0x0A23, 0x0A23, 
    0x0A23, 0x0A23, 0x0A43, 0x0A43, 0x0A23, 0x0A23, 0x0A23, 0x0A23, 0x0A23, 0x0203, 0x01E3, 0x0203, 
    0x0A23, 0x0223, 0x0A64, 0x0A84, 0x0A64, 0x0A43, 0x0A43, 0x0A44, 0x1264, 0x0A44, 0x0A23, 0x0A43, 
    0x0A44, 0x0A64, 0x0A64, 0x0A64, 0x0A44, 0x0A44, 0x0A44, 0x0A43, 0x0A43, 0x0A43, 0x0A23, 0x0A03, 
    0x0A64, 0x0A23, 0x0A23, 0x0203, 0x0A44, 0x0A23, 0x0A23, 0x0A43, 0x0A43, 0x0A64, 0x0A43, 0x0A23, 
    0x0A23, 0x0A43, 0x0A43, 0x0A23, 0x0A23, 0x0A23, 0x0203, 0x0A03, 0x0A03, 0x0203, 0x0A23, 0x0A43, 
    0x0A23, 0x0A43, 0x0A23, 0x0A44, 0x0A03, 0x0203, 0x0A03, 0x0A03, 0x0A23, 0x0223, 0x0A23, 0x0A23, 
    0x0A23, 0x0A23, 0x0A03, 0x0A03, 0x0A24, 0x0A03, 0x0A03, 0x0A23, 0x0A03, 0x0203, 0x0203, 0x01C2, 
    0x0203, 0x01E3, 0x0A03, 0x09E3, 0x0A03, 0x0203, 0x01E3, 0x0203, 0x0203, 0x01E3, 0x01E3, 0x01E3, 
    0x01C2, 0x01C3, 0x01C2, 0x01A2, 0x01A2, 0x01A2, 0x01A2, 0x01A2, 0x01A2, 0x01A2, 0x01A2, 0x01A2, 
    0x01C2, 0x01C2, 0x01A2, 0x01A2, 0x01A2, 0x01C3, 0x01A2, 0x01C3, 0x01C3, 0x01A2, 0x01A2, 0x0182, 
    0x0182, 0x0162, 0x0182, 0x0162, 0x0162, 0x0162, 0x0162, 0x0162, 0x0162, 0x0162, 0x0142, 0x0142, 
    0x0122, 0x0142, 0x0162, 0x0141, 0x0162, 0x0121, 0x0101, 0x0121, 0x0101, 0x0101, 0x0101, 0x0101, 
    0x0121, 0x0121, 0x0101, 0x0101, 0x00E1, 0x00E1, 0x00E1, 0x00E1, 0x00E1, 0x00E1, 0x00C1, 0x00C1, 
    0x00C1, 0x00C1, 0x00C1, 0x00A0, 0x00A0, 0x0080, 0x00A0, 0x00A0, 0x00A0, 0x0000, 0x62A5, 0x6264, 
    0x7B26, 0x1080, 0x0040, 0x0060, 0x0080, 0x0040, 0x10A1, 0x7B05, 0x5A84, 0x6284, 0x0000, 0x00A1, 
    0x00A1, 0x00A1, 0x00A0, 0x00A0, 0x00C1, 0x00E1, 0x00C1, 0x00C1, 0x00A0, 0x00C1, 0x00E1, 0x00E1, 
    0x0101, 0x00E1, 0x00E1, 0x00E1, 0x00E1, 0x0101, 0x0101, 0x0121, 0x0101, 0x0101, 0x0101, 0x0141, 
    0x0142, 0x0121, 0x0121, 0x0142, 0x0142, 0x0142, 0x0162, 0x0162, 0x0162, 0x0162, 0x0162, 0x0162, 
    0x0141, 0x0141, 0x0162, 0x0162, 0x0162, 0x0162, 0x0182, 0x01A2, 0x0182, 0x0182, 0x0182, 0x01A2, 
    0x0182, 0x0162, 0x01A2, 0x01A2, 0x01A2, 0x01A2, 0x01A2, 0x0182, 0x01A2, 0x01A2, 0x01A2, 0x01C2, 
    0x01A2, 0x01A2, 0x0182, 0x01C2, 0x01C3, 0x01C3, 0x01C2, 0x01C2, 0x01E3, 0x01C2, 0x01C2, 0x01E3, 
    0x01C2, 0x01C2, 0x01C2, 0x01C2, 0x01E2, 0x01E2, 0x0A03, 0x01E3, 0x01E3, 0x01E3, 0x01E2, 0x01E3, 
    0x01E3, 0x0203, 0x01E3, 0x0203, 0x01E3, 0x01E2, 0x01E3, 0x0A03, 0x0203, 0x0A23, 0x0223, 0x0A23, 
    0x0A23, 0x0A23, 0x0A03, 0x0203, 0x0A23, 0x0203, 0x0A23, 0x0A23, 0x0A23, 0x0A23, 0x0A03, 0x0A23, 
    0x0A23, 0x0A03, 0x0A23, 0x0A23, 0x0A43, 0x0A23, 0x0A23, 0x0A23, 0x0A23, 0x0A23, 0x0A03, 0x0A23, 
    0x0A43, 0x0A44, 0x0A64, 0x0A23, 0x0A23, 0x0223, 0x0A23, 0x0A43, 0x0A23, 0x0203, 0x0203, 0x0203, 
    0x0A23, 0x0A43, 0x0A64, 0x0A43, 0x0A23, 0x0A23, 0x0A23, 0x0A24, 0x0A23, 0x0A44, 0x0A23, 0x0A23, 
    0x0A23, 0x0A23, 0x0A23, 0x0203, 0x0203, 0x0A43, 0x0A43, 0x0223, 0x0223, 0x0A23, 0x0A23, 0x0A64, 
    0x0A43, 0x0A43, 0x0A43, 0x0A44, 0x0A43, 0x0A43, 0x0A44, 0x0A23, 0x0A23, 0x0A43, 0x0A43, 0x0A43, 
    0x0A23, 0x0A43, 0x0A43, 0x0A23, 0x0A23, 0x0A24, 0x0A23, 0x0223, 0x0A43, 0x0A23, 0x0A43, 0x0A43, 
    0x0A23, 0x0A23, 0x0A44, 0x0A64, 0x0A43, 0x0A64, 0x0A23, 0x0223, 0x0203, 0x0A03, 0x0203, 0x0203, 
    0x0A23, 0x0A23, 0x0A44, 0x0A44, 0x0A03, 0x0A03, 0x0A23, 0x0A64, 0x0A64, 0x0A43, 0x0A03, 0x0A03, 
    0x0A03, 0x0A23, 0x0A23, 0x0203, 0x0A03, 0x0A03, 0x0A03, 0x0203, 0x0A23, 0x0A23, 0x0223, 0x0A23, 
    0x0A23, 0x0203, 0x0203, 0x0A03, 0x01E3, 0x0203, 0x01E3, 0x01C2, 0x01E3, 0x01E3, 0x01E3, 0x01E3, 
    0x01E3, 0x01E2, 0x0203, 0x0A03, 0x0A03, 0x01C2, 0x01E3, 0x01E2, 0x01A2, 0x01C3, 0x01C3, 0x01A2, 
    0x01C2, 0x01C2, 0x01C2, 0x01A2, 0x01A2, 0x01A2, 0x01A2, 0x01A2, 0x01C3, 0x01C3, 0x01E3, 0x01C2, 
    0x01C3, 0x01A2, 0x01A2, 0x01A2, 0x0182, 0x01A2, 0x01A2, 0x0182, 0x0162, 0x0162, 0x0182, 0x0162, 
    0x0162, 0x0162, 0x0162, 0x0162, 0x0162, 0x0162, 0x0162, 0x0142, 0x0142, 0x0142, 0x0162, 0x0142, 
    0x0162, 0x0142, 0x0121, 0x0121, 0x0101, 0x0101, 0x0121, 0x0101, 0x0101, 0x0121, 0x0122, 0x0101, 
    0x00E1, 0x00E1, 0x00E1, 0x00E1, 0x00E1, 0x00E1, 0x00E1, 0x00C1, 0x00C1, 0x00C1, 0x00A1, 0x00A0, 
    0x00A0, 0x00A0, 0x0080, 0x0080, 0x00A0, 0x0000, 0x62A5, 0x6264, 0x7B06, 0x1080, 0x0040, 0x0060, 
    0x0060, 0x0040, 0x10A1, 0x7AE5, 0x5A84, 0x6264, 0x0000, 0x00A0, 0x00A0, 0x00A0, 0x00A0, 0x00C1, 
    0x00C1, 0x00C1, 0x00C1, 0x00C1, 0x00A0, 0x00C1, 0x00C1, 0x00C1, 0x00E1, 0x00E1, 0x00E1, 0x00E1, 
    0x00E1, 0x0101, 0x0121, 0x0101, 0x0101, 0x0101, 0x0121, 0x0141, 0x0141, 0x0142, 0x0121, 0x0121, 
    0x0141, 0x0162, 0x0142, 0x0162, 0x0162, 0x0162, 0x0162, 0x0162, 0x0162, 0x0162, 0x0182, 0x0162, 
    0x0142, 0x0182, 0x0162, 0x0182, 0x0182, 0x0182, 0x01A2, 0x0182, 0x0182, 0x0182, 0x0182, 0x0182, 
    0x01A2, 0x01A2, 0x01C2, 0x0182, 0x0182, 0x0182, 0x01A2, 0x01A2, 0x01A2, 0x01C2, 0x0182, 0x01C2, 
    0x01C2, 0x09E3, 0x01C2, 0x01C2, 0x01C2, 0x01E2, 0x09E3, 0x01C3, 0x01C2, 0x01E3, 0x01E3, 0x01C2, 
    0x01E3, 0x0A03, 0x0A03, 0x0A03, 0x01E3, 0x09E3, 0x0A03, 0x0203, 0x0203, 0x0A03, 0x01E3, 0x01E3, 
    0x01E3, 0x01C2, 0x01E2, 0x0203, 0x0203, 0x0203, 0x0203, 0x01E3, 0x0A03, 0x0A03, 0x0A03, 0x01E3, 
    0x01E3, 0x0203, 0x0A23, 0x0202, 0x01E3, 0x0A03, 0x0A23, 0x0A23, 0x0A23, 0x0203, 0x0A23, 0x0A23, 
    0x0A23, 0x0A03, 0x0A23, 0x0A23, 0x0A03, 0x0A23, 0x0A44, 0x0A23, 0x0A23, 0x0A43, 0x0A23, 0x0A23, 
    0x0A23, 0x0A23, 0x0A23, 0x0A23, 0x0203, 0x0A23, 0x0A23, 0x0A23, 0x0203, 0x0A23, 0x0A43, 0x0A64, 
    0x0A23, 0x0203, 0x0A03, 0x0A23, 0x0A23, 0x0A43, 0x0A23, 0x0A23, 0x0A23, 0x0A43, 0x0A23, 0x0203, 
    0x0203, 0x0A23, 0x0223, 0x0223, 0x0A43, 0x0A43, 0x0A23, 0x0A23, 0x0A43, 0x0A23, 0x0A43, 0x0A43, 
    0x0A43, 0x0A44, 0x0A03, 0x0A23, 0x0A23, 0x0A23, 0x0A23, 0x0A23, 0x0A43, 0x0A43, 0x0A64, 0x0A43, 
    0x0A23, 0x01E3, 0x0203, 0x0203, 0x0A23, 0x0A23, 0x0A23, 0x0A43, 0x0A43, 0x0A44, 0x0A44, 0x0A23, 
    0x0A23, 0x0A23, 0x0203, 0x0223, 0x0A23, 0x0A23, 0x0203, 0x0A23, 0x0A23, 0x0A44, 0x0A44, 0x0A23, 
    0x0A23, 0x0A23, 0x0A43, 0x0A43, 0x0A23, 0x0A23, 0x0A23, 0x0A03, 0x0A03, 0x0A03, 0x0A23, 0x0A43, 
    0x0A03, 0x0203, 0x01E3, 0x0203, 0x0203, 0x01E3, 0x0203, 0x0A03, 0x0A23, 0x0A23, 0x0A23, 0x01E3, 
    0x01C2, 0x01C2, 0x01C2, 0x01C2, 0x01C2, 0x01E3, 0x0203, 0x01E3, 0x01E3, 0x01E3, 0x0A03, 0x01E3, 
    0x01E2, 0x01C2, 0x01E3, 0x01C2, 0x01A2, 0x01C2, 0x01C3, 0x01A2, 0x01A2, 0x01A2, 0x01A2, 0x01A2, 
    0x01A2, 0x01C2, 0x01C2, 0x01C2, 0x01A2, 0x01C3, 0x01C3, 0x01C3, 0x01E3, 0x01A2, 0x01A2, 0x01A2, 
    0x0182, 0x01A2, 0x0182, 0x0182, 0x0162, 0x0162, 0x0182, 0x0182, 0x0162, 0x0162, 0x0162, 0x0162, 
    0x0162, 0x0142, 0x0142, 0x0141, 0x0141, 0x0162, 0x0162, 0x0141, 0x0141, 0x0142, 0x0142, 0x0121, 
    0x0121, 0x0101, 0x0101, 0x0121, 0x0101, 0x0101, 0x0101, 0x0101, 0x00E1, 0x00E1, 0x00E1, 0x00E1, 
    0x00E1, 0x00C1, 0x00C1, 0x00C1, 0x00C1, 0x00C1, 0x00A0, 0x00A0, 0x00A0, 0x00A0, 0x0080, 0x0080, 
    0x00A0, 0x0000, 0x6285, 0x5A44, 0x7306, 0x1080, 0x0040, 0x0060, 0x0060, 0x0040, 0x10A1, 0x7B05, 
    0x6284, 0x6264, 0x0000, 0x00A0, 0x00A0, 0x00A0, 0x00A0, 0x00A0, 0x00A0, 0x00C0, 0x00C1, 0x00C1, 
    0x00C1, 0x00E1, 0x00C1, 0x00C1, 0x00E1, 0x00E1, 0x00E1, 0x00E1, 0x0101, 0x0101, 0x0101, 0x0101, 
    0x0101, 0x0121, 0x0101, 0x0142, 0x0142, 0x0142, 0x0121, 0x0121, 0x0121, 0x0141, 0x0141, 0x0142, 
    0x0142, 0x0162, 0x0162, 0x0162, 0x0182, 0x0162, 0x0162, 0x0162, 0x0141, 0x0182, 0x0182, 0x0182, 
    0x0182, 0x0182, 0x0182, 0x0162, 0x0182, 0x01A2, 0x01A2, 0x0182, 0x01A2, 0x01A2, 0x01A2, 0x01A2, 
    0x01A2, 0x01A2, 0x0182, 0x0182, 0x01C2, 0x01A2, 0x01A2, 0x01C3, 0x01C2, 0x01C2, 0x01C2, 0x01E3, 
    0x01E3, 0x01E2, 0x01C2, 0x01C3, 0x01E3, 0x01E3, 0x01C3, 0x09E3, 0x09E3, 0x01E3, 0x0A03, 0x0A03, 
    0x0A03, 0x0A03, 0x0A03, 0x0A23, 0x0A03, 0x0A03, 0x0A03, 0x0A03, 0x0A03, 0x0203, 0x01E3, 0x01E3, 
    0x01E3, 0x01E2, 0x01E3, 0x0203, 0x01E3, 0x0A03, 0x0A03, 0x0A03, 0x0A03, 0x0203, 0x0203, 0x0203, 
    0x0A03, 0x0203, 0x0A03, 0x0203, 0x0A23, 0x0A44, 0x0A43, 0x0A03, 0x0A03, 0x0A03, 0x0A03, 0x0A03, 
    0x0A23, 0x0A43, 0x0A23, 0x0A23, 0x0A23, 0x0A23, 0x0A23, 0x0A23, 0x0A23, 0x0A23, 0x0A23, 0x0A43, 
    0x0A03, 0x0A23, 0x0203, 0x0203, 0x0A23, 0x0A23, 0x0A23, 0x0A23, 0x0A23, 0x0A43, 0x0223, 0x0203, 
    0x0203, 0x0203, 0x0203, 0x0A23, 0x0223, 0x0A43, 0x0A43, 0x0A23, 0x0A43, 0x0A03, 0x0A23, 0x0A23, 
    0x0A43, 0x0A43, 0x0A23, 0x0A23, 0x0A23, 0x0A23, 0x0A43, 0x0A43, 0x0A43, 0x0A23, 0x0A23, 0x0A44, 
    0x0A43, 0x0A43, 0x0A43, 0x0A44, 0x0A23, 0x0A43, 0x0A43, 0x0A44, 0x0A23, 0x0A43, 0x0A23, 0x0A23, 
    0x0A23, 0x0A23, 0x0A23, 0x0A43, 0x0A43, 0x0A44, 0x0A44, 0x0A23, 0x0A23, 0x0A03, 0x0A23, 0x0A43, 
    0x0A44, 0x0A23, 0x0203, 0x0A03, 0x0A23, 0x0A23, 0x0A23, 0x0A23, 0x0A64, 0x0A23, 0x0A44, 0x0A23, 
    0x0A23, 0x0A23, 0x0A03, 0x0203, 0x0A23, 0x0A03, 0x0203, 0x0A23, 0x0A03, 0x0203, 0x0A03, 0x0A23, 
    0x0A03, 0x0A03, 0x01E3, 0x01E3, 0x0203, 0x01E3, 0x0203, 0x01C3, 0x01C3, 0x01C2, 0x01C2, 0x09E3, 
    0x01E3, 0x01E3, 0x01E2, 0x01E2, 0x01E3, 0x09E3, 0x0A03, 0x01E2, 0x01E3, 0x01C2, 0x01E2, 0x01C2, 
    0x01C2, 0x01C3, 0x01C3, 0x01C3, 0x01C2, 0x01C2, 0x01C2, 0x01A2, 0x01A2, 0x01C3, 0x01A2, 0x01A2, 
    0x01A2, 0x0182, 0x01A2, 0x01C2, 0x01C3, 0x01C3, 0x01A2, 0x01A2, 0x01A2, 0x01A2, 0x0182, 0x0162, 
    0x0162, 0x0162, 0x0162, 0x0182, 0x0182, 0x0162, 0x0162, 0x0162, 0x0162, 0x0162, 0x0141, 0x0142, 
    0x0162, 0x0162, 0x0142, 0x0142, 0x0142, 0x0121, 0x0121, 0x0121, 0x0121, 0x0122, 0x0121, 0x0101, 
    0x0101, 0x0101, 0x00E1, 0x00E1, 0x00E1, 0x00E1, 0x00E1, 0x00E1, 0x00C1, 0x00C1, 0x00C1, 0x00C1, 
    0x00C1, 0x00A0, 0x00A0, 0x00A0, 0x00A0, 0x00A0, 0x0080, 0x0080, 0x00A0, 0x0000, 0x6265, 0x5A23, 
    0x7B06, 0x1080, 0x0040, 0x0060, 0x0060, 0x0040, 0x10A1, 0x7B06, 0x6284, 0x6264, 0x0000, 0x00A0, 
    0x00A0, 0x00A0, 0x00A0, 0x00A0, 0x00A0, 0x00A0, 0x00A0, 0x00C1, 0x00C1, 0x00C1, 0x00C1, 0x00E1, 
    0x00E1, 0x00E1, 0x00E1, 0x0101, 0x0101, 0x0101, 0x0101, 0x0101, 0x0101, 0x0101, 0x0121, 0x0121, 
    0x0121, 0x0121, 0x0121, 0x0141, 0x0141, 0x0121, 0x0142, 0x0142, 0x0142, 0x0142, 0x0162, 0x0162, 
    0x0162, 0x0182, 0x0162, 0x0162, 0x0182, 0x0182, 0x0182, 0x0182, 0x0162, 0x0182, 0x0182, 0x0162, 
    0x0182, 0x0182, 0x01A2, 0x0182, 0x01A2, 0x01A3, 0x0182, 0x01A2, 0x01A2, 0x01A2, 0x01A2, 0x01C2, 
    0x01A2, 0x01A2, 0x01C2, 0x01C2, 0x01C2, 0x01C3, 0x01E3, 0x01C2, 0x01E3, 0x01C2, 0x01C2, 0x01C2, 
    0x01E3, 0x0A03, 0x01E3, 0x01C2, 0x01E3, 0x0A03, 0x0A03, 0x0A03, 0x01E3, 0x0A03, 0x0A23, 0x0A23, 
    0x0A03, 0x01E3, 0x0203, 0x0203, 0x0203, 0x01E3, 0x01E3, 0x01E3, 0x01E3, 0x01E3, 0x01E3, 0x01E3, 
    0x01E3, 0x09E3, 0x0203, 0x0A23, 0x0A03, 0x01E3, 0x0203, 0x0203, 0x0A03, 0x0203, 0x0203, 0x0203, 
    0x0A23, 0x0A23, 0x0A23, 0x0A23, 0x0203, 0x0A03, 0x0A23, 0x0A03, 0x0A23, 0x0A23, 0x0A23, 0x0A23, 
    0x0A23, 0x0A23, 0x0A03, 0x0A23, 0x0A23, 0x0A23, 0x0A03, 0x0A23, 0x0A23, 0x0A23, 0x0203, 0x0203, 
    0x0203, 0x0A23, 0x0203, 0x0A23, 0x0A23, 0x0A43, 0x0223, 0x0223, 0x0223, 0x0A23, 0x0223, 0x0223, 
    0x0A43, 0x0A23, 0x0A43, 0x0A43, 0x0A43, 0x0A23, 0x0A23, 0x0A23, 0x0A03, 0x0A23, 0x0A23, 0x0A23, 
    0x0A44, 0x0A43, 0x0A43, 0x0A44, 0x0A03, 0x0A03, 0x0A44, 0x0A44, 0x0A43, 0x0A43, 0x0A23, 0x0A43, 
    0x0A43, 0x0A43, 0x0A23, 0x0A23, 0x0A43, 0x0A44, 0x0A23, 0x0A23, 0x0A23, 0x0A03, 0x0A44, 0x0A44, 
    0x0A23, 0x0A44, 0x0A23, 0x0A23, 0x0A44, 0x0A43, 0x0A23, 0x0A23, 0x0A23, 0x0203, 0x0203, 0x0223, 
    0x0A23, 0x0A23, 0x0A23, 0x0A43, 0x0A43, 0x0A23, 0x0A44, 0x0A03, 0x0203, 0x0A23, 0x0A23, 0x0A03, 
    0x0203, 0x0A03, 0x0203, 0x0A03, 0x0A03, 0x0203, 0x0A23, 0x0A23, 0x0203, 0x0A03, 0x01C2, 0x01E3, 
    0x01C3, 0x01C2, 0x01E3, 0x01E3, 0x01E3, 0x01E3, 0x09E3, 0x09E3, 0x0A03, 0x0203, 0x01E3, 0x01E3, 
    0x01C2, 0x01C2, 0x01C2, 0x01C2, 0x01C2, 0x01C2, 0x01C2, 0x01E3, 0x0203, 0x01C2, 0x01C3, 0x01E3, 
    0x01A2, 0x01A2, 0x01A2, 0x01A2, 0x01A2, 0x01A2, 0x01A2, 0x01A2, 0x01A2, 0x01A2, 0x01C3, 0x01A2, 
    0x01A2, 0x01C2, 0x01A2, 0x01A2, 0x01A2, 0x01A2, 0x01A2, 0x0182, 0x0182, 0x0162, 0x0182, 0x0182, 
    0x0162, 0x0182, 0x0162, 0x0162, 0x0162, 0x0162, 0x0142, 0x0142, 0x0142, 0x0141, 0x0142, 0x0142, 
    0x0121, 0x0121, 0x0121, 0x0121, 0x0121, 0x0121, 0x0121, 0x0101, 0x0101, 0x0101, 0x0101, 0x0101, 
    0x00E1, 0x00C1, 0x00C1, 0x00E1, 0x00C1, 0x00C1, 0x00C1, 0x00C1, 0x00C1, 0x00C1, 0x00A0, 0x00A0, 
    0x00A0, 0x00A0, 0x0080, 0x0080, 0x00A0, 0x0000, 0x6285, 0x5A43, 0x7B06, 0x1080, 0x0040, 0x0040, 
    0x0060, 0x0040, 0x10A1, 0x7B06, 0x5A64, 0x5A44, 0x0000, 0x00A0, 0x00A0, 0x00A0, 0x00A0, 0x00A1, 
    0x00A0, 0x00A1, 0x00C0, 0x00C1, 0x00C1, 0x00C1, 0x00C1, 0x00C1, 0x00E1, 0x00E1, 0x00E1, 0x00E1, 
    0x00E1, 0x0101, 0x0101, 0x0121, 0x0121, 0x0121, 0x0121, 0x0101, 0x0121, 0x0141, 0x0142, 0x0121, 
    0x0121, 0x0121, 0x0121, 0x0142, 0x0141, 0x0142, 0x0141, 0x0162, 0x0162, 0x0162, 0x0162, 0x0182, 
    0x0182, 0x0182, 0x0182, 0x0182, 0x0182, 0x0182, 0x0182, 0x0182, 0x0182, 0x0182, 0x0182, 0x0182, 
    0x01A2, 0x01A2, 0x01C2, 0x0182, 0x0182, 0x01A2, 0x01A2, 0x01A2, 0x01A2, 0x01C2, 0x01A2, 0x01C2, 
    0x01C2, 0x01C2, 0x01C3, 0x01A2, 0x01C2, 0x01C2, 0x01C2, 0x01C2, 0x01C2, 0x01C2, 0x01C2, 0x01C3, 
    0x01E3, 0x09E3, 0x01E3, 0x0203, 0x01E3, 0x0A03, 0x0A23, 0x0A23, 0x0A03, 0x0203, 0x0203, 0x01E3, 
    0x01E3, 0x01E3, 0x01E3, 0x01E3, 0x01E3, 0x01E3, 0x0203, 0x01E3, 0x01E3, 0x0A03, 0x0A03, 0x0A03, 
    0x01E3, 0x01E3, 0x01E3, 0x0203, 0x0A03, 0x0A03, 0x0A23, 0x0A23, 0x0203, 0x0203, 0x0A03, 0x0A23, 
    0x0A23, 0x0203, 0x0A23, 0x0A23, 0x0203, 0x01E3, 0x0203, 0x0A23, 0x0A23, 0x0203, 0x0A03, 0x0A03, 
    0x0A23, 0x0A03, 0x0A03, 0x0203, 0x0A23, 0x0A23, 0x0A23, 0x0A23, 0x0203, 0x0223, 0x0A23, 0x0A23, 
    0x0203, 0x0203, 0x0203, 0x0223, 0x0223, 0x0A43, 0x0A23, 0x0203, 0x0A23, 0x0223, 0x0A43, 0x0A43, 
    0x0A43, 0x0A44, 0x0A44, 0x0A23, 0x0A03, 0x0A23, 0x0A23, 0x0A23, 0x0A23, 0x0A23, 0x0A23, 0x0A23, 
    0x0A43, 0x0A23, 0x0A44, 0x0A24, 0x0A23, 0x0A44, 0x0A43, 0x0A64, 0x0A43, 0x0A43, 0x0A23, 0x0A23, 
    0x0A43, 0x0A23, 0x0A44, 0x0A23, 0x0A23, 0x0A23, 0x0A23, 0x0A03, 0x0203, 0x0203, 0x0223, 0x0A23, 
    0x0223, 0x0A23, 0x0203, 0x0A03, 0x01E3, 0x01E3, 0x0203, 0x0A23, 0x0A23, 0x0A23, 0x0203, 0x0A23, 
    0x0A03, 0x0A43, 0x0A23, 0x0203, 0x0A03, 0x0203, 0x0203, 0x0203, 0x0203, 0x0203, 0x0203, 0x0203, 
    0x0203, 0x0203, 0x0A23, 0x0A03, 0x01E3, 0x0203, 0x0203, 0x0203, 0x01E3, 0x01E3, 0x01C2, 0x01E3, 
    0x09E3, 0x01C3, 0x01C3, 0x01E2, 0x0203, 0x0A23, 0x0203, 0x01E3, 0x01C2, 0x01E3, 0x01C2, 0x01C2, 
    0x01C2, 0x01C2, 0x01E3, 0x01E3, 0x01C2, 0x01E3, 0x01C2, 0x01A2, 0x0182, 0x01A2, 0x01A2, 0x01A2, 
    0x01A2, 0x0182, 0x0182, 0x0182, 0x01A2, 0x01A2, 0x01A2, 0x01A2, 0x01A2, 0x01C2, 0x01A2, 0x01A2, 
    0x01A2, 0x01A2, 0x0182, 0x0162, 0x0182, 0x0182, 0x0182, 0x0182, 0x0162, 0x0162, 0x0162, 0x0162, 
    0x0142, 0x0142, 0x0142, 0x0142, 0x0122, 0x0121, 0x0142, 0x0142, 0x0121, 0x0121, 0x0121, 0x0121, 
    0x0121, 0x0121, 0x0101, 0x0101, 0x0101, 0x0101, 0x00E1, 0x00E1, 0x00E1, 0x00E1, 0x00E1, 0x00E1, 
    0x00C1, 0x00C1, 0x00C1, 0x00C1, 0x00C1, 0x00C1, 0x00A0, 0x00A0, 0x00A0, 0x00A0, 0x0080, 0x0080, 
    0x00A0, 0x0000, 0x6264, 0x5A23, 0x7B06, 0x1080, 0x0040, 0x0040, 0x0060, 0x0040, 0x18A1, 0x7B05, 
    0x5A64, 0x5A44, 0x0000, 0x00A0, 0x0080, 0x0080, 0x00A0, 0x00A0, 0x00A0, 0x00A0, 0x00A0, 0x00C1, 
    0x00C1, 0x00C1, 0x00C1, 0x00A0, 0x00C1, 0x00E1, 0x00E1, 0x00E1, 0x00E1, 0x0101, 0x0101, 0x0101, 
    0x0121, 0x0121, 0x0121, 0x0121, 0x0121, 0x0121, 0x0121, 0x0121, 0x0121, 0x0121, 0x0121, 0x0121, 
    0x0142, 0x0142, 0x0162, 0x0162, 0x0162, 0x0162, 0x0162, 0x0182, 0x0182, 0x0182, 0x0182, 0x0162, 
    0x0182, 0x0182, 0x01A2, 0x0182, 0x0162, 0x0161, 0x0162, 0x0162, 0x0182, 0x01A2, 0x01A2, 0x0182, 
    0x01A2, 0x01A2, 0x01A2, 0x0182, 0x01A2, 0x01A2, 0x01A2, 0x09E3, 0x01C3, 0x01C3, 0x01C3, 0x01A2, 
    0x01A2, 0x01A2, 0x01A2, 0x01C2, 0x01E2, 0x01C2, 0x01E3, 0x0A03, 0x01E3, 0x01A2, 0x01C2, 0x01E3, 
    0x01E3, 0x0A03, 0x0A03, 0x01E3, 0x0A03, 0x01E3, 0x0203, 0x01E3, 0x0203, 0x01E3, 0x0203, 0x0203, 
    0x0A03, 0x01E3, 0x0A03, 0x0203, 0x0A03, 0x01E3, 0x01E3, 0x01E3, 0x01E3, 0x01E2, 0x0A03, 0x0203, 
    0x0203, 0x0A03, 0x0203, 0x0203, 0x0A03, 0x0A03, 0x0A03, 0x0A03, 0x0A23, 0x0A03, 0x0A23, 0x0A03, 
    0x0203, 0x0A03, 0x0203, 0x0203, 0x01E3, 0x0203, 0x0A03, 0x0A03, 0x0A23, 0x0A03, 0x0A03, 0x0203, 
    0x0A23, 0x0A23, 0x0A43, 0x0A23, 0x0203, 0x0203, 0x0A23, 0x0A23, 0x0203, 0x0203, 0x0223, 0x0223, 
    0x0223, 0x0A44, 0x0A23, 0x0A03, 0x0A23, 0x0A43, 0x0A44, 0x0A43, 0x0A23, 0x0A23, 0x0A23, 0x0A23, 
    0x0223, 0x0A23, 0x0A23, 0x0A23, 0x0A03, 0x0A03, 0x0A03, 0x0A43, 0x0A23, 0x0A23, 0x0A23, 0x0A23, 
    0x0A43, 0x0A23, 0x0A23, 0x0A43, 0x0A23, 0x0A23, 0x0A23, 0x0A43, 0x0A43, 0x0A23, 0x0A23, 0x0203, 
    0x0203, 0x0A03, 0x0203, 0x01E3, 0x0203, 0x0A23, 0x0223, 0x0A23, 0x0A43, 0x0203, 0x0203, 0x0203, 
    0x09E3, 0x01E3, 0x0A03, 0x0A23, 0x0A23, 0x0A23, 0x0A23, 0x0A23, 0x0A23, 0x0A03, 0x0203, 0x0A03, 
    0x0203, 0x0203, 0x0203, 0x01E3, 0x01E3, 0x0203, 0x0203, 0x01E2, 0x0203, 0x0A03, 0x0203, 0x0203, 
    0x0A03, 0x0A03, 0x0203, 0x01E3, 0x01E3, 0x01E3, 0x01E3, 0x0A03, 0x01E3, 0x01C2, 0x01C2, 0x01E3, 
    0x0203, 0x0A03, 0x01E3, 0x01E3, 0x01E3, 0x01C2, 0x01C2, 0x01C3, 0x01E3, 0x01C3, 0x01E3, 0x01E3, 
    0x01C2, 0x01C2, 0x01C2, 0x01A2, 0x01A2, 0x01A2, 0x01A2, 0x0182, 0x0182, 0x0182, 0x0182, 0x0182, 
    0x0182, 0x01A2, 0x01A2, 0x01A2, 0x01C3, 0x01C3, 0x01A2, 0x01A2, 0x0182, 0x0182, 0x0182, 0x01A2, 
    0x01A2, 0x01A2, 0x0182, 0x0182, 0x0142, 0x0162, 0x0162, 0x0142, 0x0142, 0x0162, 0x0142, 0x0121, 
    0x0142, 0x0142, 0x0142, 0x0142, 0x0121, 0x0142, 0x0121, 0x0121, 0x0101, 0x0101, 0x0121, 0x0101, 
    0x0101, 0x0101, 0x00E1, 0x00C1, 0x00E1, 0x00E1, 0x00C1, 0x00C1, 0x00C1, 0x00C1, 0x00C1, 0x00C1, 
    0x00C0, 0x00A0, 0x00C0, 0x00A0, 0x00A0, 0x00A0, 0x00A0, 0x0080, 0x00A0, 0x0000, 0x5A64, 0x5203, 
    0x7B06, 0x1080, 0x0040, 0x0060, 0x0060, 0x0040, 0x10A1, 0x7B05, 0x6264, 0x5A44, 0x0000, 0x0080, 
    0x0080, 0x0080, 0x00A0, 0x0080, 0x00A0, 0x00A0, 0x00A0, 0x00C1, 0x00C1, 0x00C1, 0x00C1, 0x00C1, 
    0x00C1, 0x00E1, 0x00E1, 0x00E1, 0x00E1, 0x0101, 0x0101, 0x0101, 0x0121, 0x0121, 0x0101, 0x0101, 
    0x0121, 0x0121, 0x0101, 0x0101, 0x0121, 0x0121, 0x0121, 0x0121, 0x0121, 0x0141, 0x0142, 0x0142, 
    0x0162, 0x0162, 0x0162, 0x0162, 0x0162, 0x0182, 0x0182, 0x0162, 0x0162, 0x0182, 0x01A2, 0x0182, 
    0x0182, 0x0162, 0x0162, 0x0162, 0x0182, 0x0182, 0x01A2, 0x01A2, 0x01A2, 0x01A2, 0x01A2, 0x01A2, 
    0x01A2, 0x01A2, 0x01C3, 0x01C2, 0x01A2, 0x01A2, 0x0182, 0x01A2, 0x0182, 0x01A2, 0x01A2, 0x01C2, 
    0x01E2, 0x01E3, 0x01E3, 0x01C3, 0x01C2, 0x01C2, 0x01E3, 0x01C2, 0x01E3, 0x01C3, 0x0203, 0x09E3, 
    0x09E3, 0x01E3, 0x0203, 0x0A03, 0x01E3, 0x01E3, 0x0A03, 0x0A03, 0x0A03, 0x0203, 0x0A03, 0x0203, 
    0x0203, 0x01E3, 0x0203, 0x0203, 0x0203, 0x0203, 0x0203, 0x0203, 0x01E3, 0x0203, 0x01E3, 0x01E3, 
    0x01E3, 0x01E3, 0x01E2, 0x01E3, 0x0203, 0x0203, 0x01E3, 0x01E3, 0x01E3, 0x01E3, 0x0203, 0x01E2, 
    0x0203, 0x01E3, 0x01E2, 0x0A03, 0x0A03, 0x01E3, 0x0203, 0x0203, 0x0203, 0x0203, 0x0A23, 0x0203, 
    0x0203, 0x01E2, 0x01E3, 0x0203, 0x0A23, 0x0223, 0x0A23, 0x0A44, 0x0A44, 0x0A43, 0x0A23, 0x0A44, 
    0x0A23, 0x0A43, 0x0A43, 0x0A23, 0x0203, 0x0203, 0x0203, 0x0A43, 0x0A23, 0x0A23, 0x0A23, 0x0A03, 
    0x0A03, 0x0A03, 0x0A03, 0x0A23, 0x0A23, 0x0A23, 0x0A23, 0x0A43, 0x0A23, 0x0A23, 0x0A03, 0x0A23, 
    0x0A23, 0x0A43, 0x0203, 0x0223, 0x0203, 0x0203, 0x0203, 0x01E3, 0x0203, 0x0A03, 0x0A23, 0x0A03, 
    0x0A03, 0x0203, 0x0A23, 0x0203, 0x0203, 0x0203, 0x0203, 0x0203, 0x01E3, 0x01E2, 0x09E3, 0x0A23, 
    0x0A03, 0x0A23, 0x0A23, 0x0A23, 0x0A23, 0x01E3, 0x0203, 0x0203, 0x0203, 0x0A03, 0x0A03, 0x01E3, 
    0x01C2, 0x01E3, 0x0203, 0x0203, 0x0203, 0x0203, 0x0203, 0x0A23, 0x01E3, 0x01E3, 0x0A03, 0x01C2, 
    0x01E2, 0x01E3, 0x0203, 0x0203, 0x01E3, 0x01E3, 0x0A03, 0x0A03, 0x01E3, 0x01E2, 0x01E2, 0x01E3, 
    0x09E3, 0x01E3, 0x09E3, 0x09E3, 0x01E3, 0x01E3, 0x01C3, 0x01A2, 0x01C2, 0x01A2, 0x01A2, 0x0182, 
    0x01A2, 0x01A2, 0x0182, 0x0182, 0x0182, 0x0182, 0x0182, 0x0182, 0x0182, 0x01A2, 0x01A2, 0x01A2, 
    0x01A2, 0x01A2, 0x01A2, 0x0182, 0x0182, 0x0182, 0x0162, 0x0182, 0x0182, 0x0182, 0x0162, 0x0162, 
    0x0142, 0x0142, 0x0142, 0x0142, 0x0162, 0x0162, 0x0142, 0x0142, 0x0162, 0x0142, 0x0142, 0x0121, 
    0x0121, 0x0121, 0x0121, 0x0101, 0x0101, 0x0101, 0x0121, 0x0101, 0x00E1, 0x00E1, 0x00E1, 0x00C1, 
    0x00C1, 0x00C0, 0x00E1, 0x00C1, 0x00C1, 0x00C1, 0x00C1, 0x00C1, 0x00C1, 0x00C1, 0x00A1, 0x00A0, 
    0x0080, 0x0080, 0x0080, 0x0080, 0x0080, 0x0000, 0x6265, 0x5A23, 0x7B06, 0x1080, 0x0040, 0x0040, 
    0x0060, 0x0040, 0x1081, 0x7AE5, 0x6264, 0x6264, 0x0000, 0x0080, 0x0080, 0x0080, 0x0080, 0x0080, 
    0x00A0, 0x00A0, 0x00C1, 0x00A0, 0x00C1, 0x00C1, 0x00C1, 0x00C1, 0x00C1, 0x00E1, 0x00E1, 0x00E1, 
    0x00E1, 0x00E1, 0x00E1, 0x0101, 0x0101, 0x0101, 0x0101, 0x0121, 0x0121, 0x0121, 0x0121, 0x0101, 
    0x0121, 0x0121, 0x0121, 0x0121, 0x0121, 0x0121, 0x0121, 0x0141, 0x0142, 0x0142, 0x0142, 0x0162, 
    0x0142, 0x0162, 0x0162, 0x0162, 0x0182, 0x0182, 0x0182, 0x01A2, 0x0182, 0x0182, 0x0182, 0x0162, 
    0x0162, 0x0182, 0x0182, 0x0182, 0x01A2, 0x01A2, 0x01A2, 0x0182, 0x01A2, 0x01C2, 0x01C2, 0x0182, 
    0x01A2, 0x01A2, 0x0182, 0x01A2, 0x0182, 0x01A2, 0x01C2, 0x01C2, 0x01C2, 0x01C2, 0x01C3, 0x01C2, 
    0x01C2, 0x01E3, 0x01E3, 0x01C3, 0x01E3, 0x01C2, 0x01C2, 0x01C2, 0x01E3, 0x0A03, 0x0203, 0x0203, 
    0x0203, 0x0A03, 0x0203, 0x01E3, 0x01C2, 0x0A03, 0x0A03, 0x0203, 0x0203, 0x0203, 0x0A23, 0x0A03, 
    0x0A03, 0x0A23, 0x0203, 0x01E3, 0x01E2, 0x01E3, 0x01E2, 0x01C2, 0x01E3, 0x0A03, 0x0A23, 0x0A03, 
    0x0A23, 0x0A03, 0x0A03, 0x0A03, 0x0203, 0x0203, 0x0203, 0x01E3, 0x01E3, 0x01E3, 0x01E3, 0x01E3, 
    0x0203, 0x0A03, 0x0203, 0x0203, 0x0203, 0x0203, 0x0A23, 0x0203, 0x0A03, 0x0203, 0x0223, 0x0A23, 
    0x0A23, 0x0A23, 0x0A43, 0x0A23, 0x0A23, 0x0A23, 0x0A03, 0x0A23, 0x0A03, 0x0A23, 0x0A23, 0x0A23, 
    0x0223, 0x0A23, 0x0A23, 0x0223, 0x0A03, 0x0A03, 0x0203, 0x0203, 0x0A23, 0x0A03, 0x0A23, 0x0A03, 
    0x0A03, 0x0A23, 0x0A23, 0x0223, 0x0A23, 0x0A23, 0x0A23, 0x0223, 0x0223, 0x0223, 0x0223, 0x0223, 
    0x0223, 0x0A23, 0x0A23, 0x0A23, 0x0A23, 0x0A23, 0x0203, 0x0A23, 0x0203, 0x0203, 0x0A23, 0x0203, 
    0x01E3, 0x0203, 0x0A03, 0x0203, 0x0A03, 0x0203, 0x0203, 0x0A03, 0x01E3, 0x0A23, 0x0A23, 0x0A23, 
    0x0A23, 0x0A23, 0x0A03, 0x01E3, 0x0203, 0x01E3, 0x01E3, 0x0203, 0x0203, 0x0A03, 0x0203, 0x0203, 
    0x0203, 0x0203, 0x0203, 0x0203, 0x01E3, 0x0A03, 0x0A23, 0x09E3, 0x0A23, 0x01E3, 0x0203, 0x01E3, 
    0x01C2, 0x01C2, 0x01C2, 0x01C2, 0x01E2, 0x01E3, 0x01C2, 0x01C3, 0x09C3, 0x01C2, 0x01C2, 0x09E3, 
    0x01C2, 0x01A2, 0x01E3, 0x01A2, 0x01A2, 0x01A2, 0x01A2, 0x01A2, 0x01A2, 0x01C2, 0x01A2, 0x01C2, 
    0x01A2, 0x01A2, 0x01A2, 0x0182, 0x0182, 0x01A2, 0x0182, 0x0182, 0x0182, 0x0182, 0x0182, 0x0182, 
    0x0182, 0x0182, 0x0162, 0x0162, 0x0162, 0x0162, 0x0162, 0x0182, 0x0162, 0x0162, 0x0162, 0x0141, 
    0x0141, 0x0162, 0x0142, 0x0141, 0x0162, 0x0142, 0x0121, 0x0121, 0x0121, 0x0121, 0x0121, 0x0101, 
    0x0101, 0x00E1, 0x00E1, 0x00E1, 0x0101, 0x00E1, 0x00E1, 0x00E1, 0x00E1, 0x00C1, 0x00C1, 0x00C1, 
    0x00C1, 0x00C0, 0x00C0, 0x00C1, 0x00C1, 0x00A0, 0x00A0, 0x00A0, 0x00A0, 0x00A0, 0x0080, 0x0080, 
    0x0080, 0x0000, 0x6264, 0x5203, 0x7B06, 0x1080, 0x0040, 0x0060, 0x0060, 0x0040, 0x1081, 0x72C5, 
    0x5A84, 0x6264, 0x0000, 0x0080, 0x0080, 0x0080, 0x0080, 0x0080, 0x00A0, 0x00A0, 0x00A1, 0x00C1, 
    0x00C1, 0x00A0, 0x00C1, 0x00C1, 0x00C1, 0x00E1, 0x00E1, 0x00E1, 0x00E1, 0x00E1, 0x00E1, 0x00E1, 
    0x0101, 0x0121, 0x0101, 0x0101, 0x0101, 0x0101, 0x0121, 0x0101, 0x0121, 0x0121, 0x0121, 0x0121, 
    0x0121, 0x0121, 0x0121, 0x0142, 0x0142, 0x0142, 0x0141, 0x0162, 0x0121, 0x0141, 0x0162, 0x0142, 
    0x0162, 0x0162, 0x0182, 0x01A2, 0x0182, 0x0182, 0x0162, 0x0162, 0x0162, 0x0182, 0x0182, 0x0182, 
    0x0182, 0x01A2, 0x01A2, 0x01A2, 0x01A2, 0x0182, 0x01A2, 0x01A2, 0x01A2, 0x01A2, 0x0182, 0x0182, 
    0x0182, 0x01A2, 0x01A2, 0x01A2, 0x01C2, 0x01C2, 0x01C2, 0x01C2, 0x01C2, 0x01C2, 0x01C2, 0x01A2, 
    0x01C2, 0x01C2, 0x01C2, 0x01E3, 0x01C2, 0x0203, 0x01E3, 0x0A03, 0x01E3, 0x01E3, 0x01E3, 0x0203, 
    0x01E3, 0x01E2, 0x0203, 0x0203, 0x01E2, 0x01E3, 0x0203, 0x01E3, 0x0203, 0x0A23, 0x0203, 0x01E3, 
    0x01E3, 0x01C2, 0x01E2, 0x01E3, 0x01E2, 0x01E3, 0x01E3, 0x01E3, 0x0A03, 0x0A03, 0x0A23, 0x0A03, 
    0x0203, 0x0203, 0x01E3, 0x01E3, 0x01E2, 0x01E3, 0x01E3, 0x01C2, 0x01E3, 0x0203, 0x0203, 0x0203, 
    0x0203, 0x01E2, 0x01E3, 0x01E3, 0x0A03, 0x0203, 0x0203, 0x0203, 0x0203, 0x0203, 0x0A23, 0x0A23, 
    0x0203, 0x0A03, 0x0A03, 0x0203, 0x0A23, 0x0A03, 0x0A23, 0x0A23, 0x0223, 0x0223, 0x0A23, 0x0A23, 
    0x0A23, 0x0203, 0x0203, 0x0203, 0x0A03, 0x0203, 0x0A03, 0x0A23, 0x0A23, 0x0A23, 0x0A03, 0x0A03, 
    0x0A03, 0x0A43, 0x0A23, 0x0203, 0x0203, 0x0203, 0x0203, 0x01E3, 0x0223, 0x0A23, 0x0A03, 0x0A23, 
    0x0203, 0x0203, 0x0203, 0x01E3, 0x0A03, 0x0A23, 0x0203, 0x0203, 0x0A03, 0x0203, 0x0A03, 0x01E3, 
    0x01E3, 0x0A03, 0x0203, 0x0203, 0x0203, 0x0A23, 0x0A23, 0x0A03, 0x0A23, 0x0203, 0x0203, 0x01E3, 
    0x01E3, 0x01E3, 0x01E3, 0x0A03, 0x01E3, 0x0203, 0x01E3, 0x01E3, 0x01E2, 0x0203, 0x01E3, 0x0A03, 
    0x01E3, 0x0A23, 0x0A03, 0x01E3, 0x01E3, 0x01C3, 0x01E3, 0x01C2, 0x01C2, 0x01A2, 0x01C2, 0x01C2, 
    0x01E3, 0x01C2, 0x01C3, 0x01C2, 0x01C2, 0x01C2, 0x01C3, 0x01A2, 0x01A2, 0x01A2, 0x01C2, 0x01A2, 
    0x0182, 0x01A2, 0x0182, 0x01C3, 0x01E3, 0x01C2, 0x01A2, 0x0182, 0x01A2, 0x01A2, 0x01A2, 0x0182, 
    0x0182, 0x0182, 0x0182, 0x0182, 0x0182, 0x01A2, 0x0182, 0x0182, 0x0182, 0x0162, 0x0182, 0x0162, 
    0x0162, 0x0182, 0x0162, 0x0182, 0x0142, 0x0162, 0x0142, 0x0142, 0x0162, 0x0142, 0x0141, 0x0141, 
    0x0141, 0x0142, 0x0121, 0x0101, 0x0121, 0x0121, 0x0121, 0x0101, 0x0101, 0x0101, 0x0101, 0x00E1, 
    0x00E1, 0x00E1, 0x00C1, 0x00C1, 0x00E1, 0x00E1, 0x00C1, 0x00E1, 0x00C1, 0x00C1, 0x00C1, 0x00C1, 
    0x00C1, 0x00A0, 0x00A0, 0x00A0, 0x00A0, 0x0080, 0x0080, 0x0080, 0x0080, 0x0000, 0x6264, 0x5223, 
    0x72E6, 0x1080, 0x0040, 0x0060, 0x0060, 0x0040, 0x1081, 0x72E5, 0x62A5, 0x6285, 0x0000, 0x0080, 
    0x0080, 0x0080, 0x0080, 0x0080, 0x0080, 0x00A0, 0x00A0, 0x00A0, 0x00A0, 0x00A0, 0x00C0, 0x00C1, 
    0x00C1, 0x00C1, 0x00E1, 0x00E1, 0x00E1, 0x00E1, 0x0101, 0x0101, 0x0101, 0x00E1, 0x00E1, 0x0101, 
    0x0101, 0x0101, 0x0101, 0x0121, 0x0121, 0x0121, 0x0121, 0x0121, 0x0142, 0x0142, 0x0121, 0x0141, 
    0x0141, 0x0142, 0x0121, 0x0121, 0x0121, 0x0142, 0x0162, 0x0141, 0x0162, 0x0182, 0x0182, 0x0182, 
    0x0182, 0x0182, 0x0182, 0x0182, 0x0161, 0x0162, 0x0182, 0x0182, 0x0162, 0x0182, 0x0182, 0x0182, 
    0x0182, 0x0182, 0x01A2, 0x01A2, 0x01A2, 0x01A2, 0x0182, 0x01A2, 0x0182, 0x01A2, 0x01A2, 0x01A2, 
    0x01A2, 0x01A2, 0x01A2, 0x01C2, 0x01C2, 0x01C2, 0x01C2, 0x01C2, 0x01E3, 0x01E3, 0x01C2, 0x01C2, 
    0x01E3, 0x01C2, 0x01C2, 0x01C2, 0x01C2, 0x01E3, 0x01E3, 0x01C2, 0x01E2, 0x0203, 0x01E2, 0x01E3, 
    0x01E3, 0x0203, 0x01E3, 0x0203, 0x0203, 0x01E3, 0x01E2, 0x01E3, 0x01E2, 0x01E3, 0x01E3, 0x01E2, 
    0x01E3, 0x01E3, 0x01E3, 0x01E3, 0x0A03, 0x01E3, 0x01E3, 0x01E2, 0x01E3, 0x01E3, 0x01C2, 0x01E3, 
    0x01E3, 0x01E3, 0x01E3, 0x01E3, 0x01E3, 0x01E2, 0x01E3, 0x01E3, 0x01E3, 0x01E3, 0x0203, 0x0A03, 
    0x0A23, 0x0203, 0x01E2, 0x0203, 0x0223, 0x0A23, 0x01E3, 0x01E3, 0x0203, 0x0203, 0x0203, 0x0203, 
    0x0A23, 0x0A23, 0x0203, 0x0A03, 0x0A23, 0x0A23, 0x0203, 0x0203, 0x0A23, 0x0A23, 0x0203, 0x0A03, 
    0x0A03, 0x0A03, 0x0A03, 0x0A03, 0x0A23, 0x0A23, 0x0A23, 0x0A23, 0x0A23, 0x0A23, 0x0A23, 0x0A23, 
    0x0203, 0x01E3, 0x01E3, 0x0203, 0x0203, 0x0A23, 0x0203, 0x0A23, 0x0A23, 0x0A23, 0x0A23, 0x0A23, 
    0x0203, 0x0A23, 0x0A23, 0x0A03, 0x0A03, 0x0203, 0x0A03, 0x0A03, 0x0A03, 0x0A23, 0x0203, 0x0A23, 
    0x0A03, 0x0203, 0x0A03, 0x0A03, 0x0A03, 0x0A03, 0x0203, 0x0203, 0x0203, 0x01E2, 0x01E3, 0x01E3, 
    0x01E3, 0x0A03, 0x01E3, 0x01E3, 0x01E3, 0x01E3, 0x01C2, 0x0A03, 0x0A03, 0x01E3, 0x01E3, 0x01E3, 
    0x01E3, 0x01E3, 0x01E3, 0x01E3, 0x01C2, 0x01E3, 0x01C2, 0x01A2, 0x01E3, 0x01C2, 0x01C2, 0x01E3, 
    0x01E3, 0x01C2, 0x01C2, 0x01C3, 0x01C3, 0x01C3, 0x01A2, 0x0182, 0x0182, 0x01A2, 0x01A2, 0x01A2, 
    0x01C2, 0x01A2, 0x0182, 0x01A2, 0x01C2, 0x01A2, 0x01A2, 0x0182, 0x0182, 0x01A2, 0x01A2, 0x0182, 
    0x01A2, 0x0182, 0x0182, 0x0162, 0x0182, 0x0162, 0x0182, 0x0182, 0x0162, 0x0162, 0x0162, 0x0162, 
    0x0162, 0x0162, 0x0141, 0x0142, 0x0162, 0x0162, 0x0142, 0x0162, 0x0142, 0x0121, 0x0101, 0x0101, 
    0x0121, 0x0121, 0x0101, 0x0101, 0x0101, 0x0101, 0x00E1, 0x00E1, 0x0101, 0x00E1, 0x00E1, 0x00E1, 
    0x00C1, 0x00C1, 0x00C1, 0x00C1, 0x00C1, 0x00C1, 0x00C1, 0x00C1, 0x00C1, 0x00A1, 0x00A0, 0x0080, 
    0x00A0, 0x0080, 0x0080, 0x0080, 0x0080, 0x0000, 0x5A64, 0x5223, 0x72C5, 0x1080, 0x0040, 0x0040, 
    0x0060, 0x0040, 0x10A1, 0x7AE5, 0x6AC5, 0x6285, 0x0000, 0x0080, 0x0080, 0x0080, 0x0080, 0x00A0, 
    0x00A0, 0x00A0, 0x00A0, 0x00A0, 0x00A0, 0x00A0, 0x00C1, 0x00C1, 0x00C1, 0x00C0, 0x00C1, 0x00E1, 
    0x00E1, 0x00E1, 0x00E1, 0x0101, 0x00E1, 0x0101, 0x0101, 0x0101, 0x0101, 0x0121, 0x0101, 0x0121, 
    0x0121, 0x0121, 0x0121, 0x0142, 0x0121, 0x0121, 0x0142, 0x0162, 0x0141, 0x0121, 0x0121, 0x0141, 
    0x0121, 0x0141, 0x0141, 0x0141, 0x0162, 0x0162, 0x0182, 0x0162, 0x0182, 0x0182, 0x0182, 0x0162, 
    0x0182, 0x0182, 0x0162, 0x0162, 0x0162, 0x0162, 0x0182, 0x0182, 0x01A2, 0x01A2, 0x0182, 0x01A2, 
    0x01A2, 0x01A2, 0x0182, 0x01A2, 0x01A2, 0x01A2, 0x01A2, 0x01C2, 0x01A2, 0x01A2, 0x01A2, 0x01C2, 
    0x01C2, 0x01C2, 0x01C3, 0x01E3, 0x01E3, 0x01C2, 0x01A2, 0x01C2, 0x01C2, 0x01C2, 0x01C2, 0x01E3, 
    0x0A03, 0x01E3, 0x01C2, 0x01C2, 0x01E3, 0x01C2, 0x01C2, 0x01E3, 0x01E3, 0x0203, 0x01C2, 0x0203, 
    0x01E3, 0x01E3, 0x01E3, 0x0A03, 0x0A03, 0x0203, 0x0A03, 0x01E3, 0x01E3, 0x01E3, 0x01C3, 0x01E3, 
    0x0203, 0x0203, 0x0223, 0x0203, 0x0203, 0x0203, 0x0A23, 0x0203, 0x0203, 0x0203, 0x0203, 0x0223, 
    0x01E3, 0x0203, 0x0A23, 0x01E3, 0x01E3, 0x0A03, 0x01E3, 0x01E3, 0x0A03, 0x0203, 0x0203, 0x0203, 
    0x0203, 0x0203, 0x01E3, 0x0203, 0x0203, 0x0A23, 0x0223, 0x0A23, 0x0203, 0x0A03, 0x0A23, 0x0A03, 
    0x0A23, 0x0A03, 0x0A03, 0x0A23, 0x0223, 0x0203, 0x0A03, 0x0203, 0x0A23, 0x0A23, 0x0A23, 0x0203, 
    0x0A23, 0x0A23, 0x0203, 0x0A43, 0x0A03, 0x0A23, 0x0A23, 0x0A03, 0x0A23, 0x0203, 0x01E2, 0x0A23, 
    0x0203, 0x0A23, 0x0A23, 0x0203, 0x0A23, 0x0A23, 0x0A03, 0x0A03, 0x0A03, 0x0A23, 0x0A23, 0x0A03, 
    0x01E2, 0x0203, 0x0203, 0x0203, 0x0203, 0x0A23, 0x0A23, 0x0203, 0x0A03, 0x0A03, 0x0A03, 0x0A03, 
    0x0A03, 0x0203, 0x0203, 0x0203, 0x0203, 0x01E2, 0x0203, 0x0203, 0x0203, 0x0203, 0x01E3, 0x0203, 
    0x0203, 0x01E3, 0x0A03, 0x0A03, 0x09E3, 0x09E3, 0x01E3, 0x09E3, 0x09E3, 0x01C2, 0x01E3, 0x01E3, 
    0x01C2, 0x01A2, 0x01C2, 0x01C2, 0x01C2, 0x01C2, 0x01C3, 0x01C2, 0x01C2, 0x01C2, 0x01C2, 0x01C2, 
    0x01C2, 0x01E3, 0x01C3, 0x01A2, 0x01A2, 0x01A2, 0x01A2, 0x01A2, 0x01A2, 0x01A2, 0x01A2, 0x01A2, 
    0x01C2, 0x01C3, 0x01A2, 0x01A2, 0x0182, 0x0182, 0x01A2, 0x01A2, 0x01A2, 0x0182, 0x0182, 0x0162, 
    0x0162, 0x0182, 0x0182, 0x0162, 0x0162, 0x0162, 0x0162, 0x0162, 0x0162, 0x0162, 0x0162, 0x0162, 
    0x0141, 0x0142, 0x0142, 0x0141, 0x0121, 0x0121, 0x0121, 0x0121, 0x0121, 0x0121, 0x0101, 0x0101, 
    0x0101, 0x0101, 0x00E1, 0x00E1, 0x00E1, 0x00E1, 0x00E1, 0x00C1, 0x00C1, 0x00C1, 0x00C1, 0x00C1, 
    0x00C0, 0x00C1, 0x00C1, 0x00A0, 0x00A0, 0x00A0, 0x00A0, 0x00A0, 0x0080, 0x0080, 0x0080, 0x0080, 
    0x0080, 0x0000, 0x5A64, 0x5A23, 0x7AE5, 0x1060, 0x0040, 0x0060, 0x0040, 0x0040, 0x10A1, 0x72C5, 
    0x6284, 0x6285, 0x0000, 0x0080, 0x0080, 0x0080, 0x0080, 0x00A0, 0x00A0, 0x00A0, 0x00A0, 0x00A0, 
    0x00A0, 0x00A1, 0x00C1, 0x00C1, 0x00C0, 0x00C1, 0x00C1, 0x00C0, 0x00C1, 0x00E1, 0x00E1, 0x00E1, 
    0x0101, 0x0101, 0x0101, 0x0101, 0x0101, 0x0121, 0x0101, 0x0101, 0x0121, 0x0142, 0x0142, 0x0121, 
    0x0121, 0x0121, 0x0141, 0x0162, 0x0141, 0x0141, 0x0142, 0x0121, 0x0142, 0x0141, 0x0141, 0x0142, 
    0x0162, 0x0182, 0x0182, 0x0162, 0x0162, 0x0182, 0x0182, 0x0182, 0x01A2, 0x0182, 0x0182, 0x0182, 
    0x0162, 0x0162, 0x0182, 0x0182, 0x01A2, 0x01A2, 0x01A2, 0x01C2, 0x01A2, 0x01A2, 0x0182, 0x01A2, 
    0x01A2, 0x01A2, 0x01A2, 0x01A2, 0x0182, 0x01A2, 0x01A2, 0x01A2, 0x01A2, 0x01C2, 0x01C3, 0x01C2, 
    0x01C2, 0x01C2, 0x01C2, 0x01C2, 0x01E2, 0x01E3, 0x01E3, 0x0203, 0x01E3, 0x01C2, 0x01C2, 0x01C3, 
    0x01C2, 0x01C2, 0x01C3, 0x01C2, 0x01E3, 0x0203, 0x0203, 0x01E3, 0x01E2, 0x0203, 0x01E3, 0x01E3, 
    0x0A03, 0x0A23, 0x0203, 0x01E3, 0x01E3, 0x09E3, 0x01E3, 0x01E2, 0x01E3, 0x01E3, 0x0203, 0x0203, 
    0x0203, 0x0A03, 0x0203, 0x0203, 0x0203, 0x0203, 0x0203, 0x0203, 0x0203, 0x0203, 0x0203, 0x0A03, 
    0x01E3, 0x01E3, 0x01E3, 0x01C2, 0x0203, 0x0203, 0x01E3, 0x01E3, 0x01E3, 0x0203, 0x0A03, 0x0203, 
    0x0203, 0x0203, 0x0203, 0x0203, 0x0A23, 0x0A23, 0x0A23, 0x0A23, 0x0A23, 0x0203, 0x0203, 0x0A23, 
    0x0203, 0x0A23, 0x0A03, 0x01E3, 0x0203, 0x0A23, 0x0A23, 0x0A23, 0x0203, 0x0203, 0x0203, 0x0A23, 
    0x0A23, 0x0A23, 0x0A03, 0x0A03, 0x0223, 0x0203, 0x0203, 0x0203, 0x01E2, 0x01E3, 0x0203, 0x0203, 
    0x0A23, 0x0A23, 0x01E3, 0x0A03, 0x0A23, 0x0A03, 0x0203, 0x0A03, 0x0203, 0x0203, 0x0203, 0x01E3, 
    0x0203, 0x0A03, 0x0A03, 0x0A23, 0x0A23, 0x0203, 0x0203, 0x01E3, 0x01E3, 0x01E3, 0x0A03, 0x0203, 
    0x0203, 0x0203, 0x0A03, 0x01E3, 0x01E3, 0x01E3, 0x0A03, 0x01E3, 0x01C3, 0x01E3, 0x01E3, 0x01E3, 
    0x01E3, 0x0A03, 0x01E3, 0x09E3, 0x01E3, 0x01C3, 0x01C3, 0x01C3, 0x01C2, 0x01C2, 0x01C2, 0x01E3, 
    0x01E3, 0x01C3, 0x01A2, 0x01C2, 0x01A2, 0x01C2, 0x01A2, 0x01C2, 0x01C2, 0x01C3, 0x01C3, 0x01A2, 
    0x01A2, 0x01A2, 0x01A2, 0x01C2, 0x01C2, 0x01C2, 0x01A2, 0x01A2, 0x01C2, 0x01A2, 0x0182, 0x01A2, 
    0x01A2, 0x01A2, 0x0182, 0x01A2, 0x0182, 0x0182, 0x0162, 0x0162, 0x0162, 0x0162, 0x0162, 0x0162, 
    0x0141, 0x0162, 0x0162, 0x0142, 0x0141, 0x0162, 0x0162, 0x0162, 0x0162, 0x0162, 0x0142, 0x0142, 
    0x0142, 0x0121, 0x0121, 0x0121, 0x0101, 0x0101, 0x0101, 0x0101, 0x0101, 0x0101, 0x0121, 0x0101, 
    0x00E1, 0x00E1, 0x00C1, 0x00C1, 0x00C1, 0x00C1, 0x00C1, 0x00C1, 0x00C1, 0x00A0, 0x00C1, 0x00A0, 
    0x00A0, 0x00A0, 0x00A0, 0x00A0, 0x0080, 0x0080, 0x0080, 0x0080, 0x0080, 0x0000, 0x6265, 0x5A23, 
    0x72C5, 0x1060, 0x0040, 0x0040, 0x0040, 0x0040, 0x10A1, 0x72A4, 0x5A64, 0x5A64, 0x0000, 0x0080, 
    0x0080, 0x0080, 0x0080, 0x0080, 0x00A0, 0x00A0, 0x00A0, 0x00A0, 0x00A0, 0x00A0, 0x00A0, 0x00C1, 
    0x00C1, 0x00C1, 0x00C1, 0x00C1, 0x00C1, 0x00E1, 0x0101, 0x0101, 0x0101, 0x00E1, 0x00E1, 0x0101, 
    0x0101, 0x0101, 0x0101, 0x0101, 0x0121, 0x0141, 0x0121, 0x0121, 0x0121, 0x0121, 0x0141, 0x0142, 
    0x0142, 0x0141, 0x0141, 0x0121, 0x0142, 0x0162, 0x0141, 0x0141, 0x0162, 0x0162, 0x0162, 0x0162, 
    0x0162, 0x0162, 0x0162, 0x0162, 0x0182, 0x0182, 0x0182, 0x0162, 0x0162, 0x0182, 0x0182, 0x0182, 
    0x0182, 0x01A2, 0x01A2, 0x01A2, 0x01C3, 0x01C3, 0x01A2, 0x01A2, 0x01A2, 0x01C2, 0x01A2, 0x0182, 
    0x0182, 0x01A2, 0x01A2, 0x01C3, 0x01A2, 0x01C2, 0x01C2, 0x01C2, 0x01C2, 0x01C2, 0x01E2, 0x01E3, 
    0x01E2, 0x01C3, 0x01E3, 0x01E3, 0x01E3, 0x01C2, 0x01C2, 0x01E3, 0x01C2, 0x01A2, 0x01C2, 0x01E3, 
    0x01C2, 0x01E3, 0x01E3, 0x01E3, 0x01C2, 0x01C2, 0x01E3, 0x01E3, 0x0203, 0x01E3, 0x0203, 0x0203, 
    0x0A03, 0x01E2, 0x01E3, 0x01E3, 0x0203, 0x0A03, 0x0203, 0x0203, 0x0A03, 0x0A03, 0x0A23, 0x0A03, 
    0x0A03, 0x01E3, 0x0203, 0x0A23, 0x0203, 0x0203, 0x01E3, 0x0203, 0x0203, 0x01E3, 0x0203, 0x0203, 
    0x01E3, 0x0203, 0x01E3, 0x01E3, 0x01E3, 0x01E3, 0x01E3, 0x0203, 0x0203, 0x0203, 0x0203, 0x0A23, 
    0x0223, 0x0203, 0x0203, 0x0A03, 0x0A23, 0x0A23, 0x0203, 0x0A23, 0x0A23, 0x0A23, 0x0A03, 0x0A03, 
    0x01E3, 0x0A03, 0x0A23, 0x0203, 0x0203, 0x0203, 0x01E3, 0x0A03, 0x0A23, 0x01E3, 0x01E3, 0x0203, 
    0x0203, 0x01E2, 0x01E3, 0x0203, 0x01E3, 0x01E3, 0x01C2, 0x01E3, 0x01E3, 0x0A03, 0x0A03, 0x0A03, 
    0x0A23, 0x0203, 0x0203, 0x01E3, 0x0203, 0x01E3, 0x01E3, 0x0203, 0x0203, 0x0A03, 0x0A03, 0x0A03, 
    0x0203, 0x01E3, 0x01E3, 0x0203, 0x0203, 0x01E3, 0x01E3, 0x01E3, 0x0203, 0x0203, 0x0A03, 0x0A23, 
    0x01E3, 0x01E3, 0x0203, 0x0203, 0x0A03, 0x0A03, 0x0A03, 0x01E3, 0x09E3, 0x09E3, 0x01E3, 0x01E3, 
    0x01C3, 0x01E3, 0x01C3, 0x01C3, 0x01E3, 0x01C2, 0x01C2, 0x01C2, 0x01C2, 0x01A2, 0x01A2, 0x01C2, 
    0x01C2, 0x01C3, 0x01A2, 0x01A2, 0x01A2, 0x01A2, 0x01C2, 0x01A2, 0x01A2, 0x01A2, 0x01C2, 0x01C2, 
    0x01C3, 0x01A2, 0x0182, 0x0182, 0x01A2, 0x01A2, 0x01A2, 0x01A2, 0x0182, 0x0182, 0x0182, 0x0182, 
    0x0182, 0x01A2, 0x0162, 0x0162, 0x0162, 0x0162, 0x0162, 0x0162, 0x0141, 0x0162, 0x0142, 0x0141, 
    0x0162, 0x0162, 0x0142, 0x0142, 0x0142, 0x0121, 0x0121, 0x0141, 0x0141, 0x0121, 0x0121, 0x0121, 
    0x0121, 0x0121, 0x0101, 0x0101, 0x00E1, 0x00E1, 0x00E1, 0x00E1, 0x00E1, 0x00E1, 0x00C1, 0x00C1, 
    0x00C1, 0x00C0, 0x00C1, 0x00C1, 0x00A0, 0x00A0, 0x00A1, 0x00A0, 0x00A0, 0x00A0, 0x00A0, 0x00A0, 
    0x0080, 0x0080, 0x0080, 0x0080, 0x0080, 0x0000, 0x5A24, 0x51E3, 0x72C5, 0x1080, 0x0040, 0x0060, 
    0x0040, 0x0040, 0x10A1, 0x72A5, 0x5A64, 0x5A44, 0x0000, 0x0080, 0x0080, 0x0080, 0x0080, 0x0080, 
    0x00A0, 0x0080, 0x00A0, 0x00A0, 0x00A0, 0x00A0, 0x00C1, 0x00C1, 0x00C1, 0x00C1, 0x00C1, 0x00C1, 
    0x00C1, 0x00E1, 0x00E1, 0x0101, 0x0101, 0x0101, 0x0101, 0x00E1, 0x00E1, 0x0101, 0x00E1, 0x0101, 
    0x0121, 0x0121, 0x0121, 0x0141, 0x0121, 0x0121, 0x0141, 0x0121, 0x0141, 0x0141, 0x0142, 0x0142, 
    0x0121, 0x0142, 0x0162, 0x0142, 0x0142, 0x0162, 0x0162, 0x0162, 0x0162, 0x0182, 0x0182, 0x0162, 
    0x0182, 0x0182, 0x0182, 0x0162, 0x0162, 0x01A2, 0x0182, 0x0162, 0x0182, 0x01C3, 0x01C3, 0x01A2, 
    0x01C3, 0x01C2, 0x01C2, 0x01A2, 0x01A2, 0x0182, 0x01A2, 0x01A2, 0x01A2, 0x01A2, 0x01C2, 0x01C2, 
    0x01C2, 0x01C3, 0x01E3, 0x01A2, 0x01C2, 0x01C2, 0x01E3, 0x01E3, 0x01E2, 0x01E3, 0x01E3, 0x01E3, 
    0x01E3, 0x01E3, 0x01E3, 0x01E3, 0x01C3, 0x01E3, 0x01C2, 0x01C3, 0x01C3, 0x01E3, 0x01E3, 0x09E3, 
    0x01E3, 0x01E3, 0x01E3, 0x0203, 0x01E3, 0x01E3, 0x01E3, 0x01E3, 0x0203, 0x0A03, 0x0A03, 0x01E3, 
    0x0203, 0x0A03, 0x0203, 0x0203, 0x0203, 0x0A03, 0x0A23, 0x0A23, 0x01E3, 0x01E3, 0x01E3, 0x0A03, 
    0x01E3, 0x01E2, 0x01E3, 0x01E3, 0x01E3, 0x01E3, 0x0203, 0x01E3, 0x0203, 0x01E3, 0x01E3, 0x01E3, 
    0x01E3, 0x01C2, 0x01E3, 0x0203, 0x0203, 0x0203, 0x0203, 0x0203, 0x0203, 0x0A23, 0x0A23, 0x0A03, 
    0x0A23, 0x0A23, 0x0A03, 0x0203, 0x0A03, 0x0A23, 0x0A23, 0x0A03, 0x0A03, 0x0203, 0x0203, 0x01E3, 
    0x01E3, 0x0203, 0x0203, 0x0203, 0x0203, 0x0203, 0x0A03, 0x0203, 0x0A23, 0x0A23, 0x0203, 0x0A03, 
    0x0A03, 0x01E3, 0x01E3, 0x01E3, 0x01E3, 0x0A03, 0x01E3, 0x0203, 0x01E2, 0x01E3, 0x0A03, 0x01E3, 
    0x0203, 0x0203, 0x01E3, 0x01E3, 0x0203, 0x0A23, 0x0203, 0x01E3, 0x0203, 0x0203, 0x01E3, 0x01E3, 
    0x0203, 0x0203, 0x0A03, 0x0203, 0x0A03, 0x0203, 0x0A23, 0x01E3, 0x0A03, 0x0A03, 0x0A03, 0x0203, 
    0x0A03, 0x0A03, 0x0A03, 0x0203, 0x0A03, 0x01E3, 0x09E3, 0x01C2, 0x01C3, 0x01E3, 0x01E3, 0x01C3, 
    0x01C3, 0x01C2, 0x01A2, 0x01C2, 0x01C2, 0x01A2, 0x01A2, 0x01A2, 0x01A2, 0x01A2, 0x01A2, 0x01A2, 
    0x01A2, 0x01A2, 0x01C2, 0x01A2, 0x0182, 0x01A2, 0x01A2, 0x01C2, 0x01A2, 0x01A2, 0x01A2, 0x01A2, 
    0x01A2, 0x01A2, 0x0182, 0x01A2, 0x01A2, 0x0182, 0x0182, 0x0182, 0x0182, 0x01A2, 0x0182, 0x0162, 
    0x0162, 0x0182, 0x0162, 0x0162, 0x0162, 0x0162, 0x0162, 0x0162, 0x0142, 0x0162, 0x0162, 0x0142, 
    0x0141, 0x0141, 0x0142, 0x0141, 0x0141, 0x0141, 0x0142, 0x0121, 0x0121, 0x0121, 0x0101, 0x0101, 
    0x0101, 0x00E1, 0x00E1, 0x00E1, 0x00E1, 0x00E1, 0x00E1, 0x00C1, 0x00C1, 0x00C1, 0x00C1, 0x00A0, 
    0x00C0, 0x00C1, 0x00A0, 0x00A0, 0x00A0, 0x00A0, 0x00A0, 0x0080, 0x0080, 0x0080, 0x0080, 0x0080, 
    0x0080, 0x0000, 0x5A23, 0x51E2, 0x72C5, 0x1060, 0x0040, 0x0060, 0x0040, 0x0040, 0x10A1, 0x72C5, 
    0x5A44, 0x5A44, 0x0000, 0x0080, 0x0080, 0x0080, 0x0080, 0x0080, 0x0080, 0x0080, 0x00A0, 0x0080, 
    0x00A0, 0x00A1, 0x00A0, 0x00A0, 0x00C1, 0x00C1, 0x00C1, 0x00C1, 0x00C1, 0x00C1, 0x00E1, 0x00E1, 
    0x00E1, 0x00E1, 0x00E1, 0x00E1, 0x00E1, 0x0101, 0x0101, 0x0101, 0x0121, 0x0121, 0x0121, 0x0121, 
    0x0121, 0x0121, 0x0121, 0x0142, 0x0142, 0x0141, 0x0162, 0x0141, 0x0141, 0x0142, 0x0142, 0x0142, 
    0x0142, 0x0162, 0x0182, 0x0182, 0x0162, 0x0162, 0x0162, 0x0182, 0x0182, 0x0182, 0x0182, 0x0162, 
    0x0162, 0x0162, 0x0182, 0x01A2, 0x01A2, 0x01A2, 0x01A2, 0x0182, 0x01A2, 0x0182, 0x01A2, 0x01A2, 
    0x0182, 0x01A2, 0x01A2, 0x01A2, 0x01A2, 0x01A2, 0x01C2, 0x01C3, 0x01C2, 0x01C2, 0x01C2, 0x01C2, 
    0x01C3, 0x01C3, 0x01C3, 0x01C2, 0x01C2, 0x01C3, 0x01E3, 0x01C2, 0x01E3, 0x01E3, 0x01E3, 0x0203, 
    0x01E3, 0x01E3, 0x01E3, 0x01E3, 0x01E3, 0x01E3, 0x01E3, 0x01E3, 0x01E2, 0x01E3, 0x01E3, 0x01E3, 
    0x01C3, 0x01E3, 0x01C3, 0x01E3, 0x01E3, 0x01E3, 0x0A03, 0x01E3, 0x0203, 0x01E2, 0x01E3, 0x01E3, 
    0x01C2, 0x01E3, 0x01E2, 0x01E3, 0x01E3, 0x01E3, 0x01E3, 0x01E3, 0x01E3, 0x0A03, 0x01E3, 0x01E3, 
    0x01E3, 0x01E3, 0x01E3, 0x01E3, 0x0203, 0x01E3, 0x01E3, 0x01E3, 0x01E3, 0x01E3, 0x01C2, 0x01E3, 
    0x01E3, 0x0203, 0x01E3, 0x0203, 0x0203, 0x0203, 0x0203, 0x0203, 0x0203, 0x0A23, 0x0A03, 0x0203, 
    0x0203, 0x0203, 0x0203, 0x0A03, 0x0A23, 0x0A23, 0x0203, 0x01E3, 0x01E3, 0x0203, 0x0203, 0x0223, 
    0x0203, 0x0203, 0x0A23, 0x0223, 0x0223, 0x0A43, 0x0203, 0x01E3, 0x0203, 0x01E3, 0x01E3, 0x01E3, 
    0x01E3, 0x01E3, 0x0203, 0x0203, 0x0A03, 0x09E3, 0x0203, 0x01E3, 0x0203, 0x01E3, 0x0203, 0x0A03, 
    0x01E3, 0x0203, 0x01E3, 0x0203, 0x0203, 0x01E3, 0x01E3, 0x0203, 0x01E3, 0x0203, 0x0203, 0x0203, 
    0x0A03, 0x0203, 0x0A23, 0x0203, 0x0A03, 0x0A03, 0x01E3, 0x0203, 0x01E3, 0x01E3, 0x0203, 0x01E3, 
    0x01C3, 0x01E3, 0x01E3, 0x0A03, 0x01E3, 0x01E3, 0x01C2, 0x01C2, 0x01C3, 0x01E3, 0x01C3, 0x01C2, 
    0x01A2, 0x01A2, 0x01A2, 0x0182, 0x01A2, 0x01A2, 0x01A2, 0x01C2, 0x01A2, 0x01A2, 0x01A2, 0x0182, 
    0x01A2, 0x01A2, 0x01A2, 0x01A2, 0x01A2, 0x0182, 0x01A2, 0x0182, 0x01A2, 0x01A2, 0x0182, 0x01A2, 
    0x0182, 0x0182, 0x0162, 0x0182, 0x0182, 0x0182, 0x0162, 0x0162, 0x0162, 0x0162, 0x0162, 0x0142, 
    0x0142, 0x0121, 0x0162, 0x0162, 0x0142, 0x0142, 0x0142, 0x0141, 0x0142, 0x0142, 0x0142, 0x0142, 
    0x0121, 0x0121, 0x0142, 0x0141, 0x0121, 0x0121, 0x0101, 0x00E1, 0x0101, 0x0101, 0x0101, 0x0101, 
    0x00E1, 0x00E1, 0x00C1, 0x00C1, 0x00C1, 0x00C0, 0x00C1, 0x00C0, 0x00C0, 0x00C1, 0x00C1, 0x00C1, 
    0x00A1, 0x00A0, 0x00A0, 0x00A0, 0x0080, 0x0080, 0x0080, 0x0080, 0x0080, 0x0000, 0x5A44, 0x5203, 
    0x72C5, 0x1060, 0x0040, 0x0060, 0x0060, 0x0040, 0x10A1, 0x72C5, 0x5A43, 0x5A44, 0x0000, 0x0080, 
    0x0080, 0x0080, 0x0080, 0x0080, 0x0080, 0x00A0, 0x00A0, 0x00A0, 0x00A0, 0x00A1, 0x00A0, 0x00C0, 
    0x00C1, 0x00C1, 0x00C1, 0x00C1, 0x00C1, 0x00C1, 0x00C1, 0x00C1, 0x00E1, 0x00E1, 0x00E1, 0x00E1, 
    0x0101, 0x0101, 0x0101, 0x0121, 0x0121, 0x0141, 0x0121, 0x0121, 0x0141, 0x0121, 0x0121, 0x0121, 
    0x0141, 0x0142, 0x0141, 0x0121, 0x0142, 0x0141, 0x0141, 0x0142, 0x0142, 0x0142, 0x0182, 0x0162, 
    0x0162, 0x0162, 0x0162, 0x0162, 0x0182, 0x0182, 0x0182, 0x0182, 0x0162, 0x0162, 0x0162, 0x0182, 
    0x0182, 0x0182, 0x0182, 0x0182, 0x0162, 0x0182, 0x01A2, 0x01A2, 0x0182, 0x0182, 0x0182, 0x0182, 
    0x01A2, 0x01C3, 0x01A2, 0x01C2, 0x01C3, 0x01A2, 0x01C2, 0x01C2, 0x01A2, 0x01C2, 0x01C3, 0x01C3, 
    0x01C2, 0x01C2, 0x01C2, 0x01A2, 0x01C2, 0x01C2, 0x01C2, 0x01E2, 0x01E3, 0x01C2, 0x01E3, 0x01C3, 
    0x01C3, 0x01E3, 0x01E3, 0x01E2, 0x01E3, 0x01E2, 0x01E3, 0x01E3, 0x01E3, 0x01C3, 0x01E3, 0x01C3, 
    0x01E3, 0x0203, 0x0203, 0x01E3, 0x01E3, 0x01E2, 0x01E3, 0x01E3, 0x01E3, 0x01E3, 0x01E3, 0x01E3, 
    0x01E2, 0x01E2, 0x01E3, 0x01E3, 0x01E3, 0x01E3, 0x01E3, 0x01E3, 0x01C3, 0x01E3, 0x01C2, 0x01C2, 
    0x01E3, 0x01C3, 0x01E3, 0x01E3, 0x01E3, 0x01E3, 0x01E3, 0x01E3, 0x01E3, 0x01E3, 0x0203, 0x01E2, 
    0x01E3, 0x0203, 0x0203, 0x0203, 0x0203, 0x0A23, 0x0A03, 0x0A23, 0x0203, 0x0223, 0x0203, 0x01E3, 
    0x0A03, 0x0203, 0x0203, 0x01E3, 0x01E3, 0x0203, 0x0203, 0x0223, 0x0223, 0x0203, 0x0203, 0x0203, 
    0x0203, 0x0203, 0x0203, 0x01E3, 0x01E3, 0x01C2, 0x01E3, 0x01E3, 0x01E3, 0x01E3, 0x01E2, 0x0203, 
    0x0203, 0x01E3, 0x0203, 0x01E3, 0x01E3, 0x01E3, 0x01E3, 0x01E3, 0x01E3, 0x01E3, 0x0203, 0x01E3, 
    0x0203, 0x01E3, 0x01E3, 0x01E3, 0x01C2, 0x01E2, 0x01E3, 0x0203, 0x0A03, 0x01E3, 0x01E3, 0x01E3, 
    0x0203, 0x0A03, 0x01E3, 0x0203, 0x01E3, 0x01E3, 0x01E3, 0x01E3, 0x01C3, 0x01C2, 0x01E3, 0x0A03, 
    0x01E3, 0x01C2, 0x01C2, 0x01E3, 0x01C3, 0x01E3, 0x01C2, 0x01A2, 0x01A2, 0x01A2, 0x01C2, 0x01A2, 
    0x01A2, 0x0182, 0x01A2, 0x01A2, 0x01A2, 0x0182, 0x0182, 0x0182, 0x01A2, 0x01A2, 0x01C2, 0x01A2, 
    0x01A2, 0x0182, 0x01A2, 0x01A2, 0x0182, 0x0182, 0x0182, 0x01A2, 0x0182, 0x0162, 0x0182, 0x0162, 
    0x0162, 0x0162, 0x0141, 0x0162, 0x0182, 0x0162, 0x0162, 0x0141, 0x0162, 0x0142, 0x0142, 0x0142, 
    0x0142, 0x0142, 0x0121, 0x0141, 0x0142, 0x0141, 0x0121, 0x0141, 0x0141, 0x0142, 0x0142, 0x0122, 
    0x0101, 0x0101, 0x0101, 0x0101, 0x0101, 0x00E1, 0x00E1, 0x00E1, 0x00E1, 0x00E1, 0x00C1, 0x00C1, 
    0x00C1, 0x00A0, 0x00C1, 0x00C1, 0x00C1, 0x00C1, 0x00C1, 0x00A0, 0x00A0, 0x00A0, 0x00A0, 0x00A0, 
    0x0080, 0x0080, 0x0080, 0x0060, 0x0080, 0x0000, 0x5203, 0x49C2, 0x72A5, 0x1060, 0x0040, 0x0060, 
    0x0080, 0x0040, 0x10A1, 0x72C4, 0x5A43, 0x5A44, 0x0000, 0x0080, 0x0080, 0x0080, 0x0080, 0x0080, 
    0x0080, 0x0080, 0x00A0, 0x0080, 0x00A0, 0x00A0, 0x00A0, 0x00C1, 0x00A1, 0x00C0, 0x00C1, 0x00C1, 
    0x00C1, 0x00C1, 0x00E1, 0x00E1, 0x00E1, 0x00E1, 0x0101, 0x00E1, 0x00E1, 0x0101, 0x0121, 0x0121, 
    0x0121, 0x0121, 0x0121, 0x0121, 0x0121, 0x0101, 0x0121, 0x0121, 0x0141, 0x0141, 0x0142, 0x0142, 
    0x0141, 0x0141, 0x0121, 0x0142, 0x0141, 0x0162, 0x0182, 0x0182, 0x0182, 0x0182, 0x0162, 0x0162, 
    0x0142, 0x0162, 0x0162, 0x0162, 0x0162, 0x0162, 0x0162, 0x0182, 0x0162, 0x0182, 0x0182, 0x0162, 
    0x0162, 0x0182, 0x0182, 0x0182, 0x0182, 0x0182, 0x0182, 0x01A2, 0x0182, 0x0182, 0x01A2, 0x01A2, 
    0x01A2, 0x0182, 0x01A2, 0x01A2, 0x0182, 0x01C2, 0x01C3, 0x01C3, 0x01C3, 0x01C2, 0x01A2, 0x01C2, 
    0x01C2, 0x01A2, 0x01C2, 0x01E3, 0x01C3, 0x01C3, 0x01E3, 0x01C2, 0x01A2, 0x01C2, 0x01C2, 0x01E3, 
    0x01E3, 0x01E3, 0x01C2, 0x01E3, 0x01E2, 0x01C2, 0x01E3, 0x01E3, 0x09E3, 0x01E3, 0x01E3, 0x01E3, 
    0x01E3, 0x01E3, 0x01C2, 0x01C2, 0x01C2, 0x01C2, 0x01E3, 0x01C2, 0x01C2, 0x01E2, 0x01E3, 0x01C2, 
    0x01C2, 0x01E3, 0x01E3, 0x01E3, 0x01E3, 0x01E3, 0x01E3, 0x01C3, 0x01C3, 0x01C2, 0x01E3, 0x01E3, 
    0x01E3, 0x01E3, 0x01E3, 0x0203, 0x01E3, 0x01E3, 0x01E3, 0x01E3, 0x01E3, 0x01E3, 0x0A03, 0x01E3, 
    0x01E3, 0x0A03, 0x0203, 0x0A03, 0x0A03, 0x0203, 0x0203, 0x0203, 0x0203, 0x01E3, 0x01E3, 0x01C2, 
    0x01E3, 0x0203, 0x01E3, 0x01E3, 0x0203, 0x0A23, 0x0A23, 0x0A23, 0x0203, 0x0203, 0x0203, 0x01E3, 
    0x01E3, 0x09E3, 0x0A03, 0x01E3, 0x01E3, 0x01C2, 0x01C2, 0x01E3, 0x01E3, 0x01C3, 0x01C2, 0x01C3, 
    0x01C3, 0x01C3, 0x0203, 0x0203, 0x01E3, 0x01E3, 0x01E3, 0x01E3, 0x0203, 0x0203, 0x01E3, 0x01E2, 
    0x0203, 0x01E3, 0x01E3, 0x01E3, 0x01E3, 0x01E3, 0x09E3, 0x01E3, 0x01E3, 0x0203, 0x01E3, 0x01E3, 
    0x01C2, 0x01E3, 0x01C2, 0x01A2, 0x01C2, 0x01C2, 0x01C3, 0x01C2, 0x01C3, 0x01A2, 0x01C3, 0x01C3, 
    0x01C2, 0x01C2, 0x01C2, 0x01C3, 0x01A2, 0x01C2, 0x01A2, 0x01A2, 0x01A2, 0x01A2, 0x01A2, 0x01A2, 
    0x01A2, 0x0182, 0x01A2, 0x0182, 0x0162, 0x0182, 0x0182, 0x01A2, 0x0182, 0x0182, 0x0182, 0x01A2, 
    0x0182, 0x0162, 0x0182, 0x0182, 0x0182, 0x0182, 0x0182, 0x0182, 0x0162, 0x0162, 0x0162, 0x0141, 
    0x0182, 0x0162, 0x0162, 0x0142, 0x0162, 0x0162, 0x0141, 0x0121, 0x0121, 0x0121, 0x0142, 0x0142, 
    0x0142, 0x0141, 0x0121, 0x0121, 0x0141, 0x0142, 0x0122, 0x0121, 0x0101, 0x0101, 0x0101, 0x00E1, 
    0x00E1, 0x00E1, 0x00E1, 0x00E1, 0x00E1, 0x00E1, 0x00C1, 0x00C1, 0x00C1, 0x00C1, 0x00C1, 0x00C1, 
    0x00C1, 0x00A0, 0x00A1, 0x00A0, 0x00A0, 0x00A0, 0x00A0, 0x0080, 0x0080, 0x0080, 0x0080, 0x0080, 
    0x0080, 0x0000, 0x5203, 0x49C2, 0x72A5, 0x1060, 0x0040, 0x08A0, 0x08A0, 0x0040, 0x1081, 0x72C4, 
    0x5A44, 0x5A44, 0x0000, 0x0080, 0x0080, 0x0080, 0x0080, 0x0080, 0x0080, 0x0080, 0x00A0, 0x00A0, 
    0x0080, 0x00A0, 0x00A0, 0x00A0, 0x00A0, 0x00C1, 0x00C1, 0x00C0, 0x00C0, 0x00C1, 0x00C1, 0x00C1, 
    0x00C1, 0x00E1, 0x0101, 0x0101, 0x00E1, 0x0101, 0x0141, 0x0121, 0x0121, 0x0122, 0x0121, 0x0121, 
    0x0121, 0x0121, 0x0121, 0x0142, 0x0141, 0x0121, 0x0142, 0x0121, 0x0141, 0x0142, 0x0142, 0x0142, 
    0x0142, 0x0162, 0x0162, 0x0142, 0x0162, 0x0182, 0x0141, 0x0162, 0x0162, 0x0162, 0x0162, 0x0182, 
    0x0182, 0x0162, 0x0162, 0x0182, 0x01A2, 0x0162, 0x0162, 0x0162, 0x0162, 0x0162, 0x0162, 0x0162, 
    0x0182, 0x0182, 0x0182, 0x01A2, 0x01A2, 0x0182, 0x0182, 0x01A2, 0x01A2, 0x01A2, 0x0182, 0x0162, 
    0x01A2, 0x01A2, 0x01A2, 0x01C3, 0x01C2, 0x01A2, 0x01A2, 0x01A2, 0x01C2, 0x01A2, 0x01A2, 0x01C2, 
    0x01C2, 0x01C3, 0x01C2, 0x01C2, 0x01C2, 0x01C2, 0x01C2, 0x01E3, 0x01E2, 0x01C2, 0x01C3, 0x01C2, 
    0x01C2, 0x01E3, 0x01E3, 0x01E3, 0x01E3, 0x01C2, 0x01E3, 0x01C2, 0x01E3, 0x01E3, 0x01E2, 0x01E3, 
    0x01E3, 0x01C3, 0x01E3, 0x01C2, 0x0203, 0x0203, 0x01E2, 0x01E3, 0x01E3, 0x0203, 0x0203, 0x01E3, 
    0x01C3, 0x01C3, 0x01E3, 0x01E3, 0x01C2, 0x01E2, 0x01E3, 0x01E3, 0x01E3, 0x01E3, 0x01E3, 0x01E3, 
    0x0203, 0x01E3, 0x01E2, 0x01E3, 0x01C2, 0x01E3, 0x01E3, 0x01E3, 0x01E3, 0x01E3, 0x01E3, 0x01E3, 
    0x01E3, 0x01E3, 0x01E3, 0x0203, 0x0203, 0x01E3, 0x0203, 0x01E3, 0x0203, 0x01E2, 0x01E3, 0x01E3, 
    0x0203, 0x0203, 0x0A03, 0x01E3, 0x01E3, 0x01E3, 0x01E3, 0x01C2, 0x01C2, 0x0A03, 0x01E3, 0x01E3, 
    0x01C2, 0x01C3, 0x01C3, 0x01E3, 0x0203, 0x01E3, 0x01C2, 0x01E3, 0x01E3, 0x01E3, 0x0203, 0x01E3, 
    0x0A03, 0x01E3, 0x01E3, 0x0A23, 0x01E3, 0x0203, 0x01E3, 0x01E3, 0x01C2, 0x01C2, 0x01E3, 0x01E3, 
    0x0A03, 0x01E3, 0x01E3, 0x01E3, 0x01E3, 0x0A03, 0x01E3, 0x01C2, 0x01C2, 0x01C2, 0x01C3, 0x01C2, 
    0x01C2, 0x01A2, 0x01C2, 0x01C2, 0x01C3, 0x01C3, 0x01C3, 0x01C2, 0x01C3, 0x01C2, 0x01C2, 0x01C2, 
    0x0182, 0x0182, 0x0182, 0x01A2, 0x01C2, 0x01C2, 0x01A2, 0x01A2, 0x01A2, 0x01A2, 0x01A2, 0x01A2, 
    0x0182, 0x0182, 0x0182, 0x01A2, 0x01A2, 0x0182, 0x0182, 0x0182, 0x0162, 0x0182, 0x0182, 0x0182, 
    0x0182, 0x0162, 0x0162, 0x0162, 0x0162, 0x0162, 0x0162, 0x0182, 0x0162, 0x0162, 0x0142, 0x0142, 
    0x0142, 0x0141, 0x0121, 0x0121, 0x0121, 0x0121, 0x0121, 0x0121, 0x0121, 0x0141, 0x0141, 0x0142, 
    0x0121, 0x0121, 0x0121, 0x0101, 0x0121, 0x0101, 0x0101, 0x00E1, 0x00E1, 0x00E1, 0x00E1, 0x00E1, 
    0x00E1, 0x00E1, 0x00C1, 0x00C1, 0x00C1, 0x00C1, 0x00C1, 0x00C1, 0x00C1, 0x00A0, 0x00A0, 0x00A0, 
    0x00A0, 0x00A0, 0x0080, 0x0080, 0x0080, 0x0080, 0x0080, 0x0080, 0x0080, 0x0000, 0x5A23, 0x49C2, 
    0x6A84, 0x1060, 0x0080, 0x10C0, 0x08C0, 0x0080, 0x10A1, 0x6AA4, 0x5A44, 0x5A44, 0x0000, 0x0080, 
    0x0080, 0x0080, 0x0080, 0x0080, 0x0080, 0x0080, 0x0080, 0x0080, 0x0080, 0x00A0, 0x00A0, 0x00A0, 
    0x00C1, 0x00C1, 0x00C1, 0x00C0, 0x00C1, 0x00C1, 0x00C1, 0x00C1, 0x00C1, 0x00E1, 0x0101, 0x00E1, 
    0x00E1, 0x00E1, 0x0101, 0x0101, 0x0101, 0x0101, 0x0101, 0x0101, 0x0121, 0x0121, 0x0121, 0x0121, 
    0x0121, 0x0121, 0x0121, 0x0121, 0x0121, 0x0141, 0x0162, 0x0142, 0x0141, 0x0141, 0x0141, 0x0141, 
    0x0162, 0x0142, 0x0162, 0x0162, 0x0162, 0x0162, 0x0162, 0x0182, 0x0162, 0x0162, 0x0162, 0x0182, 
    0x01A2, 0x0182, 0x0182, 0x0182, 0x0182, 0x0182, 0x0182, 0x0182, 0x0162, 0x0162, 0x0161, 0x01A2, 
    0x01A2, 0x0182, 0x01A2, 0x01C3, 0x01C3, 0x01A2, 0x01A2, 0x01A2, 0x01A2, 0x01C2, 0x01A2, 0x01C2, 
    0x01C2, 0x01A2, 0x01A2, 0x01A2, 0x01A2, 0x01A2, 0x01A2, 0x01A2, 0x01C3, 0x01C2, 0x01A2, 0x01C3, 
    0x01C2, 0x01C2, 0x01C2, 0x01C2, 0x01C3, 0x01E3, 0x01E3, 0x01C2, 0x01C2, 0x01E3, 0x01E2, 0x01E3, 
    0x01E3, 0x01E3, 0x0203, 0x01E3, 0x0A03, 0x01E3, 0x0203, 0x01E3, 0x0203, 0x0203, 0x0203, 0x01E3, 
    0x01E3, 0x0203, 0x01E3, 0x01E3, 0x01E3, 0x01E2, 0x01E2, 0x01E2, 0x01E3, 0x01E3, 0x01C2, 0x01E3, 
    0x01C3, 0x01E3, 0x0203, 0x01E3, 0x01E3, 0x0203, 0x0203, 0x0203, 0x01E3, 0x01E3, 0x01E3, 0x01E2, 
    0x01C2, 0x01C2, 0x01C2, 0x01E2, 0x01E3, 0x01E3, 0x01E3, 0x01E3, 0x01E3, 0x01C2, 0x01E3, 0x01E3, 
    0x01E3, 0x0203, 0x0203, 0x0203, 0x01E3, 0x0203, 0x01E2, 0x01E3, 0x0A03, 0x01E3, 0x0A03, 0x01E3, 
    0x01E2, 0x01C2, 0x01C2, 0x01C2, 0x01C2, 0x01E3, 0x01E3, 0x01E3, 0x01E2, 0x01E3, 0x01E3, 0x0A03, 
    0x0203, 0x01E3, 0x01C2, 0x01E3, 0x01E3, 0x01E3, 0x01E3, 0x0203, 0x01E3, 0x01E3, 0x01E3, 0x0203, 
    0x01E3, 0x0203, 0x0203, 0x01E3, 0x01E3, 0x01E3, 0x01E3, 0x01C2, 0x01C2, 0x01C2, 0x0203, 0x01E3, 
    0x01E3, 0x01E2, 0x01A2, 0x01C2, 0x01E3, 0x01E3, 0x01E3, 0x01C2, 0x01A2, 0x01C2, 0x01C2, 0x01C2, 
    0x01A2, 0x01A2, 0x01A2, 0x01A2, 0x01A2, 0x01A2, 0x01C2, 0x01C2, 0x01A2, 0x01A2, 0x01A2, 0x01A2, 
    0x01C2, 0x01C2, 0x01A2, 0x01A2, 0x0182, 0x0182, 0x0182, 0x0182, 0x01A2, 0x0182, 0x01A2, 0x01A2, 
    0x01A2, 0x01A2, 0x0182, 0x0162, 0x0162, 0x0182, 0x0162, 0x0162, 0x0162, 0x0182, 0x0162, 0x0182, 
    0x0162, 0x0162, 0x0162, 0x0182, 0x0162, 0x0162, 0x0142, 0x0141, 0x0142, 0x0141, 0x0141, 0x0141, 
    0x0121, 0x0121, 0x0121, 0x0121, 0x0121, 0x0121, 0x0121, 0x0121, 0x0121, 0x0121, 0x0121, 0x0121, 
    0x0122, 0x00E1, 0x00E1, 0x00E1, 0x00E1, 0x00E1, 0x00E1, 0x00E1, 0x00E1, 0x00C1, 0x00C1, 0x00C1, 
    0x00C1, 0x00C1, 0x00C1, 0x00C1, 0x00C1, 0x00A0, 0x00A0, 0x00A0, 0x00A0, 0x0080, 0x0080, 0x0080, 
    0x0080, 0x0080, 0x0080, 0x0060, 0x0080, 0x0000, 0x5A24, 0x51E3, 0x6A84, 0x1080, 0x08A0, 0x10C0, 
    0x08A0, 0x08A0, 0x18C1, 0x6A84, 0x5224, 0x5A44, 0x0000, 0x0080, 0x0060, 0x0060, 0x0080, 0x0080, 
    0x0080, 0x0080, 0x0080, 0x0080, 0x0080, 0x00A0, 0x00A0, 0x00C1, 0x00A0, 0x00C1, 0x00C0, 0x00C1, 
    0x00C1, 0x00C0, 0x00C1, 0x00C1, 0x00E1, 0x00E1, 0x0101, 0x00C1, 0x00E1, 0x00E1, 0x0101, 0x0101, 
    0x0101, 0x0121, 0x0101, 0x0101, 0x0101, 0x0121, 0x0101, 0x00E1, 0x0101, 0x0121, 0x0121, 0x0121, 
    0x0121, 0x0121, 0x0142, 0x0121, 0x0121, 0x0121, 0x0142, 0x0142, 0x0141, 0x0162, 0x0162, 0x0162, 
    0x0162, 0x0162, 0x0162, 0x0162, 0x0141, 0x0141, 0x0142, 0x0182, 0x0182, 0x0182, 0x0182, 0x0162, 
    0x0162, 0x01A2, 0x01A2, 0x0182, 0x0182, 0x0162, 0x0162, 0x01A2, 0x0182, 0x0182, 0x0182, 0x0182, 
    0x01A2, 0x01A2, 0x01A2, 0x01A2, 0x01A2, 0x0182, 0x01A2, 0x01C3, 0x01C2, 0x01A2, 0x01A2, 0x0182, 
    0x0182, 0x01A2, 0x01A2, 0x01A2, 0x01A2, 0x01A2, 0x01A2, 0x01C3, 0x01C2, 0x01C3, 0x01C3, 0x01C2, 
    0x01C3, 0x01C3, 0x01C2, 0x01C2, 0x01C2, 0x01C2, 0x01C2, 0x01C2, 0x01E3, 0x01E3, 0x01E3, 0x01E3, 
    0x01E3, 0x01E3, 0x0203, 0x01E3, 0x01E3, 0x01E3, 0x01E2, 0x01E3, 0x01C2, 0x01E3, 0x01E3, 0x01E3, 
    0x01E3, 0x01E2, 0x0203, 0x01E3, 0x01E3, 0x01E3, 0x01E3, 0x01E3, 0x01C2, 0x01E3, 0x01E3, 0x0203, 
    0x0203, 0x01E3, 0x01E3, 0x01E3, 0x01E3, 0x0203, 0x01E3, 0x01E3, 0x01C2, 0x01C2, 0x01E3, 0x01E3, 
    0x01C3, 0x01C2, 0x01E3, 0x01E3, 0x01C2, 0x01C3, 0x01C2, 0x01C2, 0x01C2, 0x01E3, 0x0203, 0x01E3, 
    0x0203, 0x0203, 0x01E3, 0x0A23, 0x0203, 0x01C2, 0x01E3, 0x0A03, 0x01E3, 0x01E3, 0x01C2, 0x01A2, 
    0x01C2, 0x01C2, 0x01C2, 0x01C2, 0x01E3, 0x01E3, 0x01E3, 0x01E3, 0x0203, 0x01C3, 0x01C2, 0x01C2, 
    0x01C3, 0x01C2, 0x01E3, 0x01E3, 0x01E3, 0x01E3, 0x01E3, 0x01E2, 0x0203, 0x01E3, 0x01E3, 0x01E3, 
    0x01E3, 0x01E3, 0x01A2, 0x01C2, 0x01C2, 0x01E3, 0x01E2, 0x01C2, 0x01C2, 0x01A2, 0x01A2, 0x01C2, 
    0x01C2, 0x01C2, 0x01C3, 0x01A2, 0x01A2, 0x01A2, 0x01A2, 0x0182, 0x01A2, 0x01A2, 0x01A2, 0x01A2, 
    0x01C2, 0x01C2, 0x01A2, 0x0182, 0x01A2, 0x01C2, 0x01A2, 0x01A2, 0x01C2, 0x01A2, 0x01C2, 0x01A2, 
    0x0182, 0x0182, 0x0182, 0x0182, 0x01A2, 0x0182, 0x0182, 0x0182, 0x0182, 0x0162, 0x0182, 0x0162, 
    0x0162, 0x0182, 0x0162, 0x0162, 0x0162, 0x0162, 0x0182, 0x0182, 0x0162, 0x0162, 0x0162, 0x0162, 
    0x0162, 0x0162, 0x0141, 0x0142, 0x0162, 0x0162, 0x0142, 0x0141, 0x0101, 0x0121, 0x0121, 0x0122, 
    0x0101, 0x0121, 0x0121, 0x0121, 0x0101, 0x0121, 0x0121, 0x0101, 0x0101, 0x0101, 0x00E1, 0x00E1, 
    0x00E1, 0x00E1, 0x00E1, 0x00E1, 0x00E1, 0x00C1, 0x00C1, 0x00C0, 0x00C1, 0x00C1, 0x00C1, 0x00A1, 
    0x00A1, 0x00A0, 0x00A0, 0x0080, 0x0080, 0x00A0, 0x0080, 0x0080, 0x0080, 0x0080, 0x0080, 0x0060, 
    0x0080, 0x0000, 0x5A23, 0x49E3, 0x6A64, 0x10A0, 0x08A0, 0x10C0, 0x08C0, 0x08A0, 0x18E1, 0x72A4, 
    0x5203, 0x51E3, 0x0000, 0x0080, 0x0060, 0x0060, 0x0080, 0x0080, 0x0080, 0x0080, 0x0080, 0x0080, 
    0x0080, 0x00A0, 0x00A0, 0x00A0, 0x00A0, 0x00C0, 0x00C1, 0x00C0, 0x00C0, 0x00C1, 0x00C1, 0x00C1, 
    0x00C1, 0x00E1, 0x00E1, 0x00E1, 0x00E1, 0x0101, 0x0101, 0x0101, 0x0101, 0x0101, 0x0101, 0x0101, 
    0x0101, 0x0101, 0x0121, 0x0101, 0x0101, 0x0101, 0x0121, 0x0121, 0x0121, 0x0121, 0x0101, 0x0121, 
    0x0121, 0x0142, 0x0142, 0x0142, 0x0142, 0x0141, 0x0142, 0x0162, 0x0162, 0x0162, 0x0162, 0x0162, 
    0x0141, 0x0142, 0x0162, 0x0162, 0x0162, 0x0162, 0x0182, 0x0162, 0x0182, 0x0182, 0x0182, 0x0182, 
    0x0182, 0x0182, 0x0182, 0x0182, 0x01A2, 0x0182, 0x0182, 0x0162, 0x0162, 0x01A2, 0x01A2, 0x01C2, 
    0x01C2, 0x01A2, 0x01A2, 0x0182, 0x01A2, 0x01C2, 0x01C3, 0x01A2, 0x01A2, 0x01A2, 0x01A2, 0x01A2, 
    0x01A2, 0x01C2, 0x01A2, 0x01C2, 0x01C2, 0x01C2, 0x01C2, 0x01C2, 0x01C2, 0x01A2, 0x01C3, 0x01C3, 
    0x01C2, 0x01C3, 0x01E3, 0x01C2, 0x01E2, 0x01E3, 0x01E3, 0x0203, 0x01E3, 0x0203, 0x01E3, 0x01E3, 
    0x01E3, 0x01E3, 0x01E3, 0x01C2, 0x01E3, 0x01E3, 0x01E3, 0x01E3, 0x01C2, 0x01E3, 0x01E3, 0x01C2, 
    0x01C2, 0x01C2, 0x01C2, 0x0203, 0x01C3, 0x01E3, 0x01E3, 0x01E3, 0x0203, 0x01E3, 0x01E3, 0x01E3, 
    0x0203, 0x0A03, 0x01C2, 0x01C3, 0x01C2, 0x01E3, 0x01C2, 0x01C2, 0x01C2, 0x01C2, 0x01C3, 0x01C2, 
    0x01C2, 0x01C2, 0x01C3, 0x01E3, 0x01E3, 0x01C2, 0x01C2, 0x01C3, 0x0203, 0x0223, 0x0203, 0x01E3, 
    0x0203, 0x0203, 0x0A23, 0x01E3, 0x01E3, 0x01E3, 0x01C2, 0x01A2, 0x01C3, 0x01C3, 0x01C2, 0x01C2, 
    0x01C2, 0x01C2, 0x01E3, 0x01E3, 0x01E3, 0x01C2, 0x01E3, 0x0203, 0x01E3, 0x01E3, 0x01C2, 0x01C2, 
    0x0203, 0x0203, 0x01E3, 0x0203, 0x01E3, 0x01E3, 0x01E3, 0x01C3, 0x01C2, 0x01C2, 0x01E3, 0x01E3, 
    0x01E3, 0x01E3, 0x01C2, 0x01E2, 0x01A2, 0x01A2, 0x01C3, 0x01C2, 0x01C2, 0x01A2, 0x01A2, 0x09E3, 
    0x09E3, 0x01C2, 0x01A2, 0x01A2, 0x01C2, 0x01C3, 0x01C3, 0x01A2, 0x01C2, 0x01E3, 0x01C3, 0x01A2, 
    0x01A2, 0x01A2, 0x01C2, 0x01A2, 0x0182, 0x01A2, 0x01C2, 0x01A2, 0x0182, 0x0182, 0x0182, 0x0182, 
    0x0182, 0x0182, 0x0182, 0x0182, 0x0162, 0x0162, 0x0182, 0x0162, 0x0182, 0x0182, 0x0162, 0x0162, 
    0x0162, 0x0182, 0x0162, 0x0182, 0x0162, 0x0162, 0x0162, 0x0162, 0x0162, 0x0162, 0x0162, 0x0162, 
    0x0142, 0x0162, 0x0141, 0x0121, 0x0101, 0x0101, 0x0101, 0x0121, 0x0101, 0x0121, 0x0121, 0x0101, 
    0x0101, 0x0101, 0x0101, 0x0101, 0x0101, 0x0101, 0x00E1, 0x00E1, 0x00E1, 0x00E1, 0x00E1, 0x00E1, 
    0x00C1, 0x00C1, 0x00C1, 0x00C1, 0x00A0, 0x00A0, 0x00A0, 0x00A0, 0x00A0, 0x00A0, 0x00A0, 0x00A0, 
    0x0080, 0x00A0, 0x0080, 0x0080, 0x0080, 0x0080, 0x0080, 0x0080, 0x0080, 0x0000, 0x5203, 0x49E2, 
    0x6264, 0x1080, 0x08A0, 0x08C0, 0x08A0, 0x08A0, 0x18E1, 0x72A4, 0x49E3, 0x49C3, 0x0000, 0x0080, 
    0x0060, 0x0060, 0x0060, 0x0080, 0x0080, 0x0080, 0x0080, 0x00A0, 0x00A0, 0x00A0, 0x00A0, 0x00A0, 
    0x00A0, 0x00C1, 0x00C1, 0x00A0, 0x00C1, 0x00C1, 0x00C1, 0x00C1, 0x00E1, 0x00E1, 0x00E1, 0x00E1, 
    0x0101, 0x00E1, 0x00E1, 0x0101, 0x00E1, 0x00E1, 0x00E1, 0x00E1, 0x0101, 0x0101, 0x0101, 0x0121, 
    0x0101, 0x0121, 0x0121, 0x0121, 0x0121, 0x0121, 0x0101, 0x0121, 0x0121, 0x0142, 0x0142, 0x0142, 
    0x0162, 0x0162, 0x0141, 0x0141, 0x0162, 0x0142, 0x0142, 0x0162, 0x0141, 0x0162, 0x0162, 0x0162, 
    0x0182, 0x0162, 0x0162, 0x0182, 0x0162, 0x0182, 0x0182, 0x01A2, 0x01A2, 0x01A2, 0x01A2, 0x0182, 
    0x0182, 0x0182, 0x0162, 0x0182, 0x0182, 0x0182, 0x01A2, 0x01A2, 0x01C2, 0x01C3, 0x01A2, 0x01A2, 
    0x01C2, 0x01C2, 0x01C2, 0x01C2, 0x01A2, 0x01C2, 0x01A2, 0x01A2, 0x01A2, 0x01A2, 0x01A2, 0x01A2, 
    0x01A2, 0x01C3, 0x01C2, 0x01E3, 0x01A2, 0x01C2, 0x01E3, 0x01E3, 0x01C2, 0x01C2, 0x01C2, 0x01C2, 
    0x01E3, 0x0203, 0x0A03, 0x01E3, 0x01E3, 0x01E3, 0x01C2, 0x01E2, 0x01C2, 0x01E3, 0x01E3, 0x01E2, 
    0x01C2, 0x01E3, 0x01E3, 0x01E3, 0x01E3, 0x01C2, 0x01E3, 0x01A2, 0x01C2, 0x01E3, 0x01E2, 0x01C3, 
    0x01E3, 0x01C2, 0x01E3, 0x0203, 0x01E3, 0x0203, 0x0203, 0x01E2, 0x01E3, 0x01E3, 0x01E3, 0x01C2, 
    0x01C2, 0x01C2, 0x01E3, 0x01E3, 0x01E3, 0x01E3, 0x01C2, 0x01C3, 0x01C2, 0x01C3, 0x01E3, 0x01C3, 
    0x01A2, 0x01C2, 0x01C3, 0x01E3, 0x01E3, 0x0223, 0x0203, 0x01E2, 0x0203, 0x01E3, 0x0203, 0x0203, 
    0x01C3, 0x01C3, 0x01C3, 0x01E3, 0x01E3, 0x01E3, 0x01E3, 0x01C3, 0x01C2, 0x01C2, 0x01E3, 0x01E2, 
    0x01E3, 0x01C3, 0x0203, 0x01E3, 0x01E3, 0x01E3, 0x01C2, 0x01C2, 0x01E3, 0x0203, 0x0A03, 0x01C2, 
    0x01E3, 0x01E3, 0x01E3, 0x01E3, 0x01C2, 0x01C2, 0x01E3, 0x01E3, 0x01E2, 0x0203, 0x01E3, 0x01C2, 
    0x01C2, 0x01A2, 0x01A2, 0x01C2, 0x01C2, 0x01C3, 0x01E3, 0x09E3, 0x01E3, 0x01E3, 0x01E3, 0x01E3, 
    0x01A2, 0x01C2, 0x01C2, 0x01A2, 0x01C2, 0x01E3, 0x01C2, 0x01C3, 0x01A2, 0x01A2, 0x01C2, 0x01C3, 
    0x01A2, 0x01A2, 0x01A2, 0x01A2, 0x0162, 0x0182, 0x0182, 0x0182, 0x0182, 0x0182, 0x0182, 0x0182, 
    0x0162, 0x0182, 0x0182, 0x0162, 0x0182, 0x0162, 0x0162, 0x0162, 0x0162, 0x0182, 0x0162, 0x0182, 
    0x0162, 0x0141, 0x0162, 0x0162, 0x0162, 0x0182, 0x0162, 0x0141, 0x0142, 0x0141, 0x0121, 0x0121, 
    0x0121, 0x0121, 0x0121, 0x0121, 0x0121, 0x0121, 0x0121, 0x0101, 0x0101, 0x0122, 0x0101, 0x0101, 
    0x0101, 0x00E1, 0x0101, 0x00E1, 0x00E1, 0x00E1, 0x00E1, 0x00E1, 0x00C1, 0x00C1, 0x00C1, 0x00C1, 
    0x00C0, 0x00A0, 0x00A1, 0x00A0, 0x00A0, 0x00A0, 0x00A0, 0x00A0, 0x0080, 0x0080, 0x0080, 0x0080, 
    0x0080, 0x0080, 0x0080, 0x0080, 0x0080, 0x0000, 0x5A03, 0x51C2, 0x6A64, 0x10A0, 0x08A0, 0x0080, 
    0x0060, 0x0080, 0x18E1, 0x72A5, 0x49E3, 0x51E3, 0x0000, 0x0080, 0x0060, 0x0060, 0x0080, 0x0080, 
    0x0080, 0x0080, 0x0080, 0x0080, 0x00A0, 0x00A0, 0x00A0, 0x00A0, 0x00C1, 0x00C0, 0x00A0, 0x00C1, 
    0x00C1, 0x00C1, 0x00C1, 0x00C1, 0x00C1, 0x00E1, 0x00E1, 0x00E1, 0x00E1, 0x00E1, 0x00E1, 0x00E1, 
    0x00E1, 0x00E1, 0x0101, 0x0101, 0x0101, 0x0101, 0x0101, 0x0101, 0x0101, 0x0121, 0x0121, 0x0121, 
    0x0121, 0x0121, 0x0101, 0x0121, 0x0121, 0x0142, 0x0142, 0x0141, 0x0142, 0x0162, 0x0142, 0x0121, 
    0x0121, 0x0142, 0x0162, 0x0142, 0x0142, 0x0162, 0x0141, 0x0162, 0x0182, 0x0182, 0x0162, 0x0162, 
    0x0162, 0x0162, 0x0182, 0x0162, 0x0182, 0x0182, 0x0182, 0x01A2, 0x0162, 0x0162, 0x0162, 0x0182, 
    0x0182, 0x0182, 0x0182, 0x01A2, 0x01C2, 0x01C3, 0x01A2, 0x01C3, 0x01C2, 0x01A2, 0x01C2, 0x01A2, 
    0x01A2, 0x01A2, 0x0182, 0x0182, 0x0182, 0x0182, 0x01A2, 0x01A2, 0x01C2, 0x01C3, 0x01C3, 0x01C3, 
    0x01A2, 0x01A2, 0x01A2, 0x01A2, 0x01C2, 0x01C2, 0x01E3, 0x01C3, 0x01C2, 0x01E3, 0x09E3, 0x01E3, 
    0x01C2, 0x01C2, 0x01C2, 0x01E3, 0x01E3, 0x01C3, 0x01C2, 0x01E2, 0x01C2, 0x01C2, 0x01C2, 0x01A2, 
    0x01A2, 0x01C2, 0x01E3, 0x01C2, 0x01C2, 0x01C2, 0x01C2, 0x01C3, 0x01C2, 0x01C2, 0x01C3, 0x01C3, 
    0x01E3, 0x0203, 0x01E3, 0x01E3, 0x01E3, 0x01C2, 0x01E3, 0x01E3, 0x01C3, 0x01C3, 0x01C2, 0x01E3, 
    0x01E2, 0x01E3, 0x01E3, 0x01E3, 0x01E3, 0x01E3, 0x01C3, 0x01A2, 0x01A2, 0x01C2, 0x01C3, 0x01E3, 
    0x01E3, 0x01E3, 0x0203, 0x01E3, 0x01E2, 0x01E3, 0x01E3, 0x01E3, 0x01E3, 0x01E3, 0x01E3, 0x01C2, 
    0x01C2, 0x01C2, 0x01C2, 0x01C2, 0x01C2, 0x01C2, 0x01C2, 0x01C2, 0x01C2, 0x01C3, 0x01E3, 0x01C2, 
    0x01C2, 0x01E3, 0x01C2, 0x01C2, 0x01E3, 0x01E3, 0x01E3, 0x01E3, 0x01E3, 0x01E3, 0x01E3, 0x01C3, 
    0x01E2, 0x01E3, 0x01E3, 0x01C3, 0x01E3, 0x01E3, 0x01C3, 0x01C3, 0x01C2, 0x01C2, 0x01C2, 0x01A2, 
    0x01A2, 0x01C3, 0x01C3, 0x01E3, 0x01E3, 0x01C2, 0x01C3, 0x01A2, 0x01A2, 0x01C3, 0x01C3, 0x01A2, 
    0x01A2, 0x01C2, 0x01C2, 0x01C2, 0x0182, 0x0182, 0x0182, 0x0182, 0x01A2, 0x01A2, 0x01A2, 0x01A2, 
    0x0182, 0x0182, 0x01A2, 0x01A2, 0x01A2, 0x0182, 0x0162, 0x0162, 0x0162, 0x0182, 0x0182, 0x0162, 
    0x0162, 0x0162, 0x0162, 0x0162, 0x0162, 0x0162, 0x0162, 0x0162, 0x0162, 0x0162, 0x0141, 0x0162, 
    0x0162, 0x0142, 0x0162, 0x0162, 0x0142, 0x0142, 0x0141, 0x0121, 0x0121, 0x0121, 0x0101, 0x0101, 
    0x0121, 0x0121, 0x0122, 0x0121, 0x0121, 0x0101, 0x0101, 0x0101, 0x00E1, 0x00E1, 0x00E1, 0x00E1, 
    0x00E1, 0x00E1, 0x00C1, 0x00C1, 0x00C1, 0x00C1, 0x00C1, 0x00C1, 0x00C0, 0x00A0, 0x00A0, 0x00A0, 
    0x00A0, 0x00A0, 0x0080, 0x0080, 0x0080, 0x0080, 0x0080, 0x0080, 0x0080, 0x0080, 0x0060, 0x0060, 
    0x0060, 0x0020, 0x5A03, 0x49A2, 0x6A85, 0x10A0, 0x0080, 0x0060, 0x0060, 0x0060, 0x18C1, 0x72A5, 
    0x51E3, 0x5203, 0x0060, 0x0080, 0x0060, 0x0080, 0x0080, 0x0080, 0x0080, 0x0080, 0x0080, 0x0080, 
    0x00A0, 0x00A0, 0x00A0, 0x00A0, 0x00A1, 0x00C1, 0x00A0, 0x00A0, 0x00A0, 0x00C1, 0x00C1, 0x00C0, 
    0x00C1, 0x00C1, 0x00E1, 0x00C1, 0x00E1, 0x00E1, 0x00E1, 0x00E1, 0x0101, 0x0101, 0x0101, 0x0101, 
    0x0121, 0x0101, 0x0121, 0x0121, 0x0121, 0x0101, 0x0121, 0x0121, 0x0121, 0x0121, 0x0121, 0x0121, 
    0x0121, 0x0121, 0x0121, 0x0121, 0x0121, 0x0142, 0x0162, 0x0162, 0x0141, 0x0141, 0x0141, 0x0141, 
    0x0141, 0x0141, 0x0141, 0x0141, 0x0162, 0x0162, 0x0162, 0x0142, 0x0162, 0x0162, 0x0162, 0x01A2, 
    0x0182, 0x0182, 0x0182, 0x0162, 0x0162, 0x0162, 0x0162, 0x0162, 0x0162, 0x0182, 0x01A2, 0x0182, 
    0x01A2, 0x01A2, 0x01A2, 0x0182, 0x01A2, 0x01C2, 0x01C2, 0x01A2, 0x01A2, 0x01A2, 0x01A2, 0x0182, 
    0x01A2, 0x01A2, 0x01A2, 0x01C3, 0x01C2, 0x01A2, 0x01C2, 0x01C2, 0x01C3, 0x01C2, 0x01A2, 0x01A2, 
    0x01A2, 0x01C2, 0x01E3, 0x01C3, 0x01C2, 0x01C3, 0x01E3, 0x01E3, 0x01C2, 0x01E3, 0x01E3, 0x01E3, 
    0x01E3, 0x01C2, 0x01C3, 0x01E3, 0x01C2, 0x01C2, 0x01C2, 0x01C2, 0x01C2, 0x01E3, 0x01E2, 0x01C2, 
    0x01A2, 0x01C2, 0x01C2, 0x01A2, 0x01A2, 0x01C2, 0x01C2, 0x01C3, 0x01E2, 0x01E3, 0x01E3, 0x01E3, 
    0x01E3, 0x01E3, 0x01C2, 0x01C2, 0x01C2, 0x01C2, 0x01E3, 0x01E3, 0x01E3, 0x01C2, 0x01C2, 0x01C2, 
    0x01E3, 0x01E3, 0x01C2, 0x01A2, 0x01C2, 0x01C2, 0x01C2, 0x01E2, 0x01E3, 0x01E3, 0x0203, 0x01E3, 
    0x0203, 0x01E3, 0x01C3, 0x01C3, 0x01E3, 0x0203, 0x01E3, 0x01C2, 0x01C2, 0x01C2, 0x01A2, 0x01A2, 
    0x01C2, 0x01C2, 0x01C2, 0x01E3, 0x01C2, 0x01C2, 0x01C2, 0x01E2, 0x01C2, 0x01E3, 0x01E3, 0x01E3, 
    0x01E3, 0x01E3, 0x01C2, 0x01E3, 0x01E3, 0x01E3, 0x01E2, 0x01C2, 0x01C2, 0x01E3, 0x01E3, 0x01E3, 
    0x01E3, 0x01C3, 0x01E3, 0x01C2, 0x01E3, 0x01E3, 0x01E3, 0x01E3, 0x01A3, 0x01A2, 0x01C3, 0x01C2, 
    0x01C3, 0x01E3, 0x01C3, 0x01C2, 0x01E3, 0x01C3, 0x01C2, 0x01C2, 0x01C3, 0x01C3, 0x01C2, 0x01C3, 
    0x0182, 0x0182, 0x0182, 0x01A2, 0x01A2, 0x0182, 0x0182, 0x01C3, 0x01A2, 0x0182, 0x0182, 0x0162, 
    0x0182, 0x0182, 0x0162, 0x0142, 0x0162, 0x0162, 0x0162, 0x0141, 0x0162, 0x0162, 0x0162, 0x0162, 
    0x0142, 0x0141, 0x0142, 0x0141, 0x0162, 0x0162, 0x0162, 0x0162, 0x0162, 0x0141, 0x0142, 0x0141, 
    0x0142, 0x0142, 0x0121, 0x0121, 0x0121, 0x0101, 0x0101, 0x0101, 0x0121, 0x0101, 0x0121, 0x0101, 
    0x0121, 0x0122, 0x0121, 0x0101, 0x0101, 0x00E1, 0x00E1, 0x00E1, 0x00E1, 0x00E1, 0x00C1, 0x00E1, 
    0x00E1, 0x00C1, 0x00C1, 0x00C1, 0x00A0, 0x00A0, 0x00A0, 0x00A0, 0x00A0, 0x00A0, 0x00A0, 0x00A0, 
    0x0080, 0x0080, 0x0080, 0x0080, 0x0080, 0x0080, 0x0080, 0x0060, 0x0080, 0x0080, 0x5203, 0x4182, 
    0x6A84, 0x1080, 0x0060, 0x0060, 0x0060, 0x0060, 0x10A1, 0x72C5, 0x51E3, 0x49E3, 0x0060, 0x10E1, 
    0x0080, 0x0080, 0x0080, 0x0080, 0x0080, 0x0080, 0x0080, 0x00A0, 0x00A0, 0x00A0, 0x00A0, 0x00A0, 
    0x00A0, 0x00A1, 0x00A1, 0x00A0, 0x00A0, 0x00A0, 0x00C1, 0x00C1, 0x00C1, 0x00C1, 0x00E1, 0x00E1, 
    0x00E1, 0x00E1, 0x00E1, 0x0101, 0x0101, 0x0121, 0x0101, 0x0101, 0x0101, 0x0121, 0x0121, 0x0121, 
    0x0121, 0x0101, 0x0121, 0x0121, 0x0101, 0x0121, 0x0142, 0x0142, 0x0121, 0x0121, 0x0121, 0x0121, 
    0x0141, 0x0142, 0x0142, 0x0141, 0x0141, 0x0141, 0x0141, 0x0141, 0x0142, 0x0141, 0x0162, 0x0162, 
    0x0162, 0x0162, 0x0162, 0x0162, 0x0162, 0x0162, 0x0182, 0x01A2, 0x0182, 0x0182, 0x0182, 0x0162, 
    0x0162, 0x0162, 0x0162, 0x0162, 0x0182, 0x01A2, 0x01A2, 0x0182, 0x0182, 0x01A2, 0x0182, 0x01A2, 
    0x01A2, 0x01A2, 0x01A2, 0x01A2, 0x01A2, 0x01A2, 0x01A2, 0x01A2, 0x01C3, 0x01A2, 0x01C2, 0x01A2, 
    0x01C2, 0x01A2, 0x01A2, 0x0182, 0x01C3, 0x01E3, 0x01E3, 0x01C2, 0x01A2, 0x01A2, 0x01C2, 0x01C2, 
    0x01C2, 0x01C3, 0x01C3, 0x01C2, 0x01C2, 0x01E2, 0x01E3, 0x01C2, 0x01C3, 0x01C2, 0x01C3, 0x01C2, 
    0x01E3, 0x01E3, 0x01C2, 0x01C3, 0x01E3, 0x01E3, 0x01C2, 0x01C2, 0x01A2, 0x01C2, 0x01C2, 0x01A2, 
    0x01A2, 0x01A2, 0x01E3, 0x01E3, 0x01E3, 0x01E3, 0x01E3, 0x01E2, 0x01E2, 0x01E3, 0x01C2, 0x01C2, 
    0x01C2, 0x01E3, 0x0203, 0x01E3, 0x01E3, 0x01C2, 0x01C2, 0x01C2, 0x01E3, 0x01C3, 0x01E3, 0x01E3, 
    0x01E3, 0x01C2, 0x01C2, 0x01C2, 0x01E3, 0x01E3, 0x0203, 0x01E3, 0x01C3, 0x01E3, 0x01E3, 0x01E3, 
    0x01E3, 0x01E3, 0x01E3, 0x0A03, 0x01E3, 0x01C2, 0x01C2, 0x01C2, 0x01E3, 0x01E3, 0x01C3, 0x0203, 
    0x01C2, 0x01E2, 0x01E3, 0x01C2, 0x01C2, 0x01E3, 0x01E3, 0x01E3, 0x01E3, 0x01C2, 0x01E3, 0x01E3, 
    0x01C2, 0x01E3, 0x01E3, 0x01E3, 0x01E3, 0x01A2, 0x01C3, 0x01E3, 0x01E3, 0x01E3, 0x01C3, 0x01C3, 
    0x01E3, 0x01C2, 0x01C3, 0x01C2, 0x01A2, 0x01C2, 0x01C2, 0x01C2, 0x01C3, 0x01C3, 0x0A03, 0x01C2, 
    0x01C2, 0x01C2, 0x01A2, 0x01C3, 0x01C3, 0x01C2, 0x01A2, 0x01A2, 0x0182, 0x0182, 0x0182, 0x0162, 
    0x0182, 0x0182, 0x01A2, 0x01C2, 0x0182, 0x0182, 0x0182, 0x0182, 0x0182, 0x0162, 0x0162, 0x0162, 
    0x0142, 0x0162, 0x0162, 0x0182, 0x0162, 0x0141, 0x0162, 0x0142, 0x0162, 0x0141, 0x0141, 0x0162, 
    0x0141, 0x0162, 0x0182, 0x0142, 0x0162, 0x0162, 0x0141, 0x0141, 0x0142, 0x0142, 0x0121, 0x0121, 
    0x0121, 0x0121, 0x0122, 0x0121, 0x0121, 0x0101, 0x0101, 0x0121, 0x0101, 0x0101, 0x0101, 0x0101, 
    0x0101, 0x0101, 0x00E1, 0x00E1, 0x00E1, 0x00E1, 0x00C1, 0x00C1, 0x00C1, 0x00C1, 0x00C1, 0x00C1, 
    0x00C1, 0x00C1, 0x00A1, 0x00A0, 0x00A0, 0x00A0, 0x00A0, 0x0080, 0x0080, 0x0080, 0x0080, 0x0080, 
    0x0060, 0x0080, 0x0080, 0x0060, 0x10E1, 0x0080, 0x5203, 0x49A2, 0x6264, 0x1060, 0x0060, 0x0060, 
    0x0060, 0x0060, 0x10A1, 0x72C5, 0x51E3, 0x49C3, 0x0060, 0x1101, 0x08E1, 0x0080, 0x0080, 0x0080, 
    0x0080, 0x0080, 0x0080, 0x00A0, 0x00A0, 0x00A0, 0x00A0, 0x00A0, 0x00A0, 0x00A0, 0x00C1, 0x00A0, 
    0x00A0, 0x00A0, 0x00C1, 0x00C1, 0x00C1, 0x00C1, 0x00E1, 0x00C1, 0x00E1, 0x00E1, 0x00E1, 0x0101, 
    0x0101, 0x0101, 0x0101, 0x0121, 0x0121, 0x0121, 0x0101, 0x0101, 0x0101, 0x0101, 0x0121, 0x0121, 
    0x0142, 0x0141, 0x0141, 0x0121, 0x0142, 0x0121, 0x0121, 0x0121, 0x0141, 0x0142, 0x0141, 0x0141, 
    0x0141, 0x0141, 0x0141, 0x0141, 0x0142, 0x0142, 0x0141, 0x0162, 0x0162, 0x0141, 0x0162, 0x0162, 
    0x0162, 0x0162, 0x0162, 0x0182, 0x0182, 0x01A2, 0x0182, 0x0162, 0x0162, 0x0162, 0x0182, 0x0182, 
    0x0182, 0x0182, 0x01A2, 0x0182, 0x01A2, 0x0182, 0x0182, 0x01A2, 0x01A2, 0x0182, 0x0182, 0x01A2, 
    0x01A2, 0x01A2, 0x01A2, 0x01A2, 0x01A2, 0x01C3, 0x01C2, 0x01A2, 0x01A2, 0x01A2, 0x01A2, 0x01C3, 
    0x01C3, 0x01A2, 0x01C3, 0x01C2, 0x01A2, 0x01A2, 0x0182, 0x01C2, 0x01C2, 0x01C2, 0x01E3, 0x01C3, 
    0x01E3, 0x01E3, 0x01A2, 0x01A2, 0x01A2, 0x01C3, 0x01E3, 0x01E2, 0x01E3, 0x01E3, 0x01C2, 0x01E3, 
    0x01E2, 0x01C2, 0x01E3, 0x01E3, 0x01C3, 0x01C2, 0x01C3, 0x01C3, 0x01A2, 0x01A2, 0x01C2, 0x01E2, 
    0x0203, 0x01E3, 0x01C2, 0x01C2, 0x01E3, 0x01C2, 0x01C2, 0x01C2, 0x01E3, 0x01C3, 0x01C2, 0x01E3, 
    0x01E3, 0x01C2, 0x01C2, 0x01C3, 0x01E3, 0x01C3, 0x01E3, 0x01E3, 0x01E3, 0x01C2, 0x01E3, 0x01C2, 
    0x01C2, 0x01E2, 0x01E2, 0x01E3, 0x01C3, 0x01E3, 0x01E3, 0x01E3, 0x01E3, 0x01E3, 0x01E3, 0x01E3, 
    0x01E3, 0x01C2, 0x01C2, 0x01E3, 0x01C2, 0x01E3, 0x01E3, 0x01C2, 0x01C2, 0x01C2, 0x01E3, 0x01A2, 
    0x01C2, 0x01E3, 0x01A2, 0x01C2, 0x01C3, 0x01A2, 0x01E2, 0x01E3, 0x01E3, 0x01E3, 0x01C3, 0x01C3, 
    0x01E3, 0x01C2, 0x01C3, 0x01C3, 0x01C2, 0x01C2, 0x01C3, 0x01C3, 0x01C3, 0x01C3, 0x01A2, 0x01A2, 
    0x01A2, 0x01C3, 0x01A2, 0x01C3, 0x01C2, 0x01C3, 0x01E3, 0x01C2, 0x01C3, 0x01A2, 0x01A2, 0x01C3, 
    0x01A2, 0x0182, 0x0182, 0x0182, 0x01A2, 0x0182, 0x01A2, 0x0182, 0x0182, 0x0182, 0x0182, 0x0182, 
    0x0182, 0x0182, 0x01A2, 0x0182, 0x0162, 0x0162, 0x0162, 0x0162, 0x0162, 0x0142, 0x0162, 0x0182, 
    0x0162, 0x0162, 0x0182, 0x0162, 0x0162, 0x0141, 0x0142, 0x0162, 0x0162, 0x0141, 0x0161, 0x0141, 
    0x0162, 0x0162, 0x0162, 0x0142, 0x0142, 0x0141, 0x0141, 0x0142, 0x0121, 0x0101, 0x0121, 0x0101, 
    0x00E1, 0x00E1, 0x0101, 0x0101, 0x0101, 0x0101, 0x00E1, 0x0101, 0x0101, 0x00E1, 0x00E1, 0x00E1, 
    0x00E1, 0x00E1, 0x00C1, 0x00C1, 0x00E1, 0x00C1, 0x00C1, 0x00C1, 0x00C1, 0x00C1, 0x00C1, 0x00A0, 
    0x00A0, 0x00A0, 0x00A0, 0x0080, 0x0080, 0x0080, 0x0080, 0x0080, 0x0060, 0x0060, 0x0060, 0x08C1, 
    0x1901, 0x0080, 0x5203, 0x49A2, 0x6A84, 0x1060, 0x0040, 0x0060, 0x0080, 0x0060, 0x10A1, 0x72C5, 
    0x49C3, 0x49E3, 0x0060, 0x10E1, 0x1101, 0x08C0, 0x0060, 0x0080, 0x0080, 0x0080, 0x0080, 0x0080, 
    0x00A0, 0x00A0, 0x00A0, 0x00A0, 0x00A1, 0x00A0, 0x00A0, 0x00A1, 0x00C1, 0x00C1, 0x00C1, 0x00C1, 
    0x00C1, 0x00C1, 0x00C1, 0x00C1, 0x00C1, 0x00C1, 0x00E1, 0x00E1, 0x0101, 0x00E1, 0x00E1, 0x0101, 
    0x0101, 0x0101, 0x0101, 0x0101, 0x00E1, 0x0101, 0x0101, 0x0101, 0x0101, 0x0121, 0x0121, 0x0121, 
    0x0121, 0x0121, 0x0121, 0x0121, 0x0121, 0x0141, 0x0141, 0x0121, 0x0121, 0x0141, 0x0141, 0x0141, 
    0x0121, 0x0121, 0x0141, 0x0162, 0x0141, 0x0121, 0x0141, 0x0162, 0x0162, 0x0162, 0x0162, 0x0162, 
    0x0182, 0x0162, 0x0162, 0x0162, 0x0162, 0x0162, 0x0182, 0x0182, 0x0182, 0x0182, 0x0182, 0x0182, 
    0x0182, 0x0182, 0x0162, 0x0182, 0x0182, 0x0182, 0x0182, 0x0182, 0x01A2, 0x0182, 0x01A2, 0x01A2, 
    0x01A2, 0x01C2, 0x01C3, 0x01A2, 0x01A2, 0x01A2, 0x01A2, 0x01E3, 0x01C2, 0x01A2, 0x01A2, 0x01A2, 
    0x01A2, 0x01C2, 0x01A2, 0x01C2, 0x01C2, 0x01C2, 0x01E3, 0x01A2, 0x01E3, 0x01E3, 0x01C2, 0x01C2, 
    0x01C2, 0x01E3, 0x0203, 0x01E3, 0x01E3, 0x01E3, 0x01C3, 0x01C3, 0x01C2, 0x01C2, 0x01C2, 0x01C3, 
    0x01A2, 0x01C3, 0x01C2, 0x01E3, 0x01A2, 0x0182, 0x01C2, 0x01E2, 0x01E2, 0x01E3, 0x01A2, 0x01A2, 
    0x01C2, 0x01C2, 0x01C2, 0x01E3, 0x01C3, 0x01A2, 0x01C3, 0x01C3, 0x01C2, 0x01A2, 0x01C3, 0x01C2, 
    0x01E3, 0x01E3, 0x01C3, 0x01C2, 0x01E3, 0x01E3, 0x01E2, 0x01C2, 0x01C2, 0x01A2, 0x01A2, 0x01E3, 
    0x01E3, 0x01C3, 0x01C2, 0x01C2, 0x01C2, 0x01C2, 0x01C2, 0x01C2, 0x01C2, 0x01C3, 0x01E3, 0x01C2, 
    0x01C2, 0x01C2, 0x01C2, 0x01C2, 0x01C2, 0x09E3, 0x01C3, 0x01C2, 0x01C2, 0x01E3, 0x01A2, 0x01C2, 
    0x01C2, 0x01A2, 0x01C2, 0x01E3, 0x01C2, 0x01C2, 0x01C3, 0x01A2, 0x01E3, 0x01C2, 0x01C3, 0x01C2, 
    0x01A2, 0x01C2, 0x01C3, 0x01E3, 0x01C3, 0x01C3, 0x01A2, 0x0182, 0x01A2, 0x01C2, 0x01A2, 0x01C3, 
    0x01C2, 0x01C2, 0x01C2, 0x01C2, 0x01E3, 0x01A2, 0x01A2, 0x01A2, 0x01A2, 0x01A2, 0x01A2, 0x0182, 
    0x01A2, 0x01A2, 0x01A2, 0x0182, 0x0182, 0x0182, 0x0182, 0x01A2, 0x0182, 0x0182, 0x0162, 0x0162, 
    0x0162, 0x0162, 0x0162, 0x0162, 0x0162, 0x0162, 0x0162, 0x0162, 0x0141, 0x0162, 0x0162, 0x0162, 
    0x0162, 0x0142, 0x0141, 0x0162, 0x0141, 0x0121, 0x0141, 0x0142, 0x0141, 0x0121, 0x0142, 0x0162, 
    0x0162, 0x0121, 0x0121, 0x0142, 0x0101, 0x0101, 0x0121, 0x00E1, 0x00E1, 0x00E1, 0x00E1, 0x00E1, 
    0x00E1, 0x00E1, 0x0101, 0x0101, 0x00E1, 0x00E1, 0x00C1, 0x00C0, 0x00C0, 0x00C1, 0x00E1, 0x00E1, 
    0x00E1, 0x00C1, 0x00C1, 0x00C0, 0x00A1, 0x00A0, 0x00A0, 0x00A0, 0x00A0, 0x00A0, 0x00A0, 0x00A0, 
    0x0080, 0x0080, 0x0080, 0x0080, 0x0060, 0x0060, 0x08C1, 0x1101, 0x1101, 0x0080, 0x5203, 0x49A2, 
    0x6A85, 0x1060, 0x0040, 0x0060, 0x0060, 0x0060, 0x10A1, 0x72C5, 0x49E3, 0x51E3, 0x0060, 0x1101, 
    0x10E1, 0x1121, 0x08C0, 0x0060, 0x0080, 0x0080, 0x0080, 0x0080, 0x00A0, 0x00A0, 0x00A0, 0x00A0, 
    0x00A0, 0x00A1, 0x00A1, 0x00A1, 0x00A1, 0x00A0, 0x00C1, 0x00A0, 0x00C1, 0x00C1, 0x00C1, 0x00C1, 
    0x00C1, 0x00C1, 0x00C1, 0x00C1, 0x00E1, 0x00E1, 0x00E1, 0x0101, 0x00E1, 0x00E1, 0x00E1, 0x00E1, 
    0x00E1, 0x0101, 0x0121, 0x0121, 0x0121, 0x0121, 0x0121, 0x0121, 0x0121, 0x0121, 0x0121, 0x0121, 
    0x0101, 0x0121, 0x0142, 0x0141, 0x0141, 0x0141, 0x0142, 0x0121, 0x0121, 0x0121, 0x0121, 0x0142, 
    0x0142, 0x0141, 0x0142, 0x0162, 0x0142, 0x0162, 0x0162, 0x0162, 0x0162, 0x0142, 0x0162, 0x0162, 
    0x0162, 0x0162, 0x0182, 0x0182, 0x0182, 0x0182, 0x0182, 0x0182, 0x01A2, 0x01A2, 0x01A2, 0x0182, 
    0x0182, 0x0162, 0x0182, 0x0182, 0x0182, 0x0182, 0x0182, 0x0182, 0x01A2, 0x01A2, 0x01A2, 0x01A2, 
    0x01A2, 0x01A2, 0x01A2, 0x01A2, 0x01A2, 0x01C2, 0x01A2, 0x01A2, 0x01A2, 0x01C2, 0x01C3, 0x01C3, 
    0x01C2, 0x01C2, 0x01C2, 0x01C3, 0x01C2, 0x01E3, 0x01C2, 0x01C2, 0x01E3, 0x01E3, 0x01C2, 0x01C2, 
    0x01E3, 0x01E3, 0x01C3, 0x01E3, 0x01C2, 0x01C2, 0x0203, 0x0A03, 0x01C3, 0x01E3, 0x01E3, 0x01E3, 
    0x01C3, 0x01A2, 0x01E3, 0x01E3, 0x01E3, 0x01E3, 0x01C3, 0x01C3, 0x01E3, 0x01E3, 0x01C2, 0x01C2, 
    0x01C2, 0x01C2, 0x01C2, 0x01A2, 0x01A2, 0x01C2, 0x01C2, 0x01C2, 0x01C2, 0x01E3, 0x01E3, 0x01C3, 
    0x01E3, 0x01E3, 0x0203, 0x01E3, 0x01E3, 0x01C2, 0x01A2, 0x01A2, 0x01C2, 0x01C2, 0x01C2, 0x01C2, 
    0x01C2, 0x01C2, 0x01C2, 0x01C2, 0x01C2, 0x01C3, 0x01C2, 0x01C2, 0x01E3, 0x01C2, 0x01C3, 0x01C2, 
    0x01C3, 0x01E3, 0x01C3, 0x01C3, 0x01C3, 0x01E3, 0x01E3, 0x01C2, 0x01C3, 0x01C2, 0x01E3, 0x01C3, 
    0x01C3, 0x01A2, 0x01C2, 0x01C2, 0x01C2, 0x01C2, 0x01C3, 0x01C2, 0x01C2, 0x01C3, 0x01C3, 0x01C3, 
    0x01A2, 0x01A2, 0x0182, 0x0182, 0x01A2, 0x01A2, 0x01A2, 0x01C3, 0x01C3, 0x01C2, 0x01C3, 0x01C3, 
    0x01C3, 0x01C3, 0x01C3, 0x01A2, 0x01A2, 0x01A2, 0x01A2, 0x0182, 0x01A2, 0x01A2, 0x01A2, 0x01A2, 
    0x01A2, 0x0182, 0x0182, 0x0182, 0x0182, 0x0162, 0x0162, 0x0162, 0x0162, 0x0162, 0x0162, 0x0162, 
    0x0162, 0x0182, 0x0162, 0x0142, 0x0142, 0x0162, 0x0162, 0x0142, 0x0162, 0x0162, 0x0141, 0x0162, 
    0x0142, 0x0142, 0x0141, 0x0141, 0x0121, 0x0121, 0x0121, 0x0142, 0x0121, 0x0141, 0x0121, 0x0121, 
    0x0121, 0x0121, 0x0101, 0x00E1, 0x0101, 0x00E1, 0x00E1, 0x00E1, 0x00E1, 0x00E1, 0x00E1, 0x00E1, 
    0x00E1, 0x00E1, 0x00E1, 0x00C1, 0x00E1, 0x00C0, 0x00C0, 0x00C1, 0x00C1, 0x00C1, 0x00A1, 0x00C1, 
    0x00A0, 0x00A0, 0x00A0, 0x00A1, 0x00A1, 0x00A0, 0x0080, 0x0080, 0x0080, 0x0080, 0x0080, 0x0080, 
    0x0060, 0x08C1, 0x1921, 0x1101, 0x1101, 0x0080, 0x5223, 0x49C3, 0x6A84, 0x1060, 0x0040, 0x0060, 
    0x0060, 0x0040, 0x10A1, 0x72E5, 0x49E3, 0x51C3, 0x0020, 0x1101, 0x1101, 0x1101, 0x1121, 0x08A1, 
    0x0080, 0x0080, 0x0080, 0x0080, 0x0080, 0x0080, 0x00A0, 0x00A0, 0x00A0, 0x00A0, 0x00A0, 0x00A0, 
    0x00A1, 0x00C1, 0x00C1, 0x00C1, 0x00C1, 0x00C1, 0x00C1, 0x00C1, 0x00C1, 0x00C1, 0x00C1, 0x00E1, 
    0x00E1, 0x00E1, 0x00E1, 0x00E1, 0x00E1, 0x0101, 0x0101, 0x0101, 0x0101, 0x0101, 0x0121, 0x0121, 
    0x0121, 0x0121, 0x0121, 0x0121, 0x0121, 0x0141, 0x0121, 0x0121, 0x0121, 0x0121, 0x0101, 0x0141, 
    0x0121, 0x0121, 0x0142, 0x0121, 0x0121, 0x0121, 0x0141, 0x0121, 0x0162, 0x0142, 0x0162, 0x0141, 
    0x0162, 0x0162, 0x0162, 0x0162, 0x0141, 0x0141, 0x0162, 0x0162, 0x0182, 0x0162, 0x0182, 0x0162, 
    0x0182, 0x0182, 0x0182, 0x0182, 0x0182, 0x01A2, 0x01A2, 0x0182, 0x0182, 0x0182, 0x0182, 0x0182, 
    0x0182, 0x01A2, 0x01A2, 0x0182, 0x01A2, 0x01A2, 0x01A2, 0x01A2, 0x0182, 0x01C2, 0x01A2, 0x01A2, 
    0x0182, 0x01A2, 0x01A2, 0x01C3, 0x01A2, 0x01C2, 0x01C2, 0x01C3, 0x01C2, 0x01A2, 0x01A2, 0x01C3, 
    0x01C2, 0x01C2, 0x01C3, 0x01C3, 0x01A2, 0x01C3, 0x01E3, 0x01E3, 0x01E3, 0x01E3, 0x01E2, 0x01C2, 
    0x01C2, 0x01E3, 0x01E3, 0x01C3, 0x01C3, 0x01C3, 0x01E3, 0x01E3, 0x01E3, 0x01A2, 0x01A2, 0x01C3, 
    0x01C3, 0x01C2, 0x01E3, 0x01C2, 0x01C2, 0x01E3, 0x01C3, 0x01C2, 0x01C3, 0x01C2, 0x01C2, 0x01C2, 
    0x01C3, 0x01C3, 0x01C3, 0x01A2, 0x01C3, 0x01C3, 0x01C2, 0x0A03, 0x0A03, 0x01E3, 0x01C3, 0x01E3, 
    0x01C3, 0x01C2, 0x01E3, 0x01C2, 0x01C2, 0x01C2, 0x01C2, 0x01C3, 0x01C2, 0x01C3, 0x01C3, 0x01C2, 
    0x01C2, 0x01C2, 0x01C3, 0x01C2, 0x01C2, 0x01C2, 0x01C2, 0x01C2, 0x01C3, 0x01C3, 0x01A2, 0x01C2, 
    0x01C3, 0x01C2, 0x01E3, 0x01E3, 0x01C3, 0x01C2, 0x01C2, 0x01E3, 0x01C3, 0x01A2, 0x01C2, 0x01C3, 
    0x01C3, 0x01A2, 0x01C2, 0x01C2, 0x01C3, 0x01C2, 0x01C3, 0x01A2, 0x01A2, 0x01A2, 0x0182, 0x01A2, 
    0x0182, 0x01A2, 0x01A2, 0x01A2, 0x01C3, 0x01C3, 0x01A2, 0x01A2, 0x01C2, 0x01C2, 0x01C2, 0x01C2, 
    0x01A2, 0x0182, 0x01A2, 0x01A2, 0x01C3, 0x01A2, 0x0182, 0x01A2, 0x0182, 0x0182, 0x0182, 0x0162, 
    0x0162, 0x0162, 0x0162, 0x0162, 0x0162, 0x0162, 0x0162, 0x0162, 0x0162, 0x0162, 0x0141, 0x0141, 
    0x0141, 0x0162, 0x0162, 0x0162, 0x0162, 0x0162, 0x0162, 0x0142, 0x0142, 0x0141, 0x0142, 0x0142, 
    0x0141, 0x0141, 0x0142, 0x0142, 0x0121, 0x0141, 0x0121, 0x0121, 0x0101, 0x0101, 0x0101, 0x0101, 
    0x0101, 0x00E1, 0x00E1, 0x00E1, 0x00E1, 0x00E1, 0x00E1, 0x00E1, 0x00E1, 0x00E1, 0x00C1, 0x00C1, 
    0x00C1, 0x00C1, 0x00C1, 0x00C1, 0x00C1, 0x00A0, 0x00A1, 0x00A1, 0x00A0, 0x00A0, 0x00A0, 0x00A0, 
    0x00A0, 0x0080, 0x0080, 0x0080, 0x0080, 0x0080, 0x0080, 0x0060, 0x08A0, 0x1921, 0x1121, 0x1101, 
    0x1101, 0x0020, 0x5203, 0x51E2, 0x6A84, 0x1060, 0x0040, 0x0060, 0x0060, 0x0040, 0x10A1, 0x72E5, 
    0x51E3, 0x51E3, 0x0020, 0x08C1, 0x1101, 0x1101, 0x1101, 0x1101, 0x08A0, 0x0060, 0x0080, 0x0080, 
    0x0080, 0x0080, 0x0080, 0x00A0, 0x00A0, 0x00A0, 0x00A0, 0x00A0, 0x00C1, 0x00C1, 0x00C1, 0x00C1, 
    0x00C1, 0x00C1, 0x00A0, 0x00C1, 0x00C1, 0x00C1, 0x00C0, 0x00C1, 0x00C1, 0x00C1, 0x00E1, 0x00E1, 
    0x00E1, 0x00E1, 0x00E1, 0x0101, 0x0101, 0x00E1, 0x0101, 0x0121, 0x0121, 0x0121, 0x0101, 0x0101, 
    0x0121, 0x0121, 0x0121, 0x0121, 0x0121, 0x0121, 0x0101, 0x0101, 0x0121, 0x0121, 0x0121, 0x0121, 
    0x0121, 0x0121, 0x0141, 0x0141, 0x0142, 0x0142, 0x0162, 0x0162, 0x0141, 0x0142, 0x0141, 0x0141, 
    0x0142, 0x0141, 0x0162, 0x0162, 0x0162, 0x0182, 0x0162, 0x0162, 0x0162, 0x0182, 0x0182, 0x0162, 
    0x0182, 0x0162, 0x0182, 0x0182, 0x0182, 0x0182, 0x0182, 0x0182, 0x01A2, 0x01A2, 0x01A2, 0x01A2, 
    0x01A2, 0x01A2, 0x0182, 0x0182, 0x01A2, 0x01A2, 0x0182, 0x0182, 0x0182, 0x0182, 0x01A2, 0x01C2, 
    0x01C2, 0x01C3, 0x01A2, 0x01C2, 0x01A2, 0x01C3, 0x01A2, 0x01A2, 0x01A2, 0x01A2, 0x01C2, 0x01C2, 
    0x01C3, 0x01C2, 0x01C2, 0x01C3, 0x01E3, 0x01C2, 0x01A2, 0x01C2, 0x01C3, 0x01C2, 0x01C2, 0x01E3, 
    0x01C2, 0x01C2, 0x01C2, 0x01E3, 0x01C2, 0x01A2, 0x01A2, 0x0182, 0x01A2, 0x01C2, 0x01E3, 0x01C3, 
    0x01C2, 0x01C2, 0x01E3, 0x01C2, 0x01A2, 0x01A2, 0x01C3, 0x01E3, 0x01C2, 0x01C3, 0x01C3, 0x01A3, 
    0x01C3, 0x01C3, 0x01C3, 0x01E3, 0x01E3, 0x01E3, 0x01E3, 0x01C2, 0x01C2, 0x01C2, 0x01C2, 0x01C2, 
    0x01A2, 0x01A2, 0x0182, 0x01A2, 0x01C2, 0x01E3, 0x01C2, 0x01C2, 0x01C2, 0x01A2, 0x01A2, 0x01C2, 
    0x01C3, 0x01C3, 0x01C3, 0x01C2, 0x01C2, 0x01C2, 0x01E3, 0x01C2, 0x01E3, 0x01E3, 0x01E3, 0x01E3, 
    0x01C2, 0x01C2, 0x01A2, 0x01C3, 0x01C3, 0x01C2, 0x01C2, 0x01A2, 0x01C3, 0x01C3, 0x01C2, 0x01C2, 
    0x01C2, 0x01A2, 0x01A2, 0x01A2, 0x01A2, 0x01A2, 0x01A3, 0x01A2, 0x0182, 0x0182, 0x0182, 0x01A2, 
    0x01A3, 0x0182, 0x0182, 0x01A2, 0x01A2, 0x01A2, 0x01A2, 0x01A2, 0x01A2, 0x01A2, 0x01A2, 0x01A2, 
    0x01C3, 0x01A2, 0x0182, 0x0182, 0x0182, 0x0182, 0x0182, 0x0162, 0x0162, 0x0162, 0x0182, 0x0142, 
    0x0142, 0x0162, 0x0141, 0x0142, 0x0141, 0x0162, 0x0142, 0x0142, 0x0162, 0x0142, 0x0142, 0x0142, 
    0x0141, 0x0141, 0x0141, 0x0141, 0x0142, 0x0121, 0x0121, 0x0121, 0x0121, 0x0121, 0x0121, 0x0141, 
    0x0141, 0x0121, 0x0121, 0x0121, 0x0101, 0x0101, 0x0101, 0x0101, 0x0101, 0x0101, 0x00E1, 0x00E1, 
    0x00E1, 0x00E1, 0x00E1, 0x00E1, 0x00E1, 0x00E1, 0x00C1, 0x00C1, 0x00C1, 0x00C1, 0x00C0, 0x00C0, 
    0x00A0, 0x00A0, 0x00A0, 0x00A0, 0x00A0, 0x00A0, 0x00A0, 0x00A0, 0x00A0, 0x00A0, 0x0080, 0x0080, 
    0x0080, 0x0080, 0x0060, 0x08C0, 0x1921, 0x1121, 0x1101, 0x1101, 0x08C1, 0x0000, 0x5A24, 0x51E3, 
    0x6AA5, 0x1060, 0x0040, 0x0060, 0x0060, 0x0040, 0x10A1, 0x72E5, 0x5203, 0x51E3, 0x0020, 0x00A1, 
    0x00C1, 0x1101, 0x1101, 0x1101, 0x1101, 0x00A0, 0x0080, 0x0080, 0x0080, 0x0080, 0x0080, 0x00A0, 
    0x0080, 0x00A0, 0x00A0, 0x00A0, 0x00C1, 0x00C1, 0x00A0, 0x00C1, 0x00C1, 0x00C1, 0x00C1, 0x00C1, 
    0x00C1, 0x00C1, 0x00C1, 0x00C1, 0x00C1, 0x00C1, 0x00C1, 0x00E1, 0x00E1, 0x00C1, 0x00E1, 0x0101, 
    0x0101, 0x0101, 0x0121, 0x0101, 0x0101, 0x0101, 0x0101, 0x0101, 0x0121, 0x0121, 0x0121, 0x0121, 
    0x0121, 0x0121, 0x0121, 0x0121, 0x0121, 0x0121, 0x0121, 0x0121, 0x0121, 0x0121, 0x0141, 0x0121, 
    0x0141, 0x0142, 0x0141, 0x0142, 0x0142, 0x0142, 0x0141, 0x0142, 0x0162, 0x0142, 0x0141, 0x0141, 
    0x0162, 0x0162, 0x0162, 0x0162, 0x0162, 0x0162, 0x0182, 0x0182, 0x0162, 0x0182, 0x0162, 0x0182, 
    0x0182, 0x0182, 0x0162, 0x0162, 0x01A2, 0x01A2, 0x01A2, 0x01A2, 0x01A2, 0x0182, 0x0182, 0x01A2, 
    0x0182, 0x0182, 0x0182, 0x0182, 0x0182, 0x0182, 0x0182, 0x01A2, 0x01A2, 0x01C2, 0x01A2, 0x01A2, 
    0x01A2, 0x01A2, 0x0182, 0x01A2, 0x0182, 0x01A2, 0x01A2, 0x01A2, 0x01C2, 0x01C3, 0x01A2, 0x01A2, 
    0x01A2, 0x01A2, 0x01C3, 0x01C3, 0x01C2, 0x0182, 0x01A2, 0x01C2, 0x01C2, 0x01A2, 0x01A2, 0x01C2, 
    0x01C3, 0x01C2, 0x01A2, 0x01A2, 0x01A2, 0x01A2, 0x01A2, 0x01A2, 0x01A2, 0x01A2, 0x01E3, 0x01E3, 
    0x01A2, 0x01A2, 0x01A2, 0x01C2, 0x01C2, 0x01C3, 0x01C3, 0x01C3, 0x01C2, 0x01C2, 0x01A2, 0x01A2, 
    0x01C2, 0x01C2, 0x01E3, 0x01C3, 0x01C2, 0x01C2, 0x01C2, 0x01C2, 0x01C3, 0x01C2, 0x01C3, 0x01A2, 
    0x01C2, 0x01C2, 0x01C2, 0x01C3, 0x01C2, 0x01C2, 0x0182, 0x01C2, 0x01C2, 0x01C3, 0x01C2, 0x01A2, 
    0x01C2, 0x09E3, 0x09C3, 0x01C2, 0x01C3, 0x01C2, 0x01C2, 0x01C2, 0x01C3, 0x01C3, 0x01C2, 0x01C2, 
    0x01C2, 0x01E3, 0x01C2, 0x01C2, 0x01C3, 0x01C2, 0x01A2, 0x01A2, 0x01A2, 0x01A2, 0x01C2, 0x01A2, 
    0x01A2, 0x01A2, 0x01A2, 0x01C2, 0x01C3, 0x01A2, 0x01A2, 0x0182, 0x0182, 0x0182, 0x0182, 0x0182, 
    0x01A2, 0x01A2, 0x0182, 0x01A2, 0x0182, 0x0182, 0x0162, 0x0162, 0x0182, 0x0182, 0x0162, 0x0182, 
    0x0182, 0x0182, 0x0182, 0x0162, 0x0162, 0x0162, 0x0162, 0x0162, 0x0142, 0x0162, 0x0162, 0x0142, 
    0x0142, 0x0141, 0x0141, 0x0142, 0x0141, 0x0162, 0x0121, 0x0142, 0x0142, 0x0141, 0x0142, 0x0121, 
    0x0121, 0x0121, 0x0101, 0x0121, 0x0121, 0x0121, 0x0121, 0x0141, 0x0121, 0x0121, 0x0121, 0x0121, 
    0x0121, 0x0101, 0x0121, 0x0121, 0x0101, 0x0101, 0x00E1, 0x0101, 0x00E1, 0x00E1, 0x00E1, 0x00E1, 
    0x00C1, 0x00C1, 0x00C1, 0x00C0, 0x00C1, 0x00C1, 0x00C1, 0x00C0, 0x00C1, 0x00A0, 0x00A0, 0x00A0, 
    0x00A0, 0x00A0, 0x00A0, 0x00A0, 0x00A0, 0x00A0, 0x0080, 0x0080, 0x0080, 0x0060, 0x08A0, 0x1921, 
    0x1121, 0x1101, 0x1101, 0x00C1, 0x00C1, 0x0020, 0x5A44, 0x51E3, 0x6A85, 0x1060, 0x0040, 0x0060, 
    0x0060, 0x0040, 0x10A1, 0x72E5, 0x5203, 0x5203, 0x0000, 0x00C1, 0x00A1, 0x08C1, 0x1101, 0x1101, 
    0x1101, 0x1101, 0x00A0, 0x0080, 0x0080, 0x0080, 0x0080, 0x0080, 0x0080, 0x0080, 0x00A0, 0x00A1, 
    0x00A0, 0x00A1, 0x00C1, 0x00C1, 0x00C1, 0x00C0, 0x00C1, 0x00C1, 0x00C1, 0x00C1, 0x00C1, 0x00C1, 
    0x00C1, 0x00C1, 0x00E1, 0x00E1, 0x00E1, 0x00C1, 0x00E1, 0x00E1, 0x0101, 0x0101, 0x0101, 0x0101, 
    0x0101, 0x0121, 0x0121, 0x0121, 0x0121, 0x0121, 0x0121, 0x0101, 0x0101, 0x0121, 0x0121, 0x0121, 
    0x0121, 0x0101, 0x0121, 0x0121, 0x0121, 0x0121, 0x0141, 0x0141, 0x0142, 0x0142, 0x0142, 0x0141, 
    0x0142, 0x0142, 0x0142, 0x0142, 0x0141, 0x0162, 0x0162, 0x0162, 0x0182, 0x0182, 0x0162, 0x0162, 
    0x0162, 0x0162, 0x0182, 0x0182, 0x0162, 0x0162, 0x0162, 0x0162, 0x0162, 0x0182, 0x0182, 0x01A2, 
    0x01A2, 0x01A2, 0x01C2, 0x01A2, 0x01A2, 0x0182, 0x0182, 0x01A2, 0x01A2, 0x0182, 0x0182, 0x0182, 
    0x0182, 0x01A2, 0x01A2, 0x01A2, 0x01A2, 0x01A2, 0x01A2, 0x01A3, 0x0182, 0x0182, 0x0182, 0x01A2, 
    0x01A2, 0x01A2, 0x01A2, 0x01A2, 0x01C3, 0x01C3, 0x01A2, 0x01C3, 0x01A2, 0x01A2, 0x01C3, 0x01C3, 
    0x01A2, 0x01A2, 0x01C2, 0x01C3, 0x01A2, 0x0182, 0x01A2, 0x0182, 0x01A2, 0x01A2, 0x01A2, 0x01A2, 
    0x01C3, 0x01C2, 0x01A2, 0x01C3, 0x01C2, 0x01C3, 0x01C3, 0x01E3, 0x01C3, 0x01C3, 0x01A2, 0x01A2, 
    0x01C2, 0x01C2, 0x01C2, 0x01C3, 0x01C2, 0x01A2, 0x01C2, 0x01A2, 0x01C3, 0x01C3, 0x01C3, 0x01E3, 
    0x01C3, 0x01C2, 0x01A2, 0x01A2, 0x01C3, 0x01C2, 0x01C2, 0x01C3, 0x01C2, 0x01A2, 0x01C3, 0x01C2, 
    0x01E3, 0x01C2, 0x01A2, 0x0182, 0x01C3, 0x01C3, 0x01A2, 0x01A2, 0x01C3, 0x01C3, 0x01A2, 0x01C2, 
    0x01C2, 0x01E3, 0x01C2, 0x01C2, 0x01E3, 0x01C3, 0x01C2, 0x01C3, 0x01C3, 0x01E3, 0x01C2, 0x01C2, 
    0x01A2, 0x01A2, 0x01C2, 0x01A2, 0x0182, 0x0182, 0x01C3, 0x01A2, 0x01A2, 0x01C3, 0x01C3, 0x01C2, 
    0x01C3, 0x01C3, 0x01A2, 0x0182, 0x0182, 0x0182, 0x0182, 0x0182, 0x01A2, 0x01A2, 0x0182, 0x0182, 
    0x0182, 0x0182, 0x0162, 0x0182, 0x0182, 0x0162, 0x0182, 0x0162, 0x0162, 0x0162, 0x0182, 0x0182, 
    0x0162, 0x0162, 0x0162, 0x0142, 0x0142, 0x0162, 0x0162, 0x0142, 0x0121, 0x0121, 0x0121, 0x0141, 
    0x0121, 0x0121, 0x0121, 0x0142, 0x0142, 0x0121, 0x0142, 0x0142, 0x0141, 0x0142, 0x0121, 0x0121, 
    0x0142, 0x0121, 0x0121, 0x0121, 0x0101, 0x0101, 0x0121, 0x0121, 0x0121, 0x0121, 0x0121, 0x0121, 
    0x0121, 0x0101, 0x00E1, 0x0101, 0x0101, 0x00E1, 0x00E1, 0x00E1, 0x00C0, 0x00C1, 0x00C1, 0x00C1, 
    0x00C0, 0x00C1, 0x00C0, 0x00C1, 0x00C1, 0x00A0, 0x00A0, 0x00A0, 0x00A0, 0x00A0, 0x00A0, 0x00A0, 
    0x00A0, 0x00A0, 0x0080, 0x0080, 0x0060, 0x08A0, 0x1921, 0x1921, 0x1121, 0x1121, 0x08C1, 0x00A1, 
    0x00C1, 0x0020, 0x5A44, 0x51E3, 0x6AA5, 0x1060, 0x0040, 0x0060, 0x0060, 0x0040, 0x10A1, 0x72E6, 
    0x5223, 0x5203, 0x0000, 0x00C1, 0x00C1, 0x00C1, 0x08E1, 0x1101, 0x10E1, 0x1101, 0x1121, 0x00A1, 
    0x0080, 0x0080, 0x0080, 0x0080, 0x0080, 0x0080, 0x00A0, 0x00A1, 0x00A0, 0x00A1, 0x00C1, 0x00C1, 
    0x00C1, 0x00C1, 0x00A0, 0x00C1, 0x00C1, 0x00E1, 0x00E1, 0x00C1, 0x00C1, 0x00C1, 0x00E1, 0x00E1, 
    0x00E1, 0x00E1, 0x0101, 0x0101, 0x0101, 0x00E1, 0x00E1, 0x0101, 0x0101, 0x0101, 0x0121, 0x0121, 
    0x0121, 0x0141, 0x0121, 0x0121, 0x0121, 0x0142, 0x0142, 0x0121, 0x0121, 0x0101, 0x0121, 0x0101, 
    0x0121, 0x0121, 0x0121, 0x0121, 0x0141, 0x0141, 0x0121, 0x0141, 0x0142, 0x0141, 0x0121, 0x0142, 
    0x0141, 0x0142, 0x0162, 0x0162, 0x0161, 0x0162, 0x0162, 0x0162, 0x0162, 0x0162, 0x0162, 0x0182, 
    0x0182, 0x0182, 0x0162, 0x0162, 0x0141, 0x0182, 0x0162, 0x0182, 0x01A2, 0x01A2, 0x01A2, 0x01A2, 
    0x0182, 0x01A2, 0x0182, 0x01A2, 0x0162, 0x0162, 0x0182, 0x0182, 0x01A2, 0x01A2, 0x0182, 0x01A2, 
    0x0182, 0x0182, 0x01A2, 0x01A2, 0x0182, 0x0182, 0x01A2, 0x0182, 0x01A2, 0x01A2, 0x01A2, 0x01A2, 
    0x01A2, 0x01A2, 0x01A2, 0x01A2, 0x01A2, 0x01C3, 0x01A2, 0x01A2, 0x01A2, 0x01A2, 0x01A2, 0x01A2, 
    0x01A2, 0x01C2, 0x01A2, 0x01A2, 0x01A2, 0x01C2, 0x01C3, 0x01C3, 0x01A2, 0x01C3, 0x01A2, 0x01A2, 
    0x01A2, 0x01C2, 0x01C2, 0x01C2, 0x01A2, 0x01A2, 0x01C2, 0x01C2, 0x01C2, 0x01A2, 0x0182, 0x01A2, 
    0x01C2, 0x01A2, 0x01A2, 0x01C2, 0x01C2, 0x01C2, 0x01C2, 0x01C2, 0x01C2, 0x01C2, 0x01A2, 0x01A2, 
    0x01A2, 0x01A2, 0x01C3, 0x01C2, 0x01C2, 0x01A2, 0x01A2, 0x01C2, 0x01A2, 0x01C2, 0x01C2, 0x01C2, 
    0x01C2, 0x01C2, 0x01C3, 0x01A2, 0x01C3, 0x01C2, 0x01A2, 0x01C2, 0x01C2, 0x01E3, 0x01E3, 0x01C2, 
    0x01C2, 0x01C2, 0x01E3, 0x01C3, 0x01E3, 0x01E3, 0x01C3, 0x01C2, 0x01A2, 0x01A2, 0x01C2, 0x0182, 
    0x01A2, 0x01A2, 0x01A2, 0x0182, 0x0182, 0x01A2, 0x01C3, 0x01C3, 0x01C3, 0x01C3, 0x01A2, 0x01A2, 
    0x0182, 0x0182, 0x01A2, 0x01A2, 0x01A2, 0x01A2, 0x0182, 0x0162, 0x0182, 0x0162, 0x0162, 0x0182, 
    0x0182, 0x0182, 0x0182, 0x0182, 0x0162, 0x0162, 0x0182, 0x0162, 0x0162, 0x0162, 0x0142, 0x0141, 
    0x0142, 0x0162, 0x0141, 0x0141, 0x0142, 0x0141, 0x0142, 0x0141, 0x0141, 0x0142, 0x0121, 0x0121, 
    0x0121, 0x0121, 0x0121, 0x0121, 0x0121, 0x0121, 0x0121, 0x0121, 0x0141, 0x0121, 0x0101, 0x0101, 
    0x0101, 0x0101, 0x0121, 0x0121, 0x0121, 0x0121, 0x0121, 0x0121, 0x0121, 0x0101, 0x00E1, 0x00E1, 
    0x00E1, 0x00E1, 0x00E1, 0x00E1, 0x00E1, 0x00E1, 0x00C1, 0x00C1, 0x00C1, 0x00C1, 0x00C1, 0x00C1, 
    0x00A0, 0x00A1, 0x00A0, 0x00A0, 0x00A0, 0x00A0, 0x00A0, 0x00A0, 0x00A0, 0x0080, 0x0080, 0x0060, 
    0x08C0, 0x1941, 0x1941, 0x1921, 0x1921, 0x08E1, 0x00A1, 0x00A1, 0x00C1, 0x0020, 0x5A44, 0x51E3, 
    0x6AA5, 0x1060, 0x0060, 0x0060, 0x0060, 0x0040, 0x10A1, 0x72C5, 0x5223, 0x5203, 0x0000, 0x00C1, 
    0x00C1, 0x00C1, 0x00C1, 0x08E1, 0x1101, 0x1101, 0x1101, 0x1121, 0x08A0, 0x0080, 0x0080, 0x0080, 
    0x0080, 0x00A0, 0x00A0, 0x00A0, 0x00A0, 0x00A1, 0x00A0, 0x00A0, 0x00A0, 0x00A0, 0x00C1, 0x00C1, 
    0x00C1, 0x00C1, 0x00C1, 0x00C0, 0x00C1, 0x00E1, 0x00E1, 0x00E1, 0x00E1, 0x0101, 0x0101, 0x0101, 
    0x0101, 0x00E1, 0x00E1, 0x0101, 0x0101, 0x0101, 0x0101, 0x0121, 0x0121, 0x0121, 0x0121, 0x0142, 
    0x0121, 0x0142, 0x0121, 0x0121, 0x0121, 0x0121, 0x0121, 0x0141, 0x0142, 0x0142, 0x0121, 0x0121, 
    0x0121, 0x0121, 0x0141, 0x0141, 0x0142, 0x0121, 0x0121, 0x0142, 0x0142, 0x0141, 0x0162, 0x0142, 
    0x0162, 0x0162, 0x0162, 0x0162, 0x0162, 0x0162, 0x0162, 0x0162, 0x0162, 0x0162, 0x0162, 0x0182, 
    0x0162, 0x0182, 0x0162, 0x0162, 0x0141, 0x0162, 0x0162, 0x0182, 0x01A2, 0x0182, 0x0182, 0x0182, 
    0x0182, 0x0162, 0x0162, 0x01A2, 0x01A2, 0x01A2, 0x0182, 0x0182, 0x0182, 0x0162, 0x0182, 0x01A2, 
    0x0182, 0x0182, 0x0182, 0x0182, 0x0182, 0x0182, 0x01A2, 0x01A2, 0x01A2, 0x01C3, 0x01A2, 0x01A2, 
    0x01A2, 0x0182, 0x0182, 0x0182, 0x01A2, 0x01A2, 0x01A2, 0x01A2, 0x01A2, 0x01A2, 0x01A2, 0x01A2, 
    0x01A2, 0x01A2, 0x01A2, 0x01A2, 0x01A2, 0x01A2, 0x01A2, 0x01C3, 0x01A2, 0x01A2, 0x01A2, 0x01A2, 
    0x01A2, 0x01A2, 0x01A2, 0x01A2, 0x01C2, 0x01A2, 0x01A2, 0x01A2, 0x01C3, 0x01A2, 0x01A2, 0x01A2, 
    0x01A2, 0x01A2, 0x01C2, 0x01C2, 0x01C3, 0x01A2, 0x01C3, 0x01C3, 0x01A2, 0x01A2, 0x01A2, 0x01C2, 
    0x01C2, 0x01A2, 0x01C2, 0x01C3, 0x01C2, 0x01C2, 0x09E3, 0x01A2, 0x01A2, 0x01C3, 0x01A2, 0x01C3, 
    0x01C2, 0x01A2, 0x01A2, 0x01C2, 0x01C2, 0x01A2, 0x01C2, 0x01A2, 0x01A2, 0x0182, 0x01A2, 0x01C2, 
    0x01C2, 0x01C2, 0x01A2, 0x01A2, 0x01A2, 0x0182, 0x01A2, 0x01A2, 0x01C2, 0x01A2, 0x0182, 0x01A2, 
    0x01A2, 0x01A2, 0x01A2, 0x01A2, 0x01A2, 0x01A2, 0x01C3, 0x01A2, 0x01A2, 0x01A2, 0x0182, 0x0182, 
    0x0182, 0x0182, 0x0182, 0x0162, 0x0182, 0x0182, 0x0182, 0x0162, 0x0162, 0x0182, 0x0182, 0x0182, 
    0x0182, 0x0162, 0x0162, 0x0182, 0x0162, 0x0162, 0x0162, 0x0141, 0x0121, 0x0121, 0x0162, 0x0142, 
    0x0142, 0x0142, 0x0141, 0x0141, 0x0142, 0x0141, 0x0141, 0x0121, 0x0121, 0x0121, 0x0121, 0x0121, 
    0x0121, 0x0121, 0x0121, 0x0121, 0x0121, 0x0121, 0x0101, 0x0121, 0x0101, 0x0101, 0x0101, 0x0101, 
    0x0101, 0x0101, 0x00E1, 0x0101, 0x0101, 0x0101, 0x00E1, 0x0101, 0x00E1, 0x00E1, 0x00E1, 0x00E1, 
    0x00E1, 0x00E1, 0x00C1, 0x00C1, 0x00C1, 0x00C1, 0x00C1, 0x00C1, 0x00A1, 0x00A0, 0x00A0, 0x00A0, 
    0x00A0, 0x00A0, 0x00A0, 0x00A0, 0x00A0, 0x0080, 0x0060, 0x08C0, 0x1941, 0x1941, 0x1941, 0x1921, 
    0x08C1, 0x00A1, 0x00C1, 0x00A0, 0x00C1, 0x0020, 0x5A44, 0x5203, 0x72C6, 0x1060, 0x0040, 0x0060, 
    0x0060, 0x0040, 0x10A1, 0x72C5, 0x5203, 0x5203, 0x0000, 0x00C1, 0x00C1, 0x00C1, 0x00C1, 0x00C1, 
    0x08E1, 0x1101, 0x1101, 0x1101, 0x1121, 0x08C1, 0x0080, 0x0080, 0x0080, 0x0080, 0x00A0, 0x0080, 
    0x00A0, 0x00A0, 0x00A0, 0x00C1, 0x00C1, 0x00C1, 0x00C1, 0x00C1, 0x00C1, 0x00C1, 0x00C1, 0x00C1, 
    0x00C0, 0x00C1, 0x00E1, 0x00E1, 0x00E1, 0x00E1, 0x00E1, 0x00E1, 0x00E1, 0x00E1, 0x00E1, 0x0101, 
    0x0101, 0x0101, 0x0101, 0x0101, 0x0101, 0x0101, 0x0121, 0x0121, 0x0121, 0x0121, 0x0121, 0x0121, 
    0x0121, 0x0121, 0x0121, 0x0121, 0x0121, 0x0141, 0x0121, 0x0121, 0x0121, 0x0121, 0x0121, 0x0121, 
    0x0121, 0x0121, 0x0141, 0x0142, 0x0141, 0x0142, 0x0162, 0x0162, 0x0142, 0x0141, 0x0141, 0x0162, 
    0x0141, 0x0142, 0x0162, 0x0162, 0x0141, 0x0141, 0x0142, 0x0162, 0x0162, 0x0162, 0x0182, 0x0162, 
    0x0161, 0x0162, 0x0161, 0x0182, 0x0162, 0x0162, 0x0162, 0x0182, 0x0162, 0x0162, 0x0182, 0x01A2, 
    0x0182, 0x0182, 0x0162, 0x0161, 0x0182, 0x0182, 0x0182, 0x01A2, 0x01A2, 0x01A2, 0x01A2, 0x01A2, 
    0x0162, 0x0182, 0x01C3, 0x01A2, 0x01A3, 0x01A2, 0x01A2, 0x01A2, 0x0182, 0x01A2, 0x01A2, 0x01A2, 
    0x01A2, 0x01A2, 0x01A2, 0x01A2, 0x01A2, 0x01A2, 0x01A2, 0x0182, 0x0182, 0x01A2, 0x01A2, 0x01A2, 
    0x01C3, 0x01A2, 0x01A2, 0x01A2, 0x01C2, 0x01A2, 0x01C3, 0x01C3, 0x0182, 0x01A2, 0x01A2, 0x01A2, 
    0x01A2, 0x01A2, 0x01C2, 0x01C2, 0x01C2, 0x01A2, 0x01A2, 0x01C3, 0x01C2, 0x01A2, 0x01A2, 0x01C2, 
    0x01A2, 0x01A2, 0x01A2, 0x01A2, 0x01A2, 0x0182, 0x01A2, 0x01A2, 0x01C2, 0x01A2, 0x01A2, 0x01E3, 
    0x01C3, 0x01E3, 0x01C3, 0x01A2, 0x01C2, 0x01A2, 0x01A2, 0x0182, 0x01A2, 0x0182, 0x0182, 0x01A2, 
    0x01A2, 0x01A2, 0x01A2, 0x01A2, 0x01A3, 0x01A2, 0x01A2, 0x01C3, 0x01E3, 0x01C3, 0x01A2, 0x01A2, 
    0x01A2, 0x0182, 0x0182, 0x0182, 0x01A2, 0x01A2, 0x01A2, 0x01A2, 0x01A2, 0x01A2, 0x01A2, 0x01A2, 
    0x01A2, 0x01A2, 0x01A2, 0x01A2, 0x01A2, 0x0182, 0x0182, 0x0182, 0x0182, 0x0162, 0x0162, 0x0182, 
    0x0162, 0x0182, 0x0162, 0x0162, 0x0162, 0x0162, 0x0162, 0x0162, 0x0162, 0x0162, 0x0162, 0x0162, 
    0x0162, 0x0162, 0x0162, 0x0162, 0x0162, 0x0142, 0x0142, 0x0142, 0x0162, 0x0142, 0x0142, 0x0141, 
    0x0141, 0x0141, 0x0141, 0x0121, 0x0121, 0x0121, 0x0101, 0x0101, 0x0121, 0x0101, 0x0101, 0x0121, 
    0x0121, 0x0121, 0x0121, 0x0101, 0x0101, 0x0101, 0x0101, 0x0101, 0x0101, 0x00E1, 0x0101, 0x0101, 
    0x0101, 0x00E1, 0x00E1, 0x00E1, 0x00E1, 0x00E1, 0x00C1, 0x00C1, 0x00C1, 0x00C1, 0x00C1, 0x00C1, 
    0x00C0, 0x00C1, 0x00A0, 0x00A1, 0x00A1, 0x00A0, 0x00A1, 0x00A1, 0x00A0, 0x00A0, 0x00A0, 0x00A0, 
    0x00A0, 0x0060, 0x08C1, 0x1941, 0x1121, 0x1121, 0x1941, 0x08E1, 0x00A1, 0x00C1, 0x00A1, 0x00A0, 
    0x00A1, 0x0000, 0x5224, 0x51E3, 0x72C6, 0x1060, 0x0040, 0x0060, 0x0060, 0x0040, 0x10A1, 0x6AC5, 
    0x5203, 0x51E3, 0x0000, 0x00A1, 0x00C1, 0x00C1, 0x00C1, 0x00E1, 0x00E1, 0x08E1, 0x1101, 0x1101, 
    0x1121, 0x1121, 0x08E1, 0x0080, 0x0080, 0x0080, 0x00A0, 0x00A0, 0x0080, 0x00A0, 0x00A0, 0x00C0, 
    0x00C1, 0x00C1, 0x00A0, 0x00C1, 0x00C1, 0x00C1, 0x00C1, 0x00C1, 0x00C1, 0x00C1, 0x00C1, 0x00E1, 
    0x00E1, 0x00E1, 0x00E1, 0x00E1, 0x00E1, 0x00E1, 0x00E1, 0x0101, 0x0101, 0x00E1, 0x00E1, 0x0101, 
    0x0101, 0x0101, 0x0101, 0x0121, 0x0121, 0x0121, 0x0101, 0x0121, 0x0101, 0x0121, 0x0121, 0x0121, 
    0x0121, 0x0121, 0x0121, 0x0121, 0x0121, 0x0101, 0x0121, 0x0121, 0x0121, 0x0121, 0x0121, 0x0121, 
    0x0121, 0x0141, 0x0162, 0x0162, 0x0141, 0x0142, 0x0142, 0x0142, 0x0162, 0x0141, 0x0141, 0x0142, 
    0x0162, 0x0142, 0x0141, 0x0142, 0x0142, 0x0141, 0x0162, 0x0162, 0x0162, 0x0162, 0x0162, 0x0182, 
    0x0182, 0x0182, 0x0182, 0x0182, 0x0162, 0x0182, 0x0182, 0x01A2, 0x0182, 0x0141, 0x0162, 0x0182, 
    0x0182, 0x0182, 0x0182, 0x0182, 0x01A2, 0x01A2, 0x01A2, 0x0182, 0x0182, 0x01A2, 0x0182, 0x01A2, 
    0x01A2, 0x01A2, 0x01A2, 0x01A2, 0x01A2, 0x0182, 0x01A2, 0x01C2, 0x01A2, 0x01A2, 0x01A2, 0x0182, 
    0x01C2, 0x01A2, 0x01A2, 0x01A2, 0x01A2, 0x01A2, 0x01A2, 0x01C3, 0x01A2, 0x01A2, 0x0182, 0x01A2, 
    0x01A2, 0x01A2, 0x01A2, 0x01A2, 0x0182, 0x01A2, 0x01A2, 0x01A2, 0x01A2, 0x01A2, 0x01A2, 0x01A2, 
    0x01A2, 0x01A2, 0x01A2, 0x01A2, 0x01A2, 0x0182, 0x01A2, 0x01A2, 0x01C3, 0x01A2, 0x0182, 0x01A2, 
    0x0182, 0x0182, 0x0182, 0x01A2, 0x01A2, 0x01A2, 0x01A2, 0x01A2, 0x01C3, 0x01C2, 0x01C3, 0x01C3, 
    0x01C2, 0x01A2, 0x01A2, 0x01A2, 0x01A2, 0x01A2, 0x0182, 0x01A2, 0x01C3, 0x01A2, 0x01A2, 0x0182, 
    0x01A2, 0x0182, 0x01A2, 0x01A2, 0x01A2, 0x01A2, 0x01A2, 0x01A2, 0x0182, 0x01A2, 0x01A2, 0x0182, 
    0x0182, 0x0182, 0x01A2, 0x01A2, 0x01A2, 0x01A2, 0x01A2, 0x01A2, 0x0182, 0x01A2, 0x01A2, 0x01A2, 
    0x01A2, 0x01A2, 0x0182, 0x0182, 0x0182, 0x0182, 0x0182, 0x0182, 0x0162, 0x0162, 0x0162, 0x0162, 
    0x0162, 0x0162, 0x0162, 0x0182, 0x0162, 0x0162, 0x0162, 0x0162, 0x0162, 0x0142, 0x0162, 0x0142, 
    0x0142, 0x0142, 0x0142, 0x0162, 0x0162, 0x0142, 0x0142, 0x0121, 0x0121, 0x0121, 0x0121, 0x0121, 
    0x0121, 0x0141, 0x0101, 0x0101, 0x0121, 0x0101, 0x0121, 0x0121, 0x0121, 0x0121, 0x0101, 0x0101, 
    0x00E1, 0x0101, 0x0101, 0x0101, 0x0101, 0x00E1, 0x00E1, 0x0101, 0x00E1, 0x00E1, 0x00E1, 0x00E1, 
    0x00E1, 0x00C1, 0x00C1, 0x00C1, 0x00C1, 0x00C1, 0x00C1, 0x00C1, 0x00C1, 0x00C1, 0x00C1, 0x00A1, 
    0x00A0, 0x00A0, 0x00A0, 0x00A0, 0x00A0, 0x00A0, 0x00A0, 0x00A1, 0x0080, 0x08C1, 0x1962, 0x1941, 
    0x1121, 0x1121, 0x08E1, 0x00C1, 0x00C1, 0x00C1, 0x00A1, 0x00A0, 0x00A1, 0x0020, 0x5203, 0x49C2, 
    0x6AA5, 0x1060, 0x0040, 0x0040, 0x0060, 0x0040, 0x10A1, 0x6AC5, 0x5203, 0x51E3, 0x0000, 0x00A1, 
    0x00A1, 0x00C1, 0x00C1, 0x00E1, 0x00E1, 0x00E1, 0x08E1, 0x1121, 0x1101, 0x1121, 0x1941, 0x08E1, 
    0x0080, 0x0080, 0x0080, 0x00A0, 0x00A0, 0x00A0, 0x00A0, 0x00A0, 0x00A0, 0x00A0, 0x00C1, 0x00C1, 
    0x00C1, 0x00C1, 0x00C1, 0x00C1, 0x00C1, 0x00E1, 0x00E1, 0x00E1, 0x00E1, 0x00E1, 0x00E1, 0x00C1, 
    0x00E1, 0x00E1, 0x00E1, 0x0101, 0x00E1, 0x00E1, 0x0101, 0x0101, 0x0101, 0x0101, 0x0101, 0x0101, 
    0x0101, 0x0101, 0x0101, 0x0101, 0x0121, 0x0121, 0x0121, 0x0142, 0x0121, 0x0121, 0x0121, 0x0121, 
    0x0121, 0x0121, 0x0141, 0x0142, 0x0141, 0x0121, 0x0121, 0x0121, 0x0121, 0x0142, 0x0162, 0x0162, 
    0x0162, 0x0141, 0x0142, 0x0142, 0x0162, 0x0162, 0x0162, 0x0142, 0x0141, 0x0142, 0x0141, 0x0162, 
    0x0141, 0x0142, 0x0141, 0x0162, 0x0162, 0x0162, 0x0162, 0x01A2, 0x0182, 0x01A2, 0x0162, 0x0162, 
    0x0162, 0x0162, 0x0162, 0x0182, 0x0162, 0x0162, 0x0162, 0x0182, 0x01A2, 0x0182, 0x0182, 0x0182, 
    0x0182, 0x0182, 0x01A2, 0x01A2, 0x0182, 0x01A2, 0x0182, 0x0182, 0x01A2, 0x01A2, 0x01A2, 0x0182, 
    0x0182, 0x0182, 0x0182, 0x01A2, 0x0182, 0x0182, 0x01A2, 0x01A2, 0x01A2, 0x01A2, 0x0182, 0x01A2, 
    0x01A2, 0x01A2, 0x0182, 0x0182, 0x01A2, 0x01A2, 0x01A2, 0x01A2, 0x01A2, 0x01A2, 0x01A2, 0x01A2, 
    0x01A2, 0x01A2, 0x01A2, 0x01A2, 0x01C2, 0x01A2, 0x01A2, 0x01A2, 0x01A2, 0x01A2, 0x0182, 0x0182, 
    0x0182, 0x01A2, 0x01A2, 0x01A3, 0x01C3, 0x01C3, 0x01A2, 0x01A2, 0x0182, 0x01A2, 0x01A2, 0x01A2, 
    0x01A2, 0x01A2, 0x01A2, 0x01A2, 0x01A2, 0x01A2, 0x01A2, 0x01A2, 0x01A2, 0x01A2, 0x01A2, 0x01A2, 
    0x01C3, 0x01A2, 0x01A2, 0x01A2, 0x01C3, 0x01A2, 0x01A2, 0x0182, 0x0182, 0x0182, 0x0182, 0x01A2, 
    0x01A2, 0x01A2, 0x01A2, 0x01A2, 0x01A2, 0x0182, 0x0182, 0x0162, 0x0182, 0x0162, 0x0182, 0x0182, 
    0x0182, 0x0182, 0x01A2, 0x01A2, 0x01A2, 0x0182, 0x01A2, 0x01A2, 0x0182, 0x0182, 0x0182, 0x0182, 
    0x0182, 0x0182, 0x0162, 0x0162, 0x0182, 0x0182, 0x0162, 0x0162, 0x0162, 0x0162, 0x0162, 0x0162, 
    0x0162, 0x0162, 0x0142, 0x0162, 0x0142, 0x0162, 0x0162, 0x0121, 0x0141, 0x0162, 0x0162, 0x0142, 
    0x0162, 0x0141, 0x0121, 0x0122, 0x0121, 0x0101, 0x0101, 0x0101, 0x0121, 0x0142, 0x0121, 0x0121, 
    0x0121, 0x0121, 0x0121, 0x0121, 0x0101, 0x00E1, 0x00E1, 0x0101, 0x0101, 0x0101, 0x0101, 0x0101, 
    0x0101, 0x0101, 0x00E1, 0x00E1, 0x00E1, 0x00E1, 0x00E1, 0x00E1, 0x00E1, 0x00C1, 0x00E1, 0x00E1, 
    0x00C1, 0x00C1, 0x00C1, 0x00C1, 0x00C1, 0x00C1, 0x00C1, 0x00C1, 0x00A1, 0x00A1, 0x00A0, 0x00A0, 
    0x00A0, 0x0080, 0x0080, 0x0080, 0x08E1, 0x1962, 0x1941, 0x1941, 0x1121, 0x00E1, 0x00C1, 0x00C1, 
    0x00C1, 0x00C1, 0x00A1, 0x0080, 0x00A1, 0x0000, 0x5224, 0x51E3, 0x6AA5, 0x1060, 0x0040, 0x0040, 
    0x0060, 0x0040, 0x10A1, 0x6AC4, 0x5203, 0x51E3, 0x0000, 0x00A0, 0x00A0, 0x00A1, 0x00C1, 0x00C1, 
    0x00C1, 0x00E1, 0x00E1, 0x0101, 0x1121, 0x1121, 0x1121, 0x1121, 0x08E1, 0x0080, 0x0080, 0x00A0, 
    0x0080, 0x00A0, 0x00A0, 0x00A0, 0x00A1, 0x00C1, 0x00A0, 0x00A0, 0x00C0, 0x00C1, 0x00E1, 0x00E1, 
    0x00E1, 0x00E1, 0x00E1, 0x00C1, 0x00E1, 0x00C1, 0x00C0, 0x00C1, 0x00E1, 0x00E1, 0x00E1, 0x00E1, 
    0x00E1, 0x00E1, 0x00E1, 0x00E1, 0x00E1, 0x00E1, 0x0101, 0x0101, 0x00E1, 0x0101, 0x0101, 0x0101, 
    0x0121, 0x0121, 0x0121, 0x0121, 0x0142, 0x0121, 0x0121, 0x0121, 0x0121, 0x0121, 0x0121, 0x0141, 
    0x0121, 0x0121, 0x0141, 0x0141, 0x0142, 0x0162, 0x0141, 0x0162, 0x0182, 0x0142, 0x0142, 0x0162, 
    0x0162, 0x0162, 0x0162, 0x0162, 0x0142, 0x0141, 0x0141, 0x0162, 0x0162, 0x0162, 0x0162, 0x0161, 
    0x0162, 0x0162, 0x0162, 0x0182, 0x0162, 0x0182, 0x0162, 0x0162, 0x0162, 0x0162, 0x0162, 0x0142, 
    0x0162, 0x0162, 0x0141, 0x0161, 0x0182, 0x0182, 0x0182, 0x0182, 0x0182, 0x0182, 0x01A2, 0x0182, 
    0x01A2, 0x01A2, 0x0182, 0x01A2, 0x0182, 0x0182, 0x01A2, 0x0182, 0x0182, 0x0162, 0x0182, 0x01A2, 
    0x0162, 0x0182, 0x0182, 0x0182, 0x01A2, 0x01A2, 0x01A2, 0x01A2, 0x01A2, 0x0182, 0x0182, 0x0182, 
    0x01A2, 0x0182, 0x01A2, 0x01A2, 0x0182, 0x0182, 0x0182, 0x01A2, 0x0182, 0x01A2, 0x0182, 0x01A2, 
    0x01A2, 0x01A2, 0x0182, 0x01A2, 0x0182, 0x01A2, 0x0182, 0x0182, 0x0182, 0x0182, 0x01A2, 0x0182, 
    0x01A2, 0x01C2, 0x0182, 0x0182, 0x0182, 0x0182, 0x01A2, 0x01A2, 0x01A2, 0x0182, 0x01A2, 0x01C2, 
    0x0182, 0x01A2, 0x01A2, 0x0182, 0x0182, 0x0182, 0x01A2, 0x0182, 0x01A2, 0x01C2, 0x01A2, 0x01A2, 
    0x01A2, 0x01A2, 0x01A2, 0x0182, 0x0182, 0x01A2, 0x0182, 0x0182, 0x01A2, 0x01C3, 0x01A2, 0x01A2, 
    0x01A2, 0x0182, 0x0162, 0x0182, 0x0182, 0x0182, 0x0182, 0x0182, 0x0182, 0x01A2, 0x0182, 0x0162, 
    0x0182, 0x0182, 0x0162, 0x0182, 0x0182, 0x0162, 0x0182, 0x0162, 0x0182, 0x0162, 0x0162, 0x0162, 
    0x0162, 0x0162, 0x0162, 0x0162, 0x0142, 0x0162, 0x0162, 0x0162, 0x0182, 0x0162, 0x0141, 0x0142, 
    0x0162, 0x0162, 0x0142, 0x0162, 0x0142, 0x0142, 0x0141, 0x0121, 0x0162, 0x0121, 0x0121, 0x0121, 
    0x0121, 0x0121, 0x0121, 0x0121, 0x0121, 0x0121, 0x0121, 0x0121, 0x0121, 0x0121, 0x0121, 0x0101, 
    0x0101, 0x0101, 0x0101, 0x0101, 0x0101, 0x0101, 0x0101, 0x0101, 0x00E1, 0x00E1, 0x00E1, 0x00E1, 
    0x00E1, 0x00E1, 0x00E1, 0x00E1, 0x00E1, 0x00E1, 0x00E1, 0x00C1, 0x00C1, 0x00C1, 0x00C1, 0x00C1, 
    0x00C1, 0x00C1, 0x00C1, 0x00A0, 0x00A0, 0x00A0, 0x00A0, 0x00A0, 0x00A0, 0x0080, 0x0080, 0x1101, 
    0x1961, 0x1941, 0x1941, 0x1941, 0x00E1, 0x00C1, 0x00C1, 0x00C1, 0x00A1, 0x00A1, 0x00A1, 0x0080, 
    0x00A0, 0x0000, 0x5224, 0x51E3, 0x6A85, 0x1060, 0x0040, 0x0040, 0x0040, 0x0020, 0x10A1, 0x6AC5, 
    0x5223, 0x5203, 0x0000, 0x00A1, 0x00A0, 0x00A1, 0x00C1, 0x00C1, 0x00C1, 0x00E1, 0x00E1, 0x00E1, 
    0x00E1, 0x1121, 0x1121, 0x1121, 0x1121, 0x1121, 0x00A0, 0x0080, 0x00A0, 0x00A0, 0x00A0, 0x00A0, 
    0x00A1, 0x00A0, 0x00A0, 0x00C1, 0x00C1, 0x00C1, 0x00C1, 0x00C0, 0x00C1, 0x00C1, 0x00C1, 0x00C1, 
    0x00C1, 0x00E1, 0x00E1, 0x00E1, 0x00E1, 0x00E1, 0x00E1, 0x00E1, 0x00E1, 0x0101, 0x00E1, 0x00E1, 
    0x0101, 0x0101, 0x00E1, 0x0101, 0x0101, 0x0101, 0x0121, 0x0101, 0x0101, 0x0121, 0x0121, 0x0121, 
    0x0121, 0x0121, 0x0121, 0x0121, 0x0121, 0x0121, 0x0121, 0x0121, 0x0121, 0x0121, 0x0142, 0x0141, 
    0x0162, 0x0142, 0x0121, 0x0141, 0x0162, 0x0162, 0x0142, 0x0142, 0x0142, 0x0142, 0x0162, 0x0162, 
    0x0162, 0x0142, 0x0162, 0x0141, 0x0162, 0x0162, 0x0162, 0x0162, 0x0162, 0x0182, 0x0162, 0x0182, 
    0x0182, 0x0182, 0x0182, 0x0182, 0x0162, 0x0162, 0x0162, 0x0162, 0x0162, 0x0161, 0x0162, 0x0182, 
    0x0182, 0x0162, 0x0162, 0x0182, 0x0182, 0x0182, 0x0182, 0x01A2, 0x01A2, 0x0182, 0x0182, 0x0182, 
    0x0182, 0x0182, 0x0182, 0x0182, 0x0182, 0x0182, 0x0182, 0x0182, 0x01A2, 0x0182, 0x0182, 0x01A2, 
    0x0182, 0x01A2, 0x0182, 0x0182, 0x01A2, 0x01A2, 0x0182, 0x01A2, 0x01A2, 0x0182, 0x01A2, 0x01A2, 
    0x01A2, 0x01A2, 0x01A2, 0x0182, 0x0182, 0x01A2, 0x0182, 0x01A2, 0x0182, 0x01A2, 0x01A2, 0x01A2, 
    0x0182, 0x01A2, 0x01A2, 0x0182, 0x0182, 0x01A2, 0x0182, 0x01A2, 0x01C3, 0x01A2, 0x0182, 0x01A2, 
    0x01A2, 0x01A2, 0x01A2, 0x01A2, 0x01A2, 0x01A2, 0x0182, 0x0182, 0x0162, 0x0182, 0x0182, 0x0182, 
    0x01A2, 0x01A2, 0x01A2, 0x01A2, 0x01A2, 0x01C3, 0x01A2, 0x01A2, 0x0182, 0x01A2, 0x01A2, 0x0182, 
    0x0162, 0x0182, 0x01A2, 0x0182, 0x01A2, 0x0182, 0x01A2, 0x01A2, 0x01A2, 0x0182, 0x0182, 0x0182, 
    0x0182, 0x0182, 0x0182, 0x0182, 0x0182, 0x01A2, 0x0182, 0x0162, 0x0182, 0x01A2, 0x0182, 0x0182, 
    0x0182, 0x0182, 0x0162, 0x0182, 0x0182, 0x0182, 0x0162, 0x0162, 0x0182, 0x0162, 0x0141, 0x0162, 
    0x0162, 0x0162, 0x0162, 0x0162, 0x0162, 0x0162, 0x0162, 0x0142, 0x0142, 0x0141, 0x0142, 0x0121, 
    0x0121, 0x0141, 0x0121, 0x0121, 0x0121, 0x0121, 0x0121, 0x0121, 0x0101, 0x0121, 0x0121, 0x0121, 
    0x0121, 0x0121, 0x0121, 0x0121, 0x0121, 0x0121, 0x0121, 0x0101, 0x0101, 0x0101, 0x0101, 0x0101, 
    0x0101, 0x0101, 0x0101, 0x0101, 0x00E1, 0x00E1, 0x00E1, 0x00E1, 0x00E1, 0x00E1, 0x00E1, 0x00E1, 
    0x00E1, 0x00E1, 0x00C1, 0x00C1, 0x00C1, 0x00C1, 0x00C1, 0x00C1, 0x00C1, 0x00C1, 0x00A0, 0x00A0, 
    0x00A0, 0x00A0, 0x00A0, 0x00A0, 0x0080, 0x0080, 0x1101, 0x1961, 0x1941, 0x1941, 0x1141, 0x0101, 
    0x00E1, 0x00C1, 0x00C1, 0x00C1, 0x00A1, 0x00A1, 0x00A1, 0x0080, 0x00A0, 0x0000, 0x5A44, 0x5203, 
    0x6AA5, 0x1060, 0x0040, 0x0040, 0x0040, 0x0020, 0x1081, 0x6AC5, 0x5224, 0x5203, 0x0000, 0x00A0, 
    0x00A0, 0x00A1, 0x00A1, 0x00A0, 0x00C1, 0x00C1, 0x00E1, 0x00E1, 0x0101, 0x00E1, 0x1121, 0x1121, 
    0x1121, 0x1941, 0x1941, 0x00C1, 0x0080, 0x00A0, 0x00A0, 0x00A0, 0x00A0, 0x00A0, 0x00A0, 0x00A0, 
    0x00C0, 0x00C0, 0x00C1, 0x00C0, 0x00C1, 0x00C1, 0x00C1, 0x00E1, 0x00E1, 0x00E1, 0x00E1, 0x00E1, 
    0x00E1, 0x00E1, 0x00E1, 0x0101, 0x00E1, 0x0101, 0x0101, 0x00E1, 0x00E1, 0x0101, 0x0101, 0x0101, 
    0x0101, 0x0101, 0x0121, 0x0101, 0x0101, 0x0101, 0x0121, 0x0121, 0x0121, 0x0101, 0x0101, 0x0101, 
    0x0101, 0x0121, 0x0121, 0x0121, 0x0142, 0x0121, 0x0101, 0x0121, 0x0142, 0x0141, 0x0142, 0x0142, 
    0x0121, 0x0141, 0x0142, 0x0142, 0x0141, 0x0162, 0x0162, 0x0162, 0x0142, 0x0141, 0x0162, 0x0162, 
    0x0141, 0x0162, 0x0162, 0x0162, 0x0162, 0x0162, 0x0161, 0x0162, 0x0182, 0x0162, 0x0182, 0x0182, 
    0x0182, 0x0182, 0x0162, 0x0182, 0x0162, 0x0162, 0x0182, 0x0162, 0x0162, 0x0162, 0x0182, 0x0162, 
    0x0182, 0x0182, 0x0182, 0x0182, 0x01A2, 0x0182, 0x0182, 0x0182, 0x0182, 0x0182, 0x0182, 0x0182, 
    0x0182, 0x0182, 0x0182, 0x0182, 0x0182, 0x0182, 0x0182, 0x01A2, 0x0182, 0x0182, 0x0182, 0x01A2, 
    0x01A2, 0x01A2, 0x01A2, 0x0182, 0x0182, 0x01A2, 0x01A3, 0x01A2, 0x01A2, 0x01A2, 0x01A2, 0x01A2, 
    0x01A2, 0x0182, 0x01A3, 0x0182, 0x01A2, 0x01A2, 0x0182, 0x01A2, 0x01A2, 0x01C3, 0x01A2, 0x0182, 
    0x01A2, 0x01A2, 0x01A2, 0x01A2, 0x01C2, 0x01A2, 0x01A2, 0x01A2, 0x01A2, 0x01A2, 0x01A2, 0x01A2, 
    0x01A2, 0x01A2, 0x01A2, 0x01A2, 0x0182, 0x0182, 0x0182, 0x01A2, 0x0182, 0x01A2, 0x01A2, 0x01A2, 
    0x01C2, 0x01A2, 0x01A2, 0x01C3, 0x01A2, 0x01A2, 0x0182, 0x01A2, 0x0182, 0x0182, 0x01A2, 0x01A2, 
    0x01A2, 0x01A2, 0x0182, 0x0182, 0x0182, 0x0182, 0x0182, 0x0182, 0x0182, 0x0182, 0x0182, 0x0182, 
    0x0182, 0x0182, 0x0182, 0x0182, 0x0182, 0x0182, 0x0182, 0x0162, 0x0182, 0x0182, 0x0162, 0x0182, 
    0x0162, 0x0162, 0x0162, 0x0162, 0x0182, 0x0182, 0x0162, 0x0162, 0x0162, 0x0141, 0x0141, 0x0141, 
    0x0162, 0x0142, 0x0142, 0x0142, 0x0121, 0x0142, 0x0162, 0x0141, 0x0121, 0x0142, 0x0142, 0x0142, 
    0x0121, 0x0121, 0x0101, 0x0101, 0x0101, 0x0121, 0x0142, 0x0121, 0x0121, 0x0121, 0x0101, 0x0121, 
    0x0101, 0x0121, 0x0101, 0x0101, 0x0101, 0x0101, 0x0101, 0x0101, 0x0101, 0x0101, 0x0101, 0x00E1, 
    0x00E1, 0x00E1, 0x0101, 0x00E1, 0x00E1, 0x00E1, 0x00E1, 0x00E1, 0x00E1, 0x00C1, 0x00C1, 0x00C1, 
    0x00C1, 0x00C1, 0x00C1, 0x00C1, 0x00C1, 0x00C1, 0x00A0, 0x00A0, 0x00A0, 0x00A0, 0x0080, 0x0080, 
    0x00C1, 0x1121, 0x1941, 0x1941, 0x1961, 0x1141, 0x0101, 0x00E1, 0x00E1, 0x00E1, 0x00C1, 0x00C1, 
    0x00A0, 0x00A0, 0x00A0, 0x0080, 0x00A1, 0x0000, 0x5A24, 0x5203, 0x6AA5, 0x0840, 0x0040, 0x0040, 
    0x0040, 0x0020, 0x1081, 0x6AA4, 0x5223, 0x51E3, 0x0000, 0x0080, 0x0080, 0x00A0, 0x00A0, 0x00A1, 
    0x00C1, 0x00C1, 0x00E1, 0x00E1, 0x00E1, 0x00E1, 0x0101, 0x1141, 0x1121, 0x1121, 0x1941, 0x1942, 
    0x08C1, 0x0080, 0x00A0, 0x00A0, 0x00A0, 0x00A0, 0x00A0, 0x00C1, 0x00C1, 0x00C0, 0x00C1, 0x00C1, 
    0x00C1, 0x00C1, 0x00C1, 0x00E1, 0x00E1, 0x00E1, 0x00E1, 0x00E1, 0x00E1, 0x00E1, 0x00E1, 0x00E1, 
    0x00E1, 0x00E1, 0x00E1, 0x00E1, 0x00E1, 0x00E1, 0x00E1, 0x00E1, 0x0101, 0x0121, 0x0101, 0x0101, 
    0x0101, 0x0101, 0x0101, 0x0101, 0x0101, 0x0101, 0x0121, 0x0101, 0x0101, 0x0121, 0x0121, 0x0121, 
    0x0121, 0x0121, 0x0101, 0x0101, 0x0121, 0x0121, 0x0142, 0x0142, 0x0121, 0x0121, 0x0142, 0x0121, 
    0x0121, 0x0142, 0x0141, 0x0141, 0x0141, 0x0141, 0x0141, 0x0162, 0x0162, 0x0162, 0x0162, 0x0162, 
    0x0162, 0x0162, 0x0142, 0x0142, 0x0182, 0x0162, 0x0182, 0x0182, 0x0182, 0x0162, 0x0142, 0x0162, 
    0x0162, 0x0162, 0x0162, 0x0162, 0x0162, 0x0162, 0x0142, 0x0162, 0x0182, 0x0182, 0x0182, 0x0182, 
    0x0182, 0x0182, 0x0182, 0x0182, 0x0182, 0x0162, 0x0162, 0x0182, 0x0182, 0x0182, 0x0182, 0x01A2, 
    0x0182, 0x01A2, 0x01A2, 0x0182, 0x0182, 0x0182, 0x0182, 0x0182, 0x0182, 0x0182, 0x0182, 0x01A2, 
    0x01C3, 0x01A3, 0x01A2, 0x01A2, 0x0182, 0x01A2, 0x0182, 0x0182, 0x01A2, 0x0182, 0x0182, 0x01A2, 
    0x0182, 0x0182, 0x01A2, 0x01A2, 0x01A2, 0x01C3, 0x01A2, 0x0182, 0x01A2, 0x01A2, 0x0182, 0x0182, 
    0x01A2, 0x01A2, 0x01A2, 0x01A2, 0x0182, 0x0182, 0x01A2, 0x01A2, 0x0182, 0x01A2, 0x01A2, 0x0182, 
    0x01A2, 0x0182, 0x0182, 0x0182, 0x0182, 0x0182, 0x01A2, 0x01A2, 0x01A3, 0x01A2, 0x0182, 0x0182, 
    0x01A3, 0x01A2, 0x0182, 0x0182, 0x0182, 0x01A2, 0x0182, 0x0182, 0x0182, 0x0182, 0x0182, 0x0182, 
    0x0162, 0x0182, 0x0182, 0x0182, 0x0182, 0x0182, 0x0182, 0x0182, 0x0162, 0x0182, 0x0182, 0x0182, 
    0x0162, 0x0162, 0x0162, 0x0162, 0x0182, 0x0162, 0x0142, 0x0162, 0x0141, 0x0141, 0x0162, 0x0162, 
    0x0182, 0x0162, 0x0162, 0x0141, 0x0141, 0x0141, 0x0162, 0x0142, 0x0142, 0x0142, 0x0141, 0x0141, 
    0x0141, 0x0142, 0x0142, 0x0142, 0x0121, 0x0121, 0x0142, 0x0122, 0x0121, 0x0121, 0x0121, 0x0121, 
    0x0121, 0x0121, 0x0121, 0x0101, 0x0101, 0x0121, 0x0101, 0x0101, 0x00E1, 0x0101, 0x0101, 0x0101, 
    0x0121, 0x0101, 0x0101, 0x00E1, 0x00E1, 0x0101, 0x00E1, 0x00E1, 0x00E1, 0x00E1, 0x00E1, 0x00E1, 
    0x00E1, 0x00E1, 0x00E1, 0x00E1, 0x00C1, 0x00C1, 0x00C1, 0x00C1, 0x00C1, 0x00C1, 0x00C1, 0x00C1, 
    0x00C1, 0x00A0, 0x00A1, 0x00A0, 0x00A0, 0x0080, 0x0080, 0x08C1, 0x1941, 0x1141, 0x1121, 0x1961, 
    0x1121, 0x0101, 0x0101, 0x00E1, 0x00E1, 0x00C1, 0x00C1, 0x00A0, 0x00A0, 0x00A0, 0x00A0, 0x0080, 
    0x0080, 0x0000, 0x5A24, 0x5203, 0x6AA5, 0x0840, 0x0040, 0x0040, 0x0040, 0x0020, 0x1081, 0x6AA4, 
    0x5223, 0x5203, 0x0000, 0x0080, 0x0080, 0x0080, 0x00A0, 0x00A0, 0x00A1, 0x00C1, 0x00E1, 0x00E1, 
    0x00E1, 0x00E1, 0x0101, 0x0101, 0x0901, 0x1121, 0x1941, 0x1121, 0x1941, 0x0901, 0x0080, 0x0080, 
    0x00A0, 0x00A0, 0x00A0, 0x00C0, 0x00C1, 0x00C1, 0x00C1, 0x00C1, 0x00C1, 0x00C1, 0x00E1, 0x00C1, 
    0x00C1, 0x00E1, 0x00E1, 0x00E1, 0x00E1, 0x00E1, 0x00E1, 0x00E1, 0x00E1, 0x00E1, 0x0101, 0x0101, 
    0x0101, 0x0101, 0x0101, 0x0101, 0x0101, 0x00E1, 0x00E1, 0x0101, 0x0101, 0x0101, 0x0101, 0x0101, 
    0x0101, 0x00E1, 0x0101, 0x00E1, 0x0101, 0x0121, 0x0121, 0x0142, 0x0121, 0x0142, 0x0121, 0x0101, 
    0x0101, 0x0101, 0x0121, 0x0121, 0x0121, 0x0142, 0x0142, 0x0141, 0x0142, 0x0141, 0x0162, 0x0162, 
    0x0141, 0x0142, 0x0141, 0x0121, 0x0162, 0x0162, 0x0162, 0x0162, 0x0162, 0x0182, 0x0162, 0x0162, 
    0x0162, 0x0162, 0x0182, 0x0182, 0x0182, 0x0182, 0x0182, 0x0162, 0x0162, 0x0162, 0x0162, 0x0162, 
    0x0162, 0x0162, 0x0162, 0x0162, 0x0182, 0x0162, 0x0162, 0x0182, 0x0182, 0x0162, 0x0162, 0x0162, 
    0x0182, 0x0182, 0x0182, 0x0182, 0x0182, 0x0182, 0x0182, 0x0182, 0x01A2, 0x0182, 0x01A2, 0x0182, 
    0x0182, 0x0182, 0x0182, 0x0182, 0x0182, 0x0162, 0x0182, 0x0182, 0x0182, 0x0182, 0x01A2, 0x01A2, 
    0x01A2, 0x01A2, 0x0182, 0x01A2, 0x0182, 0x0182, 0x0182, 0x0182, 0x0182, 0x01A2, 0x01A2, 0x01A2, 
    0x01A2, 0x01A2, 0x01A2, 0x0182, 0x0182, 0x0182, 0x0182, 0x0182, 0x01A2, 0x0182, 0x01A2, 0x01A2, 
    0x01A2, 0x0182, 0x0182, 0x01A2, 0x0182, 0x0182, 0x01A2, 0x0182, 0x0182, 0x0182, 0x0182, 0x01A2, 
    0x01A2, 0x01A2, 0x01A2, 0x01A2, 0x01A2, 0x01A2, 0x0182, 0x0182, 0x01A3, 0x0162, 0x0182, 0x0182, 
    0x0182, 0x0182, 0x0182, 0x0182, 0x0182, 0x0182, 0x0162, 0x0162, 0x0182, 0x0182, 0x01A2, 0x0182, 
    0x0182, 0x0182, 0x0182, 0x0162, 0x0182, 0x0162, 0x0182, 0x0162, 0x0182, 0x0182, 0x0182, 0x0162, 
    0x0162, 0x0162, 0x0141, 0x0141, 0x0142, 0x0162, 0x0162, 0x0162, 0x0162, 0x0142, 0x0141, 0x0141, 
    0x0162, 0x0142, 0x0141, 0x0141, 0x0142, 0x0142, 0x0141, 0x0121, 0x0141, 0x0121, 0x0142, 0x0121, 
    0x0121, 0x0121, 0x0121, 0x0142, 0x0121, 0x0101, 0x0101, 0x0101, 0x0121, 0x0101, 0x0101, 0x0101, 
    0x0101, 0x0101, 0x0101, 0x0101, 0x0101, 0x0101, 0x0101, 0x0101, 0x0101, 0x0101, 0x0101, 0x00E1, 
    0x00E1, 0x00E1, 0x00E1, 0x0101, 0x00E1, 0x00E1, 0x00E1, 0x00E1, 0x00E1, 0x00E1, 0x00E1, 0x00C1, 
    0x00C1, 0x00C1, 0x00C1, 0x00C1, 0x00C1, 0x00C1, 0x00C0, 0x00A0, 0x00C1, 0x00C1, 0x00A0, 0x00A0, 
    0x00A0, 0x0080, 0x08E1, 0x1941, 0x1941, 0x1941, 0x1941, 0x0921, 0x00E1, 0x0101, 0x00E1, 0x00E1, 
    0x00E1, 0x00C1, 0x00A1, 0x00A1, 0x00A1, 0x0080, 0x0080, 0x0080, 0x0080, 0x0000, 0x5224, 0x5203, 
    0x6A85, 0x0840, 0x0040, 0x0060, 0x0860, 0x0040, 0x1081, 0x72A5, 0x5223, 0x51E3, 0x0000, 0x0060, 
    0x0060, 0x0080, 0x0080, 0x00A0, 0x00A0, 0x00A1, 0x00C1, 0x00C1, 0x00E1, 0x00E1, 0x0101, 0x0101, 
    0x00E1, 0x0901, 0x1141, 0x1941, 0x1121, 0x1941, 0x1121, 0x00A0, 0x00A0, 0x00C1, 0x00C1, 0x00A0, 
    0x00C1, 0x00C1, 0x00C1, 0x00C1, 0x00C1, 0x00C1, 0x00C1, 0x00C1, 0x00C1, 0x00E1, 0x00E1, 0x00E1, 
    0x00E1, 0x00E1, 0x00E1, 0x00E1, 0x00E1, 0x00E1, 0x0101, 0x0101, 0x0101, 0x0101, 0x0101, 0x0101, 
    0x0101, 0x0101, 0x0101, 0x0101, 0x0101, 0x0101, 0x0101, 0x0101, 0x00E1, 0x00E1, 0x0101, 0x0101, 
    0x0101, 0x0121, 0x0121, 0x0121, 0x0121, 0x0121, 0x0121, 0x0121, 0x0121, 0x0101, 0x0121, 0x0121, 
    0x0101, 0x0121, 0x0141, 0x0141, 0x0141, 0x0121, 0x0141, 0x0141, 0x0121, 0x0142, 0x0142, 0x0121, 
    0x0162, 0x0162, 0x0162, 0x0162, 0x0162, 0x0162, 0x0141, 0x0162, 0x0162, 0x0142, 0x0162, 0x0162, 
    0x0162, 0x0182, 0x0162, 0x0162, 0x0162, 0x0142, 0x0162, 0x0162, 0x0162, 0x0162, 0x0182, 0x01A2, 
    0x0162, 0x0162, 0x0162, 0x0162, 0x0182, 0x0162, 0x0182, 0x0182, 0x0182, 0x0182, 0x0182, 0x0182, 
    0x0182, 0x0182, 0x0162, 0x0182, 0x01A2, 0x0182, 0x0182, 0x01A2, 0x01A2, 0x0182, 0x0182, 0x0182, 
    0x0162, 0x0162, 0x0182, 0x0162, 0x0182, 0x0182, 0x01A2, 0x0182, 0x0182, 0x0182, 0x0182, 0x0182, 
    0x01A2, 0x01A2, 0x0182, 0x0182, 0x0182, 0x0182, 0x0182, 0x01A2, 0x01A2, 0x01A2, 0x01A2, 0x0182, 
    0x01A2, 0x01A2, 0x01A2, 0x0182, 0x01A2, 0x0182, 0x01A2, 0x0182, 0x01A2, 0x0182, 0x0182, 0x0182, 
    0x0182, 0x0182, 0x0182, 0x01A2, 0x01A2, 0x0182, 0x0182, 0x01A2, 0x01A2, 0x01A2, 0x0182, 0x0182, 
    0x01A2, 0x01A2, 0x0182, 0x01A2, 0x01A2, 0x0162, 0x0182, 0x0182, 0x0182, 0x0182, 0x0182, 0x0182, 
    0x01A2, 0x01A2, 0x0162, 0x0162, 0x0162, 0x0182, 0x0182, 0x0182, 0x0182, 0x0182, 0x0182, 0x0182, 
    0x0182, 0x0182, 0x0182, 0x0162, 0x0182, 0x0182, 0x0162, 0x0162, 0x0162, 0x0142, 0x0141, 0x0141, 
    0x0141, 0x0141, 0x0142, 0x0142, 0x0142, 0x0121, 0x0141, 0x0141, 0x0162, 0x0141, 0x0121, 0x0142, 
    0x0142, 0x0121, 0x0121, 0x0121, 0x0121, 0x0121, 0x0121, 0x0121, 0x0121, 0x0121, 0x0121, 0x0121, 
    0x0121, 0x0121, 0x0101, 0x0101, 0x0101, 0x0101, 0x0101, 0x0101, 0x0101, 0x0101, 0x0101, 0x00E1, 
    0x00E1, 0x0101, 0x0101, 0x0101, 0x0101, 0x0101, 0x00E1, 0x00E1, 0x00E1, 0x0101, 0x0101, 0x0101, 
    0x00E1, 0x00E1, 0x00E1, 0x00E1, 0x00C1, 0x00E1, 0x00E1, 0x00C1, 0x00E1, 0x00C1, 0x00C1, 0x00C0, 
    0x00C1, 0x00C1, 0x00C1, 0x00C0, 0x00C1, 0x00C1, 0x00C0, 0x00A0, 0x00C0, 0x1121, 0x1961, 0x1141, 
    0x1941, 0x1941, 0x0921, 0x00E1, 0x00E1, 0x00E1, 0x00E1, 0x00E1, 0x00C1, 0x00C1, 0x00A1, 0x00A0, 
    0x0080, 0x0080, 0x0080, 0x0060, 0x0060, 0x0000, 0x5223, 0x51E3, 0x6A85, 0x1060, 0x0040, 0x0060, 
    0x0860, 0x0860, 0x10A1, 0x6AA5, 0x5224, 0x5203, 0x0000, 0x0060, 0x0060, 0x0060, 0x0080, 0x0080, 
    0x00A0, 0x00A0, 0x00C1, 0x00C1, 0x00C1, 0x00E1, 0x00E1, 0x0101, 0x00E1, 0x00E1, 0x0101, 0x1121, 
    0x1941, 0x1941, 0x1941, 0x1141, 0x08E1, 0x00A0, 0x00A0, 0x00A0, 0x00A0, 0x00C0, 0x00C1, 0x00C1, 
    0x00C1, 0x00C1, 0x00C1, 0x00C1, 0x00E1, 0x00E1, 0x00C1, 0x00E1, 0x00E1, 0x00C1, 0x00E1, 0x00E1, 
    0x00E1, 0x00E1, 0x00E1, 0x0101, 0x0101, 0x0101, 0x0101, 0x0101, 0x0101, 0x0101, 0x0101, 0x00E1, 
    0x00E1, 0x0101, 0x00E1, 0x0101, 0x0101, 0x00E1, 0x0101, 0x0101, 0x0101, 0x0121, 0x0101, 0x0121, 
    0x0121, 0x0121, 0x0121, 0x0121, 0x0121, 0x0101, 0x0121, 0x0142, 0x0122, 0x0121, 0x0141, 0x0141, 
    0x0121, 0x0142, 0x0141, 0x0121, 0x0121, 0x0142, 0x0142, 0x0162, 0x0142, 0x0141, 0x0162, 0x0141, 
    0x0142, 0x0141, 0x0141, 0x0162, 0x0162, 0x0162, 0x0162, 0x0162, 0x0161, 0x0141, 0x0141, 0x0162, 
    0x0142, 0x0162, 0x0162, 0x0141, 0x0161, 0x0162, 0x0182, 0x0182, 0x01A2, 0x0162, 0x0162, 0x0162, 
    0x0162, 0x0162, 0x0162, 0x0182, 0x0182, 0x0182, 0x0182, 0x0162, 0x0182, 0x0162, 0x0162, 0x0182, 
    0x0182, 0x0182, 0x0182, 0x0162, 0x0182, 0x0182, 0x0182, 0x0182, 0x0162, 0x0162, 0x0162, 0x0182, 
    0x01A2, 0x01A2, 0x0182, 0x01A2, 0x01A2, 0x0182, 0x0182, 0x0162, 0x0182, 0x0182, 0x0162, 0x0182, 
    0x0182, 0x0162, 0x0182, 0x0182, 0x01C3, 0x01C3, 0x01C2, 0x01A2, 0x01A2, 0x0182, 0x0182, 0x0182, 
    0x01A2, 0x01A2, 0x01A2, 0x01A2, 0x0182, 0x0182, 0x01A2, 0x01A2, 0x01A2, 0x01A2, 0x01A2, 0x0182, 
    0x01A2, 0x01A2, 0x0182, 0x0182, 0x0182, 0x0182, 0x0182, 0x0182, 0x01A2, 0x01A2, 0x0182, 0x0182, 
    0x0182, 0x0182, 0x0162, 0x0162, 0x0182, 0x0182, 0x0162, 0x0182, 0x0182, 0x0182, 0x0182, 0x0182, 
    0x0182, 0x0162, 0x0162, 0x0162, 0x0162, 0x0182, 0x0182, 0x0182, 0x0182, 0x0182, 0x0162, 0x0162, 
    0x0162, 0x0162, 0x0162, 0x0182, 0x0141, 0x0142, 0x0142, 0x0142, 0x0162, 0x0142, 0x0162, 0x0141, 
    0x0141, 0x0141, 0x0162, 0x0142, 0x0121, 0x0121, 0x0121, 0x0121, 0x0121, 0x0121, 0x0121, 0x0121, 
    0x0121, 0x0101, 0x0121, 0x0141, 0x0141, 0x0141, 0x0121, 0x0122, 0x0121, 0x0121, 0x0101, 0x0101, 
    0x0121, 0x0101, 0x0101, 0x0101, 0x0101, 0x0101, 0x00E1, 0x00E1, 0x00E1, 0x00E1, 0x00E1, 0x0101, 
    0x0101, 0x00E1, 0x00E1, 0x00E1, 0x00E1, 0x00E1, 0x00E1, 0x00E1, 0x00E1, 0x00E1, 0x00E1, 0x00E1, 
    0x00E1, 0x00E1, 0x00E1, 0x00E1, 0x00E1, 0x00C1, 0x00E1, 0x00C0, 0x00C0, 0x00C1, 0x00C1, 0x00C1, 
    0x00A0, 0x00A0, 0x0080, 0x08E1, 0x1941, 0x1941, 0x1941, 0x1941, 0x1141, 0x0101, 0x0101, 0x00E1, 
    0x00E1, 0x00E1, 0x00E1, 0x00C1, 0x00C1, 0x00A1, 0x00A0, 0x0080, 0x0080, 0x0060, 0x0060, 0x0060, 
    0x0060, 0x0000, 0x5224, 0x51E3, 0x6A85, 0x1060, 0x0060, 0x0060, 0x0860, 0x0860, 0x10A1, 0x72A5, 
    0x5223, 0x51E3, 0x0000, 0x0060, 0x0060, 0x0060, 0x0080, 0x0080, 0x00A0, 0x00A0, 0x00A0, 0x00C1, 
    0x00C1, 0x00C1, 0x00E1, 0x00E1, 0x00E1, 0x00E1, 0x00E1, 0x00E1, 0x1121, 0x1941, 0x1141, 0x1121, 
    0x1141, 0x0901, 0x00A0, 0x0080, 0x00A0, 0x00A0, 0x00C1, 0x00A0, 0x00A0, 0x00C1, 0x00C1, 0x00C0, 
    0x00C0, 0x00C1, 0x00C1, 0x00E1, 0x00E1, 0x00E1, 0x00E1, 0x00C1, 0x00E1, 0x0101, 0x00E1, 0x00E1, 
    0x0101, 0x00E1, 0x00E1, 0x00E1, 0x0101, 0x0101, 0x0101, 0x0101, 0x00E1, 0x00E1, 0x00E1, 0x0101, 
    0x0101, 0x00E1, 0x00E1, 0x0101, 0x0101, 0x0101, 0x0121, 0x0121, 0x0121, 0x0121, 0x0101, 0x0121, 
    0x0121, 0x0121, 0x0121, 0x0121, 0x0121, 0x0121, 0x0141, 0x0121, 0x0121, 0x0142, 0x0142, 0x0121, 
    0x0142, 0x0141, 0x0121, 0x0142, 0x0142, 0x0142, 0x0162, 0x0141, 0x0142, 0x0162, 0x0141, 0x0142, 
    0x0142, 0x0162, 0x0162, 0x0182, 0x0162, 0x0162, 0x0162, 0x0142, 0x0141, 0x0162, 0x0142, 0x0142, 
    0x0141, 0x0162, 0x0162, 0x0162, 0x0162, 0x0162, 0x0182, 0x0162, 0x0162, 0x0162, 0x0162, 0x0162, 
    0x0182, 0x0162, 0x0182, 0x0182, 0x0182, 0x0182, 0x0162, 0x0182, 0x0182, 0x0162, 0x0182, 0x0162, 
    0x0182, 0x0162, 0x0162, 0x0182, 0x0182, 0x0162, 0x0182, 0x0182, 0x01A2, 0x01A2, 0x01A2, 0x0182, 
    0x0182, 0x0182, 0x01A3, 0x0182, 0x0162, 0x0162, 0x0182, 0x0182, 0x0182, 0x0182, 0x0182, 0x0182, 
    0x01A2, 0x0182, 0x01A2, 0x01A2, 0x01A2, 0x0182, 0x0182, 0x0182, 0x0182, 0x01A2, 0x01A2, 0x0182, 
    0x01A2, 0x01A2, 0x01A2, 0x0182, 0x01A2, 0x0182, 0x01A2, 0x01A2, 0x0182, 0x0182, 0x0182, 0x0182, 
    0x0182, 0x0182, 0x0162, 0x0182, 0x0182, 0x01A2, 0x0182, 0x0182, 0x0182, 0x0162, 0x0162, 0x0162, 
    0x0162, 0x0182, 0x0162, 0x0162, 0x0182, 0x0162, 0x0182, 0x0182, 0x0162, 0x0162, 0x0141, 0x0162, 
    0x0162, 0x0182, 0x0182, 0x0182, 0x0182, 0x0162, 0x0162, 0x0162, 0x0182, 0x0182, 0x0182, 0x0162, 
    0x0142, 0x0162, 0x0162, 0x0142, 0x0142, 0x0141, 0x0142, 0x0162, 0x0162, 0x0162, 0x0142, 0x0142, 
    0x0121, 0x0121, 0x0141, 0x0121, 0x0121, 0x0121, 0x0121, 0x0142, 0x0142, 0x0121, 0x0121, 0x0142, 
    0x0142, 0x0121, 0x0121, 0x0101, 0x0101, 0x0101, 0x0101, 0x0121, 0x0121, 0x0101, 0x0101, 0x0101, 
    0x0101, 0x0101, 0x0101, 0x00E1, 0x00E1, 0x00E1, 0x00E1, 0x0101, 0x0101, 0x00E1, 0x00E1, 0x00E1, 
    0x00E1, 0x00E1, 0x00E1, 0x00E1, 0x00C1, 0x00C1, 0x00C0, 0x00C1, 0x00C1, 0x00C1, 0x00C1, 0x00C1, 
    0x00C1, 0x00C1, 0x00C1, 0x00C1, 0x00C1, 0x00E1, 0x00A0, 0x00A0, 0x0080, 0x0080, 0x1101, 0x1962, 
    0x1941, 0x1941, 0x1941, 0x1121, 0x0101, 0x0101, 0x0101, 0x00E1, 0x00E1, 0x00E1, 0x00C1, 0x00C1, 
    0x00C1, 0x00A0, 0x00A0, 0x0080, 0x0080, 0x0060, 0x0060, 0x0040, 0x0060, 0x0000, 0x49E3, 0x49C3, 
    0x6AA5, 0x1060, 0x0040, 0x0060, 0x0040, 0x0040, 0x18A1, 0x72C5, 0x5223, 0x5A03, 0x0000, 0x0020, 
    0x0040, 0x0040, 0x0060, 0x0080, 0x0080, 0x0080, 0x00A0, 0x00A1, 0x00C1, 0x00C1, 0x00C1, 0x00C1, 
    0x00E1, 0x00E1, 0x00E1, 0x0101, 0x0101, 0x0901, 0x1121, 0x1121, 0x1121, 0x1941, 0x1121, 0x08C1, 
    0x00A0, 0x00C1, 0x00C0, 0x00A0, 0x00C1, 0x00C1, 0x00C0, 0x00C0, 0x00C1, 0x00C1, 0x00C1, 0x00E1, 
    0x00E1, 0x00E1, 0x00E1, 0x00C1, 0x00C1, 0x00E1, 0x00E1, 0x0101, 0x00E1, 0x00E1, 0x0101, 0x0101, 
    0x0101, 0x0101, 0x0101, 0x0101, 0x0101, 0x0101, 0x0101, 0x0101, 0x00E1, 0x00E1, 0x0101, 0x0101, 
    0x0101, 0x0121, 0x0121, 0x0121, 0x0121, 0x0121, 0x0101, 0x0101, 0x0121, 0x0121, 0x0121, 0x0121, 
    0x0141, 0x0121, 0x0121, 0x0141, 0x0141, 0x0121, 0x0121, 0x0121, 0x0142, 0x0142, 0x0141, 0x0142, 
    0x0141, 0x0141, 0x0141, 0x0162, 0x0162, 0x0142, 0x0141, 0x0141, 0x0142, 0x0162, 0x0162, 0x0162, 
    0x0141, 0x0162, 0x0162, 0x0142, 0x0142, 0x0142, 0x0141, 0x0142, 0x0162, 0x0162, 0x0142, 0x0142, 
    0x0162, 0x0162, 0x0182, 0x0162, 0x0162, 0x0162, 0x0162, 0x0141, 0x0162, 0x0182, 0x0182, 0x0182, 
    0x0162, 0x0162, 0x0162, 0x0162, 0x0182, 0x0162, 0x0162, 0x0162, 0x0162, 0x0162, 0x0162, 0x0162, 
    0x0162, 0x0162, 0x0182, 0x0182, 0x0182, 0x0182, 0x0182, 0x0182, 0x0182, 0x0182, 0x01A2, 0x0162, 
    0x0162, 0x0162, 0x0162, 0x0162, 0x0182, 0x0182, 0x0182, 0x0182, 0x01A2, 0x01A2, 0x01A2, 0x0182, 
    0x0182, 0x0182, 0x0182, 0x0182, 0x0182, 0x0182, 0x0182, 0x01A2, 0x01A2, 0x01A2, 0x01A2, 0x0182, 
    0x0182, 0x0182, 0x01A2, 0x0182, 0x01A2, 0x0182, 0x0182, 0x0182, 0x0182, 0x0182, 0x0182, 0x0162, 
    0x0182, 0x01A2, 0x01A2, 0x0182, 0x0162, 0x0162, 0x0162, 0x0162, 0x0162, 0x0182, 0x0162, 0x0162, 
    0x0162, 0x0162, 0x0162, 0x0162, 0x0162, 0x0162, 0x0162, 0x0162, 0x0162, 0x0162, 0x0162, 0x0162, 
    0x0162, 0x0162, 0x0162, 0x0162, 0x0162, 0x0182, 0x0162, 0x0162, 0x0162, 0x0162, 0x0162, 0x0142, 
    0x0142, 0x0141, 0x0142, 0x0162, 0x0162, 0x0162, 0x0121, 0x0121, 0x0121, 0x0162, 0x0142, 0x0141, 
    0x0141, 0x0121, 0x0142, 0x0142, 0x0142, 0x0121, 0x0121, 0x0121, 0x0121, 0x0121, 0x0101, 0x0101, 
    0x0101, 0x0101, 0x0101, 0x0101, 0x0101, 0x0101, 0x0101, 0x0101, 0x00E1, 0x00E1, 0x00E1, 0x0101, 
    0x0101, 0x00E1, 0x00E1, 0x00E1, 0x00E1, 0x00E1, 0x00E1, 0x00E1, 0x00E1, 0x00E1, 0x00E1, 0x00E1, 
    0x00E1, 0x00E1, 0x00C1, 0x00C1, 0x00C1, 0x00C1, 0x00C1, 0x00C1, 0x00C1, 0x00C1, 0x00C1, 0x00C1, 
    0x00C1, 0x00C1, 0x00A0, 0x00A0, 0x08C1, 0x1141, 0x1961, 0x1141, 0x1141, 0x1941, 0x0901, 0x0101, 
    0x0101, 0x00E1, 0x00E1, 0x00E1, 0x00E1, 0x00C1, 0x00C1, 0x00C1, 0x00A1, 0x00A0, 0x0080, 0x0080, 
    0x0060, 0x0060, 0x0040, 0x0040, 0x0020, 0x0000, 0x6244, 0x51C3, 0x6AA5, 0x1060, 0x0040, 0x0040, 
    0x0040, 0x0020, 0x10A1, 0x7AE5, 0x5A44, 0x6243, 0x38E1, 0x18A1, 0x0000, 0x0040, 0x0060, 0x0060, 
    0x0080, 0x0080, 0x0080, 0x00A0, 0x00A1, 0x00A1, 0x00C1, 0x00C1, 0x00C1, 0x00E1, 0x00E1, 0x00E1, 
    0x0101, 0x0101, 0x0101, 0x1121, 0x1141, 0x1121, 0x1121, 0x1141, 0x0901, 0x00A0, 0x00A0, 0x00A0, 
    0x00C0, 0x00A0, 0x00A0, 0x00C1, 0x00C1, 0x00C0, 0x00C0, 0x00C1, 0x00C1, 0x00C0, 0x00E1, 0x00E1, 
    0x00E1, 0x00E1, 0x00E1, 0x00E1, 0x00E1, 0x00E1, 0x00E1, 0x0101, 0x00E1, 0x00E1, 0x0101, 0x0101, 
    0x0101, 0x0101, 0x0101, 0x0101, 0x0101, 0x00E1, 0x0101, 0x0121, 0x0121, 0x0121, 0x0121, 0x0121, 
    0x0101, 0x0101, 0x0101, 0x0101, 0x0101, 0x0121, 0x0121, 0x0121, 0x0141, 0x0121, 0x0121, 0x0121, 
    0x0121, 0x0142, 0x0142, 0x0121, 0x0141, 0x0141, 0x0162, 0x0142, 0x0142, 0x0141, 0x0141, 0x0142, 
    0x0142, 0x0142, 0x0141, 0x0141, 0x0142, 0x0162, 0x0141, 0x0141, 0x0162, 0x0162, 0x0162, 0x0162, 
    0x0141, 0x0121, 0x0141, 0x0141, 0x0142, 0x0141, 0x0121, 0x0141, 0x0162, 0x0162, 0x0162, 0x0162, 
    0x0162, 0x0162, 0x0162, 0x0162, 0x0162, 0x0182, 0x0162, 0x0162, 0x0182, 0x0162, 0x0142, 0x0162, 
    0x0141, 0x0141, 0x0162, 0x0162, 0x0162, 0x0162, 0x0162, 0x0162, 0x0162, 0x0162, 0x0182, 0x01A2, 
    0x0182, 0x0182, 0x0162, 0x0182, 0x0182, 0x0162, 0x0182, 0x0162, 0x0182, 0x0182, 0x0141, 0x0162, 
    0x0162, 0x0182, 0x0182, 0x0182, 0x01A2, 0x0182, 0x0182, 0x0182, 0x0182, 0x0182, 0x0182, 0x01A2, 
    0x01A2, 0x01A2, 0x0182, 0x01A2, 0x01A2, 0x01A2, 0x0182, 0x0182, 0x0182, 0x0182, 0x0182, 0x0182, 
    0x01A2, 0x0182, 0x0162, 0x0182, 0x0182, 0x01A2, 0x0182, 0x0182, 0x0182, 0x01A2, 0x01A2, 0x0162, 
    0x0182, 0x0162, 0x0162, 0x0141, 0x0162, 0x0182, 0x0162, 0x0162, 0x0162, 0x0162, 0x0141, 0x0142, 
    0x0141, 0x0141, 0x0162, 0x0162, 0x0182, 0x0162, 0x0142, 0x0141, 0x0162, 0x0162, 0x0162, 0x0162, 
    0x0162, 0x0182, 0x0182, 0x0162, 0x0162, 0x0162, 0x0162, 0x0142, 0x0162, 0x0141, 0x0162, 0x0142, 
    0x0142, 0x0142, 0x0141, 0x0141, 0x0121, 0x0142, 0x0121, 0x0141, 0x0141, 0x0141, 0x0142, 0x0142, 
    0x0141, 0x0121, 0x0101, 0x0121, 0x0121, 0x0101, 0x0101, 0x00E1, 0x00E1, 0x0101, 0x0101, 0x0101, 
    0x0121, 0x0121, 0x0101, 0x00E1, 0x0101, 0x0101, 0x00E1, 0x00E1, 0x0101, 0x00E1, 0x00E1, 0x00E1, 
    0x00C1, 0x00E1, 0x00E1, 0x00E1, 0x00C0, 0x00E1, 0x00E1, 0x00E1, 0x00E1, 0x00C1, 0x00E1, 0x00E1, 
    0x00C1, 0x00C1, 0x00C1, 0x00C1, 0x00C1, 0x00C1, 0x00C1, 0x00A0, 0x00C1, 0x00C1, 0x00A0, 0x1101, 
    0x1962, 0x1982, 0x1961, 0x1961, 0x1962, 0x0101, 0x00E1, 0x0101, 0x00E1, 0x00E1, 0x00E1, 0x00E1, 
    0x00C1, 0x00C1, 0x00C1, 0x00A1, 0x00A0, 0x0080, 0x0080, 0x0060, 0x0060, 0x0060, 0x0040, 0x0000, 
    0x18A1, 0x3101, 0x6A64, 0x51E3, 0x72C5, 0x1060, 0x0020, 0x0020, 0x0040, 0x0020, 0x1081, 0x72C5, 
    0x5224, 0x5A23, 0x30C1, 0x59C3, 0x3101, 0x0020, 0x0020, 0x0060, 0x0060, 0x0060, 0x0080, 0x0080, 
    0x00A0, 0x00A0, 0x00C1, 0x00C1, 0x00C1, 0x00C1, 0x00E1, 0x00E1, 0x00E1, 0x0101, 0x0101, 0x00E1, 
    0x0901, 0x1941, 0x1941, 0x1141, 0x1141, 0x1121, 0x00C1, 0x00A0, 0x00A0, 0x00C0, 0x00C1, 0x00C1, 
    0x00C1, 0x00C1, 0x00C1, 0x00C1, 0x00C1, 0x00C1, 0x00C1, 0x00E1, 0x00E1, 0x0101, 0x00E1, 0x00E1, 
    0x00E1, 0x00E1, 0x00E1, 0x00E1, 0x00E1, 0x00E1, 0x0101, 0x0101, 0x00E1, 0x00E1, 0x00E1, 0x0101, 
    0x0101, 0x0101, 0x0101, 0x0101, 0x0121, 0x0121, 0x0121, 0x0121, 0x0101, 0x0101, 0x0101, 0x0101, 
    0x0101, 0x0101, 0x0121, 0x0121, 0x0121, 0x0121, 0x0121, 0x0141, 0x0121, 0x0121, 0x0141, 0x0121, 
    0x0141, 0x0141, 0x0141, 0x0121, 0x0121, 0x0141, 0x0141, 0x0121, 0x0142, 0x0142, 0x0142, 0x0141, 
    0x0141, 0x0121, 0x0141, 0x0162, 0x0141, 0x0162, 0x0141, 0x0141, 0x0121, 0x0121, 0x0141, 0x0141, 
    0x0121, 0x0121, 0x0121, 0x0141, 0x0162, 0x0142, 0x0141, 0x0162, 0x0182, 0x0162, 0x0182, 0x0182, 
    0x0162, 0x0162, 0x0162, 0x0162, 0x0182, 0x0162, 0x0162, 0x0162, 0x0162, 0x0162, 0x0141, 0x0162, 
    0x0162, 0x0162, 0x0162, 0x0162, 0x0182, 0x0182, 0x0182, 0x0182, 0x0182, 0x0182, 0x0182, 0x0182, 
    0x0162, 0x0162, 0x0162, 0x0161, 0x0162, 0x0162, 0x0162, 0x0182, 0x0182, 0x0162, 0x0162, 0x0182, 
    0x0182, 0x0182, 0x0182, 0x0182, 0x0182, 0x0182, 0x0182, 0x0182, 0x0182, 0x01A2, 0x01A2, 0x01A2, 
    0x0182, 0x0182, 0x0182, 0x01A2, 0x0182, 0x0162, 0x0162, 0x0162, 0x0162, 0x0162, 0x0182, 0x0182, 
    0x0182, 0x0182, 0x0182, 0x0182, 0x0182, 0x0182, 0x0182, 0x0162, 0x0162, 0x0162, 0x0182, 0x0141, 
    0x0162, 0x0162, 0x0141, 0x0162, 0x0162, 0x0162, 0x0162, 0x0162, 0x0162, 0x0141, 0x0162, 0x0182, 
    0x0182, 0x0162, 0x0121, 0x0141, 0x0162, 0x0141, 0x0142, 0x0141, 0x0141, 0x0162, 0x0142, 0x0142, 
    0x0142, 0x0142, 0x0162, 0x0141, 0x0162, 0x0141, 0x0142, 0x0141, 0x0142, 0x0141, 0x0142, 0x0142, 
    0x0121, 0x0121, 0x0121, 0x0121, 0x0121, 0x0101, 0x0121, 0x0141, 0x0142, 0x0121, 0x0101, 0x0101, 
    0x0101, 0x0101, 0x0101, 0x0101, 0x0101, 0x0121, 0x0121, 0x0121, 0x0121, 0x0121, 0x0101, 0x00E1, 
    0x0101, 0x00E1, 0x00E1, 0x0101, 0x0101, 0x00E1, 0x00E1, 0x00E1, 0x00E1, 0x00E1, 0x00E1, 0x00E1, 
    0x00C1, 0x00C1, 0x00C1, 0x00E1, 0x00C0, 0x00C0, 0x00E1, 0x00E1, 0x00C1, 0x00C1, 0x00C1, 0x00C1, 
    0x00C1, 0x00A0, 0x00A0, 0x0080, 0x0080, 0x00E1, 0x1141, 0x1982, 0x1962, 0x1962, 0x1961, 0x1121, 
    0x0101, 0x0101, 0x0101, 0x00E1, 0x00E1, 0x00E1, 0x00C1, 0x00C1, 0x00C1, 0x00A1, 0x00A1, 0x00A0, 
    0x0080, 0x0080, 0x0060, 0x0060, 0x0040, 0x0020, 0x0020, 0x3101, 0x5182, 0x28A0, 0x5A44, 0x49C3, 
    0x6AA5, 0x1060, 0x0020, 0x0040, 0x0040, 0x0020, 0x1081, 0x6AA5, 0x5203, 0x51E3, 0x2080, 0x4982, 
    0x59C2, 0x5182, 0x1080, 0x0000, 0x0040, 0x0060, 0x0080, 0x0080, 0x0080, 0x00A0, 0x00A1, 0x00C1, 
    0x00C1, 0x00C1, 0x00E1, 0x00E1, 0x00E1, 0x0101, 0x0101, 0x0101, 0x0101, 0x0901, 0x1121, 0x1121, 
    0x1121, 0x1121, 0x1121, 0x0901, 0x00A0, 0x00A0, 0x00A0, 0x00C1, 0x00C1, 0x00C1, 0x00C1, 0x00C0, 
    0x00C1, 0x00C0, 0x00C0, 0x00C1, 0x00E1, 0x00E1, 0x00E1, 0x00C1, 0x00E1, 0x0101, 0x00E1, 0x00E1, 
    0x00E1, 0x00E1, 0x00E1, 0x00E1, 0x0101, 0x00E1, 0x0101, 0x00E1, 0x0101, 0x0101, 0x0101, 0x0101, 
    0x0101, 0x0121, 0x0121, 0x0121, 0x0101, 0x0101, 0x00E1, 0x0101, 0x00E1, 0x0101, 0x0101, 0x0121, 
    0x0141, 0x0141, 0x0141, 0x0121, 0x0121, 0x0142, 0x0142, 0x0121, 0x0121, 0x0121, 0x0141, 0x0121, 
    0x0121, 0x0121, 0x0142, 0x0121, 0x0101, 0x0121, 0x0141, 0x0141, 0x0142, 0x0141, 0x0141, 0x0142, 
    0x0142, 0x0142, 0x0141, 0x0142, 0x0141, 0x0121, 0x0121, 0x0121, 0x0121, 0x0121, 0x0121, 0x0141, 
    0x0162, 0x0142, 0x0141, 0x0162, 0x0162, 0x0162, 0x0161, 0x0161, 0x0162, 0x0162, 0x0162, 0x0162, 
    0x0162, 0x0182, 0x0162, 0x0141, 0x0162, 0x0162, 0x0142, 0x0162, 0x0162, 0x0162, 0x0182, 0x0182, 
    0x0182, 0x0182, 0x0182, 0x0162, 0x0162, 0x0182, 0x0182, 0x0182, 0x0162, 0x0162, 0x0141, 0x0142, 
    0x0141, 0x0162, 0x0162, 0x0162, 0x0162, 0x0162, 0x0162, 0x0162, 0x0182, 0x0182, 0x0182, 0x0182, 
    0x0162, 0x0162, 0x0162, 0x0182, 0x0182, 0x01A2, 0x01A2, 0x01A2, 0x01A2, 0x0182, 0x0182, 0x0162, 
    0x0161, 0x0162, 0x0162, 0x0162, 0x0162, 0x0162, 0x0162, 0x0182, 0x0182, 0x0182, 0x0162, 0x0141, 
    0x0162, 0x0182, 0x0182, 0x0162, 0x0162, 0x0162, 0x0162, 0x0182, 0x0182, 0x0162, 0x0162, 0x0162, 
    0x0162, 0x0162, 0x0162, 0x0162, 0x0162, 0x0162, 0x0162, 0x0162, 0x0162, 0x0162, 0x0121, 0x0162, 
    0x0161, 0x0141, 0x0142, 0x0141, 0x0142, 0x0162, 0x0142, 0x0141, 0x0121, 0x0141, 0x0162, 0x0162, 
    0x0162, 0x0142, 0x0162, 0x0141, 0x0142, 0x0142, 0x0141, 0x0121, 0x0101, 0x0101, 0x0101, 0x0121, 
    0x0121, 0x0121, 0x0141, 0x0141, 0x0121, 0x0121, 0x0101, 0x0101, 0x0101, 0x0101, 0x0101, 0x0101, 
    0x0121, 0x0122, 0x0121, 0x0101, 0x0101, 0x0101, 0x0101, 0x0101, 0x00E1, 0x00E1, 0x00E1, 0x0101, 
    0x0101, 0x0101, 0x00E1, 0x00E1, 0x00C1, 0x00C1, 0x00C1, 0x00C1, 0x00E1, 0x00E1, 0x00E1, 0x00E1, 
    0x00E1, 0x00E1, 0x00C1, 0x00C0, 0x00A0, 0x00C1, 0x00C1, 0x00C1, 0x00C1, 0x00A0, 0x0080, 0x00A0, 
    0x1101, 0x1941, 0x1961, 0x1941, 0x1962, 0x1941, 0x0921, 0x0101, 0x0101, 0x0101, 0x00E1, 0x00E1, 
    0x00E1, 0x00E1, 0x00C1, 0x00C1, 0x00A1, 0x00A0, 0x00A0, 0x0080, 0x0080, 0x0060, 0x0060, 0x0040, 
    0x0000, 0x1060, 0x4982, 0x5182, 0x4141, 0x2080, 0x5204, 0x49A3, 0x6A85, 0x1060, 0x0040, 0x0040, 
    0x0040, 0x0020, 0x1081, 0x72C5, 0x5223, 0x51E3, 0x0000, 0x3921, 0x5182, 0x59A2, 0x61E3, 0x3922, 
    0x0020, 0x0020, 0x0060, 0x0080, 0x0080, 0x0080, 0x00A0, 0x00A1, 0x00A1, 0x00C1, 0x00C1, 0x00C1, 
    0x00E1, 0x00E1, 0x0101, 0x0101, 0x0121, 0x0102, 0x0101, 0x0901, 0x1941, 0x1141, 0x1141, 0x1141, 
    0x1121, 0x08E1, 0x00A0, 0x00A0, 0x00C1, 0x00C0, 0x00C0, 0x00C1, 0x00E1, 0x00C1, 0x00E1, 0x00C1, 
    0x00E1, 0x00E1, 0x00E1, 0x00C0, 0x00E1, 0x00E1, 0x00E1, 0x00E1, 0x00E1, 0x0101, 0x00E1, 0x00E1, 
    0x00E1, 0x0101, 0x0101, 0x00E1, 0x00E1, 0x0101, 0x0101, 0x0101, 0x0101, 0x0121, 0x0101, 0x0101, 
    0x0101, 0x0101, 0x00E1, 0x00E1, 0x00E1, 0x0101, 0x0101, 0x0121, 0x0142, 0x0142, 0x0121, 0x0101, 
    0x0121, 0x0142, 0x0142, 0x0121, 0x0121, 0x0141, 0x0121, 0x0121, 0x0141, 0x0121, 0x0121, 0x0121, 
    0x0121, 0x0121, 0x0121, 0x0141, 0x0141, 0x0141, 0x0141, 0x0141, 0x0142, 0x0141, 0x0121, 0x0121, 
    0x0121, 0x0141, 0x0121, 0x0121, 0x0121, 0x0141, 0x0142, 0x0141, 0x0141, 0x0142, 0x0141, 0x0142, 
    0x0162, 0x0162, 0x0162, 0x0162, 0x0162, 0x0162, 0x0162, 0x0162, 0x0162, 0x0142, 0x0141, 0x0162, 
    0x0141, 0x0162, 0x0142, 0x0162, 0x0162, 0x0162, 0x0162, 0x0182, 0x0162, 0x0162, 0x0182, 0x0182, 
    0x0162, 0x0162, 0x0162, 0x0182, 0x0162, 0x0141, 0x0142, 0x0142, 0x0141, 0x0141, 0x0162, 0x0161, 
    0x0162, 0x0141, 0x0162, 0x0162, 0x0162, 0x0162, 0x0161, 0x0182, 0x0162, 0x0162, 0x0162, 0x0162, 
    0x0162, 0x0162, 0x0162, 0x0162, 0x0182, 0x0162, 0x0182, 0x0162, 0x0162, 0x0162, 0x0162, 0x0182, 
    0x0182, 0x0182, 0x0162, 0x0162, 0x0162, 0x0162, 0x0162, 0x0162, 0x0141, 0x0162, 0x0162, 0x0162, 
    0x0162, 0x0162, 0x0182, 0x0182, 0x0182, 0x0162, 0x0162, 0x0162, 0x0162, 0x0162, 0x0162, 0x0162, 
    0x0162, 0x0162, 0x0162, 0x0142, 0x0141, 0x0141, 0x0142, 0x0142, 0x0141, 0x0141, 0x0141, 0x0142, 
    0x0142, 0x0141, 0x0162, 0x0142, 0x0142, 0x0142, 0x0142, 0x0142, 0x0142, 0x0142, 0x0142, 0x0141, 
    0x0121, 0x0121, 0x0141, 0x0121, 0x0121, 0x0121, 0x0101, 0x0121, 0x0121, 0x0121, 0x0121, 0x0121, 
    0x0121, 0x0121, 0x0121, 0x0101, 0x0101, 0x0101, 0x0121, 0x0101, 0x0101, 0x0121, 0x0121, 0x0121, 
    0x0121, 0x0101, 0x00E1, 0x0101, 0x0101, 0x00E1, 0x00E1, 0x0101, 0x00E1, 0x00E1, 0x00E1, 0x00E1, 
    0x00C1, 0x00E1, 0x00C1, 0x00C1, 0x00E1, 0x00E1, 0x00E1, 0x00E1, 0x00E1, 0x00C1, 0x00C1, 0x00A0, 
    0x00C0, 0x00C1, 0x00C1, 0x00A0, 0x00A0, 0x00A0, 0x08E1, 0x1941, 0x1961, 0x1141, 0x1941, 0x1941, 
    0x0942, 0x0101, 0x0101, 0x0101, 0x00E1, 0x00E1, 0x00E1, 0x00E1, 0x00E1, 0x00C1, 0x00A1, 0x00A0, 
    0x0080, 0x0080, 0x0080, 0x0080, 0x0060, 0x0060, 0x0020, 0x0020, 0x3101, 0x59C2, 0x4981, 0x4961, 
    0x3921, 0x0000, 0x5224, 0x51E3, 0x6A85, 0x0840, 0x0040, 0x0040, 0x0040, 0x0020, 0x1081, 0x72C5, 
    0x5223, 0x51E3, 0x0800, 0x1040, 0x20A1, 0x4962, 0x59A2, 0x6A03, 0x61E3, 0x20C1, 0x0000, 0x0040, 
    0x0080, 0x0080, 0x0080, 0x0080, 0x00A0, 0x00A0, 0x00C1, 0x00C1, 0x00E1, 0x00E1, 0x0101, 0x0101, 
    0x0101, 0x0122, 0x0122, 0x0101, 0x0121, 0x1142, 0x1941, 0x1141, 0x1941, 0x1941, 0x1121, 0x00C1, 
    0x00A0, 0x00A0, 0x00C0, 0x00C0, 0x00C1, 0x00C1, 0x00E1, 0x00C1, 0x00C1, 0x00C1, 0x00E1, 0x00E1, 
    0x00E1, 0x00E1, 0x00E1, 0x00E1, 0x00E1, 0x00E1, 0x0101, 0x0101, 0x00E1, 0x00E1, 0x0101, 0x0101, 
    0x00E1, 0x0101, 0x0101, 0x0101, 0x0101, 0x0101, 0x0101, 0x0121, 0x0101, 0x0101, 0x00E1, 0x00E1, 
    0x00E1, 0x0101, 0x0101, 0x0121, 0x0121, 0x0101, 0x0101, 0x0101, 0x0101, 0x0121, 0x0121, 0x0121, 
    0x0121, 0x0121, 0x0121, 0x0101, 0x0101, 0x0121, 0x0121, 0x0141, 0x0121, 0x0121, 0x0121, 0x0121, 
    0x0121, 0x0121, 0x0121, 0x0121, 0x0121, 0x0141, 0x0121, 0x0121, 0x0121, 0x0121, 0x0121, 0x0121, 
    0x0141, 0x0121, 0x0142, 0x0141, 0x0141, 0x0162, 0x0142, 0x0142, 0x0141, 0x0162, 0x0162, 0x0162, 
    0x0182, 0x0162, 0x0162, 0x0141, 0x0141, 0x0141, 0x0162, 0x0162, 0x0162, 0x0141, 0x0142, 0x0162, 
    0x0142, 0x0141, 0x0142, 0x0142, 0x0142, 0x0141, 0x0162, 0x0162, 0x0162, 0x0162, 0x0142, 0x0162, 
    0x0182, 0x0141, 0x0162, 0x0162, 0x0141, 0x0141, 0x0142, 0x0162, 0x0162, 0x0162, 0x0162, 0x0162, 
    0x0162, 0x0162, 0x0162, 0x0182, 0x0162, 0x0141, 0x0141, 0x0162, 0x0141, 0x0162, 0x0162, 0x0162, 
    0x0182, 0x0162, 0x0141, 0x0162, 0x0162, 0x0162, 0x0182, 0x0162, 0x0182, 0x0182, 0x0182, 0x0182, 
    0x0162, 0x0162, 0x0162, 0x0182, 0x0162, 0x0162, 0x0162, 0x0142, 0x0162, 0x0162, 0x0182, 0x0162, 
    0x0182, 0x0162, 0x0162, 0x0182, 0x0162, 0x0162, 0x0162, 0x0162, 0x0141, 0x0141, 0x0142, 0x0162, 
    0x0141, 0x0161, 0x0141, 0x0121, 0x0121, 0x0141, 0x0142, 0x0162, 0x0162, 0x0142, 0x0142, 0x0142, 
    0x0141, 0x0141, 0x0121, 0x0121, 0x0121, 0x0121, 0x0121, 0x0142, 0x0121, 0x0121, 0x0141, 0x0121, 
    0x0121, 0x0121, 0x0121, 0x0121, 0x0121, 0x0101, 0x0101, 0x0121, 0x0101, 0x0101, 0x0101, 0x00E1, 
    0x00E1, 0x0101, 0x0101, 0x0101, 0x0101, 0x0101, 0x0101, 0x0101, 0x0101, 0x0101, 0x0101, 0x00E1, 
    0x00E1, 0x00E1, 0x00E1, 0x00E1, 0x00E1, 0x00E1, 0x0101, 0x00E1, 0x00E1, 0x0101, 0x00E1, 0x00E1, 
    0x00E1, 0x00E1, 0x00E1, 0x00E1, 0x00E1, 0x00C1, 0x00C1, 0x00A0, 0x00A0, 0x00C0, 0x00C1, 0x00A0, 
    0x08E1, 0x1141, 0x1961, 0x1961, 0x1141, 0x1961, 0x1141, 0x0122, 0x0122, 0x0102, 0x0101, 0x00E1, 
    0x00E1, 0x00C1, 0x00C1, 0x00C1, 0x00C1, 0x00C1, 0x00A1, 0x0080, 0x0080, 0x0080, 0x0060, 0x0060, 
    0x0040, 0x0000, 0x20C1, 0x59E2, 0x6202, 0x51A2, 0x4981, 0x20A1, 0x1040, 0x0800, 0x6264, 0x5203, 
    0x6AA5, 0x0840, 0x0020, 0x0040, 0x0020, 0x0020, 0x0881, 0x6A84, 0x5223, 0x49E3, 0x0800, 0x28A1, 
    0x1860, 0x1860, 0x3921, 0x5182, 0x61E2, 0x7243, 0x4982, 0x0840, 0x0020, 0x0060, 0x0080, 0x0080, 
    0x0080, 0x00A0, 0x00C1, 0x00C1, 0x00C1, 0x00E1, 0x00E1, 0x00E1, 0x0101, 0x0101, 0x0121, 0x0121, 
    0x0121, 0x0121, 0x0921, 0x1141, 0x1141, 0x1141, 0x1141, 0x1141, 0x0901, 0x00C0, 0x00A0, 0x00C0, 
    0x00C0, 0x00C0, 0x00C1, 0x00C1, 0x00C1, 0x00C0, 0x00C1, 0x00E1, 0x00E1, 0x00E1, 0x00E1, 0x00E1, 
    0x00E1, 0x00E1, 0x00E1, 0x0101, 0x00E1, 0x00E1, 0x0101, 0x00E1, 0x00E1, 0x00E1, 0x0101, 0x0101, 
    0x0101, 0x0101, 0x0101, 0x00E1, 0x0101, 0x0101, 0x0101, 0x00E1, 0x00E1, 0x0101, 0x0101, 0x0121, 
    0x0101, 0x0101, 0x0101, 0x00E1, 0x0101, 0x0121, 0x0121, 0x0101, 0x0101, 0x0121, 0x0121, 0x0121, 
    0x0121, 0x0121, 0x0121, 0x0121, 0x0121, 0x0121, 0x0121, 0x0121, 0x0121, 0x0101, 0x0101, 0x0141, 
    0x0121, 0x0121, 0x0121, 0x0121, 0x0121, 0x0141, 0x0141, 0x0121, 0x0121, 0x0121, 0x0141, 0x0121, 
    0x0141, 0x0162, 0x0141, 0x0162, 0x0162, 0x0162, 0x0141, 0x0141, 0x0182, 0x0162, 0x0162, 0x0141, 
    0x0162, 0x0162, 0x0162, 0x0162, 0x0162, 0x0162, 0x0162, 0x0162, 0x0162, 0x0162, 0x0141, 0x0141, 
    0x0141, 0x0141, 0x0121, 0x0141, 0x0162, 0x0161, 0x0141, 0x0162, 0x0141, 0x0141, 0x0162, 0x0182, 
    0x0162, 0x0142, 0x0142, 0x0162, 0x0162, 0x0182, 0x0162, 0x0162, 0x0162, 0x0162, 0x0162, 0x0162, 
    0x0162, 0x0141, 0x0141, 0x0162, 0x0162, 0x0161, 0x0141, 0x0162, 0x0162, 0x0162, 0x0141, 0x0141, 
    0x0162, 0x0182, 0x0162, 0x0162, 0x0162, 0x0182, 0x0182, 0x0182, 0x0162, 0x0162, 0x0162, 0x0162, 
    0x0162, 0x0162, 0x0162, 0x0141, 0x0141, 0x0162, 0x0162, 0x0162, 0x0162, 0x0162, 0x0162, 0x0162, 
    0x0162, 0x0182, 0x0162, 0x0162, 0x0141, 0x0141, 0x0141, 0x0162, 0x0161, 0x0162, 0x0142, 0x0141, 
    0x0121, 0x0121, 0x0142, 0x0162, 0x0162, 0x0121, 0x0121, 0x0121, 0x0141, 0x0142, 0x0142, 0x0121, 
    0x0121, 0x0121, 0x0121, 0x0121, 0x0141, 0x0121, 0x0121, 0x0101, 0x0121, 0x0101, 0x0121, 0x0141, 
    0x0121, 0x0101, 0x0101, 0x0101, 0x0101, 0x0101, 0x0121, 0x0101, 0x0101, 0x0101, 0x0101, 0x0121, 
    0x0121, 0x0101, 0x0101, 0x0101, 0x0101, 0x0101, 0x0101, 0x00E1, 0x00E1, 0x00E1, 0x00E1, 0x00E1, 
    0x00E1, 0x00E1, 0x00E1, 0x0101, 0x00E1, 0x0101, 0x00E1, 0x00E1, 0x00E1, 0x00E1, 0x00C1, 0x00E1, 
    0x00C1, 0x00C0, 0x00A0, 0x00A0, 0x00A0, 0x00A0, 0x00C1, 0x1121, 0x1961, 0x1961, 0x1941, 0x1941, 
    0x1961, 0x0942, 0x0122, 0x0122, 0x0101, 0x0101, 0x0101, 0x00E1, 0x00E1, 0x00C1, 0x00C1, 0x00A1, 
    0x00C1, 0x00A1, 0x00A0, 0x0080, 0x0060, 0x0060, 0x0040, 0x0000, 0x1060, 0x4982, 0x6A23, 0x59E2, 
    0x59C2, 0x4141, 0x1860, 0x1840, 0x2880, 0x0000, 0x5224, 0x49E3, 0x6285, 0x0840, 0x0020, 0x0040, 
    0x0020, 0x0020, 0x0881, 0x6264, 0x5203, 0x49E3, 0x0000, 0x1040, 0x2881, 0x2881, 0x1840, 0x20A1, 
    0x4121, 0x59A2, 0x7243, 0x7243, 0x3941, 0x0040, 0x0020, 0x0060, 0x0080, 0x0080, 0x00A0, 0x00A1, 
    0x00C1, 0x00C1, 0x00C1, 0x00E1, 0x00E1, 0x00E1, 0x0101, 0x0101, 0x0121, 0x0122, 0x0122, 0x0122, 
    0x0921, 0x1141, 0x1141, 0x1141, 0x1961, 0x1941, 0x0901, 0x00A0, 0x00A0, 0x00C0, 0x00C1, 0x00E1, 
    0x00E1, 0x00C1, 0x00C1, 0x00E1, 0x00C1, 0x00C1, 0x00E1, 0x00E1, 0x00E1, 0x00E1, 0x00E1, 0x00E1, 
    0x00E1, 0x00C1, 0x00E1, 0x00E1, 0x00E1, 0x00E1, 0x0101, 0x0101, 0x0101, 0x0101, 0x0121, 0x0101, 
    0x0101, 0x0101, 0x00E1, 0x0101, 0x00E1, 0x0101, 0x00E1, 0x0101, 0x0101, 0x0101, 0x00E1, 0x0101, 
    0x0101, 0x0141, 0x0141, 0x0121, 0x0101, 0x0101, 0x0101, 0x0101, 0x0121, 0x0101, 0x0101, 0x0101, 
    0x0121, 0x0141, 0x0121, 0x0121, 0x0101, 0x0101, 0x0101, 0x0121, 0x0121, 0x0121, 0x0101, 0x0121, 
    0x0121, 0x0121, 0x0141, 0x0141, 0x0121, 0x0121, 0x0141, 0x0121, 0x0121, 0x0141, 0x0141, 0x0142, 
    0x0142, 0x0141, 0x0142, 0x0162, 0x0162, 0x0142, 0x0141, 0x0162, 0x0162, 0x0141, 0x0162, 0x0141, 
    0x0162, 0x0162, 0x0141, 0x0162, 0x0162, 0x0162, 0x0142, 0x0162, 0x0162, 0x0141, 0x0121, 0x0162, 
    0x0141, 0x0141, 0x0162, 0x0162, 0x0141, 0x0141, 0x0162, 0x0162, 0x0141, 0x0141, 0x0141, 0x0141, 
    0x0162, 0x0162, 0x0162, 0x0162, 0x0141, 0x0142, 0x0121, 0x0121, 0x0141, 0x0162, 0x0162, 0x0162, 
    0x0162, 0x0162, 0x0162, 0x0162, 0x0162, 0x0141, 0x0162, 0x0161, 0x0162, 0x0162, 0x0182, 0x0162, 
    0x0162, 0x0162, 0x0162, 0x0182, 0x0182, 0x0162, 0x0162, 0x0162, 0x0142, 0x0142, 0x0162, 0x0141, 
    0x0161, 0x0162, 0x0162, 0x0142, 0x0162, 0x0141, 0x0162, 0x0182, 0x0162, 0x0162, 0x0162, 0x0142, 
    0x0142, 0x0162, 0x0141, 0x0141, 0x0141, 0x0141, 0x0141, 0x0141, 0x0121, 0x0141, 0x0121, 0x0141, 
    0x0121, 0x0121, 0x0121, 0x0121, 0x0121, 0x0121, 0x0142, 0x0142, 0x0121, 0x0121, 0x0121, 0x0121, 
    0x0121, 0x0121, 0x0121, 0x0101, 0x0101, 0x0101, 0x0101, 0x0101, 0x0121, 0x0121, 0x0121, 0x0101, 
    0x0101, 0x0101, 0x0101, 0x0101, 0x0121, 0x0101, 0x0101, 0x0101, 0x0101, 0x0101, 0x0101, 0x00E1, 
    0x0101, 0x0101, 0x0101, 0x00E1, 0x00E1, 0x0101, 0x0101, 0x00E1, 0x00E1, 0x00E1, 0x00E1, 0x00E1, 
    0x00E1, 0x00E1, 0x00E1, 0x00E1, 0x00C1, 0x00C0, 0x00C0, 0x00E1, 0x00C1, 0x00C1, 0x00A0, 0x0080, 
    0x00A0, 0x0901, 0x1941, 0x1941, 0x1941, 0x1941, 0x1941, 0x1121, 0x0121, 0x0121, 0x0121, 0x0101, 
    0x0101, 0x0101, 0x00E1, 0x00E1, 0x00C1, 0x00C1, 0x00A1, 0x00A1, 0x00A1, 0x0080, 0x0080, 0x0060, 
    0x0060, 0x0000, 0x0840, 0x3942, 0x6A23, 0x6A03, 0x5181, 0x4161, 0x20A1, 0x1840, 0x2881, 0x2880, 
    0x1040, 0x0000, 0x5204, 0x49C3, 0x6264, 0x0840, 0x0020, 0x0040, 0x0040, 0x0020, 0x0881, 0x6264, 
    0x5203, 0x49E3, 0x0000, 0x1040, 0x1020, 0x1860, 0x30A1, 0x2880, 0x1860, 0x28C1, 0x59A2, 0x7243, 
    0x7A84, 0x7243, 0x3942, 0x0040, 0x0020, 0x0080, 0x0080, 0x0080, 0x00A0, 0x00A0, 0x00C1, 0x00C1, 
    0x00E1, 0x00E1, 0x00E1, 0x0101, 0x0101, 0x0121, 0x0121, 0x0142, 0x0142, 0x0122, 0x1141, 0x1941, 
    0x1141, 0x1941, 0x1962, 0x1141, 0x0901, 0x00E1, 0x00C1, 0x00C1, 0x00E1, 0x00C1, 0x00E1, 0x00E1, 
    0x00C0, 0x00C1, 0x00E1, 0x00E1, 0x00E1, 0x0101, 0x00E1, 0x0101, 0x0101, 0x00E1, 0x0101, 0x00E1, 
    0x00E1, 0x0101, 0x0101, 0x0101, 0x0101, 0x0101, 0x0101, 0x0101, 0x0101, 0x0101, 0x0101, 0x0101, 
    0x0101, 0x0101, 0x0101, 0x0121, 0x0121, 0x0121, 0x0101, 0x0101, 0x0101, 0x0121, 0x0121, 0x0121, 
    0x0101, 0x0121, 0x0121, 0x0121, 0x0101, 0x0101, 0x0101, 0x0101, 0x0101, 0x0101, 0x0121, 0x0121, 
    0x0121, 0x0121, 0x0101, 0x0121, 0x0121, 0x0121, 0x0101, 0x0121, 0x0121, 0x0121, 0x0121, 0x0142, 
    0x0162, 0x0141, 0x0141, 0x0142, 0x0141, 0x0141, 0x0121, 0x0142, 0x0142, 0x0162, 0x0142, 0x0162, 
    0x0142, 0x0141, 0x0142, 0x0162, 0x0162, 0x0162, 0x0141, 0x0142, 0x0162, 0x0162, 0x0141, 0x0162, 
    0x0141, 0x0141, 0x0141, 0x0162, 0x0141, 0x0141, 0x0141, 0x0162, 0x0162, 0x0162, 0x0162, 0x0162, 
    0x0142, 0x0142, 0x0141, 0x0162, 0x0141, 0x0162, 0x0141, 0x0141, 0x0162, 0x0141, 0x0141, 0x0141, 
    0x0162, 0x0141, 0x0141, 0x0141, 0x0121, 0x0141, 0x0161, 0x0162, 0x0182, 0x0182, 0x0162, 0x0142, 
    0x0162, 0x0162, 0x0141, 0x0162, 0x0162, 0x0162, 0x0162, 0x0162, 0x0162, 0x0142, 0x0162, 0x0162, 
    0x0182, 0x0162, 0x0162, 0x0162, 0x0142, 0x0162, 0x0162, 0x0162, 0x0162, 0x0162, 0x0142, 0x0141, 
    0x0162, 0x0162, 0x0162, 0x0162, 0x0162, 0x0162, 0x0142, 0x0142, 0x0162, 0x0162, 0x0141, 0x0162, 
    0x0162, 0x0142, 0x0141, 0x0162, 0x0141, 0x0121, 0x0121, 0x0121, 0x0121, 0x0121, 0x0121, 0x0121, 
    0x0142, 0x0121, 0x0142, 0x0141, 0x0142, 0x0141, 0x0121, 0x0121, 0x0101, 0x0121, 0x0101, 0x0101, 
    0x0121, 0x0121, 0x0101, 0x0121, 0x0101, 0x0101, 0x0101, 0x0101, 0x0101, 0x0101, 0x0101, 0x0101, 
    0x0101, 0x0101, 0x0101, 0x0101, 0x0101, 0x0101, 0x0101, 0x0101, 0x0101, 0x0101, 0x00E1, 0x00E1, 
    0x0101, 0x0101, 0x0101, 0x00E1, 0x00E1, 0x00E1, 0x00E1, 0x00E1, 0x00C1, 0x00C1, 0x00E1, 0x00C1, 
    0x00A0, 0x00C0, 0x00E1, 0x00C1, 0x00C0, 0x00C1, 0x00C0, 0x0901, 0x1941, 0x1962, 0x1941, 0x1941, 
    0x1961, 0x1962, 0x0942, 0x0122, 0x0101, 0x0101, 0x00E1, 0x00E1, 0x00E1, 0x00E1, 0x00E1, 0x00C1, 
    0x00C1, 0x00A0, 0x00A0, 0x0080, 0x0080, 0x0080, 0x0060, 0x0020, 0x0020, 0x3101, 0x6A23, 0x7263, 
    0x61E2, 0x5182, 0x30E1, 0x1840, 0x1861, 0x28A1, 0x1840, 0x0820, 0x1020, 0x0000, 0x51E4, 0x49C2, 
    0x6A84, 0x0840, 0x0020, 0x0040, 0x0020, 0x0020, 0x1081, 0x6264, 0x5203, 0x51E3, 0x0000, 0x1040, 
    0x1840, 0x1020, 0x1020, 0x2060, 0x30A1, 0x2080, 0x1860, 0x3921, 0x61E2, 0x7A63, 0x82A4, 0x6A44, 
    0x3121, 0x0040, 0x0020, 0x0080, 0x00A0, 0x00A0, 0x00A0, 0x00C1, 0x00C1, 0x00C1, 0x00E1, 0x00E1, 
    0x00E1, 0x0101, 0x0101, 0x0121, 0x0142, 0x0142, 0x0122, 0x0921, 0x1141, 0x1141, 0x1141, 0x1941, 
    0x1141, 0x1121, 0x0901, 0x00E1, 0x00C0, 0x00C0, 0x00C1, 0x00E1, 0x00C1, 0x00C1, 0x00C1, 0x00E1, 
    0x00E1, 0x00E1, 0x00E1, 0x0101, 0x0101, 0x00E1, 0x0101, 0x0101, 0x0101, 0x00E1, 0x00E1, 0x0101, 
    0x0101, 0x0101, 0x0101, 0x0101, 0x00E1, 0x00E1, 0x0101, 0x00E1, 0x0101, 0x0101, 0x0101, 0x0101, 
    0x0101, 0x0121, 0x0121, 0x0121, 0x0101, 0x0101, 0x0101, 0x0121, 0x0121, 0x0101, 0x0101, 0x0121, 
    0x0101, 0x0121, 0x0121, 0x0121, 0x0121, 0x0101, 0x0121, 0x0121, 0x0101, 0x0101, 0x0101, 0x0121, 
    0x0101, 0x0101, 0x0121, 0x0121, 0x0121, 0x0121, 0x0121, 0x0121, 0x0141, 0x0141, 0x0141, 0x0142, 
    0x0121, 0x0121, 0x0121, 0x0121, 0x0141, 0x0142, 0x0141, 0x0141, 0x0141, 0x0142, 0x0162, 0x0162, 
    0x0162, 0x0141, 0x0162, 0x0162, 0x0162, 0x0162, 0x0162, 0x0141, 0x0141, 0x0141, 0x0141, 0x0162, 
    0x0141, 0x0162, 0x0141, 0x0141, 0x0141, 0x0161, 0x0162, 0x0141, 0x0141, 0x0141, 0x0142, 0x0162, 
    0x0141, 0x0162, 0x0162, 0x0162, 0x0162, 0x0142, 0x0142, 0x0142, 0x0162, 0x0141, 0x0142, 0x0141, 
    0x0141, 0x0121, 0x0121, 0x0162, 0x0182, 0x0162, 0x0162, 0x0162, 0x0162, 0x0142, 0x0142, 0x0162, 
    0x0162, 0x0162, 0x0162, 0x0142, 0x0142, 0x0162, 0x0142, 0x0162, 0x0162, 0x0182, 0x0162, 0x0162, 
    0x0162, 0x0162, 0x0162, 0x0162, 0x0162, 0x0141, 0x0142, 0x0142, 0x0141, 0x0162, 0x0142, 0x0141, 
    0x0121, 0x0121, 0x0141, 0x0141, 0x0162, 0x0142, 0x0142, 0x0162, 0x0142, 0x0141, 0x0142, 0x0141, 
    0x0121, 0x0142, 0x0121, 0x0121, 0x0121, 0x0121, 0x0121, 0x0142, 0x0142, 0x0142, 0x0121, 0x0142, 
    0x0121, 0x0121, 0x0121, 0x0121, 0x0101, 0x0101, 0x00E1, 0x0121, 0x0121, 0x0121, 0x0142, 0x0121, 
    0x0101, 0x0101, 0x0101, 0x0101, 0x0101, 0x0121, 0x0101, 0x0101, 0x00E1, 0x00E1, 0x0101, 0x0101, 
    0x00E1, 0x0101, 0x0101, 0x00E1, 0x0101, 0x0101, 0x00E1, 0x00E1, 0x0101, 0x0101, 0x00E1, 0x00E1, 
    0x00E1, 0x00E1, 0x00E1, 0x00E1, 0x00C1, 0x00C1, 0x00C1, 0x00C0, 0x00C1, 0x00C1, 0x00C1, 0x00C0, 
    0x00C1, 0x0901, 0x1941, 0x1962, 0x1962, 0x1961, 0x1961, 0x1961, 0x0942, 0x0121, 0x0101, 0x0101, 
    0x0101, 0x0101, 0x00E1, 0x00C1, 0x00C1, 0x00C1, 0x00C1, 0x00A1, 0x00A0, 0x0080, 0x0080, 0x0080, 
    0x0060, 0x0020, 0x0020, 0x3122, 0x6A44, 0x7AA4, 0x6A23, 0x59C2, 0x3921, 0x1860, 0x1860, 0x28A1, 
    0x2080, 0x1020, 0x1000, 0x1020, 0x1020, 0x0000, 0x49E4, 0x49C3, 0x6A85, 0x1040, 0x0020, 0x0040, 
    0x0040, 0x0020, 0x0861, 0x6244, 0x5203, 0x51E3, 0x0000, 0x1020, 0x1020, 0x1840, 0x1840, 0x1020, 
    0x1840, 0x30A1, 0x38E2, 0x2061, 0x2080, 0x4141, 0x61E2, 0x7243, 0x82A4, 0x6A43, 0x3121, 0x0040, 
    0x0040, 0x0080, 0x00A0, 0x00A0, 0x00A0, 0x00C1, 0x00C1, 0x00E1, 0x00E1, 0x00E1, 0x00E1, 0x0101, 
    0x0121, 0x0121, 0x0142, 0x0122, 0x0122, 0x0942, 0x1141, 0x1941, 0x1121, 0x1121, 0x1141, 0x1121, 
    0x08E1, 0x00C0, 0x00C0, 0x00C0, 0x00C1, 0x00E1, 0x00C1, 0x00E1, 0x00E1, 0x00E1, 0x00E1, 0x00E1, 
    0x00E1, 0x00E1, 0x0101, 0x0101, 0x00E1, 0x00E1, 0x00E1, 0x00E1, 0x00E1, 0x00E1, 0x0101, 0x0101, 
    0x0101, 0x0101, 0x00E1, 0x00E1, 0x00E1, 0x0101, 0x0101, 0x0121, 0x0101, 0x0101, 0x0121, 0x0121, 
    0x0121, 0x0101, 0x00E1, 0x00E1, 0x00E1, 0x0101, 0x0101, 0x0101, 0x0101, 0x0101, 0x0101, 0x0101, 
    0x0101, 0x0101, 0x0121, 0x0101, 0x0101, 0x0101, 0x0101, 0x0101, 0x0121, 0x0121, 0x0121, 0x0121, 
    0x0121, 0x0141, 0x0141, 0x0121, 0x0121, 0x0141, 0x0121, 0x0121, 0x0121, 0x0121, 0x0121, 0x0121, 
    0x0141, 0x0121, 0x0141, 0x0141, 0x0141, 0x0162, 0x0162, 0x0141, 0x0141, 0x0141, 0x0142, 0x0142, 
    0x0141, 0x0141, 0x0162, 0x0162, 0x0162, 0x0162, 0x0162, 0x0162, 0x0141, 0x0141, 0x0141, 0x0162, 
    0x0141, 0x0141, 0x0141, 0x0141, 0x0162, 0x0141, 0x0141, 0x0162, 0x0161, 0x0162, 0x0141, 0x0141, 
    0x0141, 0x0142, 0x0142, 0x0142, 0x0162, 0x0141, 0x0162, 0x0141, 0x0141, 0x0121, 0x0141, 0x0141, 
    0x0141, 0x0142, 0x0142, 0x0141, 0x0141, 0x0162, 0x0162, 0x0141, 0x0141, 0x0141, 0x0141, 0x0141, 
    0x0141, 0x0142, 0x0162, 0x0162, 0x0162, 0x0162, 0x0141, 0x0141, 0x0141, 0x0141, 0x0141, 0x0162, 
    0x0162, 0x0162, 0x0162, 0x0142, 0x0141, 0x0121, 0x0121, 0x0141, 0x0141, 0x0121, 0x0121, 0x0121, 
    0x0142, 0x0141, 0x0141, 0x0142, 0x0162, 0x0121, 0x0121, 0x0121, 0x0121, 0x0121, 0x0121, 0x0121, 
    0x0121, 0x0141, 0x0142, 0x0142, 0x0141, 0x0121, 0x0101, 0x0121, 0x0121, 0x0101, 0x0101, 0x0101, 
    0x0121, 0x0121, 0x0121, 0x0121, 0x0101, 0x0121, 0x0121, 0x0101, 0x00E1, 0x00E1, 0x00E1, 0x0101, 
    0x0101, 0x0101, 0x0121, 0x0101, 0x0101, 0x0101, 0x0101, 0x0101, 0x00E1, 0x00E1, 0x0101, 0x0101, 
    0x00E1, 0x0101, 0x0101, 0x00E1, 0x00E1, 0x0101, 0x00E1, 0x00E1, 0x00E1, 0x00E1, 0x00E1, 0x00C1, 
    0x00C1, 0x00C1, 0x00C1, 0x00C1, 0x00C1, 0x00C0, 0x00C1, 0x0901, 0x1141, 0x1961, 0x1941, 0x1941, 
    0x1961, 0x1962, 0x0942, 0x0122, 0x0122, 0x0121, 0x0101, 0x0101, 0x0101, 0x00E1, 0x00E1, 0x00C1, 
    0x00C1, 0x00A1, 0x00A0, 0x00A1, 0x0080, 0x0080, 0x0060, 0x0020, 0x0020, 0x3921, 0x7244, 0x82A4, 
    0x7263, 0x6202, 0x4142, 0x2080, 0x1860, 0x30A1, 0x28A1, 0x1840, 0x1020, 0x1020, 0x1020, 0x1020, 
    0x1020, 0x0000, 0x49E4, 0x49A3, 0x6A85, 0x0840, 0x0020, 0x0040, 0x0040, 0x0020, 0x0881, 0x6244, 
    0x5203, 0x49E3, 0x0000, 0x1020, 0x1020, 0x1020, 0x1020, 0x1020, 0x1020, 0x1020, 0x2060, 0x40E2, 
    0x38E2, 0x1860, 0x1860, 0x4121, 0x59C2, 0x82A4, 0x9305, 0x7AA4, 0x4182, 0x0860, 0x0020, 0x0060, 
    0x00A0, 0x00A0, 0x00A0, 0x00C1, 0x00C1, 0x00C1, 0x00E1, 0x00E1, 0x00E1, 0x0121, 0x0101, 0x0121, 
    0x0142, 0x0142, 0x0121, 0x0942, 0x1141, 0x1121, 0x1121, 0x1121, 0x1141, 0x1141, 0x0901, 0x00E1, 
    0x00C0, 0x00C1, 0x00C1, 0x00C0, 0x00C1, 0x00E1, 0x00E1, 0x00E1, 0x00E1, 0x00E1, 0x00E1, 0x00E1, 
    0x00E1, 0x00E1, 0x00E1, 0x00E1, 0x00E1, 0x00E1, 0x00E1, 0x0101, 0x00E1, 0x0101, 0x00E1, 0x00E1, 
    0x00E1, 0x0101, 0x00E1, 0x0101, 0x0101, 0x0121, 0x0121, 0x0121, 0x0121, 0x0121, 0x0121, 0x0101, 
    0x0101, 0x0101, 0x00E1, 0x00E1, 0x0121, 0x0101, 0x0101, 0x0101, 0x0101, 0x0101, 0x0101, 0x0101, 
    0x0101, 0x0121, 0x0121, 0x0121, 0x0101, 0x0121, 0x0101, 0x0121, 0x0121, 0x0121, 0x0121, 0x0141, 
    0x0121, 0x0121, 0x0121, 0x0121, 0x0141, 0x0141, 0x0121, 0x0121, 0x0121, 0x0121, 0x0121, 0x0141, 
    0x0142, 0x0142, 0x0162, 0x0141, 0x0141, 0x0141, 0x0141, 0x0121, 0x0162, 0x0162, 0x0141, 0x0162, 
    0x0162, 0x0142, 0x0141, 0x0141, 0x0141, 0x0141, 0x0162, 0x0162, 0x0162, 0x0162, 0x0142, 0x0142, 
    0x0162, 0x0162, 0x0141, 0x0141, 0x0141, 0x0141, 0x0141, 0x0141, 0x0141, 0x0142, 0x0142, 0x0142, 
    0x0162, 0x0162, 0x0142, 0x0142, 0x0141, 0x0121, 0x0121, 0x0121, 0x0121, 0x0141, 0x0162, 0x0141, 
    0x0162, 0x0162, 0x0141, 0x0141, 0x0121, 0x0121, 0x0141, 0x0141, 0x0162, 0x0142, 0x0162, 0x0162, 
    0x0142, 0x0162, 0x0162, 0x0141, 0x0141, 0x0162, 0x0141, 0x0162, 0x0162, 0x0162, 0x0162, 0x0141, 
    0x0141, 0x0121, 0x0121, 0x0121, 0x0141, 0x0142, 0x0142, 0x0141, 0x0141, 0x0141, 0x0142, 0x0142, 
    0x0142, 0x0141, 0x0121, 0x0121, 0x0121, 0x0121, 0x0141, 0x0141, 0x0141, 0x0141, 0x0121, 0x0141, 
    0x0121, 0x0121, 0x0121, 0x0121, 0x0121, 0x0121, 0x0121, 0x0121, 0x0121, 0x0121, 0x0101, 0x0121, 
    0x0101, 0x0101, 0x0101, 0x0101, 0x00E1, 0x00E1, 0x0101, 0x0101, 0x0101, 0x0101, 0x0121, 0x0101, 
    0x0101, 0x0101, 0x0101, 0x0121, 0x0101, 0x0101, 0x0101, 0x0101, 0x00E1, 0x0101, 0x00E1, 0x00E1, 
    0x0101, 0x00E1, 0x00E1, 0x00E1, 0x00E1, 0x00E1, 0x00C0, 0x00E1, 0x00E1, 0x00C1, 0x00C1, 0x00C1, 
    0x00E1, 0x0901, 0x1141, 0x1161, 0x1961, 0x1141, 0x1941, 0x1161, 0x0941, 0x0121, 0x0122, 0x0121, 
    0x0101, 0x0101, 0x0101, 0x0101, 0x00E1, 0x00E1, 0x00C1, 0x00C1, 0x00A0, 0x00A0, 0x0080, 0x0080, 
    0x0060, 0x0020, 0x0840, 0x3942, 0x7263, 0x82C4, 0x7A83, 0x6202, 0x4141, 0x2081, 0x2080, 0x30C1, 
    0x30A1, 0x2040, 0x1020, 0x1020, 0x1020, 0x1020, 0x0820, 0x0800, 0x1020, 0x0000, 0x49E4, 0x49A2, 
    0x6A85, 0x0840, 0x0020, 0x0040, 0x0020, 0x0020, 0x1081, 0x6264, 0x5203, 0x49E3, 0x0000, 0x1020, 
    0x1020, 0x1020, 0x1020, 0x1820, 0x1820, 0x1840, 0x1020, 0x1840, 0x2881, 0x4102, 0x3902, 0x2061, 
    0x2060, 0x4962, 0x7A63, 0x9304, 0x9B65, 0x8AE5, 0x49C3, 0x1080, 0x0020, 0x0060, 0x00A0, 0x00A0, 
    0x00A1, 0x00A1, 0x00C1, 0x00C1, 0x00C1, 0x00E1, 0x0101, 0x00E1, 0x0101, 0x0121, 0x0101, 0x0142, 
    0x0142, 0x0921, 0x1141, 0x1121, 0x1141, 0x1141, 0x1161, 0x1141, 0x0921, 0x00E1, 0x00E1, 0x00C1, 
    0x00C0, 0x00C0, 0x00C1, 0x00C1, 0x00E1, 0x00E1, 0x00E1, 0x00E1, 0x00E1, 0x0101, 0x00E1, 0x00E1, 
    0x00E1, 0x0101, 0x00E1, 0x0101, 0x00E1, 0x00E1, 0x00E1, 0x00E1, 0x00E1, 0x00E1, 0x00E1, 0x0101, 
    0x0101, 0x0121, 0x0101, 0x0101, 0x0101, 0x0101, 0x0101, 0x0101, 0x0101, 0x0101, 0x00E1, 0x00E1, 
    0x0101, 0x0101, 0x0101, 0x0121, 0x0101, 0x0101, 0x0101, 0x0121, 0x0101, 0x0121, 0x0121, 0x0101, 
    0x0101, 0x0101, 0x0121, 0x0101, 0x0121, 0x0121, 0x0141, 0x0121, 0x0141, 0x0121, 0x0101, 0x0121, 
    0x0121, 0x0121, 0x0121, 0x0121, 0x0121, 0x0142, 0x0121, 0x0141, 0x0121, 0x0142, 0x0141, 0x0121, 
    0x0121, 0x0121, 0x0141, 0x0141, 0x0141, 0x0162, 0x0142, 0x0142, 0x0141, 0x0121, 0x0141, 0x0141, 
    0x0121, 0x0141, 0x0162, 0x0162, 0x0162, 0x0162, 0x0142, 0x0142, 0x0142, 0x0142, 0x0142, 0x0142, 
    0x0141, 0x0141, 0x0141, 0x0142, 0x0141, 0x0142, 0x0162, 0x0162, 0x0142, 0x0141, 0x0141, 0x0121, 
    0x0121, 0x0141, 0x0121, 0x0121, 0x0121, 0x0121, 0x0141, 0x0142, 0x0142, 0x0141, 0x0121, 0x0121, 
    0x0121, 0x0141, 0x0162, 0x0162, 0x0162, 0x0162, 0x0162, 0x0162, 0x0141, 0x0142, 0x0162, 0x0162, 
    0x0162, 0x0141, 0x0162, 0x0142, 0x0141, 0x0142, 0x0142, 0x0142, 0x0121, 0x0121, 0x0142, 0x0121, 
    0x0121, 0x0121, 0x0121, 0x0121, 0x0141, 0x0141, 0x0121, 0x0121, 0x0121, 0x0121, 0x0141, 0x0121, 
    0x0121, 0x0121, 0x0121, 0x0142, 0x0141, 0x0141, 0x0141, 0x0121, 0x0121, 0x0121, 0x0121, 0x0121, 
    0x0121, 0x0121, 0x0121, 0x0121, 0x0121, 0x0121, 0x0121, 0x0101, 0x0101, 0x0101, 0x0101, 0x0121, 
    0x0121, 0x0101, 0x0101, 0x00E1, 0x00E1, 0x0101, 0x0101, 0x0101, 0x0101, 0x00E1, 0x0101, 0x0101, 
    0x0101, 0x00E1, 0x0101, 0x0101, 0x00E1, 0x00E1, 0x00E1, 0x00E1, 0x00E1, 0x00E1, 0x00C1, 0x00C1, 
    0x00E1, 0x00C1, 0x00E1, 0x00E1, 0x00C1, 0x00C0, 0x00E1, 0x0921, 0x1142, 0x1141, 0x1141, 0x1141, 
    0x1961, 0x1162, 0x0942, 0x0142, 0x0121, 0x0121, 0x0121, 0x0101, 0x00E1, 0x00E1, 0x00E1, 0x00E1, 
    0x00C1, 0x00C1, 0x00A1, 0x00A0, 0x00A0, 0x0080, 0x0040, 0x0020, 0x10A0, 0x49A2, 0x7AA4, 0x9304, 
    0x82A3, 0x6202, 0x4141, 0x2081, 0x2081, 0x38E2, 0x30C1, 0x2060, 0x1020, 0x1020, 0x1020, 0x1020, 
    0x1020, 0x1020, 0x1020, 0x0820, 0x0820, 0x0000, 0x49E4, 0x49A2, 0x6A85, 0x0840, 0x0020, 0x0040, 
    0x0020, 0x0020, 0x1081, 0x6244, 0x51E3, 0x49C3, 0x0000, 0x1020, 0x0820, 0x1020, 0x1020, 0x1840, 
    0x1840, 0x1840, 0x1840, 0x1840, 0x1840, 0x1840, 0x2881, 0x40E2, 0x4102, 0x2881, 0x2080, 0x4942, 
    0x7243, 0x92E4, 0xA365, 0x9345, 0x6203, 0x20C1, 0x0020, 0x0040, 0x0080, 0x00A0, 0x00A0, 0x00A1, 
    0x00C1, 0x00C1, 0x00C1, 0x00E1, 0x0101, 0x0101, 0x0101, 0x0121, 0x0122, 0x0122, 0x0142, 0x0941, 
    0x1141, 0x1141, 0x1141, 0x1141, 0x1141, 0x1141, 0x0921, 0x00E1, 0x00E1, 0x00C0, 0x00C0, 0x00E1, 
    0x00E1, 0x00C0, 0x00E1, 0x00E1, 0x00E1, 0x0101, 0x00E1, 0x00E1, 0x00E1, 0x00E1, 0x00E1, 0x00E1, 
    0x00E1, 0x00E1, 0x00E1, 0x00C0, 0x00E1, 0x0101, 0x0101, 0x0101, 0x00E1, 0x00E1, 0x0101, 0x0101, 
    0x0101, 0x0101, 0x0101, 0x0101, 0x00E1, 0x0101, 0x0101, 0x0101, 0x00E1, 0x00E1, 0x00E1, 0x0101, 
    0x0101, 0x0101, 0x0101, 0x0101, 0x0101, 0x0101, 0x0101, 0x0101, 0x00E1, 0x0101, 0x0101, 0x0121, 
    0x0121, 0x0121, 0x0121, 0x0141, 0x0121, 0x0121, 0x0121, 0x0101, 0x0121, 0x0121, 0x0121, 0x0121, 
    0x0121, 0x0121, 0x0121, 0x0121, 0x0141, 0x0142, 0x0141, 0x0121, 0x0121, 0x0121, 0x0121, 0x0141, 
    0x0141, 0x0142, 0x0142, 0x0142, 0x0141, 0x0121, 0x0121, 0x0121, 0x0121, 0x0121, 0x0121, 0x0141, 
    0x0141, 0x0141, 0x0142, 0x0162, 0x0142, 0x0142, 0x0141, 0x0121, 0x0121, 0x0121, 0x0141, 0x0121, 
    0x0121, 0x0121, 0x0141, 0x0121, 0x0121, 0x0121, 0x0121, 0x0121, 0x0121, 0x0121, 0x0141, 0x0141, 
    0x0121, 0x0121, 0x0121, 0x0141, 0x0141, 0x0121, 0x0121, 0x0121, 0x0121, 0x0121, 0x0162, 0x0162, 
    0x0142, 0x0162, 0x0142, 0x0141, 0x0142, 0x0162, 0x0142, 0x0162, 0x0142, 0x0141, 0x0162, 0x0141, 
    0x0141, 0x0141, 0x0121, 0x0121, 0x0121, 0x0121, 0x0121, 0x0121, 0x0121, 0x0121, 0x0121, 0x0121, 
    0x0121, 0x0121, 0x0141, 0x0121, 0x0121, 0x0121, 0x0121, 0x0121, 0x0141, 0x0121, 0x0121, 0x0121, 
    0x0121, 0x0141, 0x0121, 0x0121, 0x0121, 0x0142, 0x0141, 0x0121, 0x0121, 0x0121, 0x0121, 0x0101, 
    0x0101, 0x0121, 0x0101, 0x0101, 0x0101, 0x00E1, 0x00E1, 0x00E1, 0x0101, 0x0101, 0x0101, 0x0101, 
    0x0101, 0x00E1, 0x0101, 0x0101, 0x0101, 0x0101, 0x0101, 0x0101, 0x00E1, 0x00C1, 0x00E1, 0x0101, 
    0x00E1, 0x00E1, 0x00E1, 0x00E1, 0x00E1, 0x00C1, 0x00C1, 0x00C1, 0x00C0, 0x00C0, 0x00C1, 0x00C0, 
    0x00E1, 0x1121, 0x1161, 0x1141, 0x1141, 0x1141, 0x1141, 0x1141, 0x0942, 0x0142, 0x0122, 0x0121, 
    0x0101, 0x0101, 0x0101, 0x00E1, 0x00E1, 0x00C1, 0x00C0, 0x00A0, 0x00A0, 0x00A0, 0x00A0, 0x0060, 
    0x0020, 0x0020, 0x28E1, 0x6203, 0x9305, 0x9325, 0x82A3, 0x6202, 0x4141, 0x20A1, 0x28A1, 0x3902, 
    0x38E2, 0x2881, 0x1020, 0x1020, 0x1840, 0x1820, 0x1020, 0x1020, 0x1020, 0x1020, 0x0820, 0x0820, 
    0x0820, 0x0000, 0x49E3, 0x41A2, 0x6A85, 0x0840, 0x0020, 0x0040, 0x0040, 0x0020, 0x1081, 0x6244, 
    0x51E3, 0x49C3, 0x0000, 0x1020, 0x0820, 0x1020, 0x1020, 0x1020, 0x1020, 0x1020, 0x1040, 0x1840, 
    0x1840, 0x2060, 0x2040, 0x2040, 0x30A1, 0x4922, 0x4922, 0x28A1, 0x1860, 0x3101, 0x6A02, 0x92E4, 
    0xA365, 0xA386, 0x7AA4, 0x4182, 0x0880, 0x0020, 0x0040, 0x00A0, 0x00A0, 0x00A0, 0x00C1, 0x00C1, 
    0x00E1, 0x00E1, 0x00E1, 0x0101, 0x0101, 0x0101, 0x0121, 0x0121, 0x0122, 0x0941, 0x1121, 0x1121, 
    0x1121, 0x1141, 0x1141, 0x1141, 0x1121, 0x08E1, 0x00C1, 0x00C0, 0x00C0, 0x00C0, 0x00E1, 0x00E1, 
    0x00E1, 0x00E1, 0x00E1, 0x00E1, 0x00E1, 0x00C0, 0x00E1, 0x00E1, 0x00C0, 0x00E0, 0x00E1, 0x00E1, 
    0x0101, 0x0101, 0x0101, 0x00E1, 0x00E1, 0x00E1, 0x0101, 0x0101, 0x0101, 0x0101, 0x0101, 0x0101, 
    0x0101, 0x0101, 0x0101, 0x00E1, 0x00E1, 0x0101, 0x0101, 0x00E1, 0x0101, 0x0101, 0x00E1, 0x00E1, 
    0x0101, 0x0101, 0x0101, 0x0101, 0x0101, 0x0101, 0x0121, 0x0121, 0x0121, 0x0121, 0x0121, 0x0121, 
    0x0121, 0x0141, 0x0121, 0x0121, 0x0121, 0x0121, 0x0121, 0x0121, 0x0101, 0x0101, 0x0121, 0x0141, 
    0x0121, 0x0121, 0x0121, 0x0121, 0x0121, 0x0121, 0x0121, 0x0121, 0x0141, 0x0141, 0x0101, 0x0121, 
    0x0121, 0x0121, 0x0121, 0x0141, 0x0121, 0x0121, 0x0121, 0x0121, 0x0142, 0x0142, 0x0142, 0x0142, 
    0x0141, 0x0142, 0x0121, 0x0142, 0x0142, 0x0121, 0x0121, 0x0141, 0x0141, 0x0141, 0x0121, 0x0121, 
    0x0121, 0x0121, 0x0121, 0x0121, 0x0121, 0x0121, 0x0121, 0x0121, 0x0121, 0x0121, 0x0142, 0x0141, 
    0x0121, 0x0121, 0x0101, 0x0121, 0x0141, 0x0141, 0x0141, 0x0162, 0x0142, 0x0142, 0x0141, 0x0121, 
    0x0141, 0x0162, 0x0162, 0x0162, 0x0121, 0x0141, 0x0141, 0x0141, 0x0121, 0x0142, 0x0121, 0x0121, 
    0x0121, 0x0121, 0x0121, 0x0121, 0x0121, 0x0121, 0x0121, 0x0141, 0x0121, 0x0121, 0x0121, 0x0121, 
    0x0121, 0x0121, 0x0141, 0x0121, 0x0121, 0x0121, 0x0121, 0x0121, 0x0121, 0x0121, 0x0142, 0x0142, 
    0x0101, 0x0121, 0x0121, 0x0121, 0x0121, 0x0121, 0x0101, 0x0121, 0x0121, 0x0101, 0x0101, 0x0101, 
    0x0101, 0x0101, 0x00E1, 0x00E1, 0x0101, 0x00E1, 0x0101, 0x0101, 0x00E1, 0x0101, 0x0101, 0x00E1, 
    0x0101, 0x0101, 0x0101, 0x0101, 0x00E1, 0x00E1, 0x00E1, 0x00E1, 0x00E1, 0x00E1, 0x00E1, 0x00E1, 
    0x00E1, 0x00C1, 0x00C1, 0x00C0, 0x00A0, 0x00C0, 0x0901, 0x1141, 0x1141, 0x1141, 0x1141, 0x1141, 
    0x1141, 0x1141, 0x0941, 0x0122, 0x0121, 0x0121, 0x0121, 0x0121, 0x0101, 0x00E1, 0x00E1, 0x00C1, 
    0x00C1, 0x00C1, 0x00A0, 0x00A0, 0x0080, 0x0040, 0x0000, 0x1060, 0x4162, 0x7AA4, 0x9B45, 0x9B45, 
    0x82A3, 0x59C2, 0x3901, 0x2080, 0x2081, 0x3902, 0x3902, 0x2881, 0x1840, 0x1840, 0x1840, 0x1020, 
    0x1020, 0x1020, 0x1020, 0x1020, 0x0820, 0x0820, 0x0820, 0x0800, 0x0820, 0x0000, 0x49E3, 0x41A2, 
    0x6265, 0x0840, 0x0020, 0x0040, 0x0040, 0x0020, 0x1061, 0x6244, 0x49E3, 0x49C3, 0x0000, 0x0820, 
    0x0820, 0x1020, 0x1020, 0x1020, 0x1020, 0x1020, 0x1020, 0x1020, 0x1020, 0x1840, 0x2060, 0x1840, 
    0x2040, 0x2040, 0x30A1, 0x4102, 0x5163, 0x3902, 0x2080, 0x30C1, 0x59C2, 0x8B04, 0xABA6, 0xB3E6, 
    0xA386, 0x6A44, 0x2901, 0x0040, 0x0020, 0x0060, 0x00A0, 0x00C1, 0x00C1, 0x00C1, 0x00C1, 0x00E1, 
    0x00E1, 0x00E1, 0x0101, 0x0101, 0x0121, 0x0121, 0x0121, 0x0921, 0x0921, 0x1141, 0x1141, 0x1141, 
    0x1141, 0x1141, 0x1141, 0x0901, 0x00E1, 0x00C0, 0x00E1, 0x00E1, 0x00E1, 0x00E1, 0x00E1, 0x00E1, 
    0x00E1, 0x00E1, 0x00C0, 0x00E1, 0x00E1, 0x00E1, 0x00E1, 0x00E1, 0x00E1, 0x00E1, 0x00E1, 0x00E1, 
    0x00E1, 0x0101, 0x0101, 0x0101, 0x0101, 0x0101, 0x0101, 0x0101, 0x0101, 0x0101, 0x0101, 0x0101, 
    0x00E1, 0x00E1, 0x0101, 0x0101, 0x0101, 0x00E1, 0x00E1, 0x00E1, 0x0101, 0x0101, 0x0101, 0x0121, 
    0x0101, 0x0101, 0x0141, 0x0121, 0x0121, 0x0121, 0x0121, 0x0141, 0x0121, 0x0141, 0x0121, 0x0121, 
    0x0121, 0x0101, 0x0101, 0x0101, 0x0101, 0x0121, 0x0121, 0x0121, 0x0121, 0x0121, 0x0121, 0x0142, 
    0x0121, 0x0121, 0x0121, 0x0121, 0x0142, 0x0141, 0x0121, 0x0121, 0x0121, 0x0121, 0x0141, 0x0142, 
    0x0121, 0x0121, 0x0141, 0x0142, 0x0142, 0x0142, 0x0121, 0x0141, 0x0141, 0x0141, 0x0121, 0x0121, 
    0x0141, 0x0141, 0x0141, 0x0121, 0x0141, 0x0121, 0x0121, 0x0121, 0x0121, 0x0121, 0x0121, 0x0121, 
    0x0121, 0x0121, 0x0121, 0x0121, 0x0121, 0x0121, 0x0121, 0x0121, 0x0121, 0x0101, 0x0121, 0x0121, 
    0x0141, 0x0141, 0x0141, 0x0142, 0x0121, 0x0121, 0x0121, 0x0121, 0x0142, 0x0141, 0x0162, 0x0142, 
    0x0141, 0x0142, 0x0142, 0x0141, 0x0142, 0x0142, 0x0141, 0x0142, 0x0141, 0x0142, 0x0121, 0x0121, 
    0x0121, 0x0121, 0x0121, 0x0121, 0x0121, 0x0121, 0x0101, 0x0101, 0x0101, 0x0121, 0x0141, 0x0121, 
    0x0141, 0x0142, 0x0141, 0x0121, 0x0121, 0x0101, 0x0121, 0x0121, 0x0101, 0x0121, 0x0121, 0x0121, 
    0x0101, 0x0101, 0x0101, 0x0101, 0x0101, 0x0101, 0x0101, 0x0101, 0x0101, 0x0101, 0x0101, 0x0101, 
    0x0101, 0x00E1, 0x00E1, 0x0101, 0x00E1, 0x0101, 0x0121, 0x0101, 0x00E1, 0x0101, 0x0101, 0x0101, 
    0x00E1, 0x00E1, 0x00E1, 0x00E1, 0x00E1, 0x00E1, 0x00E1, 0x00E1, 0x00E1, 0x00C1, 0x00C1, 0x00E1, 
    0x0901, 0x1141, 0x1141, 0x1141, 0x1141, 0x1141, 0x1141, 0x1142, 0x0942, 0x0121, 0x0101, 0x0101, 
    0x0101, 0x0101, 0x0101, 0x0101, 0x00E1, 0x00C1, 0x00C1, 0x00C1, 0x00C1, 0x00A1, 0x0060, 0x0020, 
    0x0040, 0x3121, 0x6A64, 0x9B65, 0xABA6, 0xA365, 0x8283, 0x5182, 0x30C0, 0x2881, 0x30C1, 0x4102, 
    0x38E1, 0x2880, 0x1840, 0x1840, 0x1840, 0x1040, 0x1020, 0x1020, 0x1020, 0x0820, 0x1020, 0x1020, 
    0x1020, 0x0820, 0x0800, 0x0800, 0x0820, 0x0000, 0x49E3, 0x41A2, 0x6A64, 0x0840, 0x0040, 0x0040, 
    0x0040, 0x0020, 0x1081, 0x6244, 0x49E3, 0x51E3, 0x0000, 0x0820, 0x0820, 0x0820, 0x0820, 0x1020, 
    0x1020, 0x1020, 0x1840, 0x1840, 0x1840, 0x1840, 0x1840, 0x2060, 0x2040, 0x2040, 0x2040, 0x1840, 
    0x2881, 0x4923, 0x5984, 0x4122, 0x2081, 0x20A0, 0x4162, 0x7A83, 0xA385, 0xBC47, 0xBC07, 0x9366, 
    0x5A03, 0x18A1, 0x0020, 0x0020, 0x0080, 0x00A0, 0x00C1, 0x00C1, 0x00C1, 0x00E1, 0x00E1, 0x00E1, 
    0x00E1, 0x0101, 0x0101, 0x0122, 0x0121, 0x0121, 0x0921, 0x1141, 0x1141, 0x1141, 0x1141, 0x1141, 
    0x1141, 0x1121, 0x0901, 0x00E1, 0x00C0, 0x00C0, 0x00C1, 0x00C1, 0x00C0, 0x00C0, 0x00C1, 0x00E1, 
    0x00E1, 0x00E1, 0x00E1, 0x00E1, 0x00E1, 0x00E1, 0x00C0, 0x00E1, 0x0101, 0x0101, 0x00E1, 0x0101, 
    0x0101, 0x00E1, 0x00E1, 0x0101, 0x00E1, 0x00E1, 0x0101, 0x0121, 0x0121, 0x0101, 0x0101, 0x0101, 
    0x0101, 0x0101, 0x0101, 0x0101, 0x0121, 0x0121, 0x0121, 0x0121, 0x0121, 0x0121, 0x0121, 0x0121, 
    0x0101, 0x0101, 0x0101, 0x0121, 0x0101, 0x0121, 0x0101, 0x0101, 0x0121, 0x0121, 0x0121, 0x0101, 
    0x0101, 0x0101, 0x0101, 0x0101, 0x0101, 0x0121, 0x0121, 0x0142, 0x0121, 0x0121, 0x0121, 0x0121, 
    0x0141, 0x0121, 0x0141, 0x0142, 0x0141, 0x0121, 0x0121, 0x0121, 0x0121, 0x0121, 0x0121, 0x0141, 
    0x0141, 0x0142, 0x0142, 0x0142, 0x0142, 0x0142, 0x0121, 0x0141, 0x0121, 0x0121, 0x0142, 0x0141, 
    0x0121, 0x0121, 0x0121, 0x0121, 0x0121, 0x0121, 0x0121, 0x0121, 0x0101, 0x0101, 0x0121, 0x0121, 
    0x0121, 0x0121, 0x0121, 0x0101, 0x0121, 0x0121, 0x0121, 0x0121, 0x0121, 0x0141, 0x0121, 0x0141, 
    0x0121, 0x0121, 0x0121, 0x0121, 0x0141, 0x0121, 0x0142, 0x0141, 0x0141, 0x0142, 0x0142, 0x0142, 
    0x0162, 0x0142, 0x0121, 0x0121, 0x0121, 0x0121, 0x0141, 0x0121, 0x0121, 0x0121, 0x0141, 0x0121, 
    0x0121, 0x0121, 0x0121, 0x0101, 0x0101, 0x0121, 0x0121, 0x0101, 0x0101, 0x0121, 0x0121, 0x0121, 
    0x0121, 0x0101, 0x0101, 0x0101, 0x0101, 0x0101, 0x0101, 0x0101, 0x0101, 0x0101, 0x0101, 0x0101, 
    0x0101, 0x0101, 0x0101, 0x0101, 0x0121, 0x0101, 0x0101, 0x0101, 0x0121, 0x0101, 0x0101, 0x0101, 
    0x0121, 0x0101, 0x0101, 0x00E1, 0x00E1, 0x00E1, 0x00E1, 0x00E1, 0x00C0, 0x00E1, 0x00E1, 0x00E1, 
    0x00C1, 0x00C1, 0x00C1, 0x00E1, 0x00E1, 0x0901, 0x0921, 0x1141, 0x1141, 0x1141, 0x1141, 0x1141, 
    0x1141, 0x0941, 0x0142, 0x0122, 0x0121, 0x0101, 0x0101, 0x0101, 0x00E1, 0x00E1, 0x00E1, 0x00C1, 
    0x00C1, 0x00C1, 0x00A0, 0x0060, 0x0020, 0x0040, 0x20E1, 0x5A03, 0x9B86, 0xBC27, 0xB3E6, 0x9324, 
    0x7263, 0x4141, 0x28A0, 0x30C1, 0x4923, 0x4943, 0x38C1, 0x2060, 0x1840, 0x1840, 0x1840, 0x1840, 
    0x1840, 0x1840, 0x1840, 0x1840, 0x1840, 0x1840, 0x1020, 0x1020, 0x1020, 0x0820, 0x0800, 0x0800, 
    0x0820, 0x0000, 0x4A04, 0x41A3, 0x6264, 0x0840, 0x0040, 0x0040, 0x0040, 0x0020, 0x0861, 0x6244, 
    0x49C3, 0x72C5, 0x0000, 0x0820, 0x0800, 0x0820, 0x0820, 0x0800, 0x1020, 0x1840, 0x1840, 0x1840, 
    0x1040, 0x1840, 0x1840, 0x1840, 0x2060, 0x2060, 0x1840, 0x2880, 0x2880, 0x2860, 0x3081, 0x4102, 
    0x5983, 0x5163, 0x3902, 0x2060, 0x30C1, 0x59E2, 0x9345, 0xBC26, 0xCC87, 0xC467, 0x9345, 0x49A2, 
    0x1880, 0x0020, 0x0020, 0x0060, 0x00A1, 0x00C1, 0x00C1, 0x00C1, 0x00E1, 0x00E1, 0x00E1, 0x0101, 
    0x0121, 0x0121, 0x0121, 0x0121, 0x0921, 0x1121, 0x1141, 0x1121, 0x1121, 0x1121, 0x1121, 0x1121, 
    0x0901, 0x08E1, 0x00C1, 0x00A0, 0x00C0, 0x00C0, 0x00C1, 0x00E1, 0x00C1, 0x00C0, 0x00C1, 0x00E1, 
    0x00E1, 0x00E1, 0x00E1, 0x00E1, 0x0101, 0x0101, 0x00E1, 0x0101, 0x0101, 0x00E1, 0x00C0, 0x00E1, 
    0x0101, 0x0101, 0x00E1, 0x0101, 0x0101, 0x0101, 0x0101, 0x0101, 0x0101, 0x0101, 0x0121, 0x0101, 
    0x0101, 0x0121, 0x0101, 0x0121, 0x0121, 0x0121, 0x0121, 0x0121, 0x0121, 0x0121, 0x0101, 0x0121, 
    0x0121, 0x0121, 0x0121, 0x0121, 0x0121, 0x0101, 0x0101, 0x0101, 0x0101, 0x0101, 0x0101, 0x0101, 
    0x0101, 0x0121, 0x0101, 0x0121, 0x0141, 0x0121, 0x0121, 0x0121, 0x0121, 0x0121, 0x0121, 0x0121, 
    0x0141, 0x0121, 0x0121, 0x0121, 0x0121, 0x0121, 0x0121, 0x0142, 0x0142, 0x0142, 0x0162, 0x0141, 
    0x0121, 0x0121, 0x0121, 0x0121, 0x0141, 0x0141, 0x0141, 0x0141, 0x0121, 0x0121, 0x0121, 0x0121, 
    0x0121, 0x0141, 0x0121, 0x0121, 0x0121, 0x0121, 0x0121, 0x0121, 0x0121, 0x0121, 0x0121, 0x0121, 
    0x0121, 0x0121, 0x0121, 0x0121, 0x0121, 0x0121, 0x0121, 0x0121, 0x0121, 0x0121, 0x0121, 0x0121, 
    0x0142, 0x0121, 0x0141, 0x0121, 0x0141, 0x0121, 0x0141, 0x0141, 0x0121, 0x0142, 0x0142, 0x0121, 
    0x0141, 0x0121, 0x0121, 0x0142, 0x0121, 0x0121, 0x0121, 0x0121, 0x0121, 0x0121, 0x0121, 0x0121, 
    0x0121, 0x0101, 0x0121, 0x0101, 0x0101, 0x0101, 0x0121, 0x0121, 0x0121, 0x0121, 0x0101, 0x0101, 
    0x0101, 0x00E1, 0x0101, 0x0101, 0x0101, 0x0101, 0x0101, 0x0101, 0x0101, 0x00E1, 0x0101, 0x0101, 
    0x0101, 0x0101, 0x0101, 0x0101, 0x0101, 0x0121, 0x0101, 0x0101, 0x0101, 0x00E1, 0x0101, 0x0101, 
    0x0101, 0x00E1, 0x00E1, 0x00E1, 0x00C1, 0x00C1, 0x00C1, 0x00C1, 0x00C1, 0x00C1, 0x0901, 0x0921, 
    0x1141, 0x1121, 0x1141, 0x1141, 0x1121, 0x1141, 0x0921, 0x0941, 0x0141, 0x0121, 0x0121, 0x0121, 
    0x0101, 0x0101, 0x00E1, 0x00E1, 0x00C1, 0x00C1, 0x00C1, 0x00A1, 0x0060, 0x0020, 0x0020, 0x20C0, 
    0x5A03, 0x9365, 0xBC67, 0xC467, 0xABC6, 0x82C3, 0x4981, 0x28A0, 0x1860, 0x38E2, 0x5163, 0x5163, 
    0x30C1, 0x2040, 0x2040, 0x1840, 0x1840, 0x1840, 0x1840, 0x1840, 0x1840, 0x1840, 0x1020, 0x1020, 
    0x1020, 0x1020, 0x1020, 0x0820, 0x0820, 0x0800, 0x0800, 0x0800, 0x0820, 0x0000, 0x62A5, 0x41A3, 
    0x6A64, 0x0020, 0x0040, 0x0040, 0x0040, 0x0040, 0x0020, 0x6224, 0x3921, 0x8B87, 0x0000, 0x0800, 
    0x0820, 0x0800, 0x0820, 0x0820, 0x0820, 0x0820, 0x1020, 0x1840, 0x1840, 0x1840, 0x1840, 0x1840, 
    0x1840, 0x1840, 0x2040, 0x2040, 0x2860, 0x2860, 0x2880, 0x2060, 0x2860, 0x38C1, 0x61A4, 0x61C4, 
    0x4943, 0x2081, 0x1860, 0x3921, 0x6A43, 0xA385, 0xCCC7, 0xDD29, 0xC488, 0x9325, 0x59C3, 0x20E1, 
    0x0020, 0x0020, 0x0060, 0x00A1, 0x00C1, 0x00E1, 0x00E1, 0x00E1, 0x0101, 0x0101, 0x0121, 0x0121, 
    0x0121, 0x0101, 0x0121, 0x0901, 0x1101, 0x1121, 0x1121, 0x1121, 0x1121, 0x1141, 0x1121, 0x0901, 
    0x00E1, 0x00C0, 0x00C0, 0x00C0, 0x00C0, 0x00C0, 0x00E1, 0x00C1, 0x00E1, 0x00E1, 0x00E1, 0x00E1, 
    0x00E1, 0x00E1, 0x0101, 0x0101, 0x0101, 0x0101, 0x0101, 0x0101, 0x0101, 0x0101, 0x0101, 0x0101, 
    0x0101, 0x00E1, 0x0101, 0x0101, 0x0101, 0x0101, 0x0101, 0x0101, 0x0101, 0x0101, 0x0101, 0x0101, 
    0x0121, 0x0121, 0x0101, 0x0121, 0x0101, 0x0101, 0x0101, 0x0121, 0x0101, 0x0121, 0x0121, 0x0121, 
    0x0101, 0x0101, 0x0101, 0x0121, 0x0121, 0x0101, 0x00E1, 0x0101, 0x0121, 0x0101, 0x0101, 0x0121, 
    0x0121, 0x0121, 0x0121, 0x0121, 0x0121, 0x0121, 0x0121, 0x0121, 0x0121, 0x0121, 0x0101, 0x0101, 
    0x0121, 0x0121, 0x0101, 0x0121, 0x0121, 0x0141, 0x0141, 0x0101, 0x0121, 0x0121, 0x0101, 0x0101, 
    0x0121, 0x0121, 0x0121, 0x0121, 0x0121, 0x0121, 0x0121, 0x0121, 0x0121, 0x0142, 0x0121, 0x0121, 
    0x0121, 0x0141, 0x0141, 0x0142, 0x0141, 0x0141, 0x0141, 0x0121, 0x0121, 0x0121, 0x0101, 0x0122, 
    0x0142, 0x0121, 0x0141, 0x0101, 0x0121, 0x0121, 0x0121, 0x0121, 0x0121, 0x0141, 0x0141, 0x0121, 
    0x0141, 0x0121, 0x0141, 0x0121, 0x0121, 0x0121, 0x0121, 0x0121, 0x0141, 0x0121, 0x0141, 0x0121, 
    0x0101, 0x0101, 0x0101, 0x0121, 0x0121, 0x0121, 0x0121, 0x0101, 0x0101, 0x0101, 0x0101, 0x0101, 
    0x0101, 0x0121, 0x0121, 0x0101, 0x0121, 0x0121, 0x0121, 0x0101, 0x0101, 0x0101, 0x0101, 0x0101, 
    0x0101, 0x0121, 0x0101, 0x0101, 0x0101, 0x0101, 0x0101, 0x00E1, 0x0101, 0x0101, 0x0101, 0x0101, 
    0x0101, 0x0101, 0x0101, 0x00E1, 0x00E1, 0x00E1, 0x00E1, 0x0101, 0x0101, 0x00E1, 0x00E1, 0x00E1, 
    0x00E1, 0x00E1, 0x00E1, 0x00E1, 0x0921, 0x1121, 0x1141, 0x1141, 0x1121, 0x1121, 0x1121, 0x1141, 
    0x0921, 0x0121, 0x0101, 0x0121, 0x0121, 0x0121, 0x0101, 0x0101, 0x00E1, 0x00E1, 0x00C1, 0x00C1, 
    0x00A1, 0x0060, 0x0020, 0x0040, 0x20E0, 0x6223, 0xA3A6, 0xCCC8, 0xD508, 0xBC66, 0x9324, 0x59E2, 
    0x30E1, 0x28A1, 0x3102, 0x4963, 0x5143, 0x4102, 0x30A1, 0x2040, 0x2040, 0x2040, 0x1840, 0x1840, 
    0x1840, 0x1840, 0x1840, 0x1840, 0x1020, 0x1020, 0x1020, 0x1020, 0x1020, 0x1020, 0x0820, 0x0800, 
    0x0800, 0x0800, 0x0800, 0x0000, 0x0000, 0x0000, 0x7307, 0x3962, 0x6A64, 0x0000, 0x0040, 0x0040, 
    0x0040, 0x0040, 0x0000, 0x5A03, 0x28E1, 0x8325, 0x3143, 0x0000, 0x0820, 0x0820, 0x0820, 0x0820, 
    0x0820, 0x0820, 0x0820, 0x0820, 0x0820, 0x1020, 0x1840, 0x1840, 0x1840, 0x2040, 0x2060, 0x2860, 
    0x2860, 0x2860, 0x2060, 0x2060, 0x2060, 0x2060, 0x2860, 0x30A1, 0x4102, 0x61A4, 0x59A4, 0x4943, 
    0x20A1, 0x1860, 0x3921, 0x7AC4, 0xBC67, 0xE589, 0xFE4B, 0xEE0C, 0xBCA9, 0x72A5, 0x3121, 0x0840, 
    0x0000, 0x0040, 0x00A0, 0x00C1, 0x00E1, 0x00E1, 0x00E1, 0x0101, 0x0101, 0x0121, 0x0101, 0x0101, 
    0x0101, 0x0101, 0x0901, 0x1121, 0x1121, 0x1121, 0x1121, 0x1121, 0x1121, 0x1121, 0x0921, 0x00E1, 
    0x00C0, 0x00E1, 0x00E1, 0x00E1, 0x0101, 0x00E1, 0x00E1, 0x00E1, 0x00C0, 0x00E1, 0x00E1, 0x00E1, 
    0x00E1, 0x00E1, 0x00E1, 0x00E1, 0x00E1, 0x00E1, 0x00E1, 0x0101, 0x0101, 0x0101, 0x0101, 0x0101, 
    0x0101, 0x0101, 0x0101, 0x0101, 0x0101, 0x0101, 0x0101, 0x00E1, 0x0101, 0x0101, 0x0101, 0x0101, 
    0x0101, 0x0101, 0x0101, 0x0101, 0x0101, 0x0101, 0x00E1, 0x0101, 0x0101, 0x0121, 0x0101, 0x0101, 
    0x0101, 0x0121, 0x0101, 0x0101, 0x0121, 0x0101, 0x0101, 0x0101, 0x0101, 0x0101, 0x0121, 0x0121, 
    0x0121, 0x0101, 0x0121, 0x0121, 0x0101, 0x0101, 0x0101, 0x0101, 0x0101, 0x0101, 0x0121, 0x0121, 
    0x0121, 0x0121, 0x0101, 0x0101, 0x0101, 0x0101, 0x0121, 0x0121, 0x0121, 0x0121, 0x0121, 0x0121, 
    0x0121, 0x0121, 0x0121, 0x0121, 0x0121, 0x0142, 0x0121, 0x0121, 0x0121, 0x0141, 0x0141, 0x0142, 
    0x0141, 0x0141, 0x0121, 0x0121, 0x0142, 0x0121, 0x0121, 0x0121, 0x0141, 0x0141, 0x0141, 0x0101, 
    0x0121, 0x0121, 0x0121, 0x0121, 0x0121, 0x0141, 0x0121, 0x0121, 0x0121, 0x0121, 0x0141, 0x0121, 
    0x0121, 0x0121, 0x0121, 0x0121, 0x0121, 0x0101, 0x0121, 0x0121, 0x0101, 0x0101, 0x0101, 0x0101, 
    0x0101, 0x0121, 0x0101, 0x0101, 0x0101, 0x0101, 0x0121, 0x0121, 0x0101, 0x0101, 0x0121, 0x0101, 
    0x0121, 0x0121, 0x0121, 0x0121, 0x0101, 0x0101, 0x0101, 0x0101, 0x0101, 0x0101, 0x0101, 0x00E1, 
    0x0101, 0x0101, 0x0101, 0x0101, 0x0101, 0x00E1, 0x00E1, 0x0101, 0x0101, 0x00E1, 0x0101, 0x00E1, 
    0x00E1, 0x00E1, 0x00E1, 0x00E1, 0x00E1, 0x00E1, 0x00C1, 0x00E1, 0x00E1, 0x0921, 0x1121, 0x1121, 
    0x1121, 0x1121, 0x1121, 0x1121, 0x1121, 0x0921, 0x0121, 0x0101, 0x0101, 0x0101, 0x0101, 0x0101, 
    0x0101, 0x00E1, 0x0101, 0x00E1, 0x00C1, 0x0080, 0x0040, 0x0020, 0x0840, 0x3121, 0x7AE5, 0xB469, 
    0xDD4A, 0xEDCA, 0xD528, 0x9BA5, 0x6222, 0x3901, 0x2880, 0x30C2, 0x4984, 0x61E5, 0x5183, 0x38E1, 
    0x2860, 0x1840, 0x2040, 0x1840, 0x1840, 0x1840, 0x1840, 0x1840, 0x1840, 0x2040, 0x1840, 0x1840, 
    0x1840, 0x1020, 0x1820, 0x1020, 0x1020, 0x0820, 0x0820, 0x0820, 0x0800, 0x0800, 0x0820, 0x0820, 
    0x0000, 0x2923, 0x72E6, 0x3942, 0x5A23, 0x0000, 0x0040, 0x0040, 0x0040, 0x0040, 0x0000, 0x4982, 
    0x4162, 0x3101, 0x93A6, 0x18A1, 0x0000, 0x0000, 0x0800, 0x0820, 0x0820, 0x0820, 0x0820, 0x1020, 
    0x1020, 0x1020, 0x1020, 0x1040, 0x1840, 0x2060, 0x2060, 0x2060, 0x2860, 0x2060, 0x2880, 0x2880, 
    0x2860, 0x3081, 0x2880, 0x2880, 0x3080, 0x2880, 0x38E2, 0x5963, 0x59A4, 0x61C4, 0x4143, 0x2881, 
    0x2060, 0x4161, 0x82E4, 0xBCA7, 0xF62B, 0xFF0E, 0xFEAE, 0xCD4B, 0x8B87, 0x51C3, 0x20A0, 0x0020, 
    0x0020, 0x0060, 0x00A0, 0x00E1, 0x00E1, 0x00E1, 0x00E1, 0x0101, 0x0101, 0x0101, 0x0101, 0x00E1, 
    0x0901, 0x0901, 0x0901, 0x0901, 0x0901, 0x1121, 0x1121, 0x0921, 0x0921, 0x0921, 0x0901, 0x00E1, 
    0x0101, 0x00E1, 0x00E1, 0x00E1, 0x00C0, 0x00E1, 0x00E1, 0x00E1, 0x00C0, 0x00C0, 0x00E1, 0x00E1, 
    0x00E1, 0x00E1, 0x00E1, 0x00E1, 0x0101, 0x0101, 0x0101, 0x00E1, 0x00E1, 0x00E1, 0x0101, 0x00E1, 
    0x00E1, 0x0101, 0x0101, 0x00E1, 0x00E1, 0x0101, 0x0101, 0x0101, 0x0101, 0x0101, 0x0121, 0x0101, 
    0x0101, 0x00E1, 0x00E1, 0x0101, 0x0101, 0x0101, 0x0101, 0x0101, 0x0101, 0x0101, 0x0101, 0x0101, 
    0x0101, 0x0101, 0x0121, 0x0101, 0x0101, 0x0101, 0x0121, 0x0121, 0x0121, 0x0121, 0x0101, 0x0101, 
    0x0101, 0x0101, 0x0101, 0x0101, 0x0101, 0x0121, 0x0121, 0x0141, 0x0121, 0x0101, 0x0101, 0x0101, 
    0x0121, 0x0121, 0x0121, 0x0101, 0x0121, 0x0121, 0x0101, 0x0101, 0x0121, 0x0121, 0x0121, 0x0121, 
    0x0121, 0x0121, 0x0121, 0x0121, 0x0121, 0x0121, 0x0142, 0x0121, 0x0121, 0x0121, 0x0121, 0x0142, 
    0x0121, 0x0121, 0x0121, 0x0121, 0x0142, 0x0141, 0x0121, 0x0121, 0x0121, 0x0121, 0x0121, 0x0121, 
    0x0121, 0x0121, 0x0121, 0x0101, 0x0121, 0x0121, 0x0121, 0x0121, 0x0121, 0x0141, 0x0121, 0x0121, 
    0x0101, 0x0101, 0x0101, 0x0101, 0x0101, 0x0101, 0x00E1, 0x00E1, 0x00E1, 0x0101, 0x0101, 0x0101, 
    0x0121, 0x0101, 0x0101, 0x0101, 0x0101, 0x0101, 0x00E1, 0x0101, 0x0101, 0x0121, 0x0121, 0x0121, 
    0x0121, 0x0101, 0x00E1, 0x00E1, 0x0101, 0x0101, 0x00E1, 0x0101, 0x0101, 0x0101, 0x00E1, 0x0101, 
    0x00E1, 0x00E1, 0x00C0, 0x00E1, 0x00E1, 0x00E1, 0x00E1, 0x00E1, 0x00C0, 0x00C1, 0x00C1, 0x00E1, 
    0x00E1, 0x0901, 0x0921, 0x0921, 0x1141, 0x1121, 0x1121, 0x1121, 0x1121, 0x0921, 0x0901, 0x0101, 
    0x0101, 0x0101, 0x0101, 0x00E1, 0x00E1, 0x00E1, 0x00E1, 0x00E1, 0x00E1, 0x00A1, 0x0060, 0x0020, 
    0x0020, 0x20C0, 0x51E3, 0x9387, 0xCD2B, 0xF66E, 0xFECE, 0xDD89, 0x9BA5, 0x6202, 0x3101, 0x2080, 
    0x30C2, 0x5184, 0x6A05, 0x61C5, 0x4123, 0x2860, 0x1840, 0x1840, 0x2060, 0x2040, 0x1840, 0x1840, 
    0x1840, 0x1840, 0x1840, 0x1840, 0x1840, 0x1840, 0x1840, 0x1840, 0x1840, 0x1020, 0x1020, 0x0800, 
    0x0800, 0x0820, 0x0820, 0x0800, 0x0800, 0x0800, 0x0000, 0x0000, 0x0840, 0x93C7, 0x3941, 0x5224, 
    0x3942, 0x0000, 0x0040, 0x0040, 0x0040, 0x0040, 0x0000, 0x18A0, 0x6A23, 0x0000, 0x59E2, 0x4162, 
    0x49E4, 0x5204, 0x0820, 0x0000, 0x0820, 0x0800, 0x0800, 0x0820, 0x0800, 0x0820, 0x1020, 0x1840, 
    0x1840, 0x1840, 0x1840, 0x2040, 0x1840, 0x2060, 0x2860, 0x2860, 0x2880, 0x3081, 0x38A1, 0x38C1, 
    0x30A1, 0x30A1, 0x30A0, 0x2880, 0x3080, 0x4902, 0x61A3, 0x6A05, 0x61A4, 0x4123, 0x2881, 0x1820, 
    0x30C0, 0x6A63, 0xAC68, 0xE64C, 0xFF2F, 0xFF50, 0xEE8E, 0xB4A9, 0x72A5, 0x3941, 0x1080, 0x0020, 
    0x0040, 0x0080, 0x00C1, 0x00E1, 0x00E1, 0x0101, 0x00E1, 0x00E1, 0x00E1, 0x00E1, 0x0101, 0x0901, 
    0x0901, 0x0921, 0x0901, 0x1121, 0x0921, 0x0921, 0x0921, 0x0921, 0x0921, 0x0901, 0x00E1, 0x00E1, 
    0x00C1, 0x00C0, 0x00E1, 0x00E1, 0x00E1, 0x00E1, 0x00E1, 0x00E1, 0x00E1, 0x0101, 0x00E1, 0x00E1, 
    0x00E1, 0x00E1, 0x00E1, 0x00E1, 0x00E0, 0x00E1, 0x00E1, 0x00E1, 0x0101, 0x0101, 0x0101, 0x0101, 
    0x0101, 0x0101, 0x00E1, 0x00E1, 0x00E1, 0x00E1, 0x00E1, 0x0101, 0x0101, 0x00E1, 0x00E1, 0x00E1, 
    0x00E1, 0x00E1, 0x0101, 0x0101, 0x0101, 0x0101, 0x0121, 0x0101, 0x0101, 0x0101, 0x0101, 0x0101, 
    0x0101, 0x0101, 0x0101, 0x0101, 0x0101, 0x0101, 0x0121, 0x0121, 0x0121, 0x0121, 0x0101, 0x0101, 
    0x0101, 0x0121, 0x0121, 0x0121, 0x0121, 0x0121, 0x0121, 0x0101, 0x0121, 0x0101, 0x0101, 0x0121, 
    0x0121, 0x0121, 0x0121, 0x0121, 0x0121, 0x0121, 0x0121, 0x0121, 0x0121, 0x0121, 0x0121, 0x0121, 
    0x0121, 0x0121, 0x0121, 0x0121, 0x0121, 0x0121, 0x0121, 0x0121, 0x0121, 0x0141, 0x0121, 0x0141, 
    0x0121, 0x0121, 0x0121, 0x0121, 0x0121, 0x0121, 0x0121, 0x0141, 0x0101, 0x0101, 0x0121, 0x0121, 
    0x0121, 0x0141, 0x0121, 0x0121, 0x0101, 0x0101, 0x0101, 0x0101, 0x0101, 0x0101, 0x0101, 0x0101, 
    0x0101, 0x0101, 0x00E1, 0x00E1, 0x0101, 0x0101, 0x0101, 0x00E1, 0x00E1, 0x0101, 0x0101, 0x0101, 
    0x0101, 0x0101, 0x0101, 0x0101, 0x0101, 0x0101, 0x00E1, 0x0101, 0x0101, 0x00E1, 0x0101, 0x00E1, 
    0x00E1, 0x00E1, 0x00E1, 0x00E1, 0x0101, 0x00E1, 0x00E1, 0x00E1, 0x00E1, 0x00E1, 0x00E1, 0x00E1, 
    0x0101, 0x00E1, 0x00E1, 0x00C1, 0x00C0, 0x00E1, 0x0901, 0x0921, 0x1141, 0x0921, 0x0921, 0x0921, 
    0x0921, 0x0901, 0x0901, 0x0901, 0x0101, 0x0101, 0x00E1, 0x00E1, 0x0101, 0x0101, 0x00E1, 0x00E1, 
    0x00C1, 0x00A0, 0x0060, 0x0040, 0x0020, 0x1060, 0x3961, 0x72C5, 0xB4AA, 0xEE4E, 0xFF30, 0xFF0F, 
    0xD5AB, 0x93A6, 0x51C2, 0x2080, 0x1860, 0x30C2, 0x4963, 0x61E5, 0x61A4, 0x4943, 0x38C1, 0x3080, 
    0x2860, 0x2880, 0x2880, 0x2860, 0x2040, 0x2040, 0x2040, 0x2040, 0x2060, 0x2040, 0x1840, 0x1840, 
    0x1020, 0x1820, 0x1840, 0x1840, 0x1020, 0x1020, 0x0820, 0x0820, 0x0820, 0x0800, 0x0800, 0x0800, 
    0x0000, 0x0020, 0x5A86, 0x6265, 0x2922, 0x6222, 0x1060, 0x7AC5, 0x1040, 0x0020, 0x0040, 0x0040, 
    0x0040, 0x0040, 0x0020, 0x0000, 0x6A43, 0x3142, 0x0000, 0x6264, 0x9365, 0x9BA6, 0x93A8, 0x0840, 
    0x0000, 0x0000, 0x0000, 0x0000, 0x0800, 0x0820, 0x0820, 0x0800, 0x0820, 0x1020, 0x1020, 0x1840, 
    0x1840, 0x2060, 0x2060, 0x2060, 0x2880, 0x2880, 0x2881, 0x30A1, 0x38A1, 0x38A1, 0x38C1, 0x38C1, 
    0x30C1, 0x30A0, 0x3080, 0x3080, 0x40E2, 0x5983, 0x6A25, 0x7246, 0x5184, 0x30A1, 0x1840, 0x2080, 
    0x49A2, 0x8B66, 0xC56C, 0xEEAE, 0xFF2F, 0xFEEE, 0xDDAC, 0xA3E7, 0x6244, 0x3942, 0x1080, 0x0040, 
    0x0040, 0x0060, 0x00A0, 0x00C1, 0x00E1, 0x0101, 0x0101, 0x0101, 0x0101, 0x0101, 0x0101, 0x0901, 
    0x0901, 0x0901, 0x0901, 0x0901, 0x0921, 0x0921, 0x0921, 0x0921, 0x0901, 0x0101, 0x00E1, 0x00C0, 
    0x00E1, 0x00E1, 0x00E1, 0x00C0, 0x00E1, 0x00E1, 0x00E1, 0x00C1, 0x00E1, 0x00E1, 0x00E1, 0x00E1, 
    0x00E1, 0x0101, 0x00E1, 0x00E1, 0x0101, 0x00E1, 0x0101, 0x0101, 0x0101, 0x0101, 0x0101, 0x0101, 
    0x00E1, 0x00E1, 0x00E1, 0x0101, 0x0101, 0x00E1, 0x00E1, 0x00E1, 0x00E1, 0x00E1, 0x00E1, 0x0101, 
    0x0101, 0x0122, 0x0121, 0x0101, 0x0101, 0x0101, 0x0101, 0x00E1, 0x0101, 0x0101, 0x0101, 0x0101, 
    0x0101, 0x0101, 0x0101, 0x0121, 0x0121, 0x0121, 0x0121, 0x0101, 0x0101, 0x0121, 0x0121, 0x0121, 
    0x0101, 0x0101, 0x0121, 0x0121, 0x0101, 0x0101, 0x0121, 0x0121, 0x0121, 0x0121, 0x0121, 0x0121, 
    0x0101, 0x0101, 0x0141, 0x0121, 0x0121, 0x0121, 0x0121, 0x0121, 0x0121, 0x0121, 0x0121, 0x0121, 
    0x0121, 0x0101, 0x0121, 0x0101, 0x0141, 0x0142, 0x0121, 0x0142, 0x0121, 0x0121, 0x0121, 0x0121, 
    0x0121, 0x0121, 0x0121, 0x0121, 0x0121, 0x0121, 0x0121, 0x0101, 0x0101, 0x0121, 0x0121, 0x0101, 
    0x0121, 0x0101, 0x0101, 0x0101, 0x0101, 0x0121, 0x0101, 0x0101, 0x00E1, 0x00E1, 0x0101, 0x0101, 
    0x00E1, 0x00E1, 0x00E1, 0x00E1, 0x00E1, 0x0101, 0x0101, 0x0101, 0x0101, 0x0101, 0x0101, 0x0101, 
    0x0101, 0x00E1, 0x00E1, 0x00E1, 0x00E1, 0x00E1, 0x00E1, 0x00E1, 0x00E1, 0x00E1, 0x00E1, 0x00E1, 
    0x00E1, 0x00E1, 0x00E1, 0x00E1, 0x00E1, 0x00E1, 0x00E1, 0x00E1, 0x00E1, 0x00E1, 0x00E1, 0x0901, 
    0x0921, 0x0921, 0x0921, 0x0921, 0x0901, 0x0901, 0x0901, 0x0901, 0x0901, 0x0101, 0x0101, 0x00E1, 
    0x0101, 0x0101, 0x00E1, 0x00E1, 0x00C1, 0x00A0, 0x0060, 0x0020, 0x0020, 0x1080, 0x3982, 0x6AC5, 
    0xA448, 0xDDCB, 0xFF0F, 0xFF70, 0xEE8E, 0xB4C9, 0x72C4, 0x3921, 0x2080, 0x28A1, 0x4123, 0x61E5, 
    0x6A46, 0x59C4, 0x4923, 0x38C1, 0x2880, 0x30A0, 0x38A1, 0x38A1, 0x30A1, 0x2860, 0x3080, 0x2880, 
    0x2040, 0x2060, 0x2060, 0x2060, 0x2040, 0x2060, 0x1840, 0x1840, 0x1820, 0x1020, 0x1020, 0x1020, 
    0x1020, 0x0820, 0x0820, 0x0800, 0x0000, 0x0000, 0x0000, 0x0000, 0x0020, 0x9C29, 0xB468, 0x9364, 
    0x72C4, 0x0000, 0x5224, 0x59C2, 0x0000, 0x0040, 0x0040, 0x0040, 0x0040, 0x0040, 0x0040, 0x0000, 
    0x3101, 0x7AC4, 0x4183, 0x4981, 0x1040, 0x2080, 0xA3C6, 0x3143, 0x0000, 0x0020, 0x0820, 0x18A1, 
    0x0000, 0x0800, 0x0820, 0x0820, 0x0800, 0x0820, 0x0820, 0x1020, 0x1820, 0x2040, 0x2060, 0x2880, 
    0x2880, 0x2880, 0x30A1, 0x2880, 0x2880, 0x30A1, 0x2880, 0x2880, 0x30A1, 0x30C1, 0x38C1, 0x30C1, 
    0x38C1, 0x30A0, 0x38A1, 0x40E2, 0x69C4, 0x7226, 0x7A87, 0x6A46, 0x5184, 0x30C1, 0x2060, 0x28A0, 
    0x51E3, 0x8BA7, 0xC52A, 0xEE2C, 0xFEAD, 0xFE6E, 0xDD8C, 0xA408, 0x72C5, 0x49A2, 0x20C0, 0x0860, 
    0x0040, 0x0040, 0x0060, 0x00A0, 0x00C1, 0x00E1, 0x00E1, 0x00E1, 0x00E1, 0x00E1, 0x0901, 0x0901, 
    0x0901, 0x0901, 0x0901, 0x0901, 0x0901, 0x0901, 0x0901, 0x0901, 0x00E1, 0x00E1, 0x00E1, 0x00E1, 
    0x00E1, 0x00E1, 0x00E1, 0x00E1, 0x00E1, 0x00E1, 0x00C0, 0x00E1, 0x00E1, 0x00E1, 0x00E1, 0x00E1, 
    0x00E1, 0x0101, 0x00E1, 0x00E1, 0x00E1, 0x00E1, 0x00E1, 0x00E1, 0x00E1, 0x00E1, 0x0101, 0x00E1, 
    0x00E1, 0x00E1, 0x00E1, 0x00E1, 0x00E1, 0x00E1, 0x0101, 0x0101, 0x0101, 0x0101, 0x0101, 0x0101, 
    0x0101, 0x0101, 0x0101, 0x0101, 0x0101, 0x0121, 0x0101, 0x0101, 0x0101, 0x0101, 0x0101, 0x0101, 
    0x0101, 0x0121, 0x0121, 0x0101, 0x0101, 0x0101, 0x0101, 0x0101, 0x0101, 0x0101, 0x0101, 0x0101, 
    0x0121, 0x0101, 0x0121, 0x0101, 0x0121, 0x0101, 0x0101, 0x0101, 0x0101, 0x0121, 0x0121, 0x0101, 
    0x0121, 0x0121, 0x0121, 0x0121, 0x0121, 0x0121, 0x0121, 0x0121, 0x0101, 0x0121, 0x0121, 0x0121, 
    0x0121, 0x0121, 0x0121, 0x0121, 0x0121, 0x0121, 0x0101, 0x0101, 0x0121, 0x0101, 0x0121, 0x0101, 
    0x0101, 0x0101, 0x0101, 0x0121, 0x0121, 0x0121, 0x0121, 0x0101, 0x0101, 0x0101, 0x00E1, 0x0101, 
    0x0101, 0x0101, 0x0101, 0x0101, 0x00E1, 0x00E1, 0x00E1, 0x00E1, 0x00E1, 0x00E1, 0x00E1, 0x0101, 
    0x0101, 0x0101, 0x0101, 0x0101, 0x0101, 0x0101, 0x0101, 0x00E1, 0x00E1, 0x0101, 0x0101, 0x00E1, 
    0x00E1, 0x00E1, 0x00E1, 0x00E1, 0x00E1, 0x00E1, 0x00E1, 0x00E1, 0x00E1, 0x00E1, 0x00E1, 0x00E1, 
    0x00E1, 0x00E1, 0x00E1, 0x0901, 0x0901, 0x0901, 0x0901, 0x0901, 0x0901, 0x0901, 0x0901, 0x0901, 
    0x08E1, 0x00E1, 0x00E1, 0x00E1, 0x00E1, 0x00E1, 0x00E1, 0x00C0, 0x00A0, 0x0060, 0x0040, 0x0040, 
    0x0880, 0x2901, 0x5203, 0x8326, 0xAC68, 0xE5EC, 0xFECE, 0xFEEE, 0xEE6D, 0xBD09, 0x7B05, 0x49A2, 
    0x28A0, 0x30A1, 0x4143, 0x59C5, 0x6226, 0x6A26, 0x6A26, 0x5163, 0x38E1, 0x2881, 0x2880, 0x2880, 
    0x38C1, 0x30A1, 0x30A1, 0x30A1, 0x2060, 0x2880, 0x3080, 0x2860, 0x2060, 0x2060, 0x2860, 0x2060, 
    0x2060, 0x1840, 0x1020, 0x1020, 0x1020, 0x0800, 0x0820, 0x1020, 0x0820, 0x0800, 0x0800, 0x0800, 
    0x1060, 0x0000, 0x0000, 0x0000, 0x3183, 0xC4C8, 0x28A0, 0x0000, 0x4981, 0x3983, 0x82E5, 0x1060, 
    0x0000, 0x0040, 0x0040, 0x0040, 0x0020, 0x0020, 0x0040, 0x0000, 0x4182, 0x7263, 0x82E4, 0x49C3, 
    0x1081, 0x82E4, 0x7282, 0x1060, 0x6AA5, 0x9366, 0xA428, 0x7B06, 0x0000, 0x0820, 0x0800, 0x0820, 
    0x1020, 0x1020, 0x0820, 0x0820, 0x0800, 0x0820, 0x1840, 0x2060, 0x2880, 0x2080, 0x2060, 0x2880, 
    0x2880, 0x3081, 0x3080, 0x2060, 0x2881, 0x28A1, 0x28A1, 0x30C1, 0x30A1, 0x40E1, 0x40C1, 0x40C1, 
    0x38A1, 0x38C1, 0x4923, 0x59A4, 0x7246, 0x7A87, 0x7287, 0x6205, 0x4123, 0x2881, 0x1840, 0x28A0, 
    0x51A2, 0x8325, 0xBC88, 0xDD8A, 0xEDCB, 0xE58A, 0xD509, 0xBC47, 0x9345, 0x6243, 0x4182, 0x20E1, 
    0x0060, 0x0040, 0x0040, 0x0060, 0x00A0, 0x00C1, 0x00C1, 0x00E1, 0x00E1, 0x00E1, 0x00E1, 0x00E1, 
    0x00E1, 0x08E1, 0x08E1, 0x0901, 0x0901, 0x0901, 0x0101, 0x00E1, 0x00E1, 0x00E1, 0x00E1, 0x00C1, 
    0x00C0, 0x00C0, 0x00C0, 0x00E1, 0x00C0, 0x00E1, 0x00E1, 0x00E1, 0x00E1, 0x00E1, 0x00C1, 0x00C0, 
    0x00C1, 0x00C1, 0x00E1, 0x00E1, 0x00E1, 0x00E1, 0x00E1, 0x00E1, 0x00E1, 0x00E1, 0x00E1, 0x00E1, 
    0x00E1, 0x0101, 0x0101, 0x00E1, 0x00E1, 0x00E1, 0x0101, 0x0101, 0x0101, 0x0101, 0x0101, 0x0101, 
    0x0101, 0x0101, 0x0101, 0x0101, 0x0101, 0x0101, 0x0101, 0x0101, 0x0101, 0x0101, 0x0101, 0x0101, 
    0x0101, 0x0101, 0x00E1, 0x0101, 0x0101, 0x0101, 0x0101, 0x0101, 0x0101, 0x0101, 0x0101, 0x0101, 
    0x0101, 0x0101, 0x00E1, 0x0101, 0x0101, 0x0101, 0x0121, 0x0101, 0x0101, 0x0101, 0x0101, 0x0101, 
    0x0101, 0x0121, 0x0121, 0x0101, 0x0121, 0x0121, 0x0101, 0x0101, 0x0101, 0x0101, 0x0101, 0x0101, 
    0x0101, 0x0101, 0x0101, 0x0101, 0x0101, 0x0121, 0x0101, 0x00E1, 0x0101, 0x0101, 0x0101, 0x0101, 
    0x0121, 0x0121, 0x0121, 0x0101, 0x0101, 0x0101, 0x00E1, 0x00E1, 0x0101, 0x00E0, 0x00E1, 0x0101, 
    0x00E1, 0x00E1, 0x00E1, 0x00E1, 0x00E1, 0x0101, 0x0101, 0x0101, 0x00E1, 0x00E1, 0x00E1, 0x00E1, 
    0x00E1, 0x00E1, 0x00E1, 0x00E1, 0x0101, 0x00E1, 0x00E1, 0x00E1, 0x00E1, 0x00C1, 0x00C0, 0x00C1, 
    0x00E1, 0x00C1, 0x00E1, 0x00E1, 0x00E1, 0x00E1, 0x0101, 0x0901, 0x0901, 0x0901, 0x0901, 0x0901, 
    0x0901, 0x08E1, 0x08E1, 0x08E1, 0x00E1, 0x00E1, 0x00E1, 0x00C1, 0x00C1, 0x00C0, 0x00A0, 0x0060, 
    0x0060, 0x0040, 0x0060, 0x10A0, 0x2921, 0x49E3, 0x7AE5, 0xA3E7, 0xCCE9, 0xE5AA, 0xF60B, 0xEDEB, 
    0xD54A, 0xAC68, 0x7B04, 0x4981, 0x28A0, 0x2060, 0x30C2, 0x4984, 0x6226, 0x7266, 0x7287, 0x59C4, 
    0x4922, 0x30C1, 0x30A1, 0x30A1, 0x30A1, 0x2881, 0x2881, 0x2880, 0x2881, 0x30A1, 0x2880, 0x2060, 
    0x2060, 0x2080, 0x2880, 0x2060, 0x2060, 0x2040, 0x2040, 0x1840, 0x1840, 0x1020, 0x1020, 0x1020, 
    0x1020, 0x1020, 0x1020, 0x0820, 0x0820, 0x0820, 0x0800, 0x0000, 0x93C8, 0xA407, 0x9BC6, 0x6244, 
    0x2922, 0x9345, 0x2080, 0x3983, 0x7B06, 0x8305, 0x61E2, 0x4162, 0x0000, 0x0040, 0x0040, 0x0040, 
    0x0020, 0x0020, 0x0040, 0x0020, 0x49A2, 0x4142, 0x59E2, 0x82E4, 0x6223, 0x3962, 0x1060, 0x0020, 
    0x9386, 0x9B65, 0x82E5, 0x6222, 0x0000, 0x0820, 0x0800, 0x0000, 0x0800, 0x1020, 0x1020, 0x1020, 
    0x1020, 0x1020, 0x1020, 0x1020, 0x1840, 0x2060, 0x2060, 0x1840, 0x2060, 0x2060, 0x2060, 0x2860, 
    0x2860, 0x2881, 0x30A1, 0x30A1, 0x28A1, 0x30A1, 0x30A1, 0x30A1, 0x38C1, 0x38E1, 0x40E1, 0x40E1, 
    0x40C1, 0x40E1, 0x5143, 0x51A4, 0x6A26, 0x7AA7, 0x7A87, 0x6A46, 0x4984, 0x30C2, 0x1840, 0x2080, 
    0x4141, 0x6222, 0x8B25, 0xAC06, 0xCCA7, 0xDD08, 0xD4A7, 0xBC47, 0xA3A6, 0x8B05, 0x6243, 0x4182, 
    0x20E1, 0x1080, 0x0060, 0x0040, 0x0060, 0x0080, 0x0080, 0x00A0, 0x00C1, 0x00C1, 0x00E1, 0x08E1, 
    0x08E1, 0x08E1, 0x00E1, 0x08E1, 0x08E1, 0x0901, 0x0101, 0x00E1, 0x00E1, 0x00E1, 0x00C0, 0x00E1, 
    0x00C0, 0x00C0, 0x00C1, 0x00E1, 0x00C1, 0x00C0, 0x00C1, 0x00E1, 0x00E1, 0x00E1, 0x00C1, 0x00C1, 
    0x00E1, 0x00E1, 0x00E1, 0x00E1, 0x00E1, 0x00E1, 0x00E1, 0x00E1, 0x00E1, 0x00E1, 0x00E1, 0x00E1, 
    0x00E1, 0x00E1, 0x00E1, 0x00E1, 0x00E1, 0x00E1, 0x00E1, 0x00E1, 0x00E1, 0x00E1, 0x00E1, 0x00E1, 
    0x0101, 0x0101, 0x0101, 0x0101, 0x0101, 0x0101, 0x00E1, 0x00E1, 0x0101, 0x0101, 0x00E1, 0x00E1, 
    0x00E1, 0x0101, 0x0101, 0x0101, 0x0101, 0x0101, 0x0101, 0x0101, 0x00E1, 0x0101, 0x0101, 0x0101, 
    0x0101, 0x0101, 0x0101, 0x0101, 0x0101, 0x0101, 0x00E1, 0x0101, 0x0101, 0x00E1, 0x00E1, 0x0121, 
    0x0101, 0x0101, 0x00E1, 0x00E1, 0x00E1, 0x00E1, 0x00E1, 0x0101, 0x0101, 0x0101, 0x0101, 0x0101, 
    0x0101, 0x0101, 0x0101, 0x00E1, 0x0101, 0x0101, 0x0101, 0x0101, 0x0101, 0x0101, 0x0101, 0x0101, 
    0x0101, 0x0101, 0x00E1, 0x00E1, 0x00E1, 0x00E1, 0x00E1, 0x00C1, 0x00E1, 0x00E1, 0x00E1, 0x00E1, 
    0x00E1, 0x0101, 0x00E1, 0x00E1, 0x00E1, 0x00E1, 0x00E1, 0x00E1, 0x00E1, 0x00E1, 0x00C1, 0x00C1, 
    0x00E1, 0x00E1, 0x00E1, 0x00C1, 0x00C1, 0x00C1, 0x00C1, 0x00E1, 0x0101, 0x0101, 0x00E1, 0x0901, 
    0x0901, 0x0901, 0x0901, 0x0901, 0x0901, 0x08E1, 0x08E1, 0x08E1, 0x00E1, 0x00C0, 0x00A0, 0x0080, 
    0x0060, 0x0060, 0x0040, 0x0040, 0x0060, 0x0880, 0x20E1, 0x3962, 0x5A23, 0x8305, 0xA3E7, 0xC4A8, 
    0xDD28, 0xE569, 0xE569, 0xCCC8, 0xA3E6, 0x82C4, 0x59E2, 0x30E1, 0x1840, 0x2040, 0x30C2, 0x4964, 
    0x6A26, 0x7267, 0x7AA7, 0x6A26, 0x5163, 0x4102, 0x40E1, 0x4101, 0x4902, 0x40E1, 0x38C1, 0x30A1, 
    0x30A0, 0x3080, 0x30A1, 0x2880, 0x2060, 0x2060, 0x1840, 0x1840, 0x2880, 0x2860, 0x2060, 0x1840, 
    0x1840, 0x1020, 0x1020, 0x0820, 0x0800, 0x0800, 0x1020, 0x1020, 0x1020, 0x0820, 0x1020, 0x1020, 
    0x1020, 0x0820, 0x0820, 0x0000, 0x72E6, 0x9325, 0x9B65, 0x82C4, 0x0840, 0x51C2, 0x2102, 0xC4A9, 
    0xA3C6, 0x6223, 0x51C2, 0x3101, 0x0020, 0x0040, 0x0040, 0x0040, 0x0020, 0x0020, 0x0020, 0x0020, 
    0x6AA6, 0xABC6, 0x9366, 0x59C2, 0x7A83, 0x5A02, 0x0020, 0x5224, 0xA3A5, 0x69E2, 0x8283, 0x7AC4, 
    0x0000, 0x0820, 0x0800, 0x0800, 0x0800, 0x1020, 0x1020, 0x1020, 0x1020, 0x1020, 0x1020, 0x1020, 
    0x1020, 0x1020, 0x2060, 0x2060, 0x2040, 0x2040, 0x1860, 0x2060, 0x2040, 0x2060, 0x3080, 0x30A1, 
    0x28A1, 0x2880, 0x2881, 0x38A1, 0x38A1, 0x38C1, 0x38C1, 0x40E1, 0x4102, 0x4902, 0x5122, 0x5122, 
    0x4102, 0x4102, 0x4963, 0x59E5, 0x6A46, 0x6A46, 0x7A87, 0x61E5, 0x4964, 0x4123, 0x2081, 0x2080, 
    0x28A0, 0x4141, 0x59E2, 0x82C4, 0xA3A6, 0xBC47, 0xC4A7, 0xC487, 0xBC47, 0xABC6, 0x8B05, 0x7284, 
    0x59E3, 0x3942, 0x20E1, 0x10C0, 0x0060, 0x0040, 0x0040, 0x0040, 0x0040, 0x0060, 0x00A0, 0x00A0, 
    0x00C1, 0x00E1, 0x00E0, 0x00E1, 0x00E1, 0x0101, 0x00E1, 0x00E1, 0x00E1, 0x00E1, 0x00E1, 0x00E0, 
    0x00E1, 0x00C1, 0x00C1, 0x00C1, 0x00C0, 0x00C0, 0x00C1, 0x00C0, 0x00C1, 0x00C1, 0x00C1, 0x00C1, 
    0x00C1, 0x00E1, 0x00E1, 0x00E1, 0x00E1, 0x00E1, 0x00E1, 0x00E1, 0x00E1, 0x00E1, 0x00E1, 0x00E1, 
    0x00E1, 0x00E1, 0x00E1, 0x00E1, 0x00E1, 0x00E1, 0x00E1, 0x00E1, 0x00E1, 0x00E1, 0x00E1, 0x00E1, 
    0x00E1, 0x00E1, 0x00E1, 0x00E1, 0x00E1, 0x00E1, 0x00E1, 0x0101, 0x00E1, 0x00E1, 0x00E1, 0x00E1, 
    0x00E1, 0x00E1, 0x0101, 0x00E1, 0x00E1, 0x00E1, 0x00E1, 0x0101, 0x0101, 0x00E1, 0x00E1, 0x00E1, 
    0x00E1, 0x00E1, 0x00E1, 0x00E1, 0x00E1, 0x00E1, 0x0101, 0x00E1, 0x00E1, 0x00E1, 0x00E1, 0x00E1, 
    0x00E1, 0x00E1, 0x00E1, 0x00E1, 0x0101, 0x0101, 0x00E1, 0x00E1, 0x00E1, 0x0101, 0x00E1, 0x00E1, 
    0x00E1, 0x0101, 0x0101, 0x0101, 0x0101, 0x0101, 0x0101, 0x00E1, 0x0101, 0x00E1, 0x00E1, 0x00E1, 
    0x00E1, 0x00E1, 0x00C0, 0x00C1, 0x00C1, 0x00C0, 0x00C0, 0x00E1, 0x00C0, 0x00E1, 0x00E1, 0x00E1, 
    0x00E1, 0x00E1, 0x00C1, 0x00C1, 0x00C0, 0x00C0, 0x00C1, 0x00C1, 0x00E1, 0x00E1, 0x00E1, 0x00E1, 
    0x00E1, 0x0101, 0x0101, 0x0101, 0x0901, 0x0101, 0x0901, 0x0101, 0x00E1, 0x00E1, 0x00C1, 0x00C0, 
    0x00A0, 0x0080, 0x0060, 0x0040, 0x0040, 0x0040, 0x0880, 0x18A1, 0x2901, 0x4182, 0x6243, 0x82E4, 
    0x9365, 0xABC6, 0xB426, 0xC467, 0xCCA7, 0xCCC8, 0xB446, 0x9365, 0x72A3, 0x59E2, 0x3921, 0x28A0, 
    0x2060, 0x2061, 0x30C2, 0x4943, 0x6A05, 0x7246, 0x7AC8, 0x59C5, 0x5184, 0x4943, 0x38E1, 0x38E1, 
    0x4102, 0x38E1, 0x30C1, 0x38C1, 0x40E1, 0x40E1, 0x40E1, 0x38C1, 0x2880, 0x3081, 0x2860, 0x2060, 
    0x1840, 0x2060, 0x2060, 0x2040, 0x1840, 0x1840, 0x1840, 0x1040, 0x1040, 0x1020, 0x0820, 0x0800, 
    0x0800, 0x0820, 0x1020, 0x0820, 0x1020, 0x1020, 0x1020, 0x1020, 0x0820, 0x0800, 0x0820, 0x0000, 
    0x8305, 0x92E3, 0x7243, 0x9324, 0x28E1, 0x0840, 0x8B66, 0x8B04, 0x51C2, 0xB449, 0xAC07, 0x3942, 
    0x0020, 0x0040, 0x0040, 0x0040, 0x0020, 0x0040, 0x0000, 0x1081, 0x8B25, 0x59C2, 0x6A43, 0x3921, 
    0x4141, 0x2901, 0x41A3, 0x8B45, 0x59C2, 0x5181, 0x3121, 0x18A1, 0x0000, 0x0000, 0x0820, 0x0800, 
    0x0800, 0x0800, 0x0820, 0x1020, 0x1020, 0x1040, 0x1020, 0x1040, 0x1040, 0x1020, 0x1020, 0x1820, 
    0x2040, 0x2060, 0x2060, 0x2880, 0x2060, 0x2080, 0x2880, 0x2880, 0x2880, 0x1860, 0x1840, 0x2060, 
    0x2060, 0x3080, 0x3080, 0x30A1, 0x30A1, 0x40E1, 0x4902, 0x5963, 0x5143, 0x4922, 0x40E1, 0x30A1, 
    0x30A1, 0x38C1, 0x4122, 0x5163, 0x59A4, 0x7226, 0x61E5, 0x61E5, 0x51A4, 0x4102, 0x28C1, 0x2080, 
    0x2060, 0x30C1, 0x3921, 0x51A2, 0x6A43, 0x82A3, 0x9B65, 0xB3E6, 0xBC27, 0xBC27, 0xB3E6, 0xA385, 
    0x9325, 0x82E5, 0x7284, 0x5A03, 0x4182, 0x3121, 0x20C1, 0x10A0, 0x0080, 0x0060, 0x0060, 0x0080, 
    0x0080, 0x0080, 0x0080, 0x0080, 0x00A0, 0x00A0, 0x00C0, 0x00C0, 0x00C0, 0x00E0, 0x00E1, 0x00E0, 
    0x00E0, 0x00C0, 0x00C1, 0x00C0, 0x00C0, 0x00C0, 0x00C0, 0x00A0, 0x00C0, 0x00C0, 0x00C0, 0x00C0, 
    0x00C0, 0x00C0, 0x00C0, 0x00C0, 0x00C1, 0x00C0, 0x00C0, 0x00C0, 0x00E1, 0x00C0, 0x00C0, 0x00C1, 
    0x00E1, 0x00C1, 0x00E1, 0x00E1, 0x00E1, 0x00E1, 0x00E1, 0x00C0, 0x00E1, 0x00E1, 0x00E1, 0x00E1, 
    0x00E1, 0x00E1, 0x00E1, 0x0101, 0x00E1, 0x00E1, 0x00E1, 0x00E0, 0x00E1, 0x00C1, 0x00E1, 0x00E1, 
    0x00E1, 0x00E1, 0x00E1, 0x00E1, 0x00E1, 0x00E1, 0x00C0, 0x00C1, 0x00C0, 0x00E0, 0x00C0, 0x00E1, 
    0x00E0, 0x00E1, 0x0101, 0x00E1, 0x00E1, 0x00E1, 0x00C1, 0x00E1, 0x00E1, 0x00C1, 0x00C0, 0x00E1, 
    0x00E1, 0x00E1, 0x00E1, 0x00C0, 0x00C0, 0x00E1, 0x00E1, 0x00E1, 0x00E1, 0x00C0, 0x00E1, 0x00C0, 
    0x00E1, 0x00E1, 0x00E1, 0x00E1, 0x00E1, 0x00E1, 0x00C0, 0x00E1, 0x00E1, 0x00C0, 0x00C1, 0x00C0, 
    0x00A0, 0x00C0, 0x00C0, 0x00C0, 0x00C0, 0x00C0, 0x00C0, 0x00C1, 0x00C1, 0x00C1, 0x00C0, 0x00C1, 
    0x00E1, 0x00E1, 0x00E1, 0x00E1, 0x00E1, 0x00E1, 0x00E1, 0x00E0, 0x00C0, 0x00C0, 0x00A0, 0x00A0, 
    0x0080, 0x0080, 0x0060, 0x0060, 0x0060, 0x0080, 0x08A0, 0x18A1, 0x20E1, 0x3942, 0x49A2, 0x6223, 
    0x7284, 0x8B05, 0x9B65, 0xABC6, 0xB3E6, 0xB406, 0xBC26, 0xB406, 0x9B85, 0x82C3, 0x6222, 0x59C2, 
    0x4161, 0x28C0, 0x1860, 0x1860, 0x2881, 0x3903, 0x4964, 0x5184, 0x61E5, 0x6A26, 0x7246, 0x61E5, 
    0x5184, 0x4943, 0x38E2, 0x30A1, 0x30C1, 0x30A1, 0x4922, 0x4942, 0x5142, 0x4922, 0x38C1, 0x3080, 
    0x2860, 0x2060, 0x2060, 0x2060, 0x2060, 0x2060, 0x2060, 0x2060, 0x2060, 0x2060, 0x1840, 0x1840, 
    0x1840, 0x1840, 0x1840, 0x1840, 0x1020, 0x1020, 0x1020, 0x1020, 0x1020, 0x1020, 0x1020, 0x1020, 
    0x1020, 0x1020, 0x0820, 0x0820, 0x0800, 0x0800, 0x0000, 0x0000, 0x20A0, 0x3921, 0x59E2, 0x7A83, 
    0x7A84, 0x18A1, 0x20C1, 0x4981, 0x4161, 0x5204, 0x7284, 0x7AA3, 0x0000, 0x0020, 0x0040, 0x0040, 
    0x0020, 0x0020, 0x0020, 0x0020, 0x6222, 0x5A23, 0x18A1, 0x2101, 0x41A3, 0x6265, 0x8B45, 0x59E2, 
    0x28C0, 0x18A1, 0x41A3, 0x5A44, 0x4A04, 0x0020, 0x0000, 0x0820, 0x0800, 0x0800, 0x0800, 0x0820, 
    0x1020, 0x1020, 0x1020, 0x1020, 0x1020, 0x1840, 0x1840, 0x1820, 0x1020, 0x1020, 0x1840, 0x1840, 
    0x1840, 0x1840, 0x1860, 0x1860, 0x2880, 0x2881, 0x2881, 0x2881, 0x2060, 0x2040, 0x1840, 0x1860, 
    0x2060, 0x2060, 0x30C1, 0x40E1, 0x40E2, 0x4102, 0x40E1, 0x4902, 0x40E2, 0x38E2, 0x38C1, 0x30A1, 
    0x38C1, 0x30A1, 0x30A1, 0x38E1, 0x4922, 0x4122, 0x5983, 0x5983, 0x61A4, 0x4943, 0x38E2, 0x2881, 
    0x2061, 0x2081, 0x2060, 0x2080, 0x3901, 0x49A2, 0x5A02, 0x7243, 0x82C4, 0x9324, 0xA365, 0xA385, 
    0xABA5, 0xA385, 0x9B45, 0x9305, 0x8AC4, 0x7243, 0x6203, 0x51C2, 0x4162, 0x3141, 0x2901, 0x20E1, 
    0x10C1, 0x10A0, 0x0880, 0x0080, 0x0060, 0x0040, 0x0040, 0x0060, 0x0080, 0x0080, 0x0080, 0x0080, 
    0x0080, 0x00A0, 0x00A0, 0x00A0, 0x00A0, 0x00A0, 0x00A0, 0x00A0, 0x00A0, 0x00A0, 0x00A0, 0x00A0, 
    0x00A0, 0x00A0, 0x00C0, 0x00C0, 0x00C1, 0x00C1, 0x00E1, 0x00E1, 0x00E1, 0x00C1, 0x00C1, 0x00C1, 
    0x00C1, 0x00C1, 0x00C1, 0x00C0, 0x00E1, 0x00E1, 0x00E1, 0x00E1, 0x00E1, 0x00E1, 0x00E1, 0x00E1, 
    0x00E1, 0x00E1, 0x00E1, 0x00E1, 0x00E1, 0x00C1, 0x00C1, 0x00E1, 0x00E1, 0x00E1, 0x00C1, 0x00C1, 
    0x00E1, 0x00E1, 0x00C1, 0x00C1, 0x00C0, 0x00E1, 0x00C1, 0x00E1, 0x00E1, 0x00C1, 0x00E1, 0x00C1, 
    0x00C1, 0x00C0, 0x00E1, 0x00E1, 0x00E1, 0x00E1, 0x00E1, 0x00C1, 0x00C1, 0x00C1, 0x00E1, 0x00E1, 
    0x00C1, 0x00E1, 0x00E1, 0x00E1, 0x00E1, 0x00C1, 0x00E1, 0x00E1, 0x00E1, 0x00E1, 0x00E1, 0x00E1, 
    0x00E1, 0x00E1, 0x00C1, 0x00C0, 0x00C1, 0x00C0, 0x00C0, 0x00C0, 0x00A0, 0x00A0, 0x00A0, 0x00A0, 
    0x00A0, 0x00A0, 0x00A0, 0x00A0, 0x00A0, 0x0080, 0x0080, 0x0080, 0x0080, 0x0080, 0x0080, 0x0080, 
    0x0060, 0x0060, 0x0080, 0x0880, 0x10A0, 0x18C1, 0x2101, 0x2921, 0x3962, 0x49A2, 0x5A03, 0x6A43, 
    0x7A84, 0x8AE4, 0x9325, 0x9325, 0x9B45, 0xA365, 0xA345, 0x9B44, 0x9304, 0x82C4, 0x7263, 0x6222, 
    0x59C2, 0x4162, 0x3101, 0x28A0, 0x2080, 0x1840, 0x1861, 0x28A1, 0x3902, 0x4123, 0x5164, 0x61C5, 
    0x6A05, 0x5984, 0x4943, 0x4102, 0x40E2, 0x38C1, 0x30C1, 0x38C1, 0x38C1, 0x30A1, 0x30C1, 0x4102, 
    0x38E1, 0x40E1, 0x38C1, 0x28A1, 0x30A1, 0x30A1, 0x2880, 0x1840, 0x1860, 0x2060, 0x2060, 0x2880, 
    0x2860, 0x2060, 0x2060, 0x1840, 0x1840, 0x1840, 0x1840, 0x1840, 0x1840, 0x1020, 0x1020, 0x1020, 
    0x1020, 0x1020, 0x1020, 0x1020, 0x0820, 0x0820, 0x0820, 0x0820, 0x0820, 0x0800, 0x0800, 0x0800, 
    0x0800, 0x0000, 0x0840, 0x5225, 0x5224, 0x41A3, 0x18A1, 0x3121, 0x7283, 0x7AC4, 0x5224, 0x49E4, 
    0x3142, 0x10A1, 0x7307, 0x6222, 0x0000, 0x0020, 0x0040, 0x0040, 0x0040, 0x0040, 0x0040, 0x0000, 
    0x0840, 0x51C2, 0x7AC4, 0x6A84, 0x72C5, 0x9366, 0x7242, 0x4161, 0x2902, 0x5A24, 0x3942, 0x59E3, 
    0x9365, 0x93C8, 0x1061, 0x0000, 0x0000, 0x0800, 0x0800, 0x0800, 0x0820, 0x1020, 0x1020, 0x1020, 
    0x1020, 0x1020, 0x1040, 0x1020, 0x1020, 0x1020, 0x1020, 0x1020, 0x1020, 0x1840, 0x2060, 0x1840, 
    0x2060, 0x2860, 0x2880, 0x2880, 0x3081, 0x3080, 0x3080, 0x2880, 0x3081, 0x2880, 0x1860, 0x2060, 
    0x2060, 0x2881, 0x2881, 0x28A1, 0x30A1, 0x40E1, 0x40E1, 0x30C1, 0x28A1, 0x28A1, 0x2881, 0x30A1, 
    0x38C1, 0x38C1, 0x2880, 0x2881, 0x28A1, 0x30A1, 0x4102, 0x4102, 0x4102, 0x4942, 0x4942, 0x4102, 
    0x2881, 0x2881, 0x2881, 0x1861, 0x2080, 0x28A0, 0x28C0, 0x30E1, 0x30E1, 0x4121, 0x51A2, 0x61E2, 
    0x7243, 0x7A63, 0x82A4, 0x92C4, 0x8AC4, 0x8AA3, 0x8AA3, 0x8AA3, 0x8AE4, 0x8AE4, 0x82A3, 0x7A83, 
    0x7243, 0x6203, 0x59E3, 0x51C2, 0x49A2, 0x3962, 0x3121, 0x2921, 0x2101, 0x18C1, 0x18C1, 0x10C1, 
    0x10C1, 0x08C1, 0x08A0, 0x0880, 0x0080, 0x0080, 0x0060, 0x0060, 0x0060, 0x0040, 0x0040, 0x0040, 
    0x0040, 0x0040, 0x0040, 0x0040, 0x0040, 0x0040, 0x0040, 0x0040, 0x0040, 0x0040, 0x0040, 0x0040, 
    0x0040, 0x0040, 0x0040, 0x0040, 0x0040, 0x0040, 0x0040, 0x0040, 0x0040, 0x0040, 0x0040, 0x0040, 
    0x0040, 0x0040, 0x0040, 0x0040, 0x0040, 0x0040, 0x0040, 0x0040, 0x0040, 0x0040, 0x0040, 0x0040, 
    0x0040, 0x0040, 0x0040, 0x0040, 0x0040, 0x0060, 0x0040, 0x0040, 0x0040, 0x0040, 0x0040, 0x0040, 
    0x0040, 0x0040, 0x0040, 0x0040, 0x0040, 0x0040, 0x0040, 0x0040, 0x0040, 0x0060, 0x0060, 0x0040, 
    0x0060, 0x0040, 0x0040, 0x0040, 0x0040, 0x0060, 0x0060, 0x0060, 0x0060, 0x0060, 0x0040, 0x0040, 
    0x0060, 0x0060, 0x0060, 0x0060, 0x0060, 0x0060, 0x0080, 0x0880, 0x0880, 0x10A0, 0x10C1, 0x18E1, 
    0x20E1, 0x2901, 0x3121, 0x3942, 0x4182, 0x4982, 0x49A2, 0x51C2, 0x61E3, 0x6A43, 0x7A83, 0x82A4, 
    0x8AE5, 0x9B25, 0x9304, 0x9304, 0x9B45, 0x9B45, 0x9B24, 0x8AE4, 0x82C3, 0x7A83, 0x6A43, 0x59C2, 
    0x4961, 0x3901, 0x28E0, 0x20A0, 0x1880, 0x1860, 0x1840, 0x1860, 0x2081, 0x28A1, 0x30C2, 0x4122, 
    0x5163, 0x59A4, 0x5183, 0x4943, 0x4922, 0x38E2, 0x38C1, 0x38C1, 0x30A1, 0x2860, 0x2880, 0x38E1, 
    0x38C1, 0x38C1, 0x30A1, 0x30A1, 0x30A1, 0x38C1, 0x30A1, 0x30A1, 0x2881, 0x2881, 0x2080, 0x2080, 
    0x28A1, 0x2860, 0x2060, 0x2881, 0x2880, 0x2880, 0x2880, 0x2060, 0x1840, 0x1840, 0x2040, 0x1840, 
    0x1840, 0x1020, 0x1020, 0x1020, 0x1020, 0x1020, 0x1020, 0x1020, 0x1020, 0x1020, 0x1020, 0x1020, 
    0x0820, 0x0820, 0x0800, 0x0800, 0x0800, 0x0000, 0x0000, 0x0000, 0x0000, 0x1081, 0x9C4A, 0x9366, 
    0x6223, 0x51C2, 0x6223, 0x1060, 0x4162, 0x82A3, 0x9345, 0x72C5, 0x7AE5, 0x8B66, 0x7AC5, 0x1060, 
    0x0000, 0x0040, 0x0020, 0x0040, 0x0040, 0x0040, 0x0040, 0x0000, 0x2922, 0x5A23, 0x4183, 0x6A64, 
    0x9B86, 0x7262, 0x6243, 0x3983, 0x49C3, 0x18C1, 0x3142, 0x59E2, 0x30E1, 0xAC07, 0x5A44, 0x0000, 
    0x0020, 0x0000, 0x0000, 0x0000, 0x0800, 0x0820, 0x1020, 0x1020, 0x1020, 0x1020, 0x1020, 0x1020, 
    0x1020, 0x1020, 0x1020, 0x1040, 0x1840, 0x1020, 0x1840, 0x1860, 0x1860, 0x2060, 0x2060, 0x2060, 
    0x2060, 0x2060, 0x2060, 0x2880, 0x2860, 0x2860, 0x2880, 0x28A1, 0x30A1, 0x30A1, 0x2880, 0x2060, 
    0x2060, 0x2880, 0x2880, 0x30A1, 0x38C1, 0x38C1, 0x30A1, 0x28A1, 0x2080, 0x28A1, 0x30A1, 0x2881, 
    0x2860, 0x1840, 0x1840, 0x2060, 0x2860, 0x2040, 0x2881, 0x30A1, 0x38C1, 0x40E1, 0x4102, 0x4922, 
    0x38E1, 0x38C1, 0x38E2, 0x30A1, 0x2881, 0x2881, 0x2060, 0x1860, 0x1840, 0x1840, 0x1880, 0x28C1, 
    0x28E1, 0x3101, 0x3901, 0x4141, 0x4981, 0x59C2, 0x61E2, 0x61E2, 0x6A02, 0x7242, 0x7243, 0x7A63, 
    0x7A83, 0x7A83, 0x7A63, 0x7A63, 0x7A63, 0x7A63, 0x7A43, 0x7243, 0x7243, 0x7A43, 0x7A84, 0x7A63, 
    0x7243, 0x6A43, 0x6A23, 0x6A23, 0x6A23, 0x6203, 0x6203, 0x6202, 0x59E3, 0x59E3, 0x51E3, 0x51E3, 
    0x51E3, 0x51E3, 0x51E3, 0x51E3, 0x49E3, 0x49C3, 0x49C3, 0x49C3, 0x49C3, 0x41A3, 0x41A3, 0x41A3, 
    0x41A3, 0x41A3, 0x41A3, 0x41A3, 0x41A3, 0x41C3, 0x41C3, 0x41C3, 0x41C3, 0x41C3, 0x41C3, 0x41A3, 
    0x39A3, 0x39A3, 0x39A3, 0x39A3, 0x41A3, 0x39A3, 0x3983, 0x39A3, 0x39A3, 0x39A3, 0x39A3, 0x39A3, 
    0x41A3, 0x39A3, 0x39A3, 0x41A3, 0x39A3, 0x41A3, 0x41C4, 0x49E4, 0x49E4, 0x49E4, 0x49E4, 0x49E4, 
    0x49E4, 0x49E4, 0x49E4, 0x49E3, 0x49E3, 0x49E3, 0x49C3, 0x49C3, 0x49C2, 0x49E3, 0x51C3, 0x49C3, 
    0x51C3, 0x51E3, 0x5A03, 0x59E3, 0x5A03, 0x5A03, 0x6203, 0x6203, 0x6203, 0x6203, 0x6203, 0x6A44, 
    0x7264, 0x7263, 0x7263, 0x7A63, 0x7A43, 0x7243, 0x7223, 0x7243, 0x7A43, 0x7A43, 0x7A63, 0x7A83, 
    0x8283, 0x8283, 0x7A83, 0x7243, 0x7222, 0x7223, 0x6A22, 0x6202, 0x59E2, 0x51C2, 0x4961, 0x3921, 
    0x3921, 0x30E1, 0x28C0, 0x2080, 0x1860, 0x1840, 0x1840, 0x1860, 0x1860, 0x2061, 0x2061, 0x2881, 
    0x28A1, 0x38C1, 0x38C1, 0x4102, 0x4102, 0x38C1, 0x38A1, 0x30A1, 0x28A1, 0x2061, 0x2060, 0x2060, 
    0x2060, 0x2060, 0x2880, 0x2880, 0x2060, 0x30A1, 0x30A1, 0x38C1, 0x30C1, 0x30A1, 0x38C1, 0x30A1, 
    0x28A1, 0x2881, 0x2881, 0x2881, 0x30A1, 0x38C1, 0x38C1, 0x30A1, 0x2880, 0x2060, 0x2080, 0x2060, 
    0x1840, 0x1840, 0x1840, 0x1840, 0x1840, 0x1840, 0x1840, 0x1840, 0x1840, 0x1020, 0x1020, 0x1020, 
    0x1020, 0x0820, 0x1020, 0x0820, 0x0820, 0x0820, 0x0800, 0x0800, 0x0800, 0x0820, 0x0800, 0x0800, 
    0x0000, 0x0000, 0x0000, 0x0020, 0x0000, 0x5A44, 0x9B86, 0x4920, 0x51C2, 0x1880, 0x3101, 0x3942, 
    0x3142, 0x7284, 0x82A3, 0xA3A6, 0x7AC5, 0x41A3, 0x51E3, 0x2901, 0x0000, 0x0040, 0x0020, 0x0020, 
    0x0020, 0x0040, 0x0040, 0x0000, 0x18C1, 0x9BA6, 0x9325, 0x9325, 0x7222, 0x51A2, 0x7AE5, 0x1081, 
    0x6A84, 0x82E4, 0x7264, 0x20A0, 0x49C3, 0xABC5, 0x49A2, 0x0000, 0x0000, 0x0000, 0x0000, 0x0000, 
    0x0000, 0x0000, 0x0820, 0x0820, 0x0820, 0x0820, 0x1020, 0x1020, 0x1020, 0x1020, 0x1020, 0x1040, 
    0x1040, 0x1020, 0x1840, 0x1840, 0x1840, 0x1840, 0x1840, 0x2060, 0x2060, 0x2060, 0x2060, 0x2060, 
    0x2060, 0x2060, 0x2060, 0x2060, 0x2060, 0x2060, 0x2880, 0x2880, 0x2080, 0x2060, 0x2060, 0x1860, 
    0x2060, 0x2880, 0x2880, 0x2881, 0x2081, 0x2881, 0x2880, 0x2880, 0x2881, 0x2881, 0x2880, 0x2060, 
    0x2060, 0x2060, 0x2060, 0x2040, 0x2060, 0x2060, 0x1840, 0x2060, 0x2080, 0x2060, 0x2060, 0x2060, 
    0x2881, 0x30C1, 0x30C1, 0x38C1, 0x38C1, 0x30C1, 0x30C1, 0x2881, 0x2081, 0x2081, 0x2061, 0x2060, 
    0x1840, 0x1840, 0x1840, 0x1040, 0x1840, 0x1860, 0x1860, 0x1860, 0x1860, 0x20A0, 0x28C1, 0x28C1, 
    0x3101, 0x3921, 0x4161, 0x4961, 0x4982, 0x5181, 0x5181, 0x59A2, 0x59C2, 0x61E2, 0x6A03, 0x7243, 
    0x7243, 0x6A23, 0x7243, 0x7263, 0x7A63, 0x7A83, 0x7A84, 0x7AA4, 0x82A4, 0x82C4, 0x82E5, 0x82E5, 
    0x82C4, 0x82E4, 0x8AE5, 0x8B05, 0x8B25, 0x9345, 0x9345, 0x9346, 0x9346, 0x9346, 0x9366, 0x9346, 
    0x9366, 0x9387, 0x9387, 0x9387, 0x93A7, 0x9BA7, 0x9BA7, 0x9BC7, 0x9BC7, 0x9BC7, 0x93A7, 0x93A7, 
    0x9BC7, 0x9BC7, 0x9BC7, 0x9BC7, 0x9BE8, 0x9BC8, 0x9BC8, 0x9BA7, 0x9BA7, 0x93A7, 0x93A7, 0x9387, 
    0x9387, 0x9387, 0x9387, 0x9387, 0x9367, 0x9346, 0x8B46, 0x8B26, 0x8B26, 0x8305, 0x82E5, 0x82E5, 
    0x82C4, 0x82C5, 0x82C5, 0x7AA4, 0x7AA4, 0x7AA4, 0x7A84, 0x7A63, 0x7263, 0x7264, 0x7264, 0x7243, 
    0x7243, 0x6A43, 0x6A23, 0x6A03, 0x6203, 0x61E2, 0x59C2, 0x59C2, 0x59A2, 0x51A2, 0x4982, 0x4961, 
    0x4141, 0x4141, 0x3921, 0x3901, 0x3101, 0x30E1, 0x28A0, 0x28A0, 0x20A0, 0x2080, 0x2080, 0x1880, 
    0x1860, 0x1040, 0x1040, 0x1040, 0x1840, 0x1840, 0x1860, 0x2061, 0x2081, 0x2081, 0x28A1, 0x28A1, 
    0x30C2, 0x30E2, 0x30C1, 0x30A1, 0x28A1, 0x28A1, 0x2081, 0x2060, 0x2060, 0x2060, 0x1840, 0x1840, 
    0x2040, 0x2060, 0x2060, 0x2060, 0x2060, 0x2060, 0x2060, 0x2060, 0x2060, 0x2060, 0x2060, 0x2880, 
    0x2880, 0x2881, 0x2881, 0x28A1, 0x2881, 0x2881, 0x2880, 0x2060, 0x2060, 0x2880, 0x2880, 0x2060, 
    0x2060, 0x2060, 0x2060, 0x2060, 0x2060, 0x1840, 0x2060, 0x2060, 0x2060, 0x1840, 0x1840, 0x1040, 
    0x1040, 0x1040, 0x1020, 0x1040, 0x1020, 0x1020, 0x1020, 0x0820, 0x0820, 0x0820, 0x0820, 0x0820, 
    0x0820, 0x0800, 0x0800, 0x0800, 0x0800, 0x0800, 0x0020, 0x0000, 0x0000, 0x0000, 0x0020, 0x0020, 
    0x0000, 0x3962, 0x9304, 0x3941, 0x3102, 0x59E2, 0x7AA4, 0x7284, 0x18C1, 0x7AE5, 0x7243, 0x7A62, 
    0x9345, 0x9B86, 0x9B66, 0x1060, 0x0000, 0x0040, 0x0020, 0x0020, 0x0020, 0x0020, 0x0040, 0x0020, 
    0x0861, 0x8326, 0x82C4, 0x51A2, 0x5181, 0x5A03, 0x7AC3, 0x0000, 0x51E3, 0x7243, 0x7264, 0x3122, 
    0x3121, 0x4161, 0x7284, 0x5204, 0x0000, 0x0000, 0x0000, 0x0000, 0x0000, 0x0000, 0x0000, 0x0000, 
    0x0000, 0x0000, 0x0000, 0x0000, 0x0000, 0x0000, 0x0800, 0x0800, 0x0800, 0x0800, 0x0800, 0x0800, 
    0x0800, 0x0800, 0x0800, 0x0800, 0x0800, 0x1000, 0x1000, 0x1000, 0x1000, 0x1000, 0x1000, 0x1800, 
    0x1000, 0x1800, 0x1800, 0x0800, 0x1000, 0x1000, 0x1800, 0x1820, 0x1820, 0x1000, 0x1000, 0x1000, 
    0x1000, 0x1000, 0x1820, 0x1020, 0x1000, 0x1000, 0x1000, 0x1000, 0x1000, 0x1000, 0x1000, 0x1000, 
    0x1000, 0x1000, 0x0800, 0x1000, 0x1000, 0x1000, 0x1000, 0x0800, 0x0800, 0x0800, 0x0000, 0x0800, 
    0x0800, 0x0800, 0x1000, 0x1000, 0x1820, 0x1820, 0x1840, 0x2860, 0x2860, 0x2060, 0x2060, 0x2040, 
    0x1820, 0x2040, 0x2040, 0x1820, 0x1020, 0x1020, 0x1000, 0x0800, 0x1000, 0x1000, 0x1020, 0x1020, 
    0x0800, 0x0800, 0x0000, 0x0000, 0x0800, 0x0800, 0x0800, 0x0800, 0x0800, 0x0800, 0x0800, 0x0800, 
    0x0820, 0x0820, 0x0800, 0x0820, 0x0820, 0x0800, 0x0800, 0x0800, 0x0800, 0x1000, 0x1020, 0x1020, 
    0x1000, 0x1000, 0x1020, 0x1000, 0x1000, 0x1000, 0x1000, 0x1000, 0x1000, 0x1000, 0x0800, 0x0800, 
    0x1000, 0x1000, 0x1000, 0x1000, 0x1000, 0x1000, 0x1000, 0x1000, 0x1000, 0x1000, 0x1020, 0x1000, 
    0x1020, 0x1840, 0x1020, 0x1020, 0x1020, 0x1020, 0x1020, 0x1020, 0x1020, 0x1020, 0x1000, 0x0800, 
    0x0800, 0x0800, 0x0800, 0x0800, 0x0800, 0x0800, 0x1000, 0x0800, 0x0800, 0x0800, 0x0800, 0x1000, 
    0x1000, 0x0800, 0x0800, 0x1000, 0x1000, 0x1000, 0x0800, 0x0800, 0x0800, 0x0800, 0x0800, 0x0800, 
    0x0800, 0x0800, 0x0800, 0x0800, 0x0800, 0x0800, 0x0800, 0x0800, 0x1000, 0x1000, 0x1000, 0x1020, 
    0x1820, 0x1020, 0x1020, 0x1840, 0x1820, 0x1820, 0x1820, 0x1820, 0x1820, 0x1820, 0x2020, 0x1820, 
    0x1820, 0x2040, 0x1820, 0x1840, 0x1020, 0x1000, 0x1000, 0x1000, 0x0800, 0x0800, 0x0800, 0x0800, 
    0x0000, 0x0000, 0x0800, 0x0800, 0x0800, 0x0800, 0x1000, 0x1000, 0x1000, 0x0800, 0x1000, 0x1820, 
    0x1800, 0x1000, 0x1000, 0x1000, 0x1000, 0x1820, 0x2020, 0x2020, 0x1820, 0x1820, 0x1020, 0x1820, 
    0x1820, 0x0800, 0x1000, 0x1820, 0x1000, 0x1800, 0x1800, 0x1000, 0x1000, 0x1000, 0x1000, 0x1000, 
    0x1000, 0x1000, 0x1000, 0x0800, 0x0800, 0x0800, 0x0800, 0x0800, 0x0800, 0x0800, 0x0800, 0x0000, 
    0x0000, 0x0000, 0x0000, 0x0000, 0x0000, 0x0000, 0x0000, 0x0000, 0x0000, 0x0000, 0x0000, 0x0000, 
    0x0000, 0x0000, 0x0000, 0x0000, 0x0000, 0x0000, 0x0000, 0x0000, 0x3983, 0x6A63, 0x4182, 0x28E1, 
    0x51C2, 0x6A43, 0x9345, 0x51C2, 0x0020, 0x8325, 0x6223, 0x6A23, 0x4961, 0x59C2, 0x51A2, 0x0820, 
    0x0020, 0x0040, 0x0020, 0x0020, 0x0020, 0x0040, 0x0040, 0x0000, 0x3963, 0xA3C6, 0x5182, 0x4961, 
    0x51C2, 0x3942, 0x8AE3, 0x1081, 0x82E4, 0x8AC3, 0x5182, 0x7223, 0x4183, 0x0000, 0x1880, 0x6A43, 
    0x7AE5, 0x5A45, 0x39A3, 0x3142, 0x3142, 0x2942, 0x3143, 0x3142, 0x2922, 0x2922, 0x2922, 0x3142, 
    0x3142, 0x3143, 0x3163, 0x3162, 0x3142, 0x3142, 0x3942, 0x3143, 0x3143, 0x3142, 0x3942, 0x3963, 
    0x3142, 0x3142, 0x3963, 0x3163, 0x3963, 0x3963, 0x3143, 0x3963, 0x3963, 0x3963, 0x3983, 0x3963, 
    0x3963, 0x3963, 0x3963, 0x3963, 0x3963, 0x3963, 0x3943, 0x3942, 0x3942, 0x3943, 0x3943, 0x3943, 
    0x3963, 0x3963, 0x3963, 0x3963, 0x3963, 0x3942, 0x3143, 0x3143, 0x3142, 0x3142, 0x3142, 0x3143, 
    0x3142, 0x3143, 0x3963, 0x3942, 0x3942, 0x3162, 0x3163, 0x3142, 0x3942, 0x3942, 0x3142, 0x3142, 
    0x3142, 0x2922, 0x2922, 0x3142, 0x3143, 0x3143, 0x3143, 0x3963, 0x3983, 0x3963, 0x3963, 0x3963, 
    0x3963, 0x4163, 0x4183, 0x4983, 0x49A3, 0x49A3, 0x49A3, 0x49A3, 0x51C3, 0x51A3, 0x4983, 0x4163, 
    0x4183, 0x4983, 0x49A3, 0x49A3, 0x4983, 0x4983, 0x4183, 0x4183, 0x3983, 0x3163, 0x3163, 0x3143, 
    0x3143, 0x3163, 0x3143, 0x3163, 0x3163, 0x3963, 0x3963, 0x3963, 0x3143, 0x3143, 0x3943, 0x3963, 
    0x3963, 0x4183, 0x3983, 0x3963, 0x3963, 0x3963, 0x3963, 0x3963, 0x3963, 0x3983, 0x3983, 0x3983, 
    0x3963, 0x3163, 0x3963, 0x3963, 0x3963, 0x3163, 0x3983, 0x3983, 0x3163, 0x3163, 0x3163, 0x3163, 
    0x3163, 0x3163, 0x3163, 0x3163, 0x3163, 0x3163, 0x3163, 0x3163, 0x3163, 0x3163, 0x3163, 0x3163, 
    0x3163, 0x3963, 0x3163, 0x3163, 0x3963, 0x3963, 0x3163, 0x3963, 0x3963, 0x3963, 0x3963, 0x4183, 
    0x4183, 0x4183, 0x4183, 0x4183, 0x3963, 0x4163, 0x3963, 0x3963, 0x3963, 0x4183, 0x4983, 0x4183, 
    0x4183, 0x4983, 0x49A3, 0x4983, 0x4183, 0x4183, 0x4183, 0x4183, 0x4163, 0x4183, 0x4183, 0x4163, 
    0x4183, 0x4183, 0x3963, 0x3963, 0x3963, 0x3963, 0x3963, 0x3143, 0x3143, 0x3143, 0x3142, 0x3142, 
    0x3142, 0x3142, 0x3142, 0x3162, 0x3163, 0x3142, 0x3162, 0x3963, 0x3963, 0x3962, 0x3962, 0x3963, 
    0x3963, 0x3963, 0x3942, 0x3142, 0x3163, 0x3963, 0x3963, 0x3963, 0x3963, 0x3963, 0x3963, 0x3963, 
    0x3963, 0x4183, 0x4163, 0x3963, 0x3963, 0x3963, 0x3963, 0x3942, 0x3142, 0x3142, 0x3942, 0x4142, 
    0x3942, 0x3942, 0x3942, 0x3963, 0x3962, 0x3942, 0x3942, 0x3963, 0x3963, 0x3942, 0x3143, 0x3163, 
    0x3162, 0x3162, 0x3163, 0x3163, 0x3143, 0x3142, 0x3142, 0x3142, 0x3142, 0x3142, 0x3142, 0x3142, 
    0x3142, 0x3143, 0x3143, 0x3143, 0x3142, 0x3142, 0x3142, 0x3142, 0x3142, 0x3142, 0x3162, 0x3163, 
    0x3162, 0x3983, 0x4A04, 0x7B06, 0x72A4, 0x1060, 0x0020, 0x6224, 0x7263, 0x59E2, 0x8B04, 0x6203, 
    0x18E2, 0x93A7, 0x4162, 0x7A84, 0x4941, 0x4141, 0x61E2, 0x18A0, 0x0000, 0x0040, 0x0020, 0x0020, 
    0x0020, 0x0040, 0x0040, 0x0000, 0x51E4, 0x7AA4, 0x51A2, 0x51C3, 0x6A23, 0x28C1, 0x7A83, 0x82E5, 
    0x82C4, 0x82A3, 0x3922, 0x59A2, 0x7A63, 0x6A43, 0x3962, 0x0861, 0x20C1, 0x51C3, 0x6264, 0x6244, 
    0x6264, 0x6A64, 0x6A85, 0x6A84, 0x6264, 0x6264, 0x6264, 0x6244, 0x6264, 0x6264, 0x6A64, 0x6264, 
    0x5A44, 0x6264, 0x6264, 0x6284, 0x6285, 0x6264, 0x6264, 0x6264, 0x6264, 0x6A64, 0x6264, 0x6265, 
    0x6264, 0x6264, 0x6265, 0x6A85, 0x6A84, 0x6A85, 0x6AA5, 0x6A85, 0x6264, 0x6A85, 0x6A85, 0x6284, 
    0x6A85, 0x6A85, 0x6A84, 0x6264, 0x6264, 0x6264, 0x6264, 0x6264, 0x6264, 0x6264, 0x6284, 0x6A85, 
    0x6284, 0x6264, 0x6264, 0x6244, 0x6264, 0x6A64, 0x6264, 0x6264, 0x6264, 0x6284, 0x6284, 0x6284, 
    0x6A84, 0x6AA4, 0x6AA5, 0x6AA4, 0x6AA4, 0x6A84, 0x6A84, 0x6A84, 0x6A84, 0x6A84, 0x6A84, 0x6AA4, 
    0x72C5, 0x72A5, 0x6AA5, 0x6AC5, 0x6AC5, 0x6285, 0x6264, 0x6A85, 0x6AA5, 0x6A85, 0x6A85, 0x6AA5, 
    0x6AA5, 0x6A85, 0x6A85, 0x6A85, 0x72A5, 0x6AA5, 0x6AA5, 0x6AA5, 0x6A85, 0x6AA5, 0x72A5, 0x72C5, 
    0x72A5, 0x72C5, 0x72A5, 0x72A4, 0x72C5, 0x72C5, 0x72C5, 0x72C5, 0x72E6, 0x72E6, 0x7AE6, 0x7AE6, 
    0x7B06, 0x7B06, 0x7AE6, 0x72E6, 0x72E5, 0x72E5, 0x72E5, 0x7306, 0x7306, 0x7B06, 0x7B06, 0x7306, 
    0x7306, 0x7B06, 0x7B06, 0x7B26, 0x7B06, 0x7B26, 0x7B47, 0x7B47, 0x7B26, 0x7B26, 0x7B27, 0x7B26, 
    0x7B47, 0x7B47, 0x7B47, 0x7B47, 0x7B47, 0x7B27, 0x7B26, 0x7B26, 0x7B27, 0x7B47, 0x7B47, 0x7B47, 
    0x7B47, 0x7B26, 0x7B26, 0x7B26, 0x7B26, 0x7B06, 0x7B07, 0x7B27, 0x7B27, 0x7B26, 0x7B26, 0x7B27, 
    0x7B26, 0x7B26, 0x7B27, 0x7B26, 0x7B26, 0x7B27, 0x7B06, 0x7306, 0x7B06, 0x7B06, 0x72E6, 0x72C5, 
    0x72C5, 0x72C6, 0x72A5, 0x72C5, 0x72C6, 0x6AA5, 0x6AA5, 0x6AA5, 0x6AA5, 0x6A85, 0x6A85, 0x6285, 
    0x6265, 0x6264, 0x6265, 0x6265, 0x6264, 0x6284, 0x6285, 0x6285, 0x6A84, 0x6284, 0x6264, 0x6264, 
    0x6284, 0x6A85, 0x6A85, 0x6A85, 0x6AA5, 0x6A85, 0x6A85, 0x6A84, 0x6AA5, 0x6AA5, 0x6AA5, 0x6AA5, 
    0x6AA5, 0x6AA4, 0x6AA4, 0x6AA4, 0x6AA5, 0x6A84, 0x6A84, 0x6AA5, 0x6AA5, 0x6AA4, 0x6284, 0x6264, 
    0x6A84, 0x6AA4, 0x6AA5, 0x6A85, 0x6AA4, 0x72A5, 0x6AA5, 0x6AA4, 0x6A84, 0x6AA5, 0x6AA5, 0x6A85, 
    0x6285, 0x6265, 0x6264, 0x6284, 0x6A84, 0x6A84, 0x6A84, 0x6A64, 0x6A64, 0x6264, 0x6A64, 0x6A84, 
    0x6AA4, 0x6A84, 0x6A84, 0x6A84, 0x6A84, 0x6A84, 0x6A84, 0x6A84, 0x6AA4, 0x6AA4, 0x6AA5, 0x6284, 
    0x6264, 0x6264, 0x6244, 0x6244, 0x6244, 0x6264, 0x6264, 0x6264, 0x6A84, 0x6A84, 0x6A84, 0x6A64, 
    0x6264, 0x6264, 0x6A64, 0x6A64, 0x6244, 0x6243, 0x6263, 0x6244, 0x6264, 0x6A84, 0x6244, 0x3121, 
    0x1081, 0x49E3, 0x8B25, 0x8283, 0x5981, 0x4981, 0x7221, 0x7263, 0xA3E8, 0x6223, 0x51C3, 0x6A43, 
    0x4162, 0x61E2, 0x6A23, 0x3101, 0x0000, 0x0040, 0x0020, 0x0020, 0x0020, 0x0020, 0x0040, 0x0020, 
    0x1060, 0x18A1, 0x1080, 0x0000, 0x1080, 0x0840, 0x1060, 0x4981, 0x51A2, 0x3101, 0x0040, 0x1880, 
    0x20A0, 0x28C0, 0x4961, 0x6A43, 0x6A64, 0x51E3, 0x49A3, 0x49A3, 0x49C3, 0x49C3, 0x49C3, 0x49C3, 
    0x49A3, 0x49C3, 0x49C3, 0x49C3, 0x49C3, 0x49C3, 0x49C3, 0x49C3, 0x49C3, 0x49C3, 0x49E3, 0x49C3, 
    0x49C3, 0x49C3, 0x49C3, 0x49C3, 0x49E3, 0x49E3, 0x49E4, 0x49E3, 0x49E3, 0x49E4, 0x5224, 0x5204, 
    0x5204, 0x49E3, 0x49C3, 0x49E3, 0x49E3, 0x49E3, 0x5204, 0x5204, 0x5224, 0x5224, 0x5224, 0x5244, 
    0x5224, 0x5224, 0x5A44, 0x5224, 0x5204, 0x5203, 0x5203, 0x49E3, 0x49E3, 0x49E3, 0x49E3, 0x49E3, 
    0x49C3, 0x49E3, 0x5203, 0x49E3, 0x49C3, 0x49E3, 0x49E3, 0x49E3, 0x5203, 0x51E3, 0x49E3, 0x51E3, 
    0x51E3, 0x51E3, 0x51E3, 0x51E3, 0x51E3, 0x5204, 0x5224, 0x5244, 0x5244, 0x5244, 0x5244, 0x5224, 
    0x4A04, 0x4A24, 0x5224, 0x5224, 0x5224, 0x5244, 0x5224, 0x5204, 0x5224, 0x5224, 0x5203, 0x5203, 
    0x5224, 0x5224, 0x5204, 0x5204, 0x5224, 0x5224, 0x5224, 0x4A03, 0x5224, 0x4A04, 0x5244, 0x5244, 
    0x5244, 0x5245, 0x5245, 0x5A65, 0x5A65, 0x5A64, 0x5A65, 0x5245, 0x5244, 0x5264, 0x5264, 0x5244, 
    0x5244, 0x5A65, 0x5A65, 0x5A65, 0x5A65, 0x5244, 0x5A44, 0x5244, 0x5224, 0x5224, 0x5224, 0x5A65, 
    0x5A85, 0x5A85, 0x5A65, 0x5A65, 0x5A65, 0x5244, 0x5A45, 0x5A85, 0x5A85, 0x5A65, 0x5A64, 0x5A65, 
    0x5A85, 0x5A85, 0x5A65, 0x5244, 0x5244, 0x5265, 0x5A65, 0x5A65, 0x5245, 0x5265, 0x5265, 0x5245, 
    0x5A65, 0x5265, 0x5245, 0x5245, 0x5245, 0x5265, 0x5224, 0x5244, 0x5245, 0x5A65, 0x5A85, 0x5A64, 
    0x5224, 0x4A03, 0x4A04, 0x4A24, 0x5244, 0x5244, 0x5244, 0x5244, 0x5265, 0x5244, 0x5224, 0x5224, 
    0x5224, 0x5244, 0x5244, 0x5224, 0x5224, 0x5244, 0x5244, 0x5224, 0x5A65, 0x5A64, 0x5244, 0x5244, 
    0x5A44, 0x5A44, 0x5224, 0x5224, 0x5204, 0x5203, 0x5204, 0x49E3, 0x4A04, 0x5204, 0x5204, 0x4A03, 
    0x4A03, 0x49E3, 0x5203, 0x5203, 0x4A03, 0x49E3, 0x49E3, 0x49E3, 0x51E3, 0x49E3, 0x4A04, 0x49E4, 
    0x4A04, 0x4A04, 0x49E3, 0x5203, 0x5203, 0x5203, 0x5224, 0x5203, 0x5203, 0x5204, 0x5224, 0x5224, 
    0x5224, 0x5204, 0x5204, 0x5224, 0x5224, 0x5224, 0x5224, 0x5204, 0x5204, 0x5203, 0x5224, 0x5204, 
    0x5204, 0x5204, 0x5204, 0x5204, 0x49E3, 0x5203, 0x5203, 0x49E3, 0x49E3, 0x5204, 0x5224, 0x4A03, 
    0x5204, 0x5204, 0x5203, 0x5203, 0x5203, 0x5203, 0x51E3, 0x5204, 0x49E3, 0x49C3, 0x49A3, 0x49C3, 
    0x49C3, 0x49C3, 0x49C3, 0x49C3, 0x49A3, 0x4182, 0x49A3, 0x49C3, 0x49C3, 0x51E3, 0x51E3, 0x51E3, 
    0x51E3, 0x5204, 0x5203, 0x49E3, 0x49C3, 0x5203, 0x6264, 0x72C5, 0x7AE4, 0x6223, 0x28E1, 0x1880, 
    0x1060, 0x1080, 0x4141, 0x59A2, 0x4982, 0x0020, 0x18A1, 0x0840, 0x0000, 0x1060, 0x20A1, 0x1081, 
    0x0020, 0x0020, 0x0020, 0x0020, 0x0020, 0x0020, 0x0020, 0x0020, 0x0020, 0x0000, 0x0000, 0x0020, 
    0x0020, 0x0020, 0x0020, 0x0000, 0x0000, 0x0000, 0x0020, 0x0000, 0x0000, 0x0000, 0x0000, 0x0020, 
    0x18A0, 0x3121, 0x4162, 0x4182, 0x4182, 0x41A2, 0x49C3, 0x49C3, 0x49A2, 0x49C3, 0x49C3, 0x49C3, 
    0x41A2, 0x49C3, 0x49A3, 0x49C3, 0x41A3, 0x41A3, 0x49C3, 0x49A3, 0x41C3, 0x49C3, 0x49C3, 0x49C3, 
    0x49E3, 0x49E3, 0x49E3, 0x49E3, 0x49C3, 0x49C3, 0x49E3, 0x49E3, 0x49E3, 0x49C3, 0x49C3, 0x49C3, 
    0x49C3, 0x49C3, 0x49E3, 0x49E3, 0x49E3, 0x49E3, 0x5203, 0x49E3, 0x51E3, 0x49E3, 0x5203, 0x49E3, 
    0x49E3, 0x49E3, 0x49E3, 0x49C3, 0x49C3, 0x49E3, 0x49C3, 0x49C3, 0x49C3, 0x49C3, 0x49E3, 0x49C3, 
    0x49C3, 0x49C3, 0x49C3, 0x49C3, 0x49C3, 0x49C3, 0x49C3, 0x49C3, 0x49E3, 0x49E3, 0x49E3, 0x49E3, 
    0x49E3, 0x5203, 0x5203, 0x5223, 0x5223, 0x5224, 0x5223, 0x5203, 0x49E3, 0x5203, 0x5203, 0x5203, 
    0x5203, 0x5223, 0x5203, 0x49E3, 0x5203, 0x5203, 0x49E3, 0x49E3, 0x5203, 0x5203, 0x5203, 0x5203, 
    0x5203, 0x4A03, 0x5203, 0x5203, 0x5203, 0x49E3, 0x5223, 0x5223, 0x5244, 0x5244, 0x5244, 0x5244, 
    0x5244, 0x5224, 0x5224, 0x5224, 0x5224, 0x5224, 0x5224, 0x5224, 0x5224, 0x5224, 0x5224, 0x5224, 
    0x5224, 0x5224, 0x5224, 0x5224, 0x5224, 0x5224, 0x5223, 0x5224, 0x5244, 0x5244, 0x5224, 0x5224, 
    0x5224, 0x5224, 0x5224, 0x5224, 0x5224, 0x5224, 0x5224, 0x5224, 0x5244, 0x5244, 0x5244, 0x5224, 
    0x5224, 0x5224, 0x5244, 0x5244, 0x5224, 0x5224, 0x5244, 0x5244, 0x5244, 0x5244, 0x5224, 0x5244, 
    0x5224, 0x5224, 0x4A03, 0x5204, 0x5224, 0x5244, 0x5244, 0x5244, 0x5244, 0x5203, 0x5224, 0x5224, 
    0x5224, 0x5244, 0x5244, 0x5224, 0x5224, 0x5224, 0x5204, 0x5203, 0x5203, 0x5203, 0x5223, 0x5223, 
    0x5223, 0x5223, 0x5223, 0x49E3, 0x5224, 0x5224, 0x4A03, 0x4A03, 0x49E3, 0x5203, 0x5223, 0x4A03, 
    0x49E3, 0x49E3, 0x4A03, 0x49E3, 0x4A03, 0x5203, 0x5203, 0x5203, 0x49E3, 0x49E3, 0x4A03, 0x5203, 
    0x4A03, 0x49E3, 0x49E3, 0x49E3, 0x49E3, 0x49E3, 0x49E3, 0x49E3, 0x49E3, 0x49E3, 0x49E3, 0x5203, 
    0x5203, 0x49E3, 0x5203, 0x49E3, 0x5203, 0x5203, 0x5203, 0x5223, 0x5203, 0x49E3, 0x5203, 0x5203, 
    0x5203, 0x5203, 0x5203, 0x5203, 0x5203, 0x49E3, 0x5203, 0x49E3, 0x49E3, 0x5203, 0x4A03, 0x49E3, 
    0x51E3, 0x51E3, 0x49E3, 0x49E3, 0x49E3, 0x49E3, 0x49E3, 0x49E3, 0x49E3, 0x49E3, 0x49E3, 0x49E3, 
    0x51E3, 0x5203, 0x51E3, 0x51E3, 0x5203, 0x49E3, 0x49A3, 0x51E3, 0x49C3, 0x49A2, 0x49C3, 0x49A3, 
    0x41A2, 0x41A2, 0x41A2, 0x49A2, 0x4182, 0x49A3, 0x49C3, 0x41A2, 0x41A2, 0x49A3, 0x49A2, 0x4182, 
    0x4182, 0x4182, 0x3121, 0x1880, 0x0000, 0x0000, 0x0000, 0x0020, 0x0020, 0x0020, 0x0020, 0x0020, 
    0x0000, 0x0020, 0x0000, 0x0020, 0x0020, 0x0000, 0x0000, 0x0020, 0x0020, 0x0020, 0x0020, 0x0020, 
    0x0020, 0x0020, 0x0020, 0x0020, 0x0020, 0x0020, 0x0020, 0x0020, 0x0040, 0x0040, 0x0040, 0x0020, 
    0x0040, 0x0040, 0x0020, 0x0020, 0x0020, 0x0040, 0x0040, 0x0020, 0x0020, 0x0000, 0x0000, 0x0000, 
    0x0000, 0x0000, 0x0000, 0x0000, 0x0000, 0x0000, 0x0000, 0x0000, 0x0000, 0x0000, 0x0000, 0x0000, 
    0x0000, 0x0000, 0x0000, 0x0000, 0x0000, 0x0000, 0x0000, 0x0000, 0x0000, 0x0000, 0x0000, 0x0000, 
    0x0000, 0x0000, 0x0000, 0x0000, 0x0000, 0x0000, 0x0000, 0x0000, 0x0000, 0x0000, 0x0000, 0x0000, 
    0x0000, 0x0000, 0x0000, 0x0000, 0x0000, 0x0000, 0x0000, 0x0000, 0x0000, 0x0000, 0x0000, 0x0000, 
    0x0000, 0x0000, 0x0000, 0x0000, 0x0000, 0x0000, 0x0000, 0x0000, 0x0000, 0x0000, 0x0000, 0x0000, 
    0x0000, 0x0000, 0x0000, 0x0000, 0x0000, 0x0000, 0x0000, 0x0000, 0x0000, 0x0000, 0x0000, 0x0000, 
    0x0000, 0x0000, 0x0000, 0x0000, 0x0000, 0x0000, 0x0000, 0x0000, 0x0000, 0x0000, 0x0000, 0x0000, 
    0x0000, 0x0000, 0x0000, 0x0000, 0x0000, 0x0000, 0x0000, 0x0000, 0x0000, 0x0000, 0x0000, 0x0000, 
    0x0000, 0x0000, 0x0000, 0x0000, 0x0000, 0x0000, 0x0000, 0x0000, 0x0000, 0x0000, 0x0000, 0x0000, 
    0x0000, 0x0000, 0x0000, 0x0000, 0x0000, 0x0000, 0x0000, 0x0000, 0x0000, 0x0000, 0x0000, 0x0000, 
    0x0000, 0x0000, 0x0000, 0x0000, 0x0000, 0x0000, 0x0000, 0x0000, 0x0000, 0x0000, 0x0000, 0x0000, 
    0x0000, 0x0000, 0x0000, 0x0000, 0x0000, 0x0000, 0x0000, 0x0000, 0x0000, 0x0000, 0x0000, 0x0000, 
    0x0000, 0x0000, 0x0000, 0x0000, 0x0000, 0x0000, 0x0000, 0x0000, 0x0000, 0x0000, 0x0020, 0x0000, 
    0x0000, 0x0000, 0x0000, 0x0000, 0x0000, 0x0020, 0x0000, 0x0000, 0x0000, 0x0000, 0x0000, 0x0000, 
    0x0000, 0x0000, 0x0000, 0x0000, 0x0000, 0x0000, 0x0000, 0x0000, 0x0000, 0x0000, 0x0000, 0x0000, 
    0x0000, 0x0000, 0x0000, 0x0000, 0x0000, 0x0000, 0x0000, 0x0000, 0x0000, 0x0000, 0x0000, 0x0000, 
    0x0000, 0x0000, 0x0000, 0x0000, 0x0000, 0x0000, 0x0000, 0x0000, 0x0000, 0x0000, 0x0000, 0x0000, 
    0x0000, 0x0000, 0x0000, 0x0000, 0x0000, 0x0000, 0x0000, 0x0000, 0x0000, 0x0000, 0x0000, 0x0000, 
    0x0000, 0x0000, 0x0000, 0x0000, 0x0000, 0x0000, 0x0000, 0x0000, 0x0000, 0x0000, 0x0000, 0x0000, 
    0x0000, 0x0000, 0x0000, 0x0000, 0x0000, 0x0000, 0x0000, 0x0000, 0x0000, 0x0000, 0x0000, 0x0000, 
    0x0000, 0x0000, 0x0000, 0x0000, 0x0000, 0x0000, 0x0000, 0x0000, 0x0000, 0x0000, 0x0000, 0x0000, 
    0x0000, 0x0000, 0x0000, 0x0000, 0x0000, 0x0000, 0x0000, 0x0000, 0x0000, 0x0000, 0x0000, 0x0000, 
    0x0000, 0x0000, 0x0000, 0x0000, 0x0000, 0x0000, 0x0000, 0x0000, 0x0000, 0x0000, 0x0000, 0x0020, 
    0x0020, 0x0040, 0x0040, 0x0040, 0x0040, 0x0040, 0x0040, 0x0020, 0x0020, 0x0020, 0x0040, 0x0020, 
    0x0020, 0x0020, 0x0020, 0x0020, 0x0020, 0x0020, 0x0020, 0x0020, 0x0020, 0x0020, 0x0020, 0x0020, 
    0x0020, 0x0020, 0x0020, 0x0020, 0x0020, 0x0020, 0x0020, 0x0020, 0x0020, 0x0020, 0x0020, 0x0020, 
    0x0020, 0x0020, 0x0020, 0x0040, 0x0040, 0x0040, 0x0040, 0x0040, 0x0040, 0x0040, 0x0040, 0x0040, 
    0x0040, 0x0040, 0x0040, 0x0040, 0x0040, 0x0040, 0x0040, 0x0040, 0x0040, 0x0040, 0x0040, 0x0040, 
    0x0040, 0x0040, 0x0040, 0x0040, 0x0040, 0x0040, 0x0040, 0x0040, 0x0040, 0x0040, 0x0040, 0x0040, 
    0x0040, 0x0040, 0x0040, 0x0040, 0x0040, 0x0040, 0x0060, 0x0060, 0x0060, 0x0060, 0x0060, 0x0060, 
    0x0060, 0x0060, 0x0060, 0x0060, 0x0060, 0x0060, 0x0060, 0x0060, 0x0060, 0x0060, 0x0060, 0x0060, 
    0x0060, 0x0060, 0x0060, 0x0080, 0x0060, 0x0060, 0x0060, 0x0060, 0x0060, 0x0060, 0x0060, 0x0060, 
    0x0060, 0x0060, 0x0080, 0x0080, 0x0080, 0x0080, 0x0080, 0x0080, 0x0080, 0x0080, 0x0060, 0x0060, 
    0x0060, 0x0080, 0x0060, 0x0060, 0x0060, 0x0060, 0x0060, 0x0060, 0x0060, 0x0060, 0x0060, 0x0080, 
    0x0080, 0x0080, 0x0080, 0x0080, 0x0080, 0x0080, 0x0080, 0x0080, 0x0080, 0x0080, 0x0080, 0x0080, 
    0x0080, 0x0080, 0x0080, 0x0080, 0x0080, 0x0080, 0x0080, 0x0080, 0x00A0, 0x00A0, 0x00A0, 0x00A0, 
    0x00A0, 0x00A0, 0x00A0, 0x00A0, 0x00A0, 0x0080, 0x0080, 0x0080, 0x00A0, 0x00A0, 0x00A0, 0x00A0, 
    0x00A0, 0x00A0, 0x00A0, 0x00A0, 0x00A0, 0x00A0, 0x00A0, 0x00A0, 0x0080, 0x0080, 0x0080, 0x00A0, 
    0x00A0, 0x00A0, 0x00A0, 0x00A0, 0x00A0, 0x00A0, 0x00A0, 0x00A0, 0x00A0, 0x00A0, 0x00A0, 0x00A0, 
    0x00A0, 0x00A0, 0x00A0, 0x00A0, 0x00A0, 0x00A0, 0x00A0, 0x00A0, 0x00A0, 0x00A0, 0x00A0, 0x00A0, 
    0x00A0, 0x00A0, 0x00A0, 0x00A0, 0x00A0, 0x00A0, 0x0080, 0x0080, 0x0080, 0x0080, 0x0080, 0x0080, 
    0x0080, 0x0080, 0x0080, 0x0080, 0x00A0, 0x00A0, 0x0080, 0x0080, 0x0080, 0x0080, 0x0080, 0x0080, 
    0x0080, 0x0080, 0x0080, 0x0080, 0x0080, 0x0080, 0x0080, 0x0080, 0x0080, 0x0080, 0x0080, 0x0080, 
    0x0080, 0x0080, 0x0080, 0x0080, 0x0080, 0x0080, 0x0080, 0x0080, 0x0080, 0x0080, 0x0060, 0x0060, 
    0x0060, 0x0060, 0x0060, 0x0080, 0x0060, 0x0060, 0x0060, 0x0060, 0x0060, 0x0080, 0x0060, 0x0060, 
    0x0060, 0x0060, 0x0060, 0x0060, 0x0060, 0x0060, 0x0060, 0x0060, 0x0060, 0x0060, 0x0060, 0x0060, 
    0x0060, 0x0060, 0x0060, 0x0060, 0x0060, 0x0060, 0x0060, 0x0060, 0x0060, 0x0060, 0x0060, 0x0060, 
    0x0060, 0x0060, 0x0060, 0x0040, 0x0060, 0x0060, 0x0040, 0x0040, 0x0060, 0x0040, 0x0040, 0x0040, 
    0x0040, 0x0040, 0x0040, 0x0040, 0x0040, 0x0040, 0x0040, 0x0040, 0x0040, 0x0040, 0x0040, 0x0040, 
    0x0040, 0x0040, 0x0040, 0x0040, 0x0040, 0x0040, 0x0040, 0x0040, 0x0020, 0x0040, 0x0040, 0x0040, 
    0x0040, 0x0020, 0x0020, 0x0020, 0x0020, 0x0020, 0x0020, 0x0020, 0x0020, 0x0020, 0x0020, 0x0020, 
    0x0020, 0x0020, 0x0020, 0x0020, 0x0020, 0x0020, 0x0020, 0x0020, 0x0020, 0x0020, 0x0020, 0x0020, 
    0x0020, 0x0040, 0x0020, 0x0020, 0x0020, 0x0020, 0x0020, 0x0020, 0x0020, 0x0020, 0x0020, 0x0040, 
    0x0040, 0x0040, 0x0020, 0x0020, 0x0020, 0x0020, 0x0020, 0x0020, 0x0020, 0x0020, 0x0020, 0x0020, 
    0x0020, 0x0020, 0x0020, 0x0020, 0x0020, 0x0020, 0x0020, 0x0020, 0x0020, 0x0020, 0x0020, 0x0040, 
    0x0040, 0x0040, 0x0040, 0x0040, 0x0040, 0x0040, 0x0040, 0x0040, 0x0040, 0x0040, 0x0040, 0x0040, 
    0x0040, 0x0040, 0x0040, 0x0040, 0x0060, 0x0040, 0x0060, 0x0060, 0x0060, 0x0060, 0x0060, 0x0060, 
    0x0060, 0x0060, 0x0060, 0x0060, 0x0060, 0x0060, 0x0060, 0x0060, 0x0060, 0x0060, 0x0060, 0x0060, 
    0x0060, 0x0060, 0x0060, 0x0060, 0x0060, 0x0060, 0x0060, 0x0060, 0x0060, 0x0060, 0x0060, 0x0060, 
    0x0060, 0x0060, 0x0080, 0x0060, 0x0080, 0x0080, 0x0060, 0x0060, 0x0060, 0x0060, 0x0060, 0x0060, 
    0x0060, 0x0060, 0x0060, 0x0060, 0x0060, 0x0060, 0x0060, 0x0080, 0x0080, 0x0080, 0x0080, 0x0080, 
    0x0080, 0x0080, 0x0080, 0x0080, 0x0080, 0x0080, 0x0080, 0x0080, 0x0080, 0x0080, 0x0080, 0x0080, 
    0x0080, 0x0080, 0x0080, 0x0080, 0x0080, 0x00A0, 0x0080, 0x0080, 0x00A0, 0x00A0, 0x0080, 0x00A0, 
    0x0080, 0x0080, 0x0080, 0x0080, 0x0080, 0x0080, 0x0080, 0x0080, 0x0080, 0x0080, 0x0080, 0x0080, 
    0x0080, 0x00A0, 0x00A0, 0x0080, 0x0080, 0x0080, 0x0080, 0x0080, 0x0080, 0x0080, 0x00A0, 0x00A0, 
    0x00A0, 0x00A0, 0x0080, 0x0080, 0x00A0, 0x0080, 0x0080, 0x00A0, 0x00A0, 0x0080, 0x0080, 0x0080, 
    0x0080, 0x0080, 0x00A0, 0x00A0, 0x0080, 0x00A0, 0x00A0, 0x00A0, 0x0080, 0x00A0, 0x00A0, 0x00A0, 
    0x0080, 0x00A0, 0x00A0, 0x0080, 0x0080, 0x0080, 0x0080, 0x0080, 0x0080, 0x0080, 0x0080, 0x0080, 
    0x00A0, 0x00A0, 0x0080, 0x0080, 0x0080, 0x0080, 0x0080, 0x0080, 0x0080, 0x0080, 0x0080, 0x0080, 
    0x0080, 0x0080, 0x0080, 0x0080, 0x0080, 0x0080, 0x0080, 0x0080, 0x0080, 0x0080, 0x0080, 0x0080, 
    0x0080, 0x0060, 0x0060, 0x0060, 0x0080, 0x0060, 0x0060, 0x0060, 0x0060, 0x0060, 0x0060, 0x0060, 
    0x0060, 0x0060, 0x0060, 0x0060, 0x0060, 0x0060, 0x0060, 0x0060, 0x0060, 0x0060, 0x0060, 0x0060, 
    0x0060, 0x0060, 0x0060, 0x0060, 0x0060, 0x0060, 0x0060, 0x0060, 0x0060, 0x0060, 0x0060, 0x0060, 
    0x0060, 0x0060, 0x0060, 0x0060, 0x0040, 0x0040, 0x0060, 0x0040, 0x0040, 0x0040, 0x0040, 0x0040, 
    0x0040, 0x0040, 0x0040, 0x0040, 0x0040, 0x0040, 0x0040, 0x0020, 0x0040, 0x0040, 0x0040, 0x0040, 
    0x0040, 0x0040, 0x0040, 0x0040, 0x0040, 0x0040, 0x0020, 0x0040, 0x0040, 0x0040, 0x0040, 0x0020, 
    0x0020, 0x0040, 0x0040, 0x0040, 0x0040, 0x0040, 0x0040, 0x0040, 0x0040, 0x0040, 0x0020, 0x0020, 
    0x0020, 0x0020, 0x0020, 0x0020, 0x0020, 0x0020, 0x0020, 0x0020, 0x0020, 0x0020, 0x0020, 0x0020
};

UG_BMP g_menu_bg_bmp =
{
    (void*)g_menu_bg_data,
    320,
    240,
    BMP_BPP_16,
    BMP_RGB565
};
